ABCG2,HSP90AA1,LIMK1,ITGA1
ABCG2,HSP90AA1,AKT1,THEM4
ABCG2,HSP90AA1,APP,LRP2
ABCG2,DNAJB1,CDH1,ITGAE
ABCG2,ATP5F1B,MYC,ELL,KIR2DL4
ABCG2,HSP90AA1,HLA-DRB1
ABCG2,HSP90AA1,SND1,MGLL
ABCG2,ATP5F1B,RHOG,STIM1
ABCG2,RNF126,UBB,TNFRSF1A
ABCG2,RNF126,EGFR,STIL,TBC1D30
ABCG2,HSP90AA1,CDK1,FANCG
ABCG2,RPS27A,KLK3
ABCG2,UBL4A,TUBB8,CACNG8
ABCG2,HSP90AA1,BAG3,PRRG2
ABCG2,UBL4A,RAB10,MAPK8IP1
ABCG2,VCP,DSP
ABCG2,HSP90AA1,HLA-DRB5
ABCG2,HSP90AA1,RHOBTB1,PSG8
ABCG2,RNF126,UBE2N,MYL12B,NSMF
ABCG2,ATP5F1B,TMPO,SLC33A1
ABCG2,ATP5F1B,HUWE1,PDIA6,DLGAP2
ABCG2,HSPA8,REL,SLC6A12
ABCG2,UBL4A,HSPD1,GDA,ADGRG6
ABCG2,VCP,BSG,SLC16A13
ABCG2,HSP90AA1,GRB2,TBC1D3G
ABCG2,RNF126,UBQLN2,PPIC,VSTM4
ABCG2,VCP,RAE1,KLRK1,RAET1G
ABCG2,ATP5F1B,RHOG,STIM1
ABCG2,ATP5F1B,RHOG,STIM1
ABCG2,VCP,DNAJC11,GPA33
ABCG2,HSP90AA1,BAG3,PRRG2
ABCG2,HSP90AA1,GRB2,TBC1D3G
ABCG2,HSP90AA1,NOS3
ABCG2,HSP90AA1,LNX1,ROBO3
ABCG2,HSP90AA1,APP,LRP2
ABCG2,RPS27A,RNF5
ABCG2,RNF126,IRS4,PIK3CB,JAML
ABCG2,VCP,CUL3,LRFN2
ABCG2,ATP5F1B,RHOG,STIM1
ABCG2,RNF126,EGFR,STIL,SEMA4F
ABCG2,HSP90AA1,LYN,ITGA2
ABCG2,HSP90AA1,AGO2,SLC7A9
ABCG2,HSP90AA1,PLEKHA4
ABCG2,ATP5F1B,RHOG,STIM1
ABCG2,UBL4A,RAB8A,EXOC8
ABCG2,ATP5F1B,KRAS,ACTR10,CNGA3,CNGB3
ABCG2,RNF126,IRS4,PIK3CB
ABCG2,UBL4A,RAB11A,DENND4C
ABCG2,HSP90AA1,AKT1,THEM4
ABCG2,HSP90AA1,APP,LRP2
ABCG2,HSP90AA1,YES1,SLC16A14
ABCG2,UBL4A,KPNB1,SPATA31D4,KIR2DL3
ABCG2,HSP90AA1,BAG3,PRRG2
ABCG2,RPS27A,H3C1,FOLH1
ABCG2,HSP90AA1,RPS6KA3,HTR2A
ABCG2,RPS27A,CASP8,GSDMD
ABCG2,UBL4A,RAB8A,EXOC8
ABCG2,UBL4A,RAB11A,DENND4C
ABCG2,RNF126,UBQLN2,PPIC,TMEM179B,SLC47A1
ABCG2,VCP,RDX,ICAM2
ABCG2,UBL4A,RAB1A,RAB3B
ABCG2,HSP90AA1,CALD1
ABCG2,HSP90AA1,ABL1,CDON
ABCG2,ATP5F1B,RHOG,STIM1
ABCG2,HSP90AA1,BAG3,PRRG2
ABCG2,UBL4A,JAK1
ABCG2,RPS27A,HRAS,SIGLEC6
ABCG2,ATP5F1B,RHOG,STIM1
ABCG2,HSPA8,CSDE1,ARHGEF39
ABCG2,ATP5F1B,CFTR,CLCA1
ABCG2,HSP90AA1,LNX1,ROBO3
ABCG2,UBL4A,HTT,NLK,QRFPR
ABCG2,UBL4A,RACK1,KCNAB1
ABCG2,HSP90AA1,MAP3K7,IL17RD
ABCG2,RPS27A,COPE,SLC35A1
ABCG2,HSP90AA1,ABL1,CDON
ABCG2,ATP5F1B,PPP1CC,WDR82,NMUR2
ABCG2,ATP5F1B,RHOG,STIM1
ABCG2,HSP90AA1,GNAI2,FPR2
ABCG2,ATP5F1B,RBM39,LMNB1,ALX1,OR52L1
ABCG2,HSP90AA1,SKP1,BOC
ABCG2,UBL4A,SRC,EFNA5
ABCG2,ATP5F1B,TMPO,SLC33A1
ABCG2,HSP90AA1,FYN,SLC4A8
ABCG2,HSP90AA1,PTEN,ITGA6
ABCG2,UBL4A,SRC,EFNA5
ABCG2,UBL4A,SRC,EFNA5
ABCG2,RNF126,EGFR,STIL,PTH2R
ABCG2,HSP90AA1,BRAF,MYOF
ABCG2,HSP90AA1,YES1,SLC16A14
ABCG2,UBL4A,MAP3K3,PPP2R5A
ABCG2,HSPA8,FN1,FGG
ABCG2,ATP5F1B,HDAC4,WASHC2C
ABCG2,ATP5F1B,ATP6V1A
ABCG2,RNF126,TAX1BP1,CCNQ,VNN2
ABCG2,UBL4A,RAB39A
ABCG2,RNF126,EGFR,STIL,CLEC4M
ABCG2,HSP90AA1,SKP1,BOC
ABCG2,HSP90AA1,SKP1,BOC
ABCG2,HSP90AA1,GNA12,GNB3
ABCG2,ATP5F1B,RHOG,STIM1
ABCG2,HSPA8,CAPZA1,WASHC2A
ABCG2,ATP5F1B,MAPK3,PEA15,CD38
ABCG2,RPS27A,SMURF2
ABCG2,UBL4A,SRC,EFNA5
ABCG2,UBL4A,RACK1,KCNAB1
ABCG2,HSP90AA1,NTRK1,PLXNA4
ABCG2,RNF126,UBB,TNFRSF1A
ABCG2,UBL4A,RAB11A,DENND4C
ABCG2,HSP90AA1,PRKCD
ABCG2,VCP,PTPRO
ABCG2,RNF126,TRAF6,BCL10,RASL12
ABCG2,HSP90AA1,FYN,SLC4A8
ABCG2,ATP5F1B,ATP6V0C,ATP6V1D
ABCG2,RPS27A,CTNNB1
ABCG2,RPS27A,SLC38A1,SLC10A1
ABCG2,VCP,ASPSCR1
ABCG2,ATP5F1B,CHMP4B,METRNL,SSTR4
ABCG2,RNF126,ABCB6,CEACAM21,PCDHGA11
ABCG2,HSP90AA1,AXL,TREML2
ABCG2,UBL4A,PRKCA,AKAP5
ABCG2,VCP,EWSR1
ABCG2,ATP5F1B,CHMP4B,METRNL,GPR88
ABCG2,UBL4A,FZR1,RGS11
ABCG2,RNF126,EGFR,STIL,SLC26A1
ABCG2,HSP90AA1,GRB2,TBC1D3G
ABCG2,UBL4A,SRC,EFNA5,TPRA1
ABCG2,VCP,RAB5C,RAB3GAP1,WNT7B
ABCG2,UBL4A,SRC,EFNA5
ABCG2,HSP90AA1,LYN,ITGA2
ABCG2,HSP90AA1,AKT2
ABCG2,ATP5F1B,ABCA2,SLC22A9,PCDHA3
ABCG2,ATP5F1B,RHOG,STIM1
ABCG2,HSP90AA1,AKT1,THEM4,CYBRD1
ABCG2,HSP90AA1,PTEN,ITGA6
ABCG2,UBL4A,STX4,SEC22A,SV2C
ABCG2,VCP,PALLD
ABCG2,HSPA8,EDEM1,OR1M1
ABCG2,VCP,RND2
ABCG2,HSP90AA1,BAG3,PRRG2
ABCG2,HSP90AA1,GNAI2,FPR2
ABCG2,HSP90AA1,AGO2,SLC7A9
ABCG2,RNF126,UBC,TBC1D15,GBA2
ABCG2,RPS27A,H3C1,FOLH1
ABCG2,ATP5F1B,CFTR,CLCA1
ABCG2,HSP90AA1,MAPK14,F2R
ABCG2,HSP90AA1,MET,LAPTM4B
ABCG2,HSP90AA1,PIM1
ABCG2,ATP5F1B,SOX2,SP2,ANGPT1
ABCG2,UBL4A,RAB11A,DENND4C
ABCG2,ATP5F1B,DIRAS2,SIRPD,MMP15
ABCG2,ATP5F1B,ATP5IF1,GUCY2C
ABCG2,HSP90AA1,BCKDK,SMPD2
ABCG2,HSP90AA1,BTF3,LILRB4
ABCG2,ATP5F1B,RHOG,STIM1
ABCG2,HSP90AA1,ERBIN
ABCG2,ATP5F1B,ACTB
ABCG2,HSP90AA1,NPM1,CAVIN1
ABCG2,RNF126,EGFR,STIL,LAG3
ABCG2,UBL4A,PRKCA,AKAP5
ABCG2,ATP5F1B,RHOG,STIM1
ABCG2,ATP5F1B,MAPK3,PEA15,PDE6G
ABCG2,HSP90AA1,ERN1,PCDHGB5
ABCG2,ATP5F1B,KRAS,ACTR10,PRLHR
ABCG2,ATP5F1B,RHOG,STIM1
ABCG2,VCP,CD4,ADORA2A
ABCG2,HSP90AA1,STYK1
ABCG2,ATP5F1B,CHMP4B,METRNL,HTR4
ABCG2,UBL4A,RAB10,MAPK8IP1
ABCG2,ATP5F1B,KRAS,ACTR10,CDHR2
ABCG2,RNF126,EGFR,STIL,IQCJ-SCHIP1
ABCG2,HSPA8,SMC1A,GRM3
ABCG2,UBL4A,FUS,GRIN1
ABCG2,HSP90AA1,GNA12,GNB3
ABCG2,HSP90AA1,AXL,TREML2
ABCG2,UBL4A,PA2G4,MYBPC2,TP53I13
ABCG2,HSP90AA1,RET
ABCG2,RNF126,EGFR,STIL,NRXN3
ABCG2,ATP5F1B,ACTB,DCTN5,TPSG1
ABCG2,VCP,TPM2,HAS3
ABCG2,RPS27A,TOPBP1
ABCG2,UBL4A,AMFR,OR4N2,CCR8
ABCG2,ATP5F1B,LGALS9,CD44
ABCG2,HSP90AA1,JAK2,MUC5B
ABCG2,HSP90AA1,SKP1,BOC
ABCG2,RPS27A,HRAS,SIGLEC6
ABCG2,RNF126,EGFR,STIL,ADIPOR2
ABCG2,HSP90AA1,GAPDH
ABCG2,HSP90AA1,ACVR2B
ABCG2,HSP90AA1,MAPK14,F2R
ABCG2,ATP5F1B,RHOG,STIM1
ABCG2,VCP,NUMA1
ABCG2,HSP90AA1,LNX1,ROBO3
ABCG2,ATP5F1B,YWHAG,PARP8,LRRN4
ABCG2,ATP5F1B,ESR1,HOXC10,GPBAR1
ABCG2,ATP5F1B,LNX2
ABCG2,HSP90AA1,SLC2A4
ABCG2,RNF126,IRS4,PIK3CB
ABCG2,ATP5F1B,HUWE1,PDIA6
ABCG2,VCP,HMGCR,SLC24A3
ABCG2,ATP5F1B,RHOG,STIM1
ABCG2,HSP90AA1,PTK6
ABCG2,ATP5F1B,HNRNPA3,METTL17,CA14
ABCG2,HSP90AA1,MUSK
ABCG2,HSP90AA1,USP19,ECEL1
ABCG2,ATP5F1B,RHOG,STIM1,AVPR1A
ABCG2,HSP90AA1,ERN1,PCDHGB5
ABCG2,HSPA8,SLC25A3
ABCG2,ATP5F1B,MAPK3,PEA15,TSPAN15,ADGRE2
ABCG2,ATP5F1B,KRAS,ACTR10,SLC34A1
ABCG2,ATP5F1B,RHOG,STIM1
ABCG2,HSP90AA1,HIF1A,EGLN1,PDCD1
ABCG2,UBL4A,RAB11A,DENND4C
ABCG2,UBL4A,DDX20,PSKH1
ABCG2,HSPA8,RAPGEF6
ABCG2,ATP5F1B,RHOG,STIM1
ABCG2,VCP,UBQLN1,CD47
ABCG2,ATP5F1B,RHOG,STIM1
ABCG2,HSP90AA1,MET,LAPTM4B
ABCG2,HSP90AA1,BAG3,PRRG2
ABCG2,HSP90AA1,VCAM1,CCL22,RAET1E
ABCG2,RNF126,EGFR,STIL,NFASC
ABCG2,UBL4A,CANX,CNR2
ABCG2,UBL4A,ACTC1,NEXN
ABCG2,HSPA8,NOX5
ABCG2,UBL4A,PRAME
ABCG2,UBL4A,FZR1,RGS11
ABCG2,RNF126,EGFR,STIL,CRB1
ABCG2,UBL4A,ACTC1,NEXN
ABCG2,ATP5F1B,SDHB
ABCG2,HSP90AA1,PRKX,PRKAR2B
ABCG2,ATP5F1B,HUWE1,PDIA6
ABCG2,ATP5F1B,KRAS,ACTR10,KCNJ10
ABCG2,ATP5F1B,ATP6V1A,GBA1,ATP4B
ABCG2,ATP5F1B,RHOG,STIM1
ABCG2,UBL4A,CANX,CNR2
ABCG2,RPS27A
ABCG2,UBL4A,CANX,CNR2
ABCG2,HSP90AA1,PRKACA
ABCG2,RNF126,IRS4,PIK3CB
ABCG2,UBL4A,EEF1A1,ENO3
ABCG2,UBL4A,RAB11A,DENND4C
ABCG2,HSP90AA1,MAP3K7,IL17RD
ABCG2,HSP90AA1,HCK,FRS3
ABCG2,ATP5F1B,RHOG,STIM1
ABCG2,RNF126,UBB,TNFRSF1A
ABCG2,HSP90AA1,HCK,FRS3
ABCG2,RNF126,UBC,TBC1D15,SLC34A3
ABCG2,HSP90AA1,FYN,SLC4A8
ABCG2,VCP,CUL3,LRFN2
ABCG2,HSP90AA1,APP,LRP2
ABCG2,ATP5F1B,ZNF746,PRKAR1B
ABCG2,HSP90AA1,HCK,FRS3
ABCG2,RNF126,TSG101,KRT31,SLC23A1
ABCG2,ATP5F1B,SOX2,SP2,REEP2
ABCG2,HSP90AA1,YWHAB,LRFN1
ABCG2,ATP5F1B,IMMT,DNAJC5
ABCG2,RNF126,UBC,TBC1D15,APH1B
ABCG2,VCP,ITPR1
ABCG2,RPS27A,ING2
ABCG2,VCP,EIF4A2,SLC16A9
ABCG2,UBL4A,ACTC1,NEXN
ABCG2,ATP5F1B,TMPO,SLC33A1
ABCG2,RNF126,IRS4,PIK3CB
ABCG2,RPS27A,BAP1
ABCG2,RPS27A,TOM1
ABCG2,HSP90AA1,CENPJ,LYST,MCOLN3
ABCG2,RNF126,UBB,TNFRSF1A
ABCG2,HSP90AA1,PRKCZ
ABCG2,HSP90AA1,GNAI2,FPR2
ABCG2,UBL4A,MAP3K3,PPP2R5A
ABCG2,HSP90AA1,IKBKE,CD209
ABCG2,RNF126,UBB,TNFRSF1A
ABCG2,HSP90AA1,KCND3
ABCG2,HSP90AA1,YES1,SLC16A14
ABCG2,HSP90AA1,EPHA2
ABCG2,ATP5F1B,CTCF,ZMYM1,SPAM1
ABCG2,ATP5F1B,TMPO,SLC33A1
ABCG2,RNF126,IRS4,PIK3CB
ABCG2,UBL4A,SGTA,CTSL
ABCG2,ATP5F1B,CFTR,CLCA1
ABCG2,HSPA8,STXBP1
ABCG2,HSPA8,GOT2
ABCG2,UBL4A,SRC,EFNA5
ABCG2,UBL4A,RPL36AL
ABCG2,HSPA8,KLC2,CHRNA9
ABCG2,RNF126,EGFR,STIL,TECTA
ABCG2,RNF126,IRS4,PIK3CB
ABCG2,UBL4A,JAK1,CSF2RB
ABCG2,ATP5F1B,RHOG,STIM1
ABCG2,UBL4A,PRKCA,AKAP5
ABCG2,VCP,CUL1
ABCG2,ATP5F1B,CTCF,ZMYM1,SLC16A7
ABCG2,HSP90AA1,TIE1
ABCG2,UBL4A,SRC,EFNA5
ABCG2,ATP5F1B,VWA8,S100A6
ABCG2,RPS27A,FTH1,TGM1
ABCG2,HSP90AA1,MAPK14,F2R
ABCG2,HSP90AA1,RET,GDNF,GABRA4
ABCG2,HSP90AA1,FLT3,FZD4
ABCG2,HSP90AA1,GSK3B,ACSBG1
ABCG2,HSPA8,CNOT2
ABCG2,ATP5F1B,RHOG,STIM1
ABCG2,HSP90AA1
ABCG2,ATP5F1B,RHOG,STIM1
ABCG2,VCP,CUL3,LRFN2
ABCG2,HSP90AA1,BTF3,LILRB4
ABCG2,ATP5F1B,RHOG,STIM1
ABCG2,RPS27A,NRAS,PCDH18
ABCG2,ATP5F1B,CFTR,CLCA1
ABCG2,HSPA8,CEMIP
ABCG2,HSP90AA1,NPM1,CAVIN1
ABCG2,ATP5F1B,RHOG,STIM1
ABCG2,RNF126,EGFR,STIL,FCER1G
ABCG2,HSP90AA1,RHOBTB1,PSG8
ABCG2,DNAJB1,EEF1A2,SLC13A5
ABCG2,UBL4A,SRC,EFNA5
ABCG2,RPS27A,LITAF
ABCG2,ATP5F1B,HUWE1,PDIA6
ABCG2,RNF126,EGFR,STIL,TSPAN2
ABCG2,HSP90AA1,LNX1,ROBO3
ABCG2,ATP5F1B,ZC3H18,SRSF12,JPT2
ABCG2,HSP90AA1,PRKCH
ABCG2,HSP90AA1,LNX1,ROBO3
ABCG2,UBL4A,EEF1A1,ENO3
ABCG2,HSP90AA1,MAPK14,F2R
ABCG2,ATP5F1B,NR3C1,MSX2,SERPINA12
ABCG2,HSP90AA1,SUMO2,SERPINB6
ABCG2,RPS27A,TAB3
ABCG2,VCP,ATP2A2
ABCG2,RNF126,TRAF3,PYCARD,TNFSF14
ABCG2,ATP5F1B,MAPK3,PEA15,TBC1D2
ABCG2,VCP,GNAO1,RGS9
ABCG2,HSP90AA1,CDK14,GDE1
ABCG2,HSP90AA1,PPP6R3
ABCG2,ATP5F1B,CHMP4B,METRNL,RGS17
ABCG2,UBL4A,CANX,CNR2,GPR18
ABCG2,RPS27A,ENTREP1
ABCG2,VCP,YWHAH,RIMS1
ABCG2,VCP,UBQLN1,CD47
ABCG2,RNF126,UBE2N,MYL12B,PLPPR4
ABCG2,RPS27A,KLK3,PLXNA3
ABCG2,UBL4A,RAB14
ABCG2,RNF126,EGFR,STIL,IL15RA
ABCG2,ATP5F1B,YWHAZ,SSH2,ABHD6
ABCG2,UBL4A,SRC,EFNA5
ABCG2,UBL4A,RAB11A,DENND4C
ABCG2,ATP5F1B,HDAC4,WASHC2C,ITPRIP
ABCG2,UBL4A,ACTG2,KCNMA1,KCNMB1
ABCG2,UBL4A,SRC,EFNA5
ABCG2,DNAJB1,ANKRD28,AGPAT2
ABCG2,VCP,ABCC1
ABCG2,VCP,DNAJB9,RXFP1
ABCG2,HSP90AA1,GNAI2,FPR2
ABCG2,RNF126,EGFR,STIL,SLC9A7
ABCG2,VCP,UBQLN1,CD47
ABCG2,ATP5F1B,MYC,ELL,SLC5A1
ABCG2,UBL4A,RAB1A,RAB3B
ABCG2,HSPA8,GRB10
ABCG2,HSP90AA1,GSK3B,ACSBG1
ABCG2,RNF126,PSMF1,RBFOX1,NPDC1
ABCG2,VCP,EZR
ABCG2,ATP5F1B,VWA8,S100A6
ABCG2,VCP,RHOH
ABCG2,DNAJB1,GTF3C2,RASGEF1A
ABCG2,HSP90AA1,GSK3B,ACSBG1
ABCG2,RPS27A,USP21
ABCG2,HSP90AA1,GRB2,TBC1D3G
ABCG2,ATP5F1B,PPP1CC,WDR82,TRPM3
ABCG2,DNAJB1,HSPA4L,RASGRP1
ABCG2,ATP5F1B,VWA8,S100A6
ABCG2,ATP5F1B,KRAS,ACTR10,PALM
ABCG2,HSP90AA1,ERN1,PCDHGB5
ABCG2,UBL4A,RACK1,KCNAB1
ABCG2,RPS27A,DAXX,USH1G
ABCG2,HSPA8,F12
ABCG2,HSP90AA1,SKP1,BOC
ABCG2,VCP,EZR,MPP3
ABCG2,HSP90AA1,KCNA5,CD320
ABCG2,ATP5F1B,PRKN,PAAF1,GPR17
ABCG2,HSP90AA1,TGFBR2,MYADM
ABCG2,RNF126,EGFR,STIL,PON2,ASIC4
ABCG2,VCP,CUL3,LRFN2
ABCG2,RNF126,UBB,TNFRSF1A
ABCG2,HSP90AA1,ZAP70,CD3G
ABCG2,ATP5F1B,HUWE1,PDIA6
ABCG2,HSP90AA1,JAK2,MUC5B
ABCG2,ATP5F1B,ATP6V0C,ATP6V1D
ABCG2,UBL4A,PRKCA,AKAP5
ABCG2,UBL4A,PRKCA,AKAP5
ABCG2,HSP90AA1,LYN,ITGA2
ABCG2,UBL4A,FUS,GRIN1
ABCG2,VCP,RHOA
ABCG2,UBL4A,SRC,EFNA5
ABCG2,HSP90AA1,PKN3,PTGER3,EFR3A
ABCG2,VCP,VAMP2
ABCG2,ATP5F1B,CFTR,CLCA1
ABCG2,UBL4A,PRKCA,AKAP5
ABCG2,RNF126,UBQLN2,PPIC,STXBP5L
ABCG2,ATP5F1B,ZNF746,PRKAR1B
ABCG2,ATP5F1B,CCDC8,SLIT2,GPRC5D
ABCG2,UBL4A,PAEP,PCDHGA4
ABCG2,ATP5F1B,IMMT,DNAJC5
ABCG2,ATP5F1B,RHOG,STIM1
ABCG2,ATP5F1B,RHOG,STIM1,NLGN2
ABCG2,HSP90AA1,HLA-DRB5,HLA-DQA1
ABCG2,ATP5F1B,IRAK1,CPVL,JTB
ABCG2,VCP,BSG,SLC16A13
ABCG2,HSPA8,PACSIN2
ABCG2,VCP,CLGN,SLC22A5
ABCG2,HSP90AA1,PTEN,ITGA6
ABCG2,ATP5F1B,ZNF746,PRKAR1B
ABCG2,VCP,RHOB,RTKN2
ABCG2,ATP5F1B,RHOG,STIM1
ABCG2,ATP5F1B,HUWE1,PDIA6
ABCG2,ATP5F1B,TUBB,EML1,IL12RB2
ABCG2,HSPA8,CSDE1
ABCG2,RNF126,EGFR,STIL,GLP1R
ABCG2,HSP90AA1,FYN,SLC4A8
ABCG2,HSPA8,KLC2
ABCG2,ATP5F1B,HSPA5,LOC102723407,CKAP4
ABCG2,UBL4A,RAB8A
ABCG2,UBL4A,MST1R,PTCH1
ABCG2,UBL4A,AMFR,OR4N2
ABCG2,ATP5F1B,LGALS9,CD44
ABCG2,ATP5F1B,RHOG,STIM1
ABCG2,ATP5F1B,RHOG,STIM1
ABCG2,VCP,YWHAH,RIMS1
ABCG2,HSPA8,CHD1L,ART3
ABCG2,UBL4A,SRC,EFNA5
ABCG2,HSP90AA1,DNAJB6,AQP8
ABCG2,HSP90AA1,JAK2,MUC5B
ABCG2,HSP90AA1,GRB2,TBC1D3G
ABCG2,UBL4A,SRC,EFNA5
ABCG2,UBL4A,SRC,EFNA5
ABCG2,ATP5F1B,ATP6V0C,ATP6V1D
ABCG2,ATP5F1B,RHOG,STIM1
ABCG2,UBL4A,ACTG2,KCNMA1
ABCG2,HSP90AA1,ITK
ABCG2,HSP90AA1,MYH9,WNK1,OR2K2
ABCG2,RNF126,EGFR,STIL,TRPV6
ABCG2,HSP90AA1,PRKCD,PDP2,CNTFR
ABCG2,HSP90AA1,ALK,GPC1
ABCG2,ATP5F1B,IMMT,DNAJC5
ABCG2,HSPA8,WDR6
ABCG2,HSP90AA1,APP
ABCG2,UBL4A,PRMT5,COPRS
ABCG2,UBL4A,SGTA,CTSL
ABCG2,UBL4A,RAB11A,DENND4C
ABCG2,UBL4A,PRKCA,AKAP5
ABCG2,DNAJB1,CDH1,ITGAE
ABCG2,VCP,MGST3,AQP10,LYVE1
ABCG2,HSP90AA1,BCKDK,SMPD2
ABCG2,UBL4A,RAB8A,EXOC8
ABCG2,ATP5F1B,NFKB1,SERPINA3,MPP4
ABCG2,ATP5F1B,HUWE1,PDIA6
ABCG2,HSP90AA1,GSK3B,ACSBG1
ABCG2,UBL4A,RAB10,MAPK8IP1
ABCG2,ATP5F1B,RHOG,STIM1
ABCG2,HSP90AA1,KCNS3,KCNB2
ABCG2,RNF126,UBQLN2,PPIC,TMC7
ABCG2,HSPA8,NOXO1
ABCG2,ATP5F1B,RHOG,STIM1
ABCG2,HSP90AA1,NOD2,CASP4
ABCG2,VCP,CLTA
ABCG2,UBL4A,ATXN3
ABCG2,ATP5F1B,RHOG,STIM1
ABCG2,UBL4A,FZR1,RGS11
ABCG2,HSP90AA1,GSK3B,ACSBG1
ABCG2,UBL4A,RAB11A,DENND4C
ABCG2,VCP,VAMP2,PRKD3
ABCG2,HSP90AA1,BAG3,PRRG2
ABCG2,RNF126,EGFR,STIL,SLAMF7
ABCG2,HSP90AA1,GNAI2,FPR2
ABCG2,HSP90AA1,LNX1,ROBO3
ABCG2,HSPA8,FN1,FGG
ABCG2,VCP,PTPN11,SLAMF6
ABCG2,RNF126,EGFR,STIL,KSR2
ABCG2,UBL4A,FUS,GRIN1,GRIN3A
ABCG2,HSP90AA1,CSNK2A1
ABCG2,HSP90AA1,FYN,SLC4A8
ABCG2,ATP5F1B,TPP1,APOE
ABCG2,HSPA8,REL,SLC6A12
ABCG2,ATP5F1B,RHOG,STIM1,ADGRL3,TENM2
ABCG2,ATP5F1B,TMPO,SLC33A1
ABCG2,HSP90AA1,ASB2,DCUN1D3
ABCG2,HSP90AA1,TBK1,WHRN
ABCG2,UBL4A,JAK1,CSF2RB
ABCG2,HSP90AA1,UCHL1,ADRA2B
ABCG2,HSPA8,REL,SLC6A12,STOML3
ABCG2,HSP90AA1,APP,LRP2
ABCG2,HSP90AA1,HCK,FRS3
ABCG2,VCP,MARK2
ABCG2,ATP5F1B,HUWE1,PDIA6
ABCG2,RPS27A,AP2M1,REPS1
ABCG2,UBL4A,TUBB8,CACNG8
ABCG2,ATP5F1B,CFTR,CLCA1
ABCG2,ATP5F1B,CHMP4B,METRNL,HTR1D
ABCG2,ATP5F1B,LGALS9,CD44
ABCG2,ATP5F1B,CHD3,KRT84,ATP10B
ABCG2,HSP90AA1,RIPK2,STK10
ABCG2,HSP90AA1,AGO2,SLC7A9
ABCG2,UBL4A,PRKCA,AKAP5
ABCG2,VCP,PTPN11,SLAMF6
ABCG2,ATP5F1B,KRAS,ACTR10,RAB3C
ABCG2,ATP5F1B,KRAS
ABCG2,UBL4A,PRKCA,AKAP5
ABCG2,ATP5F1B,TPT1,NOTCH3
ABCG2,HSP90AA1,MAP3K7,IL17RD
ABCG2,ATP5F1B,PTPN5,DUSP15
ABCG2,UBL4A,HTT,NLK,SYT10
ABCG2,UBL4A,SRC,EFNA5
ABCG2,HSP90AA1,TBK1,WHRN
ABCG2,RPS27A,HRAS,SIGLEC6
ABCG2,HSP90AA1,BRAF,MYOF
ABCG2,ATP5F1B,SOX2,SP2,ACKR2
ABCG2,ATP5F1B,RHOG,STIM1
ABCG2,RPS27A,GPR143
ABCG2,RNF126,IRS4,PIK3CB,DCST1
ABCG2,VCP,ADRB2
ABCG2,ATP5F1B,CHMP4B,METRNL,GALR1
ABCG2,HSP90AA1,TGFBR2,MYADM
ABCG2,ATP5F1B,CYB5R1,NAAA,SLC10A7
ABCG2,HSP90AA1,TNK2
ABCG2,VCP,RHOF,SGPP1
ABCG2,RNF126,EGFR,STIL,SDC1
ABCG2,HSPA8,GRB7
ABCG2,ATP5F1B,ATP6V0C,ATP6V1D
ABCG2,HSP90AA1,YWHAB,LRFN1,P2RX1
ABCG2,ATP5F1B,VWA8,S100A6
ABCG2,RNF126,TRAF6,BCL10,APLNR
ABCG2,ATP5F1B,LRRK2,ZC3H15,CNNM4
ABCG2,HSP90AA1,BAG3,PRRG2
ABCG2,ATP5F1B,CHMP4B,METRNL,CCR3
ABCG2,HSP90AA1,FYN,SLC4A8
ABCG2,UBL4A,JAK1,CSF2RB
ABCG2,ATP5F1B,KRAS,ACTR10,OR1D2
ABCG2,VCP,SPTAN1
ABCG2,ATP5F1B,MAPK3,PEA15,TNFRSF1B
ABCG2,ATP5F1B,RHOG,STIM1
ABCG2,ATP5F1B,RPS3A,HMGB2,CP
ABCG2,RNF126,EGFR,STIL,GLP2R
ABCG2,UBL4A,RACK1,KCNAB1
ABCG2,ATP5F1B,CCDC8,SLIT2,CLDN8
ABCG2,ATP5F1B,TMPO,SLC33A1
ABCG2,HSP90AA1,RHOBTB1,PSG8
ABCG2,UBL4A,PRKCA,AKAP5
ABCG2,HSP90AA1,NTRK1,PLXNA4
ABCG2,HSP90AA1,SGK1
ABCG2,UBL4A,RAB11A,DENND4C
ABCG2,RNF126,ABCB6
ABCG2,VCP,F7
ABCG2,RNF126,UBE2N,MYL12B,GDPD5
ABCG2,HSP90AA1,PSMB5,PSMG3,GLDC
ABCG2,VCP,SVIP
ABCG2,HSP90AA1,KCNG1,SLC30A2,SLC30A10
ABCG2,RPS27A,SLC38A1
ABCG2,VCP,PARK7
ABCG2,HSP90AA1,EPHA3
ABCG2,HSPA8,CAMK2A,PDE4A
ABCG2,UBL4A,RACK1,KCNAB1
ABCG2,ATP5F1B,LARP7,SEPTIN9,PSG3
ABCG2,HSP90AA1,LNX1,ROBO3
ABCG2,UBL4A,FZR1,RGS11
ABCG2,RNF126,UBB,TNFRSF1A
ABCG2,ATP5F1B,TMPO,SLC33A1
ABCG2,RNF126,UBE2N,MYL12B,BCAM
ABCG2,UBL4A,SGTA,CTSL
ABCG2,ATP5F1B,KRAS,ACTR10,HJV
ABCG2,HSP90AA1,GNAI2,FPR2
ABCG2,VCP,UBQLN1,CD47
ABCG2,UBL4A,EEF1A1,ENO3
ABCG2,RNF126,SFN,CALML5,LIN7A
ABCG2,RPS27A,MAVS,TLR1
ABCG2,HSP90AA1,RCBTB2,PLA2G6
ABCG2,HSP90AA1,YWHAB,LRFN1
ABCG2,RPS27A,NOTCH1
ABCG2,RPS27A,UBE2C
ABCG2,VCP,DNM2,FCHSD1,PROM2
ABCG2,VCP,SPTAN1,ATP8B3
ABCG2,ATP5F1B,OBSL1,MTMR2,CEACAM7
ABCG2,HSP90AA1,FGFR1
ABCG2,HSP90AA1,SUMO2,SERPINB6
ABCG2,ATP5F1B,PPP1CC,WDR82,ADGRG3
ABCG2,ATP5F1B,IMMT,DNAJC5
ABCG2,HSP90AA1,GRB2,TBC1D3G
ABCG2,ATP5F1B,RHOG,STIM1
ABCG2,UBL4A,SRC,EFNA5
ABCG2,ATP5F1B,NDUFS3,NDUFB2,GPR42
ABCG2,HSP90AA1,HSPE1,FABP5
ABCG2,VCP,DNM2
ABCG2,ATP5F1B,HNRNPA3,METTL17,SLC20A2
ABCG2,HSP90AA1,FLCN
ABCG2,HSPA8,KCNV2
ABCG2,UBL4A,FZR1,RGS11
ABCG2,UBL4A,TUBB8,CACNG8
ABCG2,ATP5F1B,RBM39,LMNB1,ALX1,OR52L1
ABCG2,ATP5F1B,RHOG,STIM1
ABCG2,HSP90AA1,PLD2
ABCG2,HSP90AA1,AKT1,THEM4
ABCG2,UBL4A,SRC,EFNA5
ABCG2,HSP90AA1,BAG3,PRRG2
ABCG2,UBL4A,TUBB8,CACNG8
ABCG2,HSP90AA1,AGO2,SLC7A9
ABCG2,RNF126,EGFR,STIL,DSG3
ABCG2,HSP90AA1,ACVRL1
ABCG2,HSP90AA1,HSP90B1,RASGRP4
ABCG2,RNF126,UBQLN2,PPIC,TLR5
ABCG2,ATP5F1B,MDH2,HARS2,SYT5
ABCG2,ATP5F1B,HSPA9,AQP12B,FGFBP1
ABCG2,HSP90AA1,GSK3B,ACSBG1
ABCG2,ATP5F1B,TMPO,SLC33A1
ABCG2,HSP90AA1,LYN,ITGA2
ABCG2,UBL4A,FZR1,RGS11
ABCG2,HSP90AA1,ABL1,CDON
ABCG2,DNAJB1,RAP1B,PLPPR1
ABCG2,HSP90AA1,VARS1,ABTB1
ABCG2,HSP90AA1,LNX1,ROBO3
ABCG2,ATP5F1B,IRAK1
ABCG2,UBL4A,HSPD1
ABCG2,UBL4A,SRC,EFNA5
ABCG2,HSP90AA1,TGFBR1,GDF11,PSG4
ABCG2,RNF126,IRS4
ABCG2,ATP5F1B,TPP1,APOE
ABCG2,RNF126,SFN,CALML5,UBL3
ABCG2,VCP,CD3D
ABCG2,UBL4A,SRC,EFNA5
ABCG2,RNF126,UBQLN2,PPIC,CPNE5
ABCG2,ATP5F1B,KRAS,ACTR10,SLC17A1
ABCG2,RPS27A,INTU,WDPCP
ABCG2,ATP5F1B,IMMT,DNAJC5
ABCG2,ATP5F1B,ATP6V0C,ATP6V1D
ABCG2,ATP5F1B,HSPA5,LOC102723407,OR52W1
ABCG2,RNF126,UBB,TNFRSF1A
ABCG2,RNF126,EGFR,STIL,ALG10B
ABCG2,ATP5F1B,ZFP36L2,ZNF333,GPC2
ABCG2,VCP,USP14
ABCG2,HSP90AA1,VARS1,ABTB1
ABCG2,HSP90AA1,ABL2,CD84
ABCG2,ATP5F1B,HSPA9,AQP12B,LARGE1
ABCG2,HSP90AA1,RHOBTB3,RAB9B
ABCG2,VCP,DNAJB9,RXFP1,LRP12
ABCG2,UBL4A,SRC,EFNA5
ABCG2,HSPA8,SNX1,TMEM87A
ABCG2,UBL4A,CANX,CNR2
ABCG2,ATP5F1B,NR3C1,MSX2,CNGB1,CNGA1
ABCG2,RNF126,IRS4,PIK3CB
ABCG2,RNF126,TAX1BP1,CCNQ,ADAM30
ABCG2,UBL4A,PRKCA,AKAP5
ABCG2,ATP5F1B,RHOG,STIM1
ABCG2,RNF126,UBB,TNFRSF1A
ABCG2,HSP90AA1,NOD1
ABCG2,HSP90AA1,RHOBTB1,PSG8
ABCG2,RNF126,EGFR,STIL,MYOT
ABCG2,HSP90AA1,LNX1,ROBO3
ABCG2,ATP5F1B,ATP6V1A,GBA1,SLC26A9
ABCG2,HSP90AA1,PRKCD,PDP2,EBI3
ABCG2,UBL4A,SRC,EFNA5
ABCG2,UBL4A,SRC,EFNA5
ABCG2,ATP5F1B,CHMP4B,METRNL,ADAM11
ABCG2,ATP5F1B,KRAS,ACTR10,ARF1
ABCG2,VCP,RDX,ICAM2
ABCG2,HSP90AA1,PKN3,PTGER3
ABCG2,HSP90AA1,FGF11,SCN4A
ABCG2,UBL4A,PRKCA,AKAP5
ABCG2,HSP90AA1,RIPK1,CLIP3
ABCG2,HSP90AA1,GSK3B,ACSBG1
ABCG2,HSP90AA1,TYK2,CD6
ABCG2,VCP,CIP2A
ABCG2,HSP90AA1,GRB2,TBC1D3G
ABCG2,RNF126,UBB,TNFRSF1A,MR1
ABCG2,HSP90AA1,PTEN,ITGA6
ABCG2,RPS27A,COPE,SLC35A1
ABCG2,HSP90AA1,BCKDK,SMPD2
ABCG2,UBL4A,FZR1,RGS11
ABCG2,HSP90AA1,SUMO2,SERPINB6
ABCG2,RNF126,IRS4,PIK3CB
ABCG2,VCP,AVPR2
ABCG2,RNF126,EGFR,STIL,CD226
ABCG2,RNF126,UBE2D1,BIRC6,TTLL5
ABCG2,RNF126,EGFR,STIL,FPR1
ABCG2,HSP90AA1,AKT1
ABCG2,HSP90AA1,PPP5C
ABCG2,HSP90AA1,LYN,ITGA2
ABCG2,HSPA8,REL,SLC6A12
ABCG2,HSP90AA1,APP,LRP2
ABCG2,UBL4A,KPNB1,SPATA31D4,KIR2DL1
ABCG2,ATP5F1B,HDAC4,WASHC2C
ABCG2,VCP,CUL3,LRFN2
ABCG2,HSPA8,PRKAR1A,AKAP10
ABCG2,ATP5F1B,MAPK3,PEA15,SCNN1D
ABCG2,HSP90AA1,AKT2,FAT3
ABCG2,ATP5F1B,HUWE1,PDIA6
ABCG2,UBL4A,PRKCA,AKAP5
ABCG2,UBL4A,SRC,EFNA5
ABCG2,HSP90AA1,UCHL1,ADRA2B
ABCG2,UBL4A,CANX,CNR2
ABCG2,HSP90AA1,MAPK14,F2R
ABCG2,UBL4A,SRC,EFNA5
ABCG2,HSP90AA1,NTRK2,SORT1
ABCG2,HSP90AA1,AXL
ABCG2,ATP5F1B,TMPO,SLC33A1
ABCG2,UBL4A,RAB11A,DENND4C
ABCG2,VCP,RAE1,KLRK1
ABCG2,RNF126,UBQLN2,PPIC,CR2
ABCG2,UBL4A,PRKCA,AKAP5
ABCG2,ATP5F1B,OBSL1,MTMR2,SGCD
ABCG2,HSPA8,LRRC40,KCTD3
ABCG2,UBL4A,SRC,EFNA5
ABCG2,HSP90AA1,APP,LRP2
ABCG2,VCP,SNAP25,SYT3
ABCG2,UBL4A,RPL28,TRO
ABCG2,UBL4A,RACK1,KCNAB1
ABCG2,HSPA8,LAMP2
ABCG2,ATP5F1B,HUWE1,PDIA6
ABCG2,ATP5F1B,RHOG,STIM1
ABCG2,VCP,PPP2CA
ABCG2,UBL4A,CANX,CNR2
ABCG2,UBL4A,TUBB8,CACNG8
ABCG2,VCP,TRIM21,TRPM2
ABCG2,HSP90AA1,PRKCZ,EPB41L4B
ABCG2,VCP,HM13
ABCG2,HSP90AA1,JAK2,MUC5B
ABCG2,HSP90AA1,RAF1
ABCG2,ATP5F1B,RHOG,STIM1
ABCG2,RNF126,UBB,TNFRSF1A,TFPI
ABCG2,HSP90AA1,FOXM1,SLC27A2
ABCG2,RNF126,IRS4,PIK3CB
ABCG2,HSPA8,CAMK2A,PDE4A
ABCG2,UBL4A,SRC,EFNA5
ABCG2,HSP90AA1,BAG3,PRRG2
ABCG2,HSP90AA1,SUMO2,SERPINB6
ABCG2,ATP5F1B,RHOG,STIM1
ABCG2,VCP,PTPN3
ABCG2,ATP5F1B,LRRC59,CCPG1,SLC22A13
ABCG2,HSP90AA1,FYN,SLC4A8
ABCG2,VCP,RHOB,RTKN2
ABCG2,HSP90AA1,RHOBTB3,RAB9B
ABCG2,HSP90AA1,APP,LRP2
ABCG2,HSP90AA1,VARS1,ABTB1
ABCG2,VCP,PTPN11,SLAMF6
ABCG2,HSP90AA1,GSK3B,ACSBG1
ABCG2,UBL4A,SRC,EFNA5
ABCG2,UBL4A,TUBB8,CACNG8
ABCG2,UBL4A,FZR1,RGS11
ABCG2,UBL4A,CANX,CNR2
ABCG2,HSP90AA1,RET,GDNF,GABRA6
ABCG2,ATP5F1B,RHOG,STIM1
ABCG2,UBL4A,SRC,EFNA5
ABCG2,VCP,VAMP2,PRKD3
ABCG2,RPS27A,UBE2B
ABCG2,HSP90AA1,BAG3,PRRG2
ABCG2,VCP,ATXN1,USP54,MGAM
ABCG2,HSP90AA1,GNAI2,FPR2
ABCG2,RPS27A,ITCH
ABCG2,ATP5F1B,ABCA2,SLC22A9,HTR3B
ABCG2,UBL4A,RAB8A,EXOC8
ABCG2,UBL4A,FZR1,RGS11
ABCG2,UBL4A,FZR1,RGS11
ABCG2,ATP5F1B,RHOG,STIM1
ABCG2,HSP90AA1,TRIM23
ABCG2,RNF126,EGFR,STIL,ABCG8
ABCG2,RPS27A,ARRDC3
ABCG2,RNF126,UBE2D1,BIRC6,ABCA7
ABCG2,HSP90AA1,PTEN
ABCG2,HSP90AA1,ERBB3,SORL1
ABCG2,ATP5F1B,MYC,ELL,KREMEN1
ABCG2,ATP5F1B,HSPA5,LOC102723407,OR1D5
ABCG2,HSP90AA1,TAB1,PCDHGB4
ABCG2,RNF126,EGFR,STIL,CALCRL,RAMP1
ABCG2,UBL4A,SRC,EFNA5,OR10H2
ABCG2,RNF126,EGFR,STIL,UNC13A
ABCG2,DNAJB1,BAG4
ABCG2,RNF126,UBQLN2,PPIC,KCNJ5
ABCG2,HSP90AA1,APP,LRP2
ABCG2,HSP90AA1,PRKG2,PDE9A
ABCG2,HSP90AA1,LNX1,ROBO3
ABCG2,ATP5F1B,SOX2,SP2,SULF2
ABCG2,ATP5F1B,TMPO,SLC33A1
ABCG2,HSP90AA1,STUB1,EIPR1,DGKH
ABCG2,HSP90AA1,ZAP70,CD3G
ABCG2,VCP,RDX
ABCG2,ATP5F1B,RHOG,STIM1
ABCG2,HSP90AA1,AKT1,THEM4
ABCG2,RNF126,TAX1BP1,CCNQ,CTSZ
ABCG2,HSP90AA1,UNK,PNRC1,TMEM50B
ABCG2,ATP5F1B,MYC,ELL,SLC44A2
ABCG2,UBL4A,TUBB4B,DSTYK,MS4A10
ABCG2,HSP90AA1,JAK2,MUC5B
ABCG2,HSP90AA1,CDK1,FANCG
ABCG2,ATP5F1B,MAPK3,PEA15,TSPAN15
ABCG2,RPS27A,FTH1,TGM1
ABCG2,ATP5F1B,LRRK2
ABCG2,HSP90AA1,IRAK2
ABCG2,UBL4A,WDR20,IL17RB
ABCG2,DNAJB1,CDH1,ITGAE
ABCG2,ATP5F1B,RHOG,STIM1,KCNE3
ABCG2,ATP5F1B,ATP5IF1,GUCY2C
ABCG2,ATP5F1B,IMMT,DNAJC5
ABCG2,UBL4A,SRC,EFNA5
ABCG2,HSP90AA1,TYRO3,NCR3LG1,MICA
ABCG2,HSP90AA1,LNX1,ROBO3
ABCG2,UBL4A,SRC,EFNA5
ABCG2,UBL4A,RAB11A,DENND4C
ABCG2,RNF126,UBQLN2,PPIC,KCNG3
ABCG2,RNF126,UBC,TBC1D15,TESC
ABCG2,ATP5F1B,RHOG,STIM1
ABCG2,HSP90AA1,APP,LRP2
ABCG2,VCP,MAP1LC3B,CLEC7A
ABCG2,ATP5F1B,RHOG,STIM1
ABCG2,RNF126,EGFR,STIL,LAMP3
ABCG2,HSP90AA1,KCNA5
ABCG2,HSP90AA1,IKBKE,CD209
ABCG2,ATP5F1B,RHOG,STIM1,ADGRL3
ABCG2,RPS27A,RHEB
ABCG2,RNF126,UBQLN2,PPIC,RGS6
ABCG2,ATP5F1B,CFTR
ABCG2,HSP90AA1,HLA-DRB1,CAMP,MMD
ABCG2,UBL4A,PRMT5,COPRS
ABCG2,HSP90AA1,TGFBR2,MYADM
ABCG2,HSP90AA1,AKT1,THEM4
ABCG2,HSP90AA1,MET,LAPTM4B
ABCG2,RNF126,UBB,TNFRSF1A
ABCG2,RNF126,EGFR,STIL,NALCN
ABCG2,ATP5F1B,DIRAS2,SIRPD
ABCG2,VCP,ARF6
ABCG2,RNF126,UBE2D1,BIRC6,KIRREL2
ABCG2,UBL4A,CANX,CNR2
ABCG2,RNF126,EGFR,STIL,ITGAX
ABCG2,HSP90AA1,CDK14,GDE1
ABCG2,UBL4A,JAK1,CSF2RB
ABCG2,VCP,MAP1LC3B,CLEC7A
ABCG2,HSPA8,FN1,FGG
ABCG2,ATP5F1B,RHOG,STIM1
ABCG2,UBL4A,DDX20,PSKH1
ABCG2,UBL4A,RAB11A,DENND4C
ABCG2,RPS27A,DAXX,USH1G
ABCG2,UBL4A,RPS15A,FAT4
ABCG2,HSPA8,WWOX,CEACAM6
ABCG2,UBL4A,SRC,EFNA5,SGCE
ABCG2,ATP5F1B,NR3C1,MSX2,C8B
ABCG2,UBL4A,PRKCA,AKAP5
ABCG2,ATP5F1B,NR3C1,MSX2,TSPAN4
ABCG2,RPS27A,CD207
ABCG2,ATP5F1B,TPP1,APOE
ABCG2,UBL4A,PRKCA,AKAP5
ABCG2,RNF126,SFN,CALML5,SLC16A3
ABCG2,ATP5F1B,ZNF746,PRKAR1B
ABCG2,VCP,BSG,SLC16A13
ABCG2,RNF126,UBB,TNFRSF1A
ABCG2,HSP90AA1,TGFBR2,MYADM
ABCG2,ATP5F1B,SOX2,SP2,PLCD4
ABCG2,ATP5F1B,ZC3H18,SRSF12,NAA38,NAA35
ABCG2,UBL4A,SRC,EFNA5
ABCG2,HSP90AA1,ALK
ABCG2,HSP90AA1,MAP3K7,IL17RD
ABCG2,HSP90AA1,AMHR2
ABCG2,ATP5F1B,RHOG,STIM1
ABCG2,ATP5F1B,RHOG,STIM1
ABCG2,UBL4A,PRMT5,COPRS
ABCG2,ATP5F1B,RHOG,STIM1,OR2M7
ABCG2,UBL4A,RAB11A,DENND4C
ABCG2,ATP5F1B,LNX2,FHL3,OR4E2
ABCG2,UBL4A,SNRPD2,CRLF3
ABCG2,ATP5F1B,HUWE1,PDIA6
ABCG2,RPS27A,CBL
ABCG2,ATP5F1B,RHOG,STIM1
ABCG2,ATP5F1B,CTCF,ZMYM1,PLEKHM3
ABCG2,ATP5F1B
ABCG2,RNF126,EGFR,STIL,KCNQ3
ABCG2,ATP5F1B,HUWE1,PDIA6
ABCG2,ATP5F1B,RHOG,STIM1
ABCG2,ATP5F1B,RHOG,STIM1
ABCG2,RNF126,EGFR,STIL,ALPG
ABCG2,ATP5F1B,TMPO,SLC33A1
ABCG2,RPS27A,ADRM1
ABCG2,RNF126,CHFR,UBE2E1,COL26A1
ABCG2,ATP5F1B,RHOG,STIM1
ABCG2,HSPA8,FN1,FGG
ABCG2,HSP90AA1,PLCE1
ABCG2,HSPA8,WWOX,CEACAM6
ABCG2,UBL4A,RAB15
ABCG2,ATP5F1B,TMPO,SLC33A1
ABCG2,RPS27A,CYLD,NOX4
ABCG2,HSP90AA1,BTK
ABCG2,ATP5F1B,ATP6V0C,ATP6V1D
ABCG2,RNF126,UBB,TNFRSF1A
ABCG2,UBL4A,MST1R,PTCH1
ABCG2,ATP5F1B,RHOG,STIM1
ABCG2,HSP90AA1,GNA12,GNB3
ABCG2,HSP90AA1,FYN,SLC4A8
ABCG2,ATP5F1B,HDAC4,WASHC2C
ABCG2,ATP5F1B,VWA8,S100A6
ABCG2,UBL4A,PRKCA,AKAP5
ABCG2,HSP90AA1,SKP1,BOC
ABCG2,RPS27A,TRADD
ABCG2,VCP,COL1A2,KCNIP4
ABCG2,UBL4A,TRAF4,ZC3H12C,LRRC52
ABCG2,HSP90AA1,FLT3
ABCG2,HSPA8,CPS1
ABCG2,VCP,PTPN11,SLAMF6
ABCG2,HSP90AA1,GNAI2,FPR2
ABCG2,RPS27A,H2BC4,CCDC25
ABCG2,HSP90AA1,PTEN,ITGA6
ABCG2,RNF126,UBB,TNFRSF1A
ABCG2,ATP5F1B,GOLT1B,RTN3
ABCG2,RNF126,UBE2E3,TTC3,CDV3
ABCG2,RNF126,EGFR,STIL,KCNC1
ABCG2,UBL4A,RPL38,RIC8A
ABCG2,ATP5F1B,TMPO,SLC33A1
ABCG2,UBL4A,PRKCA,AKAP5
ABCG2,ATP5F1B,LGALS9,CD44
ABCG2,UBL4A,PRKCA,AKAP5
ABCG2,RPS27A,PRKCB,ORAI1
ABCG2,ATP5F1B,TMPO,SLC33A1,KLRF1
ABCG2,HSPA8,FN1,FGG
ABCG2,ATP5F1B,RHOG,STIM1
ABCG2,VCP,UBQLN1,CD47
ABCG2,HSP90AA1,YES1,SLC16A14
ABCG2,UBL4A,SRC,EFNA5
ABCG2,TRIM13,NEDD4L,SLC22A11
ABCG2,HSP90AA1,FYN,SLC4A8
ABCG2,UBL4A,SRC,EFNA5
ABCG2,RNF126,EGFR,STIL,NALCN,CHRM3
ABCG2,UBL4A,RAB8A,EXOC8
ABCG2,ATP5F1B,TMPO,SLC33A1
ABCG2,HSP90AA1,ASB6,DCXR
ABCG2,SCAMP1
ABCG2,ATP5F1B,CYB5R3,RTN1,TMED1
ABCG2,RNF126,EGFR,STIL,FCER1G,CD300C
ABCG2,HSP90AA1,GRB2,TBC1D3G
ABCG2,RNF126,UBE2D2,TRIM47,SLC39A4
ABCG2,HSP90AA1,LIMK1,ITGA1
ABCG2,RNF126,UBB,TNFRSF1A
ABCG2,RNF126,TAX1BP1,CCNQ,STK16
ABCG2,HSP90AA1,BAG3,PRRG2
ABCG2,ATP5F1B,RHOG,STIM1
ABCG2,ATP5F1B,HDAC4,WASHC2C
ABCG2,ATP5F1B,RHOG,STIM1,PALM2AKAP2
ABCG2,ATP5F1B,HSPA9,AQP12B,OR4X2
ABCG2,VCP,CUL3,LRFN2
ABCG2,HSP90AA1,YWHAB,LRFN1
ABCG2,ATP5F1B,ESR1,HOXC10,CNNM2
ABCG2,UBL4A,SRC,EFNA5
ABCG2,UBL4A,RAB11A,DENND4C
ABCG2,HSP90AA1,LYN,ITGA2
ABCG2,ATP5F1B,RHOG,STIM1
ABCG2,HSP90AA1,FYN,SLC4A8
ABCG2,HSP90AA1,TBK1,WHRN
ABCG2,ATP5F1B,FGD5
ABCG2,VCP,KRT9,AQP7
ABCG2,HSP90AA1,TYK2,CD6
ABCG2,HSP90AA1,TRAF3IP2,IL17RC
ABCG2,ATP5F1B,MDH2,HARS2,ADGRL1
ABCG2,VCP,BSG,SLC16A13
ABCG2,UBL4A,PRKCA,AKAP5
ABCG2,HSP90AA1,SRMS,LYG2,OR51E2
ABCG2,ATP5F1B,RHOG,STIM1
ABCG2,ATP5F1B,RHOG,STIM1
ABCG2,RPS27A,DAPK1
ABCG2,VCP,UBQLN1,CD47
ABCG2,RNF126,IRS4,PIK3CB
ABCG2,UBL4A,SRC,EFNA5
ABCG2,HSP90AA1,RPS6KA3,HTR2A
ABCG2,RNF126,UBC,TBC1D15,WNT5B
ABCG2,RNF126,EGFR,STIL,VIPR1
ABCG2,VCP,PTPN11,SLAMF6
ABCG2,RPS27A,NOTCH2,WNT5A
ABCG2,UBL4A,RAB11A,DENND4C
ABCG2,HSP90AA1,HSP90B1,RASGRP4
ABCG2,UBL4A,PRKCA,AKAP5,NPHS2
ABCG2,ATP5F1B,TPT1,NOTCH3
ABCG2,ATP5F1B,TMPO,SLC33A1,GRAMD2A
ABCG2,ATP5F1B,ATP6V0C,ATP6V1D
ABCG2,VCP,TMPRSS13
ABCG2,RNF126,EGFR,STIL,UNC13B,DOC2B
ABCG2,DNAJB1,TMTC3,CHRND
ABCG2,HSP90AA1,AKT1,THEM4
ABCG2,ATP5F1B,TMPO,SLC33A1
ABCG2,UBL4A,SRC,EFNA5
ABCG2,UBL4A,SGTA,CTSL,SLC23A2
ABCG2,HSP90AA1,ERBB3,SORL1
ABCG2,UBL4A,PHB1
ABCG2,HSP90AA1,BAG3,PRRG2
ABCG2,ATP5F1B,CHMP4B,METRNL,RGS8
ABCG2,RNF126,IRS4,PIK3CB
ABCG2,ATP5F1B,TMPO,SLC33A1
ABCG2,UBL4A,EEF1A1,ENO3
ABCG2,HSP90AA1,CDK1,FANCG
ABCG2,RNF126,IRS4,PIK3CB,GNA11
ABCG2,HSP90AA1,BCAP31
ABCG2,RPS27A,NOL11,HLA-DPB1
ABCG2,ATP5F1B,RHOG,STIM1
ABCG2,HSP90AA1,INSRR
ABCG2,ATP5F1B,TMPO,SLC33A1
ABCG2,UBL4A,KPNB1,SPATA31D4,CD1C
ABCG2,RNF126,EGFR,STIL,ANXA4
ABCG2,RNF126,EGFR,STIL,KCNJ4
ABCG2,ATP5F1B,RHOG,STIM1
ABCG2,UBL4A,RAB8A,EXOC8
ABCG2,HSP90AA1,DNAJB6,AQP8
ABCG2,VCP,BSG,SLC16A13
ABCG2,UBL4A,RAB11A,DENND4C
ABCG2,VCP,RAE1,KLRK1,ULBP2
ABCG2,RPS27A,CBL,MYCBPAP
ABCG2,ATP5F1B,ATP6V0C,ATP6V1D
ABCG2,HSPA8,ATP10A
ABCG2,ATP5F1B,HUWE1,PDIA6
ABCG2,HSP90AA1,GSK3B,ACSBG1
ABCG2,HSP90AA1,MAPK14,F2R
ABCG2,ATP5F1B,ATP6V0C,ATP6V1D,SLC39A2
ABCG2,RPS27A,UBE2R2,GSC2,BEST3
ABCG2,ATP5F1B,HNRNPA2B1,ZFP36,ZAN
ABCG2,RNF126,UBQLN2,PPIC,RASGEF1B
ABCG2,RNF126,UBQLN2,PPIC,GNG13
ABCG2,HSPA8,PARD3
ABCG2,RNF126,UBB,TNFRSF1A
ABCG2,ATP5F1B,RHOG,STIM1
ABCG2,ATP5F1B,YWHAE,PFDN4,SEPHS1
ABCG2,UBL4A,SRC,EFNA5
ABCG2,RPS27A,DNMT3B,DPP6
ABCG2,HSP90AA1,BAG3,PRRG2
ABCG2,HSP90AA1,GRB2,TBC1D3G
ABCG2,RNF126,TRAF6,BCL10,OXER1
ABCG2,HSPA8,EPRS1
ABCG2,ATP5F1B,ESR1
ABCG2,HSP90AA1,GNAI2,FPR2
ABCG2,ATP5F1B,DIRAS2,SIRPD
ABCG2,VCP,MGST3,AQP10
ABCG2,HSPA8,PACSIN3
ABCG2,ATP5F1B,RHOG,STIM1
ABCG2,ATP5F1B,HUWE1,PDIA6
ABCG2,RNF126,EGFR,STIL,CNTNAP3
ABCG2,ATP5F1B,KRAS,ACTR10,ROBO4
ABCG2,HSP90AA1,GSK3B,ACSBG1
ABCG2,HSP90AA1,MAPK14,F2R
ABCG2,HSP90AA1,GRB2
ABCG2,ATP5F1B,TMPO,SLC33A1,C9
ABCG2,ATP5F1B,ATP5F1A,YME1L1,SLC39A14
ABCG2,RPS27A,AP2M1,REPS1
ABCG2,UBL4A,SRC,EFNA5
ABCG2,RNF126,UBE2N,MYL12B,SNX15
ABCG2,VCP,CAV1,EDNRB
ABCG2,UBL4A,SRC,EFNA5
ABCG2,HSP90AA1,SKP1,BOC
ABCG2,UBL4A,PRKCA,AKAP5
ABCG2,UBL4A,MAP3K3,PPP2R5A
ABCG2,RNF126,EGFR,STIL,CALCRL,RAMP1
ABCG2,ATP5F1B,PPP1CC,WDR82,FRMPD2
ABCG2,UBL4A,RAB11A,DENND4C
ABCG2,HSP90AA1,VARS1,ABTB1
ABCG2,DNAJB1,TMTC3,CHRND
ABCG2,RNF126,MTREX,EXOSC8,COL23A1
ABCG2,ATP5F1B,TPP1,APOE,PIGR
ABCG2,VCP,CUL3,LRFN2
ABCG2,VCP,UBQLN1,CD47
ABCG2,UBL4A,RAB8A,EXOC8
ABCG2,UBL4A,RAB8A,EXOC8
ABCG2,RNF126,UBE2D3,WSB1,PAWR
ABCG2,VCP,PPP3CA
ABCG2,DNAJB1,ANKRD28,AGPAT2
ABCG2,HSPA8,KCNC4
ABCG2,ATP5F1B,ATP6V0C,ATP6V1D,SCAMP5
ABCG2,ATP5F1B,HSPA5,LOC102723407,GRID1
ABCG2,UBL4A,TUBB8,CACNG8
ABCG2,UBL4A,RAB8A,EXOC8
ABCG2,ATP5F1B,CYB5R1,NAAA,SLC22A18
ABCG2,RPS27A,UTP20
ABCG2,HSPA8,WWOX,CEACAM6
ABCG2,HSP90AA1,PKN3,PTGER3,TTC7B
ABCG2,ATP5F1B,RHOG,STIM1
ABCG2,UBL4A,SRC,EFNA5
ABCG2,ATP5F1B,PTPN5,DUSP15
ABCG2,VCP,VAPA
ABCG2,HSPA8,CSDE1,ARHGEF39
ABCG2,ATP5F1B,RHOG,STIM1
ABCG2,ATP5F1B,SOX2,SP2,KCNA10
ABCG2,RPS27A,RPL36A
ABCG2,RNF126,EGFR,STIL,GHRHR
ABCG2,UBL4A,SRC,EFNA5,RAPSN
ABCG2,RNF126,TSG101,KRT31,TVP23B,YIPF1
ABCG2,ATP5F1B,HUWE1,PDIA6
ABCG2,UBL4A,SRC,EFNA5
ABCG2,HSP90AA1,LNX1,ROBO3
ABCG2,RNF126,IRS4,PIK3CB
ABCG2,ATP5F1B,ABCA2,SLC22A9,RAB38
ABCG2,UBL4A,EEF1A1,ENO3
ABCG2,ATP5F1B,HUWE1,PDIA6,PARP14
ABCG2,HSP90AA1,EPAS1,BMAL2,RIMBP2
ABCG2,RNF126,UBB,TNFRSF1A
ABCG2,RNF126,EGFR,STIL,TENM1
ABCG2,UBL4A,ACTC1,NEXN
ABCG2,HSP90AA1,EIF3H,ABI3,BAIAP2L2
ABCG2,ATP5F1B,HUWE1,PDIA6,DSCAML1
ABCG2,ATP5F1B,SLC25A5
ABCG2,RNF126,EGFR,STIL,GYPC
ABCG2,ATP5F1B,CFTR,CLCA1
ABCG2,UBL4A,PRKCA,AKAP5
ABCG2,UBL4A,ACTG1
ABCG2,HSP90AA1,CDK1,FANCG
ABCG2,VCP,MGST3,AQP10
ABCG2,HSP90AA1,STK32A
ABCG2,VCP,BCLAF1,CORO2A,SLC16A8
ABCG2,HSP90AA1,JAK2,MUC5B
ABCG2,HSP90AA1,PAK1
ABCG2,RNF126,TRAF6,BCL10,MC1R
ABCG2,HSPA8,DNAJB4,P2RX6
ABCG2,UBL4A,RACK1,KCNAB1
ABCG2,UBL4A,SRC,EFNA5
ABCG2,UBL4A,CANX,CNR2
ABCG2,HSP90AA1,LIMK2,SLC31A1
ABCG2,ATP5F1B,RHOG,STIM1
ABCG2,RPS27A,NOTCH2,WNT5A
ABCG2,UBL4A,PRKCA,AKAP5
ABCG2,RPS27A,NOTCH2,WNT5A
ABCG2,HSPA8,PACSIN1
ABCG2,ATP5F1B,GOLT1B,RTN3,SLC30A3
ABCG2,ATP5F1B,RHOG,STIM1
ABCG2,ATP5F1B,IMMT,DNAJC5
ABCG2,VCP,COL1A2,KCNIP4
ABCG2,ATP5F1B,CFTR,CLCA1,MICB
ABCG2,UBL4A,SRC,EFNA5
ABCG2,VCP,UBQLN1,CD47
ABCG2,HSPA8,REL,SLC6A12
ABCG2,HSP90AA1,RNF114
ABCG2,RNF126,EGFR,STIL,SIRPB1
ABCG2,ATP5F1B,RHOG,STIM1,OR6T1
ABCG2,ATP5F1B,CFTR,CLCA1
ABCG2,HSP90AA1,HIF1A,EGLN1,PDCD1,PDCD1LG2
ABCG2,UBL4A,RAB8A,EXOC8
ABCG2,HSP90AA1,SKP1,BOC
ABCG2,RPS27A,HRAS,SIGLEC6
ABCG2,ATP5F1B,CTCF,ZMYM1,COL25A1
ABCG2,RNF126,EGFR,STIL,FCER1G,CD300C
ABCG2,HSP90AA1,GRB2,TBC1D3G
ABCG2,HSP90AA1,NTRK2
ABCG2,ATP5F1B,RHOG,STIM1
ABCG2,HSP90AA1,ABL1,CDON
ABCG2,UBL4A,CANX,CNR2
ABCG2,UBL4A,PRKCA,AKAP5
ABCG2,HSP90AA1,BAG3,PRRG2
ABCG2,RPS27A,CAV3
ABCG2,VCP,CUL3,LRFN2
ABCG2,HSP90AA1,RIPK1,CLIP3
ABCG2,UBL4A,CANX,CNR2,LYPD1
ABCG2,VCP,TPM2,HAS3
ABCG2,UBL4A,AMFR,OR4N2
ABCG2,ATP5F1B,TMPO,SLC33A1
ABCG2,RNF126,TRAF6,BCL10,TMC5
ABCG2,ATP5F1B,RHOG,STIM1
ABCG2,RNF126,EGFR,STIL,UNC13B
ABCG2,HSP90AA1,ACVR1C
ABCG2,ATP5F1B,HDAC4,WASHC2C
ABCG2,VCP,ATG9A,SLC44A5
ABCG2,HSPA8,RBSN
ABCG2,RNF126,IRS4,PIK3CB
ABCG2,HSP90AA1,LNX1,ROBO3
ABCG2,HSPA8,SNX20
ABCG2,HSP90AA1,BAG3,PRRG2
ABCG2,HSP90AA1,GLI1,GLI1/GLI2,IHH
ABCG2,UBL4A,RAB11A,DENND4C
ABCG2,HSPA8,STXBP1,NRXN1
ABCG2,ATP5F1B,CFTR,CLCA1
ABCG2,HSP90AA1,FGFR3
ABCG2,HSP90AA1,YES1,SLC16A14
ABCG2,ATP5F1B,KRAS,ACTR10,SLC22A16
ABCG2,UBL4A,SRC,EFNA5
ABCG2,HSP90AA1,MET,LAPTM4B
ABCG2,ATP5F1B,ACTB,DCTN5,SNTG2
ABCG2,HSP90AA1,PKN3,PTGER3
ABCG2,HSP90AA1,SUMO2,SERPINB6
ABCG2,VCP,NAPA
ABCG2,HSP90AA1,APP,LRP2
ABCG2,ATP5F1B,HSPA5
ABCG2,HSP90AA1,BAG3,PRRG2
ABCG2,RPS27A,CPNE7
ABCG2,UBL4A,JAK1,CSF2RB
ABCG2,HSP90AA1,RHOBTB2
ABCG2,RNF126,UBQLN2,PPIC,CLDN12
ABCG2,UBL4A,PRKCA,AKAP5
ABCG2,UBL4A,PAEP,PCDHGA4
ABCG2,RPS27A,CTSG
ABCG2,UBL4A,SGTA,CTSL
ABCG2,HSP90AA1,APP,LRP2
ABCG2,HSPA8
ABCG2,UBL4A,CANX,CNR2
ABCG2,HSP90AA1,AKT1,THEM4
ABCG2,ATP5F1B,TPP1,APOE
ABCG2,ATP5F1B,CHMP4B,METRNL,GPR139
ABCG2,HSP90AA1,AGO2,SLC7A9
ABCG2,HSP90AA1,GNAI2,FPR2
ABCG2,VCP,RHOB,RTKN2
ABCG2,ATP5F1B,LGALS9,CD44
ABCG2,HSP90AA1,FGFR4
ABCG2,HSP90AA1,PKN3,PTGER3,TTC7A
ABCG2,VCP,UBQLN1
ABCG2,RNF126,UBC,TBC1D15,ADGRE5
ABCG2,HSP90AA1,GRB2,TBC1D3G
ABCG2,DNAJB1,DPYSL2
ABCG2,ATP5F1B,CYB5R1,NAAA,ANO8
ABCG2,HSP90AA1,TBK1,WHRN
ABCG2,RNF126,UBE2E3,TTC3,CATSPERG
ABCG2,HSP90AA1,BRAF
ABCG2,HSP90AA1,PIWIL4,PCDHGA9
ABCG2,VCP,NEK2,LRRC45
ABCG2,HSP90AA1,YWHAB,LRFN1
ABCG2,ATP5F1B,HDAC4,WASHC2C
ABCG2,DNAJB1,CDH1
ABCG2,HSP90AA1,TYRO3,NCR3LG1
ABCG2,RPS27A,NOTCH2,WNT5A
ABCG2,ATP5F1B,PDK1,COL4A5,SLC10A4
ABCG2,UBL4A,CANX,CNR2
ABCG2,RPS27A,RNF43,FZD8
ABCG2,ATP5F1B,PRDX3
ABCG2,UBL4A,SRC,EFNA5
ABCG2,VCP,YWHAH
ABCG2,UBL4A,MST1R,PTCH1
ABCG2,VCP,GNAO1,RGS9
ABCG2,RNF126,UBE2D3,WSB1,GRIN3B
ABCG2,ATP5F1B,RHOG,STIM1
ABCG2,ATP5F1B,MYC,ELL,IL2RG
ABCG2,ATP5F1B,PPP1CC,WDR82,ADGRD1
ABCG2,HSP90AA1,MET
ABCG2,HSP90AA1,PDGFRB
ABCG2,VCP,VAPB
ABCG2,HSP90AA1,FYN,SLC4A8
ABCG2,HSP90AA1,GSK3B
ABCG2,VCP,ITPR1,CABP2
ABCG2,ATP5F1B,ATP6V0C,ATP6V1D
ABCG2,HSP90AA1,AXL,TREML2
ABCG2,ATP5F1B,RHOG,STIM1
ABCG2,VCP,RHOF,SGPP1
ABCG2,RPS27A,H3C1,FOLH1
ABCG2,HSP90AA1,JAK2,MUC5B
ABCG2,RNF126,UBQLN2
ABCG2,HSP90AA1,HCK,FRS3
ABCG2,VCP,UBQLN1,CD47
ABCG2,ATP5F1B,CCDC8,SLIT2,CLDN6
ABCG2,ATP5F1B,CFTR,CLCA1
ABCG2,RPS27A,NOTCH2,WNT5A
ABCG2,DNAJB1,ADCK2,PCDHGC5
ABCG2,HSPA8,TRIM38,NLRP6
ABCG2,RPS27A,IMP4
ABCG2,UBL4A,RAB11A,DENND4C
ABCG2,ATP5F1B,RHOG,STIM1
ABCG2,HSP90AA1,MAPK14,F2R
ABCG2,ATP5F1B,TMPO,SLC33A1
ABCG2,ATP5F1B,RHOG,STIM1
ABCG2,HSP90AA1,BAG3,PRRG2
ABCG2,RNF126,EGFR,STIL,PAQR6
ABCG2,ATP5F1B,LRRC59,CCPG1,KNTC1
ABCG2,RPS27A,EPN3
ABCG2,HSP90AA1,CAP1
ABCG2,HSP90AA1,RIPK1,CLIP3
ABCG2,DNAJB1,RAP1B,PLPPR1
ABCG2,UBL4A,RAB11A,DENND4C
ABCG2,HSP90AA1,PASK,ADAMTS13,CELSR1
ABCG2,HSP90AA1,CDK1,FANCG
ABCG2,RNF126,EGFR,STIL,CD8A
ABCG2,HSP90AA1,NTRK1,PLXNA4
ABCG2,UBL4A,PRKCA,AKAP5
ABCG2,HSP90AA1,ASB6,DCXR
ABCG2,RPS27A,BRCA1
ABCG2,RNF126,EGFR,STIL,LRRC3
ABCG2,UBL4A,RAB11A,DENND4C
ABCG2,ATP5F1B,HUWE1,PDIA6,ADGRA2
ABCG2,VCP,CLGN,SLC22A5
ABCG2,HSP90AA1,MAPK14,F2R
ABCG2,ATP5F1B,RHOG,STIM1
ABCG2,ATP5F1B,CHMP4B,METRNL,S1PR5
ABCG2,HSP90AA1,FGFR4,SLC39A5,OMG
ABCG2,UBL4A,SRC,EFNA5
ABCG2,HSP90AA1,TGFBR2,MYADM
ABCG2,RNF126,TSG101,KRT31,IGSF8
ABCG2,ATP5F1B,HSP90AB1
ABCG2,ATP5F1B,KRAS,ACTR10,OR2AG1
ABCG2,HSPA8,CAMK2A,PDE4A
ABCG2,HSPA8,CYFIP1,NCKAP1L
ABCG2,DNAJB1,IFITM3
ABCG2,RNF126,EGFR,STIL,GABRA3
ABCG2,UBL4A,EEF1A1,ENO3
ABCG2,UBL4A,RAB11A,DENND4C
ABCG2,HSP90AA1,FLT4
ABCG2,ATP5F1B,HUWE1,PDIA6
ABCG2,ATP5F1B,RHOG,STIM1
ABCG2,UBL4A,FUS,GRIN1
ABCG2,DNAJB1,RAP1B,PLPPR1
ABCG2,DNAJB1,SH2D3C,ADK
ABCG2,VCP,PTPN11,SLAMF6
ABCG2,UBL4A,SRC,EFNA5
ABCG2,VCP,SLC3A2,SLC7A7
ABCG2,VCP,ARFGAP2
ABCG2,HSPA8,GNA13
ABCG2,ATP5F1B,HUWE1,PDIA6
ABCG2,VCP,RHOD
ABCG2,VCP,UBQLN1,CD47
ABCG2,HSP90AA1,UCHL1,ADRA2B
ABCG2,HSP90AA1,GSK3B,ACSBG1
ABCG2,HSP90AA1,RIPK1,CLIP3
ABCG2,HSP90AA1,AKT1,THEM4
ABCG2,VCP,DNAJB9,RXFP1
ABCG2,HSPA8,APBB2,TMEM30B
ABCG2,UBL4A,TUBB8,CACNG8,TYROBP,TREM1
ABCG2,HSP90AA1,SHMT2,PDPR,GLRA2
ABCG2,HSPA8,PPP1R12A
ABCG2,ATP5F1B,RHOG,STIM1
ABCG2,UBL4A,SRC,EFNA5
ABCG2,HSP90AA1,VARS1,ABTB1
ABCG2,RNF126,EGFR,STIL,NCAM2
ABCG2,VCP,TRIM33,ZNF43,UNC79
ABCG2,ATP5F1B,IMMT,DNAJC5
ABCG2,ATP5F1B,CHMP4B,METRNL,HTR1E
ABCG2,HSP90AA1,RIPK1
ABCG2,HSP90AA1,BAG3,PRRG2
ABCG2,HSP90AA1,ERBB2
ABCG2,ATP5F1B,RHOG,STIM1
ABCG2,HSP90AA1,GRB2,TBC1D3G
ABCG2,ATP5F1B,IMMT,DNAJC5
ABCG2,UBL4A,SRC,EFNA5,SLC9A3R2,OR52B2
ABCG2,HSP90AA1,SUMO2,SERPINB6
ABCG2,RNF126,UBB,TNFRSF1A
ABCG2,HSP90AA1,SNCA
ABCG2,HSP90AA1,LNX1,ROBO3
ABCG2,UBL4A,FZR1,RGS11
ABCG2,UBL4A,RAB8A,EXOC8
ABCG2,RPS27A,YBX1
ABCG2,UBL4A,SRC,EFNA5
ABCG2,UBL4A,RAB13
ABCG2,RNF126,EGFR,STIL,GCGR
ABCG2,UBL4A,EEF1A1,ENO3
ABCG2,VCP,DIRAS3
ABCG2,UBL4A,KPNB1,SPATA31D4,SLC22A1
ABCG2,HSPA8,DYNLL1
ABCG2,HSPA8,STXBP1,NRXN1,SYT13
ABCG2,ATP5F1B,PTPN5,DUSP15
ABCG2,HSP90AA1,GRB2,TBC1D3G
ABCG2,HSP90AA1,FYN,SLC4A8
ABCG2,HSP90AA1,TAB1,PCDHGB4
ABCG2,UBL4A,SRC,EFNA5
ABCG2,UBL4A,SRC,EFNA5
ABCG2,ATP5F1B,ATP5F1A
ABCG2,VCP,SNAP25,SYT3
ABCG2,UBL4A,SRC,EFNA5
ABCG2,HSP90AA1,APP,LRP2
ABCG2,UBL4A,RAB11A,DENND4C
ABCG2,HSP90AA1,LNX1,ROBO3
ABCG2,ATP5F1B,RHOG,STIM1,GRIK5
ABCG2,HSP90AA1,PPIL2
ABCG2,RNF126,EGFR,STIL,CHRNA4
ABCG2,UBL4A,SRC,EFNA5
ABCG2,HSPA8,SMC1A,GRM3
ABCG2,HSP90AA1,BAG3,PRRG2
ABCG2,RNF126,TSG101,KRT31,CNST
ABCG2,ATP5F1B,VWA8,S100A6
ABCG2,UBL4A,RAB8A,EXOC8
ABCG2,VCP,SLC3A2
ABCG2,HSP90AA1,ABL2,CD84
ABCG2,UBL4A,PRKCA,AKAP5
ABCG2,ATP5F1B,RHOG,STIM1,SIRPG
ABCG2,RNF126,EGFR,STIL,CD68
ABCG2,ATP5F1B,OBSL1,MTMR2,CHRNA1
ABCG2,UBL4A,FZR1,RGS11
ABCG2,ATP5F1B,RHOG,STIM1
ABCG2,UBL4A,RAB7A
ABCG2,ATP5F1B,MAPK3,PEA15,C1QTNF5
ABCG2,ATP5F1B,ZNF746,PRKAR1B
ABCG2,ATP5F1B,IMMT,DNAJC5
ABCG2,RPS27A,NRAS
ABCG2,HSP90AA1,GNAI2,FPR2
ABCG2,HSP90AA1,TTC4,SLC27A6
ABCG2,UBL4A,EEF1A1,ENO3
ABCG2,ATP5F1B,RHOG,STIM1
ABCG2,RPS27A,MARK3
ABCG2,RPS27A,HRAS,SIGLEC6
ABCG2,HSP90AA1,ACTN1,SORBS2
ABCG2,UBL4A,RAB11A,DENND4C
ABCG2,RNF126,EGFR,STIL,CBLB
ABCG2,HSP90AA1,ITK,CD2
ABCG2,ATP5F1B,RHOG,STIM1,ABCA6
ABCG2,RNF126,UBE2D2,TRIM47,PLPP2
ABCG2,HSP90AA1,RAB40A
ABCG2,HSP90AA1,ABL1,CDON
ABCG2,RNF126,UBB,TNFRSF1A
ABCG2,UBL4A,PRKCA,AKAP5
ABCG2,UBL4A,EEF1A1,ENO3
ABCG2,ATP5F1B,IMMT,DNAJC5
ABCG2,ATP5F1B,CYB5R1
ABCG2,HSP90AA1,PLD2,OPRM1
ABCG2,ATP5F1B,VWA8,S100A6
ABCG2,HSP90AA1,HIF3A
ABCG2,HSPA8,FN1,FGG
ABCG2,RNF126,UBQLN2,PPIC,ADAM18
ABCG2,UBL4A,RAB8B
ABCG2,HSP90AA1,WASL,FCHSD2
ABCG2,VCP,HDLBP
ABCG2,RNF126,TAX1BP1,CCNQ,RAPGEF4
ABCG2,ATP5F1B,IMMT,DNAJC5
ABCG2,RNF126,EGFR,STIL,GALR2
ABCG2,HSPA8,GOT2,GLRX,GRIK3
ABCG2,UBL4A,SRC,EFNA5
ABCG2,HSP90AA1,GRB2,TBC1D3G
ABCG2,ATP5F1B,ZNF746,PRKAR1B
ABCG2,ATP5F1B,ATP6V0C
ABCG2,HSP90AA1,GSK3B,ACSBG1
ABCG2,UBL4A,CANX,CNR2,ATP8A1
ABCG2,RNF126,MTREX,EXOSC8,OAS3
ABCG2,UBL4A,SRC,EFNA5
ABCG2,ATP5F1B,RHOG,STIM1
ABCG2,HSP90AA1,NTRK1,PLXNA4
ABCG2,ATP5F1B,KRAS,ACTR10,CYTH4
ABCG2,HSP90AA1,BMPR1A,BMP2,RGMA
ABCG2,HSP90AA1,RPS6KA3,HTR2A
ABCG2,HSP90AA1,JAK2,MUC5B
ABCG2,VCP,UBQLN1,CD47
ABCG2,ATP5F1B,SOX2,SP2,DPEP1
ABCG2,ATP5F1B,CYB5R1,NAAA,ENTPD6
ABCG2,ATP5F1B,TMPO,SLC33A1
ABCG2,DNAJB1,TMTC3,CHRND
ABCG2,ATP5F1B,ACTB,DCTN5,VPS35L
ABCG2,ATP5F1B,OBSL1,MTMR2,ADH1C
ABCG2,HSP90AA1,AGO2,SLC7A9
ABCG2,HSP90AA1,RIPK1,CLIP3
ABCG2,ATP5F1B,ATP5F1D,NOTCH2NLC,KCNS2
ABCG2,RNF126,EGFR,STIL,CACNA1E
ABCG2,UBL4A,SRC,EFNA5
ABCG2,ATP5F1B,MAPK3,PEA15,CPEB3
ABCG2,HSP90AA1,BTK,PLAU
ABCG2,UBL4A,RAB11A,DENND4C
ABCG2,VCP,TPM2,HAS3
ABCG2,ATP5F1B,MAPK3,PEA15,LSP1
ABCG2,ATP5F1B,TMPO,SLC33A1
ABCG2,UBL4A,RAB11A,DENND4C
ABCG2,RNF126,EGFR,STIL,CD226,MBLAC2
ABCG2,HSP90AA1,EPHA1,STK17B
ABCG2,RNF126,EGFR,STIL,KCNN3
ABCG2,UBL4A,RAB11A,DENND4C
ABCG2,ATP5F1B,MYC,ELL,KIR3DL2
ABCG2,RNF126,TSG101
ABCG2,HSP90AA1,JAK2,MUC5B
ABCG2,HSP90AA1,TGFBR1
ABCG2,HSPA8,TLR4
ABCG2,HSPA8,DIP2A
ABCG2,UBL4A,HTT
ABCG2,HSPA8,DNAJC1
ABCG2,RPS27A,NOTCH2,WNT5A
ABCG2,UBL4A,RPS15A,FAT4
ABCG2,UBL4A,EEF1A1,ENO3
ABCG2,RNF126,UBQLN2,PPIC,CHRNE
ABCG2,UBL4A,RAB8A,EXOC8
ABCG2,ATP5F1B,RHOG,STIM1
ABCG2,ATP5F1B,REST,NR1D2,SLC9C1
ABCG2,HSP90AA1,GNAI2,FPR2
ABCG2,HSP90AA1,CDK1,FANCG
ABCG2,ATP5F1B,PPP1CC,WDR82,TACR1
ABCG2,ATP5F1B,RHOG,STIM1
ABCG2,UBL4A,PHB2
ABCG2,RNF126,SFN,CALML5,CCNYL1
ABCG2,RNF126,EGFR,STIL,HNF4G,HAS2
ABCG2,VCP,SUMO1
ABCG2,UBL4A,TUBB8,CACNG8
ABCG2,HSP90AA1,CDK5
ABCG2,VCP,COL1A2,KCNIP4
ABCG2,UBL4A,SGTA,CTSL
ABCG2,UBL4A,PRKCA,AKAP5
ABCG2,HSP90AA1,HSP90B1,RASGRP4
ABCG2,ATP5F1B,RHOG,STIM1
ABCG2,ATP5F1B,PTPN5,DUSP15
ABCG2,RNF126,EGFR,STIL,TSHZ3
ABCG2,HSP90AA1,MAPK14,F2R
ABCG2,UBL4A,SGTA,CTSL
ABCG2,ATP5F1B,RHOG,STIM1
ABCG2,ATP5F1B,RHOG,STIM1
ABCG2,ATP5F1B,GOLT1B,RTN3,NDRG4
ABCG2,RNF126,IRS4,PIK3CB
ABCG2,VCP,AVPR2,GNAL
ABCG2,UBL4A,EEF1A1,ENO3
ABCG2,HSP90AA1,MAP3K7,IL17RD
ABCG2,HSP90AA1,NTRK1,PLXNA4
ABCG2,ATP5F1B,RHOG,STIM1
ABCG2,HSP90AA1,PRKCD,PDP2,CR1
ABCG2,RNF126,UBB
ABCG2,UBL4A,SRC,EFNA5
ABCG2,ATP5F1B,HNRNPA1,DROSHA,SLC15A2
ABCG2,RPS27A,HRAS,SIGLEC6
ABCG2,RNF126,UBQLN2,PPIC,ATP8B1
ABCG2,RNF126,UBB,TNFRSF1A
ABCG2,HSP90AA1,MATK,BACE2
ABCG2,ATP5F1B,TMPO,SLC33A1
ABCG2,RNF126,EGFR,STIL,CALCRL
ABCG2,ATP5F1B,PTPN5,DUSP15
ABCG2,RNF126,TRAF3,PYCARD,CD70
ABCG2,VCP,YWHAH,RIMS1
ABCG2,RNF126,TAX1BP1,CCNQ,RHBDL1
ABCG2,UBL4A,MST1R
ABCG2,HSP90AA1,ALK,GPC1
ABCG2,HSP90AA1,ERBB4
ABCG2,ATP5F1B,RHOG,STIM1
ABCG2,UBL4A,RAB8A,EXOC8
ABCG2,RPS27A,NOTCH2
ABCG2,ATP5F1B,PPP1CC,WDR82,BDKRB1
ABCG2,HSP90AA1,COPS5,SENP6,OR51B2
ABCG2,RNF126,EGFR,STIL,FCN1
ABCG2,ATP5F1B,IMMT,DNAJC5
ABCG2,ATP5F1B,CYB5R1,NAAA,DGAT1
ABCG2,ATP5F1B,HUWE1,PDIA6,HLA-DPA1
ABCG2,TRIM13,KCNF1,KCNH1
ABCG2,HSPA8,PARD3,JAM3
ABCG2,ATP5F1B,TMPO,SLC33A1
ABCG2,VCP,UBQLN1,CD47
ABCG2,HSP90AA1,NOD2,CASP4
ABCG2,UBL4A,SRC,EFNA5
ABCG2,ATP5F1B,TMPO,SLC33A1
ABCG2,ATP5F1B,OBSL1,MTMR2,CACNA2D1
ABCG2,RNF126,EGFR,STIL,ULBP1
ABCG2,HSP90AA1,PRKACA,HAND2,PKD1L3
ABCG2,HSP90AA1,MYH9,WNK1,OR5F1
ABCG2,HSP90AA1,ROR2,ATXN7L1,ATP23
ABCG2,RNF126,EGFR,STIL,SEMA4G
ABCG2,RPS27A,AP2M1,REPS1
ABCG2,HSP90AA1,ULK1,ATG101,RAB12
ABCG2,VCP,RAC1
ABCG2,UBL4A,PRICKLE3
ABCG2,ATP5F1B,RHOG,STIM1
ABCG2,HSP90AA1,MET,LAPTM4B
ABCG2,RPS27A,NRAS,PCDH18
ABCG2,UBL4A,RPSA
ABCG2,HSP90AA1,VARS1,ABTB1
ABCG2,VCP,CAV2
ABCG2,HSP90AA1,FYN,SLC4A8
ABCG2,UBL4A,ACTC1,NEXN
ABCG2,RPS27A,HRAS,SIGLEC6
ABCG2,RNF126,EGFR,STIL,SCTR
ABCG2,HSPA8,KCNV1
ABCG2,ATP5F1B,TMPO,SLC33A1
ABCG2,ATP5F1B,CFTR,CLCA1
ABCG2,ATP5F1B,RHOG,STIM1
ABCG2,UBL4A,PRKCA,AKAP5
ABCG2,HSP90AA1,BAG3,PRRG2
ABCG2,UBL4A,RAB11A,DENND4C
ABCG2,UBL4A,EEF1A1,ENO3
ABCG2,RNF126,UBC,TBC1D15,SLC7A10
ABCG2,ATP5F1B,PTPN5,DUSP15
ABCG2,ATP5F1B,PPP1CC,WDR82,NMUR1
ABCG2,VCP,CAV1,EDNRB
ABCG2,RPS27A,NOTCH2,WNT5A
ABCG2,ATP5F1B,CHMP4B,METRNL,ADGRF1
ABCG2,HSP90AA1,CDK14,GDE1
ABCG2,VCP,DNAJB9,RXFP1
ABCG2,HSP90AA1,VARS1,ABTB1
ABCG2,ATP5F1B,RHOG,STIM1
ABCG2,HSP90AA1,ACTN1,SORBS2
ABCG2,HSP90AA1,VARS1,ABTB1
ABCG2,HSP90AA1,SCRIB
ABCG2,HSP90AA1,GNAI2,FPR2
ABCG2,HSP90AA1,CSNK2A1,ANKS3,CATSPER1,CACNA1I
ABCG2,HSP90AA1,VCAM1,CCL22,CD200R1,CD200
ABCG2,RPS27A,HRAS,SIGLEC6
ABCG2,HSP90AA1,AGO2,SLC7A9
ABCG2,ATP5F1B,TMPO,SLC33A1
ABCG2,ATP5F1B,RHOG,STIM1
ABCG2,ATP5F1B,HSPA9,AQP12B,S100A13
ABCG2,ATP5F1B,RHOG,STIM1
ABCG2,ATP5F1B,RHOG,STIM1
ABCG2,RNF126,EGFR,STIL,SLC39A6
ABCG2,ATP5F1B,CHMP4B,METRNL,NPY4R2
ABCG2,RPS27A,RAD23B,RSC1A1
ABCG2,HSP90AA1,MAP2K5,CAMK1G
ABCG2,HSP90AA1,PRKG2,PDE9A
ABCG2,HSP90AA1,TGFBR2,MYADM
ABCG2,HSP90AA1,PTEN,ITGA6
ABCG2,HSP90AA1,GNAI2,FPR2
ABCG2,VCP,CAV1,EDNRB
ABCG2,RNF126,UBB,TNFRSF1A
ABCG2,ATP5F1B,RHOG,STIM1,TSPAN14
ABCG2,UBL4A,JAK1,CSF2RB
ABCG2,HSP90AA1,AGO2,SLC7A9
ABCG2,VCP,CD4,ADORA2A,ADORA2B
ABCG2,UBL4A,FUS,GRIN1
ABCG2,HSPA8,MAD1L1,KCNAB3
ABCG2,UBL4A,SRC,EFNA5
ABCG2,ATP5F1B,RHOG,STIM1,ORAI3
ABCG2,RNF126,UBQLN2,PPIC,SLC8A3
ABCG2,UBL4A,PRKCA,AKAP5
ABCG2,HSP90AA1,LYN,ITGA2
ABCG2,RNF126,EGFR,STIL,ITGA9
ABCG2,UBL4A,PRKCA,AKAP5
ABCG2,UBL4A,MST1R,PTCH1
ABCG2,VCP,CUL3,LRFN2
ABCG2,ATP5F1B,IMMT,DNAJC5,SLC17A8
ABCG2,UBL4A,PRKCA,AKAP5
ABCG2,HSP90AA1,KCNG1
ABCG2,UBL4A,RAB14,SCAMP4,SLC12A5
ABCG2,RNF126,EGFR,STIL,SSTR5
ABCG2,ATP5F1B,ACTB,DCTN5,PAQR8
ABCG2,VCP,TPM2,HAS3
ABCG2,ATP5F1B,KRAS,ACTR10,PIK3R5
ABCG2,RNF126,TRAF3,PYCARD,TNFSF18
ABCG2,HSP90AA1,GSK3B,ACSBG1
ABCG2,HSP90AA1,BAG3,PRRG2
ABCG2,HSPA8,KLC2,CHRNA9
ABCG2,VCP,CAV1,EDNRB
ABCG2,HSP90AA1,EPHB1
ABCG2,HSP90AA1,KCND3,KCNIP1
ABCG2,RNF126,EGFR,STIL,ABCA12
ABCG2,HSP90AA1,PTEN,ITGA6
ABCG2,ATP5F1B,CHMP4B,METRNL,NPY1R
ABCG2,UBL4A,PRKCA,AKAP5
ABCG2,ATP5F1B,PPP1CC,WDR82,FRMD7
ABCG2,HSP90AA1,NTRK1,PLXNA4
ABCG2,ATP5F1B,RHOG,STIM1
ABCG2,ATP5F1B,REST,NR1D2,NPPA,NPR3
ABCG2,HSP90AA1,CDK1,FANCG
ABCG2,RNF126,TRAF6,BCL10,PTGER4
ABCG2,RNF126,TAX1BP1,CCNQ,ZDHHC22
ABCG2,ATP5F1B,CHMP4B,METRNL,S1PR3
ABCG2,HSPA8,SLC12A2
ABCG2,ATP5F1B,RHOG,STIM1
ABCG2,ATP5F1B,RHOG,STIM1
ABCG2,RNF126,UBE2N,MYL12B,DTNBP1
ABCG2,UBL4A,RAB8A,EXOC8
ABCG2,HSP90AA1,AR
ABCG2,VCP,CACNA1C
ABCG2,HSPA8,PARD3,JAM3
ABCG2,RPS27A,NRAS,PCDH18
ABCG2,ATP5F1B,ATP6V1B2
ABCG2,ATP5F1B,HSPA5,LOC102723407,OR14J1
ABCG2,HSP90AA1,CDK1,FANCG
ABCG2,VCP,RAB5C
ABCG2,RNF126,UBB,TNFRSF1A,NRXN2
ABCG2,ATP5F1B,HUWE1,PDIA6
ABCG2,UBL4A,SRC,EFNA5
ABCG2,HSPA8,REL,SLC6A12
ABCG2,RNF126,EGFR,STIL,SKAP1
ABCG2,HSP90AA1,EPHA4
ABCG2,RNF126,AP2A2
ABCG2,HSP90AA1,LIMK2,SLC31A1
ABCG2,ATP5F1B,ZNF746,PRKAR1B
ABCG2,VCP,RHOB,RTKN2
ABCG2,HSP90AA1,HCK,FRS3
ABCG2,VCP,RHOB
ABCG2,RPS27A,GGA1,LRP10
ABCG2,HSP90AA1,VCAM1,CCL22,CD200R1
ABCG2,RNF126,UBQLN2,PPIC,SLC16A6
ABCG2,ATP5F1B,STAU1
ABCG2,UBL4A,CANX,CNR2,ATP8B4
ABCG2,RPS27A,NRAS,PCDH18
ABCG2,HSP90AA1,TGFBR2,MYADM
ABCG2,RNF126,UBQLN2,PPIC,RTN4RL1
ABCG2,UBL4A,EEF1A1,ENO3
ABCG2,HSP90AA1,CDK1,FANCG
ABCG2,UBL4A,SRC,EFNA5,LYNX1
ABCG2,ATP5F1B,RHOG,STIM1
ABCG2,HSPA8,TLR9
ABCG2,HSP90AA1,RHOBTB1,PSG8
ABCG2,HSP90AA1,GNAI2,FPR2
ABCG2,VCP,ARF4
ABCG2,RNF126,UBE2N,MYL12B,C2CD5
ABCG2,DNAJB1,EEF1A2,SLC13A5
ABCG2,HSPA8,REL,SLC6A12
ABCG2,ATP5F1B,VWA8,S100A6
ABCG2,UBL4A,CANX,CNR2
ABCG2,ATP5F1B,PTPN5
ABCG2,HSP90AA1,GNAI2,FPR2
ABCG2,UBL4A,RAB11A,DENND4C
ABCG2,RNF126,EGFR,STIL,CD300LF
ABCG2,HSP90AA1,APP,LRP2
ABCG2,ATP5F1B,TMPO,SLC33A1
ABCG2,UBL4A,UBA52
ABCG2,RPS27A,HRAS,SIGLEC6
ABCG2,ATP5F1B,RHOG,STIM1
ABCG2,HSP90AA1,CDK1,FANCG
ABCG2,HSPA8,REL,SLC6A12
ABCG2,ATP5F1B,KRAS,ACTR10,BTNL8
ABCG2,ATP5F1B,RHOG,STIM1
ABCG2,UBL4A,PRKCA,AKAP5
ABCG2,ATP5F1B,HDAC4,WASHC2C
ABCG2,UBL4A,RAB8A,EXOC8
ABCG2,HSP90AA1,KCNG1,SLC30A2
ABCG2,ATP5F1B,VWA8,S100A6
ABCG2,HSPA8,PXN,PLEKHH2
ABCG2,HSP90AA1,AKT1,THEM4
ABCG2,UBL4A,MAP3K3,PPP2R5A
ABCG2,ATP5F1B,MAPK3,PEA15,NTN4
ABCG2,ATP5F1B,RHOG,STIM1
ABCG2,ATP5F1B,RHOG,STIM1
ABCG2,ATP5F1B,RHOG,STIM1
ABCG2,RPS27A,NOTCH2,WNT5A
ABCG2,ATP5F1B,HDAC4,WASHC2C
ABCG2,HSPA8,COP1,PNPLA2
ABCG2,HSPA8,REL,SLC6A12
ABCG2,VCP,RAC3,DOCK10,TMPRSS12
ABCG2,UBL4A,JAK1,CSF2RB
ABCG2,ATP5F1B,HDAC4,WASHC2C
ABCG2,HSP90AA1,TYK2,CD6
ABCG2,HSP90AA1,APP,LRP2
ABCG2,HSPA8,PACSIN3,ADAM9
ABCG2,RNF126,EGFR,STIL,FCER1G,CD300C
ABCG2,HSP90AA1,PRKG2,PDE9A
ABCG2,HSP90AA1,HK2,NUBP1
ABCG2,UBL4A,SRC,EFNA5
ABCG2,UBL4A,RAB11A,DENND4C
ABCG2,UBL4A,SGTA,CTSL
ABCG2,HSPA8,FN1
ABCG2,VCP,ITPR3
ABCG2,ATP5F1B,RHOG,STIM1
ABCG2,RPS27A,NOTCH2,WNT5A
ABCG2,HSP90AA1,BTF3,LILRB4
ABCG2,HSP90AA1,YWHAB,LRFN1
ABCG2,HSP90AA1,HSP90B1,RASGRP4,GABRG3
ABCG2,VCP,UBQLN1,CD47
ABCG2,ATP5F1B,HUWE1,PDIA6
ABCG2,ATP5F1B,RHOG,STIM1,CXCL12,CCR10
ABCG2,RPS27A,NOTCH2,WNT5A
ABCG2,ATP5F1B,ATP6V0C,ATP6V1D
ABCG2,HSPA8,CAMK2A,PDE4A
ABCG2,UBL4A,TUBB8,CACNG8
ABCG2,HSP90AA1,YES1,SLC16A14
ABCG2,UBL4A,SRC,EFNA5
ABCG2,ATP5F1B,TPP1,APOE
ABCG2,HSP90AA1,AXL,TREML2
ABCG2,UBL4A,SGTA,CTSL
ABCG2,HSP90AA1,TTC1,GNA15
ABCG2,HSPA8,TMPRSS5
ABCG2,RNF126,EGFR,STIL,TNFSF13B
ABCG2,HSP90AA1,MAP3K7,IL17RD
ABCG2,HSP90AA1,UCHL1,ADRA2B
ABCG2,VCP,CAV1,EDNRB,SLC1A4
ABCG2,VCP,UBQLN1,CD47
ABCG2,HSP90AA1,GNA12,GNB3
ABCG2,ATP5F1B,RHOG,STIM1
ABCG2,ATP5F1B,RHOG,STIM1
ABCG2,UBL4A,RACK1,KCNAB1
ABCG2,RNF126,TRAF6,BCL10,GRIK1
ABCG2,HSP90AA1,ACVR1B
ABCG2,UBL4A,AMFR,OR4N2
ABCG2,HSP90AA1,PTEN,ITGA6
ABCG2,VCP,CIP2A,FZD10
ABCG2,RNF126,TAX1BP1,CCNQ,GPR152
ABCG2,HSP90AA1,GRB2,TBC1D3G
ABCG2,HSPA8,CEP250,ENTHD1
ABCG2,HSP90AA1,SKP1,BOC
ABCG2,VCP,VAMP2,PRKD3
ABCG2,HSP90AA1,BAG3,PRRG2
ABCG2,RPS27A,NOTCH2,WNT5A
ABCG2,RNF126,TSG101,KRT31,GJC1
ABCG2,ATP5F1B,PTPN5,DUSP15,NLGN4X
ABCG2,HSP90AA1,ABL2,CD84
ABCG2,UBL4A,SGTA,CTSL
ABCG2,RNF126,EGFR,STIL,CLCN3
ABCG2,RNF126,EGFR,STIL,PRPH2,ROM1
ABCG2,HSP90AA1,MAPK14,F2R
ABCG2,ATP5F1B,HUWE1,PDIA6
ABCG2,HSP90AA1,RIPK2
ABCG2,UBL4A,RAB11A,DENND4C
ABCG2,ATP5F1B,HUWE1,PDIA6
ABCG2,UBL4A,CANX,CNR2
ABCG2,HSP90AA1,RIPK1,CLIP3
ABCG2,HSP90AA1,WDR76,NID2
ABCG2,UBL4A,SGTA,CTSL
ABCG2,RNF126,EGFR,STIL,BTNL9
ABCG2,ATP5F1B,CHMP4B,METRNL,CX3CR1
ABCG2,RNF126,IRS4,PIK3CB
ABCG2,UBL4A,PRKCA,AKAP5
ABCG2,HSP90AA1,NTRK1,PLXNA4
ABCG2,RNF126,IRS4,PIK3CB
ABCG2,HSP90AA1,FYN,SLC4A8
ABCG2,RNF126,UBC,TBC1D15,TMBIM6
ABCG2,HSP90AA1,PKN3,PTGER3
ABCG2,RNF126,IRS4,PIK3CB
ABCG2,UBL4A,MAP3K3,PPP2R5A
ABCG2,HSP90AA1,ERBB3,SORL1,AGTRAP
ABCG2,RPS27A,RNF43,FZD8
ABCG2,UBL4A,TUBB8,CACNG8
ABCG2,HSP90AA1,RIPK1,CLIP3
ABCG2,DNAJB1,GTF3C2,RASGEF1A
ABCG2,RNF126,UBQLN2,PPIC,TMEM179B
ABCG2,ATP5F1B,HDAC4,WASHC2C
ABCG2,HSP90AA1,ERN1,PCDHGB5
ABCG2,UBL4A,RAB11A,DENND4C
ABCG2,RPS27A,AP2M1,REPS1
ABCG2,HSP90AA1,AKT1,THEM4
ABCG2,UBL4A,CANX,CNR2
ABCG2,UBL4A,RAB8A,EXOC8
ABCG2,ATP5F1B,KRAS,ACTR10,SPINT1
ABCG2,HSP90AA1,LYN
ABCG2,ATP5F1B,IMMT,DNAJC5
ABCG2,VCP,TRIM33,ZNF43,NALF1
ABCG2,HSP90AA1,AKT1,THEM4
ABCG2,ATP5F1B,CYB5R1,NAAA,SPPL2B
ABCG2,HSP90AA1,BAG3,PRRG2
ABCG2,HSP90AA1,EPHA1,STK17B
ABCG2,RNF126,UBB,TNFRSF1A
ABCG2,RNF126,EGFR,STIL,REM2
ABCG2,HSP90AA1,AKT1,THEM4
ABCG2,VCP,RAC3
ABCG2,HSP90AA1,GNAI2
ABCG2,RPS27A,H3C1,FOLH1
ABCG2,VCP,MAPK1
ABCG2,ATP5F1B,RHOG,STIM1,UNC5D
ABCG2,RNF126,UBQLN2,PPIC,CALN1
ABCG2,RPS27A,HRAS,SIGLEC6
ABCG2,DNAJB1,GTF3C2,RASGEF1A
ABCG2,HSP90AA1,ZBTB17,TMPRSS11A
ABCG2,HSPA8,SH2D3A,GSDMA
ABCG2,RPS27A,NRAS,PCDH18
ABCG2,UBL4A,RAB8A,EXOC8
ABCG2,UBL4A,EEF1A1,ENO3
ABCG2,RPS27A,NOTCH2,WNT5A
ABCG2,UBL4A,PRKCA,AKAP5
ABCG2,UBL4A,SRC,EFNA5
ABCG2,HSP90AA1,GRB2,TBC1D3G
ABCG2,UBL4A,EEF1A1,ENO3
ABCG2,VCP,LRRC15
ABCG2,UBL4A,SGTA,CTSL
ABCG2,ATP5F1B,RHOG
ABCG2,HSPA8,CHD1L
ABCG2,RNF126,TAX1BP1,CCNQ,RAPGEF5
ABCG2,VCP,CYP2C9
ABCG2,HSP90AA1,TARDBP,MPND,GGT7
ABCG2,UBL4A,PRKCA,AKAP5
ABCG2,ATP5F1B,RHOG,STIM1,OR6C70
ABCG2,ATP5F1B,MAPK3,PEA15,SLC39A12
ABCG2,VCP,DNAJB9,RXFP1
ABCG2,UBL4A,TUBB8,CACNG8,TYROBP
ABCG2,UBL4A,RAB11A,DENND4C
ABCG2,VCP,SNAP25,SYT3
ABCG2,RNF126,EGFR,STIL,SLC20A1
ABCG2,HSP90AA1,MAPK14,F2R
ABCG2,HSP90AA1,GRB2,TBC1D3G
ABCG2,VCP,AKR1B1,GLO1
ABCG2,ATP5F1B,ACTB,DCTN5,CDH19
ABCG2,RPS27A,SLC36A1
ABCG2,HSP90AA1,LNX1,ROBO3
ABCG2,ATP5F1B,IMMT,DNAJC5
ABCG2,ATP5F1B,TPT1,NOTCH3
ABCG2,UBL4A,SRC,EFNA5
ABCG2,UBL4A,SRC,EFNA5
ABCG2,UBL4A,PAEP,PCDHGA4
ABCG2,ATP5F1B,RHOG,STIM1
ABCG2,ATP5F1B,TPP1,APOE,RAB28
ABCG2,ATP5F1B,FBXW8,GORASP1,IL22RA1
ABCG2,RNF126,EGFR,STIL,SCN2B
ABCG2,RNF126,EGFR,STIL,CXCR3
ABCG2,UBL4A,PRKCA,AKAP5
ABCG2,RNF126,ABCB6,CEACAM21,CELSR2
ABCG2,HSP90AA1,FYN,SLC4A8
ABCG2,UBL4A,EEF1A1,ENO3
ABCG2,VCP,EZR,MPP3
ABCG2,HSP90AA1,MAPK14,F2R
ABCG2,RPS27A,DNAJC5B,IFITM1
ABCG2,HSP90AA1,GRB2,TBC1D3G
ABCG2,HSP90AA1,SUMO2,SERPINB6
ABCG2,UBL4A,PRKCA,AKAP5,GRM4
ABCG2,RPS27A,AP2M1,REPS1
ABCG2,ATP5F1B,HDAC4,WASHC2C
ABCG2,ATP5F1B,TMPO,SLC33A1
ABCG2,ATP5F1B,ATP6V0C,ATP6V1D
ABCG2,RPS27A,USP30,KLRC4,CLPTM1
ABCG2,UBL4A,TUBB8,CACNG8
ABCG2,UBL4A,RAB11A,DENND4C
ABCG2,HSP90AA1,TYK2,CD6
ABCG2,HSP90AA1,KCNS3
ABCG2,UBL4A,RAB11A,DENND4C
ABCG2,VCP,UBQLN1,CD47
ABCG2,HSP90AA1,EPHA3,EFNA3
ABCG2,UBL4A,RAB11A,DENND4C
ABCG2,UBL4A,SRC,EFNA5
ABCG2,RNF126,EGFR,STIL,PCDHB5
ABCG2,ATP5F1B,ESR1,HOXC10,RNF34
ABCG2,UBL4A,SRC,EFNA5
ABCG2,UBL4A,PRKCA,AKAP5
ABCG2,RNF126,UBB,TNFRSF1A
ABCG2,UBL4A,SGTA,CTSL
ABCG2,VCP,RARA
ABCG2,VCP,CUL3,LRFN2
ABCG2,ATP5F1B,RHOG,STIM1
ABCG2,UBL4A,AMFR,OR4N2
ABCG2,HSP90AA1,MAPK14,F2R
ABCG2,UBL4A,RACK1,KCNAB1
ABCG2,HSP90AA1,KCNA6
ABCG2,HSP90AA1,PRKCI
ABCG2,ATP5F1B,HUWE1,PDIA6,KCNJ6
ABCG2,RPS27A,GGA1,LRP10
ABCG2,HSP90AA1,ABL1,CDON
ABCG2,ATP5F1B,MAPK3,PEA15,TSPAN5
ABCG2,HSP90AA1,SKP1,BOC
ABCG2,HSP90AA1,LNX1,ROBO3
ABCG2,HSP90AA1,WDR76,NID2
ABCG2,HSPA8,EPS15
ABCG2,ATP5F1B,RHOG,STIM1
ABCG2,UBL4A,RAB8A,EXOC8
ABCG2,RNF126,UBQLN2,PPIC,TLR10
ABCG2,ATP5F1B,MAPK3
ABCG2,RPS27A,HRAS,SIGLEC6
ABCG2,ATP5F1B,BLK,ZBTB32,KITLG
ABCG2,RPS27A,UIMC1,ATP8A2
ABCG2,DNAJB1,TMTC3,CHRND
ABCG2,ATP5F1B,RHOG,STIM1,SERPINB10
ABCG2,HSP90AA1,SUMO2,SERPINB6
ABCG2,RPS27A,KLRG2,PCDHA12
ABCG2,ATP5F1B,ACTB,DCTN5,PIP4P1
ABCG2,HSPA8,NCF1
ABCG2,RNF126,UBE2D3,WSB1,TFR2
ABCG2,RNF126,UBQLN2,PPIC,GNG11
ABCG2,HSPA8,POLE
ABCG2,RNF126,IRS4,PIK3CB
ABCG2,ATP5F1B,RHOG,STIM1,NLGN1
ABCG2,RPS27A,UIMC1,ATP8A2
ABCG2,ATP5F1B,YWHAQ,KLC3,DGLUCY,GPR45
ABCG2,RNF126,EGFR,STIL,GIPR
ABCG2,HSP90AA1,GABARAP
ABCG2,VCP,GNAO1,RGS9
ABCG2,ATP5F1B,TPT1,NOTCH3
ABCG2,RNF126,UBB,TNFRSF1A
ABCG2,HSP90AA1,SUGT1,LRRC8B
ABCG2,UBL4A,SRC,EFNA5
ABCG2,HSP90AA1,GRB2,TBC1D3G
ABCG2,HSP90AA1,MAP3K7
ABCG2,ATP5F1B,COX5A,SLC38A2
ABCG2,UBL4A,FBXO7,ZMYM5,LANCL2
ABCG2,RNF126,TRAF3,PYCARD,IL17RE
ABCG2,HSPA8,ATP13A2,KLRC3
ABCG2,HSP90AA1,GSK3B,ACSBG1
ABCG2,VCP,CUL3,LRFN2
ABCG2,HSP90AA1,BAG3,PRRG2
ABCG2,HSP90AA1,WDR76,NID2
ABCG2,UBL4A,RACK1,KCNAB1
ABCG2,UBL4A,PRKCA,AKAP5,IPCEF1
ABCG2,RPS27A,KLK3,PLXNA3
ABCG2,ATP5F1B,CFTR,CLCA1
ABCG2,ATP5F1B,RHOG,STIM1
ABCG2,HSP90AA1,MAPT,USH2A,C4B
ABCG2,RNF126,IRS4,PIK3CB
ABCG2,UBL4A,JAK1,CSF2RB
ABCG2,UBL4A,RAB11A,DENND4C
ABCG2,UBL4A,EEF1A1,ENO3
ABCG2,HSP90AA1,EPHA1
ABCG2,UBL4A,SRC,EFNA5
ABCG2,HSP90AA1,HSP90B1,RASGRP4
ABCG2,VCP,DDOST,TUSC3
ABCG2,HSP90AA1,NTRK1,PLXNA4
ABCG2,HSP90AA1,HCK
ABCG2,HSP90AA1,GNAI2,FPR2
ABCG2,HSP90AA1,SKP1,BOC
ABCG2,ATP5F1B,HUWE1,PDIA6
ABCG2,HSP90AA1,JAK2,MUC5B
ABCG2,HSP90AA1,KDR
ABCG2,UBL4A,STXBP3,STX2
ABCG2,ATP5F1B,RHOG,STIM1
ABCG2,HSP90AA1,HSFY1,SV2B
ABCG2,HSP90AA1,GNAI2,FPR2
ABCG2,ATP5F1B,TMPO,SLC33A1
ABCG2,HSPA8,WWOX,CEACAM6
ABCG2,ATP5F1B,SLC22A12
ABCG2,UBL4A,SRC,EFNA5,SLC9A3R2
ABCG2,RNF126,EGFR
ABCG2,HSP90AA1,MINK1,AVPR1B
ABCG2,VCP,NEK2,LRRC45
ABCG2,HSP90AA1,BAG3,PRRG2
ABCG2,ATP5F1B,RPS3A,HMGB2,OPRPN,SLC5A4
ABCG2,RPS27A,EPN1,DLL1
ABCG2,ATP5F1B,RHOG,STIM1
ABCG2,UBL4A,TUBB8,CACNG8
ABCG2,ATP5F1B,ZNF746,PRKAR1B
ABCG2,HSP90AA1,MAP2K5,CAMK1G
ABCG2,VCP,RHOF,SGPP1
ABCG2,RPS27A,HRAS,SIGLEC6
ABCG2,UBL4A,SGTA,CTSL
ABCG2,ATP5F1B,RHOG,STIM1
ABCG2,VCP,PLEC
ABCG2,DNAJB1,ANKRD28,AGPAT2
ABCG2,ATP5F1B,KRAS,ACTR10,DUOX2,DUOXA2
ABCG2,HSP90AA1,GUCY2D
ABCG2,RNF126,UBE2D2,TRIM47,SCARA5
ABCG2,RNF126,UBE2D2,TRIM47,SLC2A3
ABCG2,HSP90AA1,WASL
ABCG2,UBL4A,JAK1,CSF2RB
ABCG2,VCP,CUL3,LRFN2
ABCG2,ATP5F1B,VWA8,S100A6
ABCG2,VCP,DDOST
ABCG2,VCP,PTPN11,SLAMF6
ABCG2,HSP90AA1,FYN,SLC4A8
ABCG2,HSP90AA1,MAP3K7,IL17RD
ABCG2,ATP5F1B,RHOG,STIM1
ABCG2,RNF126,UBB,TNFRSF1A
ABCG2,HSP90AA1,DNAJB6,AQP8
ABCG2,UBL4A,PRKCA
ABCG2,RPS27A,HRAS,SIGLEC6
ABCG2,HSP90AA1,APP,LRP2
ABCG2,UBL4A,SRC,EFNA5,ZDHHC20
ABCG2,RPS27A,HRAS,SIGLEC6
ABCG2,UBL4A,CANX,CNR2
ABCG2,UBL4A,SRC,EFNA5
ABCG2,HSP90AA1,ERBB3,SORL1
ABCG2,UBL4A,SLC25A6,TIMM9,SLC5A6
ABCG2,ATP5F1B,REST,NR1D2,FCRL5
ABCG2,HSP90AA1,EPHA1,STK17B
ABCG2,HSP90AA1,HCK,FRS3
ABCG2,ATP5F1B,CHMP4B,METRNL,HTR1F
ABCG2,UBL4A,PRKCA,AKAP5
ABCG2,DNAJB1,SLC12A3
ABCG2,HSP90AA1,PSMD10
ABCG2,UBL4A,TRAF4
ABCG2,ATP5F1B,REST,NR1D2,CLDN18
ABCG2,HSP90AA1,JAK2,MUC5B
ABCG2,UBL4A,TUBA1A
ABCG2,HSPA8,SH2D3A,GSDMA
ABCG2,ATP5F1B,HUWE1,PDIA6
ABCG2,ATP5F1B,IMMT,DNAJC5,SLC32A1
ABCG2,VCP,DNAJB9,RXFP1
ABCG2,UBL4A,HSPA2
ABCG2,RNF126,EGFR,STIL,CERCAM
ABCG2,UBL4A,FZR1,RGS11
ABCG2,UBL4A,SRC,EFNA5
ABCG2,HSPA8,DNAJC9
ABCG2,VCP,PSMD6,UBAC1
ABCG2,HSP90AA1,PTEN,ITGA6
ABCG2,HSP90AA1,FYN,SLC4A8
ABCG2,ATP5F1B,SLC35F1,COMT,SLC35A4,SLC13A4
ABCG2,UBL4A,SRC,EFNA5
ABCG2,HSP90AA1,CDK1,FANCG
ABCG2,HSP90AA1,GSK3B,ACSBG1
ABCG2,UBL4A,MAP3K3,PPP2R5A
ABCG2,ATP5F1B,PTPN5,DUSP15,KCNA1
ABCG2,HSP90AA1,SUMO2,SERPINB6
ABCG2,ATP5F1B,RHOG,STIM1,CHRNB2
ABCG2,HSPA8,IPO7,RP2
ABCG2,HSP90AA1,MARCKS
ABCG2,RPS27A,AP2M1,REPS1
ABCG2,RNF126,ABCB6,CEACAM21,PXK
ABCG2,UBL4A,SRC,EFNA5
ABCG2,UBL4A,SNRPD2,CRLF3
ABCG2,UBL4A,PRKCA,AKAP5
ABCG2,UBL4A,PRKCA,AKAP5
ABCG2,UBL4A,SRC,EFNA5
ABCG2,UBL4A,SGTA,CTSL
ABCG2,VCP,CD4,ADORA2A
ABCG2,VCP,YWHAH,RIMS1
ABCG2,HSP90AA1,AREL1,PCDHGC4
ABCG2,RPS27A,NRAS,PCDH18
ABCG2,VCP,GNAO1
ABCG2,RNF126,UBC,TBC1D15,PLEKHF2,GPBP1
ABCG2,HSP90AA1,ALK,GPC1
ABCG2,RPS27A,NOTCH2,WNT5A
ABCG2,ATP5F1B,RHOG,STIM1
ABCG2,RNF126,UBE2N,MYL12B,DLL4
ABCG2,ATP5F1B,PTPN5,DUSP15
ABCG2,ATP5F1B,PPP1CC,WDR82,ADGRG5
ABCG2,UBL4A,SRC,EFNA5
ABCG2,VCP,CUL3,LRFN2
ABCG2,VCP,SNAP25
ABCG2,ATP5F1B,HUWE1,PDIA6,ADGRA3
ABCG2,RNF126,EGFR,STIL,STOML1
ABCG2,RNF126,EGFR,STIL,ITGA8
ABCG2,UBL4A,SRC,EFNA5,SLC2A5
ABCG2,HSP90AA1,GNA12,GNB3
ABCG2,ATP5F1B,HUWE1,PDIA6
ABCG2,UBL4A,PRKCA,AKAP5
ABCG2,ATP5F1B,RHOG,STIM1
ABCG2,HSP90AA1,PRNP
ABCG2,HSP90AA1,WWP1
ABCG2,ATP5F1B,HUWE1,PDIA6
ABCG2,HSP90AA1,YES1,SLC16A14
ABCG2,UBL4A,PRKCA,AKAP5
ABCG2,RPS27A,TAB2
ABCG2,RNF126,EGFR,STIL,RXFP3
ABCG2,HSP90AA1,MAPK14,F2R
ABCG2,HSP90AA1,IKBKE,CD209
ABCG2,ATP5F1B,GOLT1B,RTN3
ABCG2,RNF126,CDKN1A,IKZF3,AGRP,MC3R
ABCG2,UBL4A,PRKCA,AKAP5
ABCG2,ATP5F1B,HDAC4,WASHC2C
ABCG2,UBL4A,CANX,CNR2
ABCG2,UBL4A,SRC,EFNA5
ABCG2,HSP90AA1,RHOBTB1,PSG8
ABCG2,ATP5F1B,TMPO,SLC33A1
ABCG2,HSP90AA1,BAG3,PRRG2
ABCG2,HSP90AA1,ERBB3
ABCG2,RPS27A,SHANK1
ABCG2,RNF126,EGFR,STIL,CCKAR
ABCG2,HSP90AA1,AKT1,THEM4
ABCG2,HSP90AA1,MYH9
ABCG2,RPS27A,NOTCH2,WNT5A
ABCG2,ATP5F1B,HSPA9,AQP12B,CAPNS2
ABCG2,ATP5F1B,RHOG,STIM1
ABCG2,ATP5F1B,MDH2,HARS2,DLGAP3
ABCG2,ATP5F1B,RHOG,STIM1
ABCG2,VCP,GNAO1,RGS9
ABCG2,HSP90AA1,GRB2,TBC1D3G
ABCG2,VCP,MAP1LC3B,CLEC7A
ABCG2,ATP5F1B,HUWE1,PDIA6,CHRNB1
ABCG2,ATP5F1B,FMNL1
ABCG2,HSP90AA1,GSK3B,ACSBG1
ABCG2,HSPA8,RCCD1
ABCG2,RPS27A,RAD23B,RSC1A1
ABCG2,HSP90AA1,PRKCE
ABCG2,RNF126,EGFR,STIL,WNT6
ABCG2,HSPA8,REL,SLC6A12
ABCG2,UBL4A,FZR1,RGS11
ABCG2,RNF126,UBB,TNFRSF1A
ABCG2,HSP90AA1,MAP3K7,IL17RD
ABCG2,HSPA8,CAMK2A,PDE4A
ABCG2,ATP5F1B,KRAS,ACTR10,CNGA3
ABCG2,HSP90AA1,GSK3B,ACSBG1
ABCG2,ATP5F1B,VWA8,S100A6
ABCG2,VCP,MGST3,AQP10
ABCG2,RPS27A,HRAS,SIGLEC6
ABCG2,VCP,KEAP1,NEIL2,RPE65
ABCG2,RPS27A,SERBP1,RPL36A-HNRNPH2
ABCG2,UBL4A,CANX,CNR2
ABCG2,ATP5F1B,RHOG,STIM1
ABCG2,HSP90AA1,COPS6,BFSP2
ABCG2,HSP90AA1,KCNA5,CD320
ABCG2,HSPA8,CLTB
ABCG2,RNF126,EGFR,STIL,LRRC8C
ABCG2,ATP5F1B,RHOG,STIM1,IL27RA
ABCG2,HSP90AA1,GSK3B,ACSBG1
ABCG2,HSPA8,HLTF
ABCG2,ATP5F1B,RHOG,STIM1
ABCG2,VCP,PPP1CA
ABCG2,HSP90AA1,GRB2,TBC1D3G
ABCG2,UBL4A,STX4,SEC22A,CACNB4
ABCG2,RNF126,UBB,TNFRSF1A
ABCG2,HSP90AA1,AXL,TREML2
ABCG2,HSP90AA1,GNAI2,FPR2
ABCG2,HSP90AA1,MAP3K7,IL17RD,PCDH15
ABCG2,HSP90AA1,AKT1,THEM4
ABCG2,RPS27A,RNF43
ABCG2,HSP90AA1,MAP3K7,IL17RD
ABCG2,RPS27A,TGM2
ABCG2,UBL4A,RACK1,KCNAB1,SLC44A1
ABCG2,ATP5F1B,RHOG,STIM1
ABCG2,RPS27A,ANTXR2
ABCG2,UBL4A,STX4,SEC22A,MS4A14
ABCG2,ATP5F1B,ATP5IF1,GUCY2C
ABCG2,RNF126,CDKN1A,IKZF3,ATP7B
ABCG2,ATP5F1B,ATP6V0C,ATP6V1D
ABCG2,ATP5F1B,RHOG,STIM1
ABCG2,RNF126,UBC
ABCG2,DNAJB1,GOLGA4
ABCG2,ATP5F1B,CFTR,CLCA1
ABCG2,RPS27A,H3C1,FOLH1
ABCG2,HSP90AA1,VARS1,ABTB1
ABCG2,RNF126,ABCB6,CEACAM21,SLC39A3
ABCG2,HSP90AA1,GNA12,GNB3
ABCG2,VCP,TBC1D10B
ABCG2,DNAJB1,ANKRD28,AGPAT2
ABCG2,HSP90AA1,LNX1,ROBO3
ABCG2,DNAJB1,ANK2,CHL1,CNTN6
ABCG2,VCP,CUL3
ABCG2,HSP90AA1,SKP1,BOC
ABCG2,HSP90AA1,AGO2,SLC7A9
ABCG2,VCP,DNAJB9,RXFP1
ABCG2,HSP90AA1,UCHL1,ADRA2B
ABCG2,TRIM13,NEDD4L,SLC22A11
ABCG2,RNF126,UBQLN2,PPIC,ATP1B4
ABCG2,UBL4A,PRKCA,AKAP5
ABCG2,UBL4A,FUS,GRIN1
ABCG2,RNF126,IRS4,PIK3CB
ABCG2,HSP90AA1,CSNK2A1,ANKS3,CATSPER1
ABCG2,ATP5F1B,ATP6V0C,ATP6V1D,XKR3
ABCG2,HSP90AA1,WASL,FCHSD2
ABCG2,DNAJB1,CDH1,ITGAE
ABCG2,UBL4A,SRC,EFNA5
ABCG2,UBL4A,PRMT5,COPRS
ABCG2,HSP90AA1,LNX1,ROBO3
ABCG2,HSP90AA1,GSK3B,ACSBG1
ABCG2,RPS27A,HRAS,SIGLEC6
ABCG2,RPS27A,NBEAL2,SELP
ABCG2,HSP90AA1,SKP1,BOC
ABCG2,RNF126,EGFR,STIL,ORMDL3
ABCG2,UBL4A,SRC,EFNA5
ABCG2,HSP90AA1,CDK1,FANCG
ABCG2,ATP5F1B,TMPO,SLC33A1
ABCG2,HSP90AA1,ERBB3,SORL1
ABCG2,UBL4A,SRC,EFNA5
ABCG2,RNF126,UBC,TBC1D15,SLC9A2
ABCG2,HSP90AA1,GRB2,TBC1D3G
ABCG2,ATP5F1B,HDAC4,WASHC2C
ABCG2,HSPA8,DNAJB4
ABCG2,RNF126,MTREX,EXOSC8,GPC5
ABCG2,RNF126,EGFR,STIL,TLN2
ABCG2,HSP90AA1,CDK1,FANCG
ABCG2,HSP90AA1,PTEN,ITGA6
ABCG2,VCP,PTPN11,SLAMF6
ABCG2,HSPA8,WWOX,CEACAM6
ABCG2,HSPA8,COLEC12
ABCG2,UBL4A,TUBB8,CACNG8
ABCG2,RPS27A,CDK5R1
ABCG2,RNF126,UBB,TNFRSF1A
ABCG2,HSP90AA1,GNA12
ABCG2,UBL4A,SRC,EFNA5,PDE6C
ABCG2,RNF126,UBB,TNFRSF1A
ABCG2,UBL4A,SRC,EFNA5,GLRA3
ABCG2,RNF126,UBQLN2,PPIC,SLC17A5
ABCG2,HSPA8,ATXN10
ABCG2,ATP5F1B,RHOG,STIM1
ABCG2,ATP5F1B,EFTUD2,MRRF,RTN4RL2
ABCG2,RNF126,UBB,TNFRSF1A
ABCG2,ATP5F1B,HSPA5,LOC102723407,SLC38A6
ABCG2,HSP90AA1,SKP1,BOC
ABCG2,VCP,RAE1,KLRK1,HCST
ABCG2,UBL4A,CANX,CNR2
ABCG2,UBL4A,TUBB8,CACNG8
ABCG2,HSP90AA1,KCNQ4
ABCG2,HSP90AA1,CDK14
ABCG2,UBL4A,SRC,EFNA5
ABCG2,ATP5F1B,CFTR,CLCA1
ABCG2,HSP90AA1,ERN1,PCDHGB5
ABCG2,RPS27A,CPNE4
ABCG2,HSPA8,TOLLIP,IL1RL2
ABCG2,HSP90AA1,GSK3B,ACSBG1
ABCG2,ATP5F1B,UQCRC2,PPM1E,SLC22A2
ABCG2,RNF126,UBE2D2,TRIM47,SEMA4A
ABCG2,ATP5F1B,MAPK3,PEA15,ADM,RAMP2
ABCG2,HSP90AA1,BCKDK,SMPD2
ABCG2,RNF126,EGFR,STIL,BORCS5
ABCG2,ATP5F1B,PPP1CC,WDR82,CCKBR
ABCG2,HSP90AA1,APP,LRP2
ABCG2,ATP5F1B,CYB5R1,NAAA,PIEZO1
ABCG2,RPS27A,MALT1,CARD14
ABCG2,UBL4A,AMFR,OR4N2
ABCG2,VCP,NFKBIA
ABCG2,HSP90AA1,AKT1,THEM4
ABCG2,HSP90AA1,PRKCQ
ABCG2,UBL4A,TUBB8,CACNG8
ABCG2,HSP90AA1,RHOBTB1,PSG8
ABCG2,HSP90AA1,ABL1,CDON
ABCG2,UBL4A,RAB11A,DENND4C
ABCG2,HSP90AA1,AKT1,THEM4
ABCG2,VCP,UBQLN1,CD47
ABCG2,HSP90AA1,GRB2,TBC1D3G
ABCG2,UBL4A,SRC,EFNA5
ABCG2,RNF126,TRAF3,PYCARD,TNFSF4
ABCG2,ATP5F1B,TMPO,SLC33A1
ABCG2,ATP5F1B,ATP6V0C,ATP6V1D
ABCG2,VCP,RANBP2,OPN1LW
ABCG2,UBL4A,JAK1,CSF2RB
ABCG2,DNAJB1,RAP1B
ABCG2,UBL4A,PRKCA,AKAP5
ABCG2,RPS27A,NOTCH2,WNT5A
ABCG2,UBL4A,MST1R,PTCH1
ABCG2,RNF126,EGFR,STIL,PCDHAC1
ABCG2,RNF126,EGFR,STIL,DYSF
ABCG2,RPS27A,RLIM,LDB2
ABCG2,RNF126,UBB,TNFRSF1A
ABCG2,RNF126,EGFR,STIL,KCNJ2
ABCG2,HSPA8,CSNK1E,DRICH1,ADCYAP1,ADCYAP1R1
ABCG2,HSP90AA1,GRB2,TBC1D3G
ABCG2,HSP90AA1,TYK2
ABCG2,UBL4A,PRDX4,TLN1
ABCG2,ATP5F1B,RHOG,STIM1
ABCG2,ATP5F1B,HSPA5,LOC102723407,TMEM219
ABCG2,UBL4A,RAB13,BTN3A3
ABCG2,RNF126,EGFR,STIL,CD8A,CD8B
ABCG2,ATP5F1B,NR3C1,MSX2,C5AR2
ABCG2,VCP,SMURF1
ABCG2,HSP90AA1,YES1
ABCG2,HSP90AA1,SKP1,BOC
ABCG2,RNF126,EGFR,STIL,KCNC3
ABCG2,VCP,KRT1,TLCD4,APCDD1
ABCG2,ATP5F1B,TPP1,APOE
ABCG2,VCP,CUL3,LRFN2
ABCG2,RNF126,EGFR,STIL,ASIC3
ABCG2,UBL4A,FUS,GRIN1
ABCG2,UBL4A,AMFR,OR4N2
ABCG2,RNF126,EGFR,STIL,PCDHGA6
ABCG2,ATP5F1B,ATP5PO
ABCG2,ATP5F1B,RHOG,STIM1
ABCG2,HSP90AA1,ABL1,CDON
ABCG2,VCP,RHOC
ABCG2,HSP90AA1,ERBB3,SORL1
ABCG2,UBL4A,RAB11A,DENND4C
ABCG2,HSP90AA1,AKT2,FAT3
ABCG2,HSP90AA1,HCK,FRS3
ABCG2,RNF126,EGFR,STIL,P2RY1
ABCG2,HSP90AA1,VCAM1
ABCG2,DNAJB1,RAP1B,PLPPR1
ABCG2,VCP,NF1
ABCG2,ATP5F1B,RHOG,STIM1
ABCG2,UBL4A,CTTN
ABCG2,ATP5F1B,TRAP1,LTA4H,KCNK1
ABCG2,HSP90AA1,PRKCE,SERPINB9,SYT9
ABCG2,UBL4A,EEF1A1
ABCG2,ATP5F1B,LGALS9,CD44
ABCG2,ATP5F1B,TMPO,SLC33A1
ABCG2,RPS27A,MAVS,TLR1
ABCG2,UBL4A,CANX,CNR2
ABCG2,HSP90AA1,ERBB3,SORL1
ABCG2,HSP90AA1,AGO2,SLC7A9
ABCG2,RPS27A,RALBP1
ABCG2,RNF126,EGFR,STIL,SCHIP1
ABCG2,HSP90AA1,CSNK2A1,ANKS3,CATSPER1,CACNA1I,CATSPER2
ABCG2,ATP5F1B,SOX2,SP2,SLC34A2
ABCG2,SCAMP1,RHOJ
ABCG2,VCP,DNM3
ABCG2,ATP5F1B,RHOG,STIM1
ABCG2,HSP90AA1,LNX1,ROBO3
ABCG2,UBL4A,RPS21,CLCA2
ABCG2,HSP90AA1,GSK3B,ACSBG1
ABCG2,VCP,SPTAN1,ATP8B3
ABCG2,HSP90AA1,MAP2K1
ABCG2,HSPA8,PARD3,JAM3
ABCG2,VCP,LRIG1
ABCG2,UBL4A,SRC,EFNA5
ABCG2,ATP5F1B,TMPO,SLC33A1
ABCG2,RPS27A,MYO6
ABCG2,RNF126,BAG6,UBQLN4,CNTNAP1
ABCG2,ATP5F1B,KRAS,ACTR10,OR3A1
ABCG2,HSP90AA1,AXL,TREML2
ABCG2,HSP90AA1,FYN,SLC4A8
ABCG2,ATP5F1B,RHOG,STIM1
ABCG2,UBL4A,EEF1A1,ENO3
ABCG2,RNF126,UBE2D2,TRIM47,ABHD17B
ABCG2,HSP90AA1,RIPK1,CLIP3,ATRN
ABCG2,UBL4A,SGTA,CTSL
ABCG2,RNF126,UBE2D3
ABCG2,HSP90AA1,TYRO3,NCR3LG1
ABCG2,ATP5F1B,HSPA5,LOC102723407,PCDHGA10
ABCG2,RPS27A,AP2M1
ABCG2,RNF126,TRAF6,BCL10,NTSR1
ABCG2,UBL4A,TUBB8,CACNG8
ABCG2,RNF126,TRAF6,BCL10,HCRTR1
ABCG2,UBL4A,SGTA,CTSL
ABCG2,UBL4A,EEF1A1,ENO3
ABCG2,RPS27A,EPN2
ABCG2,ATP5F1B,ZC3H18,SRSF12,KCNK7
ABCG2,ATP5F1B,TMPO,SLC33A1
ABCG2,HSP90AA1,MAPK14,F2R
ABCG2,ATP5F1B,KRAS,ACTR10,SLC17A2
ABCG2,UBL4A,RACK1,KCNAB1
ABCG2,ATP5F1B,TRAP1,LTA4H,CPNE1
ABCG2,HSP90AA1,ERBB3,SORL1
ABCG2,HSP90AA1,AKT2,FAT3
ABCG2,VCP,DDX3X
ABCG2,UBL4A,SGTA,CTSL
ABCG2,HSPA8,REL,SLC6A12
ABCG2,HSP90AA1,GRB2,TBC1D3G
ABCG2,HSPA8,HDAC3
ABCG2,ATP5F1B,TMPO,SLC33A1
ABCG2,HSP90AA1,APP,LRP2
ABCG2,ATP5F1B,HUWE1,PDIA6,ADGRA1
ABCG2,RNF126,IRS4,PIK3CB
ABCG2,HSP90AA1,SNCA,MT2A,CNTN5
ABCG2,UBL4A,JAK1,CSF2RB
ABCG2,UBL4A,STX4
ABCG2,HSP90AA1,TBK1,WHRN
ABCG2,HSP90AA1,GRB2,TBC1D3G
ABCG2,HSP90AA1,BAG3,PRRG2
ABCG2,UBL4A,PRKCA,AKAP5
ABCG2,RNF126,EGFR,STIL,PON2
ABCG2,UBL4A,SRC,EFNA5
ABCG2,HSP90AA1,APP,LRP2
ABCG2,RNF126,UBC,TBC1D15,SLC9A4
ABCG2,UBL4A,ACTC1,NEXN
ABCG2,RPS27A,HRAS,SIGLEC6
ABCG2,UBL4A,RAB11A,DENND4C
ABCG2,ATP5F1B,ATP6V0C,ATP6V1D
ABCG2,HSP90AA1,UCHL1,ADRA2B
ABCG2,VCP,CUL3,LRFN2
ABCG2,RNF126,EGFR,STIL,SNX30
ABCG2,UBL4A,SRC,EFNA5
ABCG2,VCP,BCAR3,PCDHB16,SLC39A11
ABCG2,UBL4A,TUBB8,CACNG8
ABCG2,HSP90AA1,BTK,PLAU
ABCG2,ATP5F1B,TPP1,APOE
ABCG2,RNF126,UBE2D2,TRIM47,NPC1
ABCG2,HSP90AA1,SKP1,BOC
ABCG2,ATP5F1B,NR2C2,NRIP1,SYNGR1
ABCG2,ATP5F1B,RHOG,STIM1
ABCG2,ATP5F1B,RHOG,STIM1
ABCG2,ATP5F1B,ATP6V0C,ATP6V1D
ABCG2,UBL4A,SRC,EFNA5
ABCG2,ATP5F1B,ATP6V0C,ATP6V1D
ABCG2,ATP5F1B,HUWE1,PDIA6
ABCG2,RNF126,TRAF6,BCL10,ADGRG1
ABCG2,VCP,PTPN11,SLAMF6
ABCG2,RNF126,UBB,TNFRSF1A
ABCG2,ATP5F1B,TPP1,APOE
ABCG2,RPS27A,HRAS,SIGLEC6,SLC6A20
ABCG2,ATP5F1B,RHOG,STIM1
ABCG2,ATP5F1B,ATP5F1D,NOTCH2NLC,SLC43A2
ABCG2,ATP5F1B,TPT1,NOTCH3,SLC39A1
ABCG2,HSP90AA1,ROR2
ABCG2,UBL4A,FZR1,RGS11
ABCG2,HSPA8,RANBP9
ABCG2,RPS27A,NOTCH2,WNT5A
ABCG2,VCP,CUL3,LRFN2
ABCG2,ATP5F1B,HUWE1,PDIA6
ABCG2,HSP90AA1,GNAI2,FPR2
ABCG2,UBL4A,PRKCA,AKAP5
ABCG2,HSP90AA1,JAK3,IL7R
ABCG2,VCP,SPTAN1,ATP8B3
ABCG2,ATP5F1B,CYB5R1,NAAA,C8A
ABCG2,RNF126,EGFR,STIL,SLC19A2
ABCG2,HSP90AA1,TGFBR2,MYADM
ABCG2,HSP90AA1,MINK1,AVPR1B
ABCG2,UBL4A,RAB11A,DENND4C
ABCG2,HSP90AA1,TGFBR2,MYADM
ABCG2,ATP5F1B,ZC3H18,SRSF12,MARCO
ABCG2,HSP90AA1,AXL,TREML2
ABCG2,RNF126,EGFR,STIL,HCRTR2
ABCG2,UBL4A,AMFR,OR4N2
ABCG2,HSP90AA1,ABL1,CDON
ABCG2,ATP5F1B,SLC35F1,COMT
ABCG2,HSPA8,HCFC2
ABCG2,HSP90AA1,RPS6KA3,HTR2A
ABCG2,HSP90AA1,IGF1R,ADAMTS4,CDH24
ABCG2,HSP90AA1,BTF3,LILRB4
ABCG2,ATP5F1B,TPT1,NOTCH3,ADAM32
ABCG2,ATP5F1B,MDH2,HARS2,WARS2
ABCG2,UBL4A,SGTA,CTSL
ABCG2,ATP5F1B,HDAC4,WASHC2C
ABCG2,ATP5F1B,IRAK1,CPVL,TNFSF9
ABCG2,ATP5F1B,ATP6V0C,ATP6V1D
ABCG2,UBL4A,EEF1A1,ENO3
ABCG2,HSP90AA1,PRKACB
ABCG2,ATP5F1B,NR3C1,MSX2,CNGB1
ABCG2,ATP5F1B,PRKN,PAAF1,ADRB3
ABCG2,VCP,PFN1,CDH4
ABCG2,ATP5F1B,RHOG,STIM1
ABCG2,ATP5F1B,RHOG,STIM1
ABCG2,HSP90AA1,HCK,FRS3
ABCG2,HSP90AA1,GRB2,TBC1D3G
ABCG2,HSP90AA1,BMX
ABCG2,HSP90AA1,SUMO2,SERPINB6
ABCG2,VCP,CUL3,LRFN2
ABCG2,HSPA8,IL16
ABCG2,RNF126,EGFR,STIL,CD1D
ABCG2,HSP90AA1,GSK3B,ACSBG1
ABCG2,HSP90AA1,GSK3B,ACSBG1
ABCG2,HSP90AA1,GNAI2,FPR2
ABCG2,RNF126,UBE2N,MYL12B,VLDLR
ABCG2,UBL4A,SRC,EFNA5
ABCG2,RPS27A,CSF3R
ABCG2,HSP90AA1,JAK3
ABCG2,RNF126,UBQLN2,PPIC,GABRQ
ABCG2,HSP90AA1,AKT1,THEM4
ABCG2,UBL4A,RAB8A,EXOC8
ABCG2,UBL4A,EEF1A1,ENO3
ABCG2,HSP90AA1,TAB1,PCDHGB4
ABCG2,ATP5F1B,RHOG,STIM1
ABCG2,UBL4A,RAB11A,DENND4C,PTCH2
ABCG2,HSP90AA1,ERBB3,SORL1
ABCG2,UBL4A,WDR20,IL17RB
ABCG2,RNF126,UBC,TBC1D15,PSENEN
ABCG2,ATP5F1B,RHOG,STIM1
ABCG2,HSP90AA1,JAK2,MUC5B
ABCG2,UBL4A,RAB11A,DENND4C
ABCG2,HSP90AA1,SNCA,MT2A,GPM6B
ABCG2,ATP5F1B,HSPA5,LOC102723407,SLC27A1
ABCG2,RPS27A,HRAS
ABCG2,HSP90AA1,TYRO3,NCR3LG1
ABCG2,HSP90AA1,PKN3,PTGER3
ABCG2,UBL4A,NXF1,RGPD5,CHRNG
ABCG2,HSP90AA1,GSK3B,ACSBG1
ABCG2,ATP5F1B,RHOG,STIM1
ABCG2,RNF126,EGFR,STIL,GRID2
ABCG2,ATP5F1B,ZC3H18,SRSF12,MUC17
ABCG2,HSPA8,CYP2W1
ABCG2,HSP90AA1,BAG3,PRRG2
ABCG2,VCP,VAMP2,PRKD3
ABCG2,HSP90AA1,FLT4,PCDHGB1
ABCG2,DNAJB1,CDH1,ITGAE
ABCG2,VCP,UBQLN1,CD47
ABCG2,UBL4A,EEF1A1,ENO3
ABCG2,UBL4A,SRC,EFNA5
ABCG2,UBL4A,PRKCA,AKAP5
ABCG2,ATP5F1B,RHOG,STIM1
ABCG2,VCP,SDF2L1,PCSK6
ABCG2,UBL4A,RPL13A,CYP2E1,ABCA5
ABCG2,HSP90AA1,ABL1,CDON
ABCG2,UBL4A,JAK1,CSF2RB
ABCG2,HSP90AA1,HCK,FRS3
ABCG2,ATP5F1B,RHOG,STIM1
ABCG2,HSP90AA1,SUGT1,LRRC8B
ABCG2,ATP5F1B,RHOG,STIM1
ABCG2,HSP90AA1,JAK3,IL7R,TSLP,CRLF2
ABCG2,ATP5F1B,EEF2
ABCG2,VCP,CD4
ABCG2,UBL4A,JAK1,CSF2RB
ABCG2,HSP90AA1,HK2,NUBP1
ABCG2,RPS27A,RASL10B
ABCG2,VCP,SCFD1
ABCG2,RNF126,UBE2N,MYL12B,EPB41L5
ABCG2,RPS27A,NOTCH2,WNT5A
ABCG2,VCP,TDP1
ABCG2,RNF126,TSG101,KRT31,TVP23B,YIPF1
ABCG2,ATP5F1B,RHOG,STIM1
ABCG2,HSP90AA1,FGF11,SCN4A,CSPG5
ABCG2,UBL4A,RAB11A,DENND4C
ABCG2,ATP5F1B,TMPO,SLC33A1
ABCG2,RPS27A,CYLD
ABCG2,ATP5F1B,RHOG,STIM1
ABCG2,VCP,RHOF
ABCG2,HSPA8,PARD3,JAM3,JAM2
ABCG2,HSP90AA1,LYN,ITGA2
ABCG2,DNAJB1,SH2D3C,ADK
ABCG2,ATP5F1B,RHOG,STIM1
ABCG2,HSP90AA1,SKP1,BOC
ABCG2,HSP90AA1,TAB1,PCDHGB4
ABCG2,ATP5F1B,RHOG,STIM1
ABCG2,HSP90AA1,RHOBTB1
ABCG2,UBL4A,FUS,GRIN1
ABCG2,VCP,COL1A2,KCNIP4
ABCG2,HSP90AA1,MAP3K7,IL17RD
ABCG2,RNF126,UBB,TNFRSF1A
ABCG2,RPS27A,HRAS,SIGLEC6,SLC6A19
ABCG2,RNF126,UBC,TBC1D15,LY9
ABCG2,UBL4A,SRC
ABCG2,ATP5F1B,ACTB,DCTN5,PRTG
ABCG2,UBL4A,PRKCA,AKAP5
ABCG2,HSPA8,CEP250,ENTHD1
ABCG2,UBL4A,RAB11A,DENND4C
ABCG2,HSP90AA1,TERT
ABCG2,RNF126,BAG6,UBQLN4,TSPAN7,LHFPL5
ABCG2,UBL4A,SRC,EFNA5
ABCG2,ATP5F1B,HUWE1,PDIA6
ABCG2,UBL4A,SRC,EFNA5
ABCG2,RPS27A,HEATR1,HLA-DQB1
ABCG2,RNF126,UBC,TBC1D15,TMC3
ABCG2,HSP90AA1,GSK3B,ACSBG1
ABCG2,HSPA8,WWOX,CEACAM6
ABCG2,RNF126,EGFR,STIL,LDLRAP1
ABCG2,UBL4A,EEF1A1,ENO3
ABCG2,ATP5F1B,CHMP4B,METRNL,HTR5A
ABCG2,ATP5F1B,ZNF746,PRKAR1B
ABCG2,HSP90AA1,PTEN,ITGA6
ABCG2,UBL4A,TUBA1B,DCX,BTN1A1
ABCG2,ATP5F1B,RHOG,STIM1,ADGRB1
ABCG2,HSPA8,KCND2
ABCG2,UBL4A,EEF1A1,ENO3
ABCG2,RPS27A,NOTCH2,WNT5A
ABCG2,HSP90AA1,DMPK
ABCG2,VCP,MAP1LC3B,CLEC7A
ABCG2,UBL4A,PRDX4,TLN1
ABCG2,HSP90AA1,APP,LRP2
ABCG2,UBL4A,PGRMC1
ABCG2,UBL4A,SHARPIN,ITGA2B
ABCG2,UBL4A,PRKCA,AKAP5
ABCG2,HSPA8,FN1,FGG
ABCG2,ATP5F1B,MAPK3,PEA15,HLA-DOA
ABCG2,TRIM13,NEDD4L,SLC22A11
ABCG2,UBL4A,SRC,EFNA5
ABCG2,UBL4A,SRC,EFNA5
ABCG2,RPS27A,SLC38A1,SLC10A1
ABCG2,UBL4A,SRC,EFNA5
ABCG2,UBL4A,CANX,CNR2
ABCG2,ATP5F1B,FBXO25,TBX5,CLEC5A
ABCG2,RNF126,SFN,CALML5,SLC46A1
ABCG2,ATP5F1B,CHMP4B,METRNL,GHSR
ABCG2,ATP5F1B,DIRAS2,SIRPD
ABCG2,ATP5F1B,MAPK3,PEA15,WNT3
ABCG2,UBL4A,SRC,EFNA5
ABCG2,ATP5F1B,RHOG,STIM1,ADRA1A
ABCG2,VCP,RAE1,KLRK1,RAET1L
ABCG2,HSP90AA1,ACTN1,SORBS2
ABCG2,VCP,UBQLN1,CD47
ABCG2,UBL4A,ACTC1,NEXN
ABCG2,HSPA8,CYFIP1,NCKAP1L
ABCG2,ATP5F1B,DIRAS2
ABCG2,HSP90AA1,GSK3B,ACSBG1
ABCG2,ATP5F1B,LRRK2,ZC3H15,CNNM1
ABCG2,HSP90AA1,SKP1,BOC
ABCG2,HSP90AA1,TGFBR2,MYADM
ABCG2,RNF126,EGFR,STIL,EPS8L1
ABCG2,RNF126,CDKN1A,IKZF3,AGRP,MC3R
ABCG2,DNAJB1,SH2D3C,ADK
ABCG2,UBL4A,PRKCA,AKAP5
ABCG2,HSP90AA1,SUMO2,SERPINB6
ABCG2,HSPA8,LRFN4
ABCG2,HSP90AA1,MAP3K7,IL17RD
ABCG2,HSP90AA1,CSK
ABCG2,UBL4A,SRC,EFNA5
ABCG2,UBL4A,HTT,NLK,JPH2
ABCG2,UBL4A,RACK1,KCNAB1
ABCG2,UBL4A,FUS,GRIN1
ABCG2,HSP90AA1,BMPR1A
ABCG2,RNF126,UBQLN2,PPIC,DNER
ABCG2,HSP90AA1,GNAI2,FPR2
ABCG2,HSP90AA1,SKP1,BOC
ABCG2,HSP90AA1,HSP90B1,RASGRP4
ABCG2,HSP90AA1,SLC2A4,EHD2
ABCG2,RNF126,IRS4,PIK3CB
ABCG2,HSP90AA1,SKP1,BOC
ABCG2,UBL4A,SRC,EFNA5
ABCG2,HSP90AA1,GNAI2,FPR2
ABCG2,UBL4A,MAP3K3,PPP2R5A
ABCG2,ATP5F1B,CFTR,CLCA1
ABCG2,HSP90AA1,GSK3B,ACSBG1
ABCG2,UBL4A,RAB10
ABCG2,HSP90AA1,HSPE1,FABP5
ABCG2,DNAJB1,ANK2
ABCG2,HSP90AA1,AGO2,SLC7A9
ABCG2,UBL4A,CANX,CNR2
ABCG2,HSP90AA1,MAPT
ABCG2,HSP90AA1,ITK,CD2
ABCG2,HSP90AA1,FYN
ABCG2,HSPA8,CSNK1D
ABCG2,HSP90AA1,ZAP70,CD3G
ABCG2,RNF126,IRS4,PIK3CB
ABCG2,RNF126,EGFR,STIL,OXTR
ABCG2,VCP,RAC2
ABCG2,RNF126,EGFR,STIL,CACNG7
ABCG2,RPS27A,TGM5
ABCG2,HSP90AA1,AXL,TREML2
ABCG2,RPS27A,SLC11A2
ABCG2,RNF126,BAG6,UBQLN4,TSPAN7
ABCG2,HSPA8,TLR9,MYD88
ABCG2,VCP,VIL1
ABCG2,HSPA8,DNAJC13
ABCG2,ATP5F1B,PPP1CC,WDR82,SLC4A4
ABCG2,RNF126,UBQLN2,PPIC,AOC1
ABCG2,UBL4A,RAB10,MAPK8IP1
ABCG2,UBL4A,RACK1,KCNAB1
ABCG2,ATP5F1B,RHOG,STIM1
ABCG2,VCP,PLS3
ABCG2,ATP5F1B,RHOG,STIM1
ABCG2,UBL4A,PAEP,PCDHGA4
ABCG2,ATP5F1B,HDAC4,WASHC2C
ABCG2,HSP90AA1,MAPK14,F2R
ABCG2,HSP90AA1,SUGT1,LRRC8B
ABCG2,UBL4A,DDX20,PSKH1
ABCG2,HSP90AA1,GNAI2,FPR2
ABCG2,UBL4A,RAB10,MAPK8IP1
ABCG2,HSP90AA1,AKT2,FAT3
ABCG2,HSP90AA1,PKN3,PTGER3
ABCG2,HSP90AA1,FYN,SLC4A8
ABCG2,RNF126,EGFR,STIL,TRHR
ABCG2,UBL4A,CANX,CNR2
ABCG2,UBL4A,FZR1,RGS11
ABCG2,RNF126,UBQLN2,PPIC,ABCB4
ABCG2,RNF126,TRAF6,BCL10,FZD3
ABCG2,HSP90AA1,LNX1,ROBO3
ABCG2,VCP,ATP1A1
ABCG2,UBL4A,SRC,EFNA5
ABCG2,ATP5F1B,ATP6V0C,ATP6V1D
ABCG2,HSP90AA1,ERBB3,SORL1
ABCG2,ATP5F1B,TPP1,APOE
ABCG2,ATP5F1B,VWA8,S100A6,EFR3B
ABCG2,ATP5F1B,KRAS,ACTR10,SLC2A9
ABCG2,RNF126,UBB,TNFRSF1A
ABCG2,HSP90AA1,BAG3,PRRG2
ABCG2,HSP90AA1,IGF1R,ADAMTS4,ADAM21
ABCG2,HSP90AA1,MDM2
ABCG2,HSP90AA1,WASL,FCHSD2
ABCG2,HSP90AA1,BTF3
ABCG2,RPS27A,NRAS,PCDH18
ABCG2,RNF126,EGFR,STIL,LILRB3
ABCG2,ATP5F1B,TOMM22,C1orf198,FXYD6
ABCG2,HSP90AA1,CDK1,FANCG
ABCG2,VCP,MGST3,AQP10
ABCG2,HSP90AA1,GSK3B,ACSBG1
ABCG2,ATP5F1B,RHOG,STIM1
ABCG2,HSP90AA1,AKT1,THEM4
ABCG2,RPS27A,CASP8,GSDMD
ABCG2,UBL4A,SLC25A4
ABCG2,RNF126,EGFR,STIL,C1orf210
ABCG2,ATP5F1B,TMPO,SLC33A1
ABCG2,ATP5F1B,RHOG,STIM1
ABCG2,RNF126,TAX1BP1,CCNQ,C4BPA
ABCG2,ATP5F1B,NR3C1,MSX2,UGT8
ABCG2,RPS27A,NOS1
ABCG2,ATP5F1B,RHOG,STIM1,ABCA6,ABCA8
ABCG2,UBL4A,SRC,EFNA5
ABCG2,HSP90AA1,MAPK14,F2R,MUC2
ABCG2,VCP,CD4,ADORA2A
ABCG2,VCP,UBQLN1,CD47
ABCG2,RNF126,EGFR,STIL,SLC17A7
ABCG2,UBL4A,DDX20,PSKH1
ABCG2,RNF126,TRAF6
ABCG2,VCP,BCAR3,PCDHB16
ABCG2,HSP90AA1,TTC1,GNA15
ABCG2,DNAJB1,TMTC3,CHRND
ABCG2,VCP,BSG
ABCG2,RNF126,EGFR,STIL,DRP2
ABCG2,ATP5F1B,RHOG,STIM1
ABCG2,ATP5F1B,ABCA2
ABCG2,HSP90AA1,GRB2,TBC1D3G
ABCG2,UBL4A,CORO1C,PHKB
ABCG2,VCP,CAV1,EDNRB
ABCG2,HSP90AA1,BAG3,PRRG2
ABCG2,ATP5F1B,LARP7,SEPTIN9,ARL4A
ABCG2,HSP90AA1,JAK2,MUC5B
ABCG2,ATP5F1B,CFTR,CLCA1
ABCG2,HSPA8,FN1,FGG
ABCG2,RPS27A,HRAS,SIGLEC6
ABCG2,RNF126,SFN,CALML5,CHRNA3
ABCG2,HSPA8,SIRT2
ABCG2,ATP5F1B,HSPA9,AQP12B,GCA
ABCG2,HSP90AA1,APP,LRP2
ABCG2,HSP90AA1,ACTN1
ABCG2,ATP5F1B,HUWE1,PDIA6
ABCG2,HSP90AA1,TGFBR2,MYADM
ABCG2,HSP90AA1,GRB2,TBC1D3G
ABCG2,HSP90AA1,SKP1,BOC
ABCG2,ATP5F1B,H4C6,CBX8,CDAN1
ABCG2,VCP,KARS1
ABCG2,HSP90AA1,BAG3,PRRG2
ABCG2,RNF126,TRAF6,BCL10,GPR3
ABCG2,UBL4A,EEF1A1,ENO3
ABCG2,DNAJB1,TMTC3,CHRND
ABCG2,UBL4A,AMFR,OR4N2
ABCG2,ATP5F1B,CFTR,CLCA1
ABCG2,UBL4A,CANX,CNR2
ABCG2,UBL4A,SRC,EFNA5
ABCG2,HSP90AA1,EIF3F,HTRA1
ABCG2,RPS27A,STAMBP
ABCG2,ATP5F1B,TMPO,SLC33A1
ABCG2,UBL4A,KPNB1,SPATA31D4,CD1E
ABCG2,UBL4A,STXBP3
ABCG2,HSP90AA1,SLC2A4,EHD2
ABCG2,ATP5F1B,RHOG,STIM1
ABCG2,HSPA8,OSBPL7
ABCG2,ATP5F1B,KRAS,ACTR10,STS
ABCG2,VCP,NIBAN2
ABCG2,ATP5F1B,RHOG,STIM1
ABCG2,RNF126,UBB,TNFRSF1A
ABCG2,UBL4A,PRKCA,AKAP5
ABCG2,UBL4A,FZR1,RGS11
ABCG2,UBL4A,SRC,EFNA5
ABCG2,HSP90AA1,TGFBR2,MYADM
ABCG2,HSP90AA1,AKT1,THEM4
ABCG2,VCP,ABCC3
ABCG2,ATP5F1B,ZC3H18,SRSF12,NAIF1
ABCG2,ATP5F1B,ESR1,HOXC10,CRHR2
ABCG2,ATP5F1B,CFTR,CLCA1
ABCG2,ATP5F1B,PPP1CC,WDR82,MC2R
ABCG2,HSP90AA1,PGR
ABCG2,ATP5F1B,ATP6V0C,ATP6V1D,TSPO2
ABCG2,RPS27A,FTH1,TGM1
ABCG2,ATP5F1B,RHOG,STIM1
ABCG2,ATP5F1B,RHOG,STIM1
ABCG2,UBL4A,SRC,EFNA5
ABCG2,HSPA8,AGPAT3
ABCG2,ATP5F1B,RHOG,STIM1
ABCG2,HSP90AA1,GSK3B,ACSBG1
ABCG2,UBL4A,SRC,EFNA5
ABCG2,HSP90AA1,BTF3,LILRB4
ABCG2,ATP5F1B,ATP6V0C,ATP6V1D
ABCG2,HSP90AA1,CDK1,FANCG
ABCG2,ATP5F1B,HUWE1,PDIA6
ABCG2,ATP5F1B,MDH2,HARS2,AMACR
ABCG2,HSP90AA1,SUMO2,SERPINB6
ABCG2,UBL4A,TUBB8,CACNG8
ABCG2,HSP90AA1,JAK2,MUC5B
ABCG2,HSP90AA1,TBK1,WHRN
ABCG2,RPS27A,CCDC124
ABCG2,ATP5F1B,RHOG,STIM1
ABCG2,ATP5F1B,RHOG,STIM1
ABCG2,ATP5F1B,TMPO,SLC33A1
ABCG2,UBL4A,ACTC1,NEXN
ABCG2,UBL4A,SRC,EFNA5
ABCG2,ATP5F1B,KRAS,ACTR10,PLA2G4C
ABCG2,HSP90AA1,SKP1,BOC
ABCG2,RNF126,EGFR,STIL,EPS8L3
ABCG2,HSP90AA1,LNX1,ROBO3
ABCG2,HSP90AA1,LNX1,ROBO3
ABCG2,HSP90AA1,MET,LAPTM4B
ABCG2,ATP5F1B,HSPA5,LOC102723407,SLC3A1
ABCG2,RPS27A,COPE,SLC35A1
ABCG2,HSP90AA1,TGFBR2
ABCG2,VCP,DNAJB9,RXFP1,LRP12,NMRK2
ABCG2,VCP,PTPN11,SLAMF6,FPGT,NLN
ABCG2,UBL4A,RAB11A,DENND4C
ABCG2,UBL4A,RAB8A,EXOC8
ABCG2,VCP,SLC3A2,SLC7A7
ABCG2,ATP5F1B,ZC3H18,SRSF12,NAA38,NAA35
ABCG2,ATP5F1B,RHOG,STIM1
ABCG2,HSPA8,VPS4B
ABCG2,HSPA8,PXN
ABCG2,RNF126,EGFR,STIL,MS4A2
ABCG2,ATP5F1B,HDAC4,WASHC2C
ABCG2,HSP90AA1,GSK3B,ACSBG1
ABCG2,UBL4A,SRC,EFNA5
ABCG2,ATP5F1B,CYB5R1,NAAA,ENTPD2
ABCG2,VCP,CAV1,EDNRB
ABCG2,HSP90AA1,MAPK14,F2R
ABCG2,ATP5F1B,KRAS,ACTR10,DUOX2
ABCG2,ATP5F1B,TMPO,SLC33A1
ABCG2,RNF126,EGFR,STIL,SLC26A3
ABCG2,ATP5F1B,RHOG,STIM1
ABCG2,ATP5F1B,HSPA5,LOC102723407,SLC39A8
ABCG2,ATP5F1B,TMPO,SLC33A1
ABCG2,HSP90AA1,TP53,ZNF763,FCMR
ABCG2,ATP5F1B,CYB5R1,NAAA,HTR3E
ABCG2,UBL4A,CANX,CNR2
ABCG2,ATP5F1B,RHOG,STIM1
ABCG2,ATP5F1B,ATP6V0C,ATP6V1D
ABCG2,RNF126,UBE2N,MYL12B,SLC6A13
ABCG2,ATP5F1B,IMMT,DNAJC5
ABCG2,HSP90AA1,MTOR,CFP,NCR1
ABCG2,UBL4A,PRKCA,AKAP5
ABCG2,UBL4A,CANX,CNR2
ABCG2,HSPA8,OPA1,MIGA1
ABCG2,ATP5F1B,CCDC8
ABCG2,UBL4A,SRC,EFNA5
ABCG2,HSP90AA1,TCP1,CAPN12,CD40LG
ABCG2,UBL4A,TUBB8,CACNG8,TYROBP,TREM1
ABCG2,ATP5F1B,RBM39,LMNB1,ZGPAT
ABCG2,ATP5F1B,RHOG,STIM1
ABCG2,ATP5F1B,HUWE1,PDIA6
ABCG2,RNF126,EGFR,STIL,GPR52
ABCG2,HSP90AA1,AKT2,FAT3
ABCG2,UBL4A,RPL19,FMNL3
ABCG2,UBL4A,RAB8A,EXOC8
ABCG2,ATP5F1B,MAPK3,PEA15,CAPRIN2
ABCG2,HSP90AA1,CDK1,FANCG
ABCG2,VCP,CAV1
ABCG2,ATP5F1B,PPP1CC,WDR82,CCR6
ABCG2,UBL4A,SRC,EFNA5
ABCG2,UBL4A,SGTA,CTSL
ABCG2,ATP5F1B,JUN,EIF2B5,TNFRSF11B
ABCG2,UBL4A,PRKCA,AKAP5
ABCG2,HSP90AA1,AKT1,THEM4
ABCG2,ATP5F1B,PPP1CC,WDR82,KIRREL3
ABCG2,VCP,PDIA3,TKFC,MANBA
ABCG2,UBL4A,SRC,EFNA5
ABCG2,RPS27A,IMP3
ABCG2,DNAJB1,SH2D3C,ADK
ABCG2,HSP90AA1,NTRK1,PLXNA4
ABCG2,ATP5F1B,KRAS,ACTR10,HFE
ABCG2,HSP90AA1,KCND3,KCNIP1
ABCG2,ATP5F1B,HUWE1,PDIA6
ABCG2,RNF126,UBQLN2,PPIC,MARCKSL1
ABCG2,HSP90AA1,EPHB6
ABCG2,HSP90AA1,GRB2,TBC1D3G
ABCG2,RPS27A,INPP5K
ABCG2,UBL4A,SRC,EFNA5
ABCG2,ATP5F1B,ATF2,NFYA,IL6R
ABCG2,RPS27A,MAVS,TLR1
ABCG2,RNF126,EGFR,STIL,SLC16A2
ABCG2,RPS27A,OPTN,KHNYN,NTRK3
ABCG2,ATP5F1B,TMPO,SLC33A1
ABCG2,ATP5F1B,RHOG,STIM1,SPINT2
ABCG2,RNF126,UBB,TNFRSF1A
ABCG2,HSP90AA1,BAG3,PRRG2
ABCG2,HSP90AA1,NTRK1,PLXNA4
ABCG2,HSP90AA1,ENO1
ABCG2,UBL4A,TMED10
ABCG2,ATP5F1B,ACTB,DCTN5,PLGRKT
ABCG2,HSP90AA1,BTF3,LILRB4
ABCG2,RPS27A,INSR
ABCG2,UBL4A,EEF1A1,ENO3
ABCG2,HSP90AA1,RHOBTB1,PSG8
ABCG2,UBL4A,SRC,EFNA5
ABCG2,HSP90AA1,NOD2
ABCG2,RNF126,UBE2E3,TTC3,MMP16
ABCG2,HSP90AA1,GSK3B,ACSBG1
ABCG2,RNF126,EGFR,STIL,TUB
ABCG2,ATP5F1B,ATP6V0C,ATP6V1D
ABCG2,ATP5F1B,IMMT,DNAJC5
ABCG2,ATP5F1B,RHOG,STIM1
ABCG2,RNF126,EGFR,STIL,GPC3
ABCG2,TRIM13,NEDD4L,SLC22A11
ABCG2,ATP5F1B,MYC,ELL,CDSN
ABCG2,HSP90AA1,AKT1,THEM4
ABCG2,HSP90AA1,SUMO2,SERPINB6
ABCG2,HSPA8,PHLPP1
ABCG2,HSP90AA1,JAK2
ABCG2,ATP5F1B,LGALS9,CD44
ABCG2,UBL4A,RPS3
ABCG2,HSP90AA1,CSF1R
ABCG2,RNF126,TRAF3,PYCARD,TNFSF11
ABCG2,HSP90AA1,MAP3K7,IL17RD
ABCG2,ATP5F1B,SOX2,SP2,SLC31A2
ABCG2,HSP90AA1,MAGED2,TMEM63B
ABCG2,ATP5F1B,CFTR,CLCA1
ABCG2,RNF126,UBQLN2,PPIC,P2RY11
ABCG2,ATP5F1B,HSPA5,LOC102723407,BTBD17
ABCG2,ATP5F1B,HUWE1,PDIA6
ABCG2,ATP5F1B,MAPK3,PEA15,PLAUR
ABCG2,TRIM13,NEDD4L,SLC22A11
ABCG2,RNF126,TRAF6,BCL10,PTGER2
ABCG2,HSPA8,SH2D3A,GSDMA
ABCG2,ATP5F1B,HUWE1,PDIA6
ABCG2,UBL4A,SRC,EFNA5
ABCG2,HSP90AA1,AKT1,THEM4
ABCG2,RNF126,EGFR,STIL,CLCN3,CNGA4
ABCG2,HSPA8,COP1,PNPLA2
ABCG2,HSP90AA1,GSK3B,ACSBG1
ABCG2,ATP5F1B,RHOG,STIM1
ABCG2,UBL4A,SRC,EFNA5
ABCG2,UBL4A,RPL23,COL6A2,LRFN3
ABCG2,RPS27A,EPN1
ABCG2,HSP90AA1,ILK
ABCG2,UBL4A,CANX,CNR2
ABCG2,HSP90AA1,ACTN1,SORBS2
ABCG2,VCP,PTPN11,SLAMF6
ABCG2,HSP90AA1,KCNS3,KCNB2
ABCG2,HSP90AA1,NTRK1
ABCG2,RNF126,EGFR,STIL,LY86,CD180
ABCG2,ATP5F1B,ESR1,HOXC10,INPP5J
ABCG2,RNF126,EGFR,STIL,ASIC2
ABCG2,UBL4A,RFXANK,PLEKHH3,HAUS7
ABCG2,ATP5F1B,RHOG,STIM1
ABCG2,ATP5F1B,TMPO,SLC33A1
ABCG2,UBL4A,SRC,EFNA5
ABCG2,UBL4A,RAB8A,EXOC8
ABCG2,TRIM13,KCNF1
ABCG2,ATP5F1B,PMPCB,NDUFA7,GCG
ABCG2,HSP90AA1,BAG3,PRRG2
ABCG2,DNAJB1,TMTC3,CHRND
ABCG2,VCP,RIF1
ABCG2,HSP90AA1,ACTN1,SORBS2
ABCG2,ATP5F1B,RHOG,STIM1
ABCG2,VCP,PTPN11,SLAMF6
ABCG2,HSP90AA1,ERN1,PCDHGB5
ABCG2,RNF126,UBB,TNFRSF1A
ABCG2,ATP5F1B,RHOG,STIM1
ABCG2,HSP90AA1,MERTK
ABCG2,RNF126,TRAF6,BCL10,ACKR3
ABCG2,UBL4A,FZR1,RGS11
ABCG2,HSP90AA1,GSK3B,ACSBG1
ABCG2,HSP90AA1,PRKACA,HAND2,DUOXA1
ABCG2,VCP,UBQLN1,CD47
ABCG2,UBL4A,CANX,CNR2
ABCG2,ATP5F1B,TMPO,SLC33A1
ABCG2,RPS27A,ANKRD13A
ABCG2,UBL4A,RAB1A,RAB3B
ABCG2,VCP,ATRX,XKRX
ABCG2,VCP,UBQLN1,CD47
ABCG2,RPS27A,HRAS,SIGLEC6
ABCG2,ATP5F1B,TMPO,SLC33A1
ABCG2,VCP,RHOF,SGPP1
ABCG2,UBL4A,SGTA,CTSL
ABCG2,HSPA8,RASA1
ABCG2,ATP5F1B,TPP1,APOE,RASGRP2
ABCG2,UBL4A,CANX,CNR2
ABCG2,ATP5F1B,HNRNPA3,METTL17,TRARG1
ABCG2,HSP90AA1,SKP1,BOC
ABCG2,HSP90AA1,TNK2,MAGI3
ABCG2,ATP5F1B,CFTR,CLCA1
ABCG2,HSP90AA1,CDK1,FANCG
ABCG2,ATP5F1B,TMPO,SLC33A1
ABCG2,ATP5F1B,VWA8,S100A6
ABCG2,HSP90AA1,BCKDK,SMPD2
ABCG2,RPS27A,SLC38A1,SLC10A1
ABCG2,HSP90AA1,MAPK14,F2R
ABCG2,VCP,UBQLN1,CD47,CDHR3
ABCG2,HSP90AA1,GNAI2,FPR2
ABCG2,HSPA8,AQP2
ABCG2,ATP5F1B,KRAS,ACTR10,ERVMER34-1
ABCG2,HSP90AA1,AGO2,SLC7A9
ABCG2,RNF126,EGFR,STIL,SCN1B
ABCG2,HSP90AA1,ZAP70
ABCG2,ATP5F1B,EFTUD2,MRRF,HYAL3
ABCG2,ATP5F1B,FBXO25,TBX5,CTSF
ABCG2,RPS27A,HRAS,SIGLEC6
ABCG2,UBL4A,PRKCA,AKAP5
ABCG2,HSP90AA1,IGF1R
ABCG2,RPS27A,NEDD4
ABCG2,HSP90AA1,BAG3,PRRG2
ABCG2,DNAJB1,GTF3C2,RASGEF1A
ABCG2,RNF126,UBE2D4,TRIM8,CELSR3
ABCG2,HSP90AA1,PTEN,ITGA6
ABCG2,UBL4A,PRMT5,COPRS
ABCG2,UBL4A,S100P,S100A1,SLC12A4
ABCG2,HSP90AA1,MET,LAPTM4B
ABCG2,HSP90AA1,GSK3B,ACSBG1
ABCG2,RNF126,UBB,TNFRSF1A
ABCG2,RNF126,EGFR,STIL,LPP
ABCG2,ATP5F1B,KRAS,ACTR10,CBLIF,CUBN
ABCG2,ATP5F1B,RHOG,STIM1
ABCG2,UBL4A,PRKCA,AKAP5
ABCG2,HSP90AA1,TGFBR1,GDF11,PLB1
ABCG2,ATP5F1B,RHOG,STIM1
ABCG2,ATP5F1B,RHOG,STIM1
ABCG2,ATP5F1B,TMPO,SLC33A1
ABCG2,HSPA8,SNX1,TMEM87A
ABCG2,RPS27A,CARD11
ABCG2,UBL4A,CANX,CNR2
ABCG2,UBL4A,FUS,GRIN1
ABCG2,RPS27A,NBEAL2
ABCG2,ATP5F1B,ATP6V0C,ATP6V1D
ABCG2,VCP,CDC25A,APOLD1
ABCG2,ATP5F1B,PTPN5,DUSP15
ABCG2,HSP90AA1,TAB1,PCDHGB4
ABCG2,HSP90AA1,SUMO2,SERPINB6
ABCG2,ATP5F1B,HDAC4,WASHC2C,SLC16A5
ABCG2,HSP90AA1,PKN2
ABCG2,HSP90AA1,TYK2,CD6
ABCG2,UBL4A,PRKCA,AKAP5
ABCG2,HSP90AA1,FGF11,SCN4A
ABCG2,ATP5F1B,ATP6V0C,ATP6V1D
ABCG2,HSP90AA1,TGFBR2,MYADM
ABCG2,HSP90AA1,TYRO3
ABCG2,HSP90AA1,TYK2,CD6
ABCG2,ATP5F1B,RHOG,STIM1
ABCG2,RPS27A,DAXX,USH1G
ABCG2,UBL4A,SRC,EFNA5
ABCG2,ATP5F1B,CHMP4B,METRNL,NPY2R
ABCG2,RNF126,IRS4,PIK3CB
ABCG2,HSP90AA1,MAP3K9,CLINT1
ABCG2,RNF126,IRS4,PIK3CB,SLC1A5
ABCG2,RPS27A,PRKCB
ABCG2,ATP5F1B,CHMP4B
ABCG2,ATP5F1B,RHOG,STIM1
ABCG2,ATP5F1B,RHOG,STIM1
ABCG2,RNF126,UBE2N,MYL12B,SYT17
ABCG2,ATP5F1B,RHOG,STIM1
ABCG2,UBL4A,SNRPD2,CRLF3
ABCG2,HSP90AA1,FGR
ABCG2,ATP5F1B,CHD3,KRT84,SMPD3
ABCG2,ATP5F1B,CHMP4B,METRNL,MRGPRD
ABCG2,HSP90AA1,TGFBR2,MYADM
ABCG2,HSP90AA1,GRB2,TBC1D3G
ABCG2,ATP5F1B,ATP6V0C,ATP6V1D,PSG9
ABCG2,UBL4A,SRC,EFNA5
ABCG2,ATP5F1B,RHOG,STIM1
ABCG2,ATP5F1B,IMMT,DNAJC5
ABCG2,RPS27A,HRAS,SIGLEC6
ABCG2,HSP90AA1,BAG3,PRRG2
ABCG2,RNF126,IRS4,PIK3CB
ABCG2,HSP90AA1,IRAK3
ABCG2,RNF126,IRS4,PIK3CB
ABCG2,ATP5F1B,TPP1,APOE
ABCG2,HSP90AA1,JAK2,MUC5B
ABCG2,HSP90AA1,FYN,SLC4A8
ABCG2,VCP,CUL3,LRFN2
