ERCC4,SUMO2,VCP,DNM3
ERCC4,TACC1,RHOG,ELMO1
ERCC4,SUMO2,EZR,SLC12A2
ERCC4,MDC1,ATM,P2RY8
ERCC4,SLX4,TERF2IP,CPNE2
ERCC4,SUMO2,TMPO,VIL1
ERCC4,SUMO2,RPS27A
ERCC4,SUMO2,DNAJA1,NMRAL1,MTNR1B
ERCC4,SUMO2,HSPE1,MSRA
ERCC4,SUMO2,CCT5,PEX7,GP2
ERCC4,SUMO2,HDAC4,WASHC2C
ERCC4,MAD2L1,RHOV
ERCC4,SLX4,TERF2IP,CPNE2
ERCC4,PLK1,ARF6,PCDHGB1
ERCC4,XPA,SRC,EFNA5
ERCC4,SUMO2,KCNA5,KCNAB2
ERCC4,PLK1,HRAS,RGS12
ERCC4,SUMO2,FASN,SLC34A3
ERCC4,SUMO2,CALR,ANP32B,AMBP
ERCC4,MSH2,ZNF746,PRKAR1B
ERCC4,SUMO2,HNRNPH1,MSI2,SLC23A1
ERCC4,PLK1,ARF6,PCDHGB1
ERCC4,SUMO2,DDX39A,SIRT5,REEP2
ERCC4,SUMO2,PFN1,GOLGB1,GAS7
ERCC4,SUMO2,ACO2,GPD1L
ERCC4,SUMO2,ESR1,SLC25A6,APH1B
ERCC4,SUMO2,VCP,DNM3
ERCC4,SUMO2,SIN3A,NOTCH2
ERCC4,SUMO2,EIF4A2,SLC16A9
ERCC4,UBE2B,UBR4
ERCC4,SUMO2,P4HB,HSPA13
ERCC4,PLK1,CENPJ,LYST,MCOLN3
ERCC4,SUMO2,PRKCZ
ERCC4,CAMK2G,EGFR,EGF
ERCC4,SUMO2,HTT,SLC25A11
ERCC4,TACC1,RAC2,DIRAS1
ERCC4,SUMO2,P4HB,HSPA13,GNG3
ERCC4,SUMO2,YWHAG,OGT
ERCC4,PLK1,IKBKB,NLRX1
ERCC4,SUMO2,HSPE1,MSRA
ERCC4,MSH2,EPHA2
ERCC4,SUMO2,DAXX,CXXC1,SPAM1
ERCC4,SUMO2,CCT6A,TECR,DUOX1
ERCC4,SUMO2,P4HB,HSPA13
ERCC4,SUMO2,YWHAG,OGT
ERCC4,SUMO2,HTT,SLC25A11
ERCC4,SUMO2,YWHAG,OGT
ERCC4,SUMO2,LMNA,ZKSCAN1,CHRNA9
ERCC4,SUMO2,EIF4A1,TOP3B,TECTA
ERCC4,SUMO2,VCP,DNM3
ERCC4,CAMK2G,EGFR,EGF
ERCC4,SUMO2,FLNA,PHLDB2
ERCC4,MDC1,ATM,P2RY8
ERCC4,PLK1,PTPN1,ATP4A
ERCC4,SUMO2,BLM,USP37,TRPC3
ERCC4,NEDD8,CUL1
ERCC4,SUMO2,HSP90AA1,MYOCD,PLXND1
ERCC4,SUMO2,HNRNPA1L2,TNPO1,SLC16A7
ERCC4,CAMK2G,PRSS8
ERCC4,FANCA,UBE2T,TGM1
ERCC4,MDC1,H3C1,FOLH1
ERCC4,CAMK2G,EGFR,EGF
ERCC4,PLK1,RHOB,KIF26A,GABRA4
ERCC4,SUMO2,LMNA,ZKSCAN1,FZD4
ERCC4,PBK,CSNK2A2,PALM3
ERCC4,NEDD8,GDI1,RAB3B
ERCC4,PLK1,HRAS,RGS12
ERCC4,TACC1,RAC2,DIRAS1
ERCC4,SUMO2,HSP90AA1
ERCC4,NEDD8,RND3
ERCC4,SUMO2,ZBTB33,CHRNB1
ERCC4,SUMO2,DDX39A,SIRT5,ATP1B1
ERCC4,SUMO2,FKBP3,NMT1
ERCC4,SUMO2,P4HB,HSPA13
ERCC4,MAD2L1,BTF3,LILRB4
ERCC4,SUMO2,YWHAG,OGT
ERCC4,CAMK2G,MYLK
ERCC4,PLK1,NPM1,CAVIN1
ERCC4,SUMO2,SIN3A,NOTCH2
ERCC4,CAMK2G,CALM3
ERCC4,NEDD8,SH2D3C,ADK
ERCC4,PLK1,HRAS,RGS12
ERCC4,SUMO2,EHD4,RPL38,SERPINC1
ERCC4,SUMO2,BABAM2,TMX3,FCER1G
ERCC4,SUMO2,ZMYM2,C8A
ERCC4,SUMO2,SIN3A,NOTCH2
ERCC4,MSH2,AKT1,THEM4
ERCC4,SUMO2,BRD4,CCNT2
ERCC4,SUMO2,P4HB,HSPA13
ERCC4,SUMO2,EEF1A2,SLC13A5
ERCC4,XPA,SRC,EFNA5
ERCC4,SUMO2,ILK,NPR2
ERCC4,SUMO2,HTT,SLC25A11
ERCC4,CAMK2G,GRIN1,GPR88
ERCC4,NEDD8,BAG3,PRRG2
ERCC4,SUMO2,TMPO,VIL1
ERCC4,SUMO2,HTT,SLC25A11,TSPAN2
ERCC4,ERCC6,KAT2B,MAFA
ERCC4,PBK,LNX1,ROBO3
ERCC4,SUMO2,STMN1,ATP6V1H,JPT2
ERCC4,SUMO2,VCP,DNM3
ERCC4,PLK1,MAVS,TLR1
ERCC4,SUMO2,EZR,SLC12A2,ANXA9
ERCC4,PIAS4,SMAD3
ERCC4,SUMO2,TMPO,VIL1
ERCC4,SUMO2,LMNA,ZKSCAN1,SERPINA12
ERCC4,SUMO2,TMPO,VIL1
ERCC4,NEDD8,TRAF6,TNFRSF13B
ERCC4,SUMO2,SIN3A,NOTCH2
ERCC4,SUMO2,P4HB,HSPA13
ERCC4,SUMO2,BRD4,CCNT2
ERCC4,SUMO2,SIN3A,NOTCH2
ERCC4,SUMO2,ILK,NPR2
ERCC4,SUMO2,TRAF1,TNFRSF13C,TNFSF14
ERCC4,PLK1,BUB1,TBC1D2
ERCC4,SUMO2,ACTB,DCTN5,GPR35
ERCC4,SUMO2,NUMA1,PSIP1,RGS17
ERCC4,SUMO2,ARF3,GGA1,GPR18
ERCC4,SUMO2,TMPO,VIL1
ERCC4,SUMO2,EEF1A2,SLC13A5
ERCC4,SUMO2,FLNA,PHLDB2
ERCC4,SUMO2,VCP,DNM3
ERCC4,MDC1,ANK2,EPB42
ERCC4,CAMK2G,EGFR,EGF
ERCC4,SUMO2,VCP,DNM3
ERCC4,NFKBID,TRIM9,PLPPR4
ERCC4,SUMO2,SIN3A,NOTCH2,PLXNA3
ERCC4,PLK1,PAK3,ITGB8
ERCC4,MDC1,ANK2,EPB42
ERCC4,SUMO2,VCP,DNM3
ERCC4,SUMO2,YWHAG,OGT
ERCC4,SUMO2,BABAM2,TMX3,IL15RA
ERCC4,SUMO2,YWHAG,OGT,ABHD6
ERCC4,XPA,SRC,EFNA5
ERCC4,RPA1,RAB11A,PODXL2
ERCC4,SUMO2,HDAC4,WASHC2C,ITPRIP
ERCC4,MSH2,AKT1,THEM4
ERCC4,SUMO2,PFN1,GOLGB1,KCNMA1,KCNMB1
ERCC4,SUMO2,FASN,SLC34A3
ERCC4,PLK1,ANKRD28,EPS8
ERCC4,SUMO2,VCP,DNM3
ERCC4,MDC1,FHL1,AKAP12
ERCC4,SUMO2,P4HB,HSPA13,TRHDE
ERCC4,SUMO2,GTF2I,PRKG1
ERCC4,TACC1,RAB4A,SLC9A7
ERCC4,SUMO2,TRIM33,CEP78,SLC5A1
ERCC4,NFKBID,GRB10
ERCC4,SUMO2,FASN,SLC34A3
ERCC4,SUMO2,DDX5,RBM6,NPDC1
ERCC4,SUMO2,EZR
ERCC4,SUMO2,VCP,DNM3
ERCC4,NEDD8,RHOH
ERCC4,SUMO2,RUVBL1,F2R
ERCC4,PLK1,HRAS,RGS12
ERCC4,NEDD8,CAV1,ADCY5
ERCC4,PLK1,ANKRD28,EPS8
ERCC4,SUMO2,P4HB,HSPA13,TRPM3
ERCC4,NEDD8,HSPA4L,RASGRP1
ERCC4,SUMO2,KRAS,AP4S1,PALM
ERCC4,SUMO2,DDX39A,SIRT5,DCT
ERCC4,SUMO2,FLNA,PHLDB2
ERCC4,SUMO2,YWHAG,OGT
ERCC4,LYAR,RACK1,GNG2
ERCC4,SUMO2,CPSF2,SYMPK
ERCC4,SUMO2,P4HB,HSPA13
ERCC4,SUMO2,EZR,SLC12A2
ERCC4,SUMO2,KCNA5,KCNAB2
ERCC4,SUMO2,DNAJA1,NMRAL1,GPR17
ERCC4,SUMO2,SIN3A,NOTCH2,MYADM
ERCC4,SUMO2,CTR9,BMX,PON2,ASIC4
ERCC4,CAMK2G,EGFR,EGF
ERCC4,SUMO2,DDX39A,SIRT5,CD3G
ERCC4,SUMO2,HTT,SLC25A11
ERCC4,SUMO2,P4HB,HSPA13
ERCC4,CAMK2G,CTTN,EXOC8
ERCC4,SUMO2,HSP90AA1,MYOCD,CSF2RA
ERCC4,SUMO2,HTT,SLC25A11
ERCC4,SUMO2,HTT,SLC25A11
ERCC4,CAMK2G,RRAD
ERCC4,SUMO2,CHD8,CASR
ERCC4,SUMO2,DDX39A,SIRT5,CD72
ERCC4,TACC1,RHOA
ERCC4,PLK1,PDE4D,SHANK2
ERCC4,CAMK2G,CALML3,LRCH2,EFR3A
ERCC4,SUMO2,EHD4,RPL38,ALOX15
ERCC4,SUMO2,YWHAG,OGT
ERCC4,SUMO2,VCP,DNM3
ERCC4,PBK,IL1R2
ERCC4,SUMO2,SRSF1,DHX15,STXBP5L
ERCC4,SUMO2,TMPO,VIL1
ERCC4,SUMO2,ZBTB33,CHRNB1
ERCC4,MSH2,ZNF746,PRKAR1B
ERCC4,PIAS4,KRT18,PSTPIP2
ERCC4,EME1,S100P,TGFBI
ERCC4,SUMO2,PFN1,GOLGB1,NLGN2
ERCC4,SUMO2,SIN3A,NOTCH2
ERCC4,SUMO2,HTT,SLC25A11
ERCC4,MSH2,HLA-DPB1,HLA-DPA1
ERCC4,SUMO2,PKM,FAHD2A,JTB
ERCC4,SUMO2,RIF1,BSG,SLC16A13
ERCC4,SUMO2,ILK,NPR2
ERCC4,SUMO2,DNAJA1,NMRAL1,SLC22A5
ERCC4,SUMO2,TRAF1,TNFRSF13C
ERCC4,SUMO2,DDX39A,SIRT5,HLA-DQB2
ERCC4,SUMO2,ZBTB33
ERCC4,MSH2,AKT1,THEM4
ERCC4,SUMO2,TUBB,EML1,IL12RB2
ERCC4,CAMK2G,CALM3,GAP43
ERCC4,SUMO2,PFN1,GOLGB1,MYO16
ERCC4,SUMO2,RUVBL1,F2R
ERCC4,SUMO2,TMPO,VIL1,CKAP4
ERCC4,SUMO2,EZR,SLC12A2
ERCC4,SUMO2,FLNA,PHLDB2
ERCC4,NEDD8,SMURF1,PTCH1
ERCC4,PLK1,PAK1,LPXN
ERCC4,PLK1,CHD1L,NT5E
ERCC4,PLK1,GPRASP2,ADRB1
ERCC4,XPA,SRC,EFNA5
ERCC4,PBK,CSNK2A2,PALM3
ERCC4,CAMK2G,TPSAB1,CD22
ERCC4,SUMO2,ILK,NPR2
ERCC4,NEDD8,H2BC9,USH1C
ERCC4,XPA,SRC,EFNA5
ERCC4,SUMO2,STMN1,ATP6V1H
ERCC4,SUMO2,EIF4A2,SLC16A9
ERCC4,SUMO2,PFN1,GOLGB1,KCNMA1
ERCC4,PBK,MTPN,MPP2,OR2K2
ERCC4,SUMO2,TOP2A,PRKCG,IL6ST,CNTFR
ERCC4,SUMO2,EZR,SLC12A2
ERCC4,SUMO2,P4HB,HSPA13
ERCC4,SUMO2,SIN3A,NOTCH2,COPRS
ERCC4,PLK1,IKBKB,NLRX1
ERCC4,PLK1,PPP1R12A,ARHGEF25
ERCC4,SUMO2,BLM,USP37,TRPC4
ERCC4,SUMO2,HTT,SLC25A11
ERCC4,PLK1,CDH1,ITGAE
ERCC4,SUMO2,VCP,DNM3,AQP10,LYVE1
ERCC4,SUMO2,HTT,SLC25A11
ERCC4,SUMO2,EEF1A1,ECPAS,PCDHA5
ERCC4,SUMO2,DDX39A,SIRT5,MPP4
ERCC4,CAMK2G,EGFR,EGF
ERCC4,NEDD8,XIAP,HTRA1
ERCC4,PLK1,STAG2,CD69
ERCC4,NEDD8,ATXN3
ERCC4,SUMO2,HTT,SLC25A11
ERCC4,SUMO2,P4HB,HSPA13
ERCC4,MDC1,FZR1,RGS11
ERCC4,SUMO2,FLNA,PHLDB2
ERCC4,SUMO2,TRAF1,TNFRSF13C
ERCC4,CAMK2G,EGFR,EGF
ERCC4,CAMK2G,BAIAP2,EPS8L1
ERCC4,SUMO2,HSPA1B,RAB3IP,SLAMF7
ERCC4,SUMO2,SRSF1,DHX15,CXCR1
ERCC4,SUMO2,EZR,SLC12A2
ERCC4,SUMO2,TMPO,VIL1
ERCC4,PBK,LNX1,ROBO3
ERCC4,SUMO2,DDX39A,SIRT5,CD300A
ERCC4,SUMO2,DDX39A,SIRT5,KSR2
ERCC4,SUMO2,BRD4,CCNT2
ERCC4,CAMK2G,GRIN1,GPR88
ERCC4,SUMO2,CTR9,BMX
ERCC4,SUMO2,VCP,DNM3
ERCC4,NFKBID,REL,SLC6A12
ERCC4,PLK1,FLRT1,RARS2,TENM2
ERCC4,SUMO2,P4HB,HSPA13
ERCC4,SUMO2,P4HB,HSPA13
ERCC4,SUMO2,DDX39A,SIRT5,CSF2RB
ERCC4,MDC1,FHL1
ERCC4,NEDD8,UCHL1,ADRA2B
ERCC4,NFKBID,REL,SLC6A12,STOML3
ERCC4,SUMO2,P4HB,HSPA13,PRAM1
ERCC4,ERCC6,IKBIP,MSR1
ERCC4,SUMO2,DDX39A,SIRT5,YIPF3
ERCC4,SUMO2,EZR,SLC12A2
ERCC4,SUMO2,AHNAK2
ERCC4,PLK1,NPM1,CAVIN1
ERCC4,SUMO2,ILK,NPR2
ERCC4,NEDD8,GRN,TNFRSF1B
ERCC4,CAMK2G,CALM3,GAP43
ERCC4,SUMO2,P4HB,HSPA13,HTR1D
ERCC4,TP53BP1,MAPK3,ZBTB42
ERCC4,SUMO2,UBE2I,PCGF2,ATP10B
ERCC4,SUMO2,CTR9,BMX
ERCC4,SUMO2,EZR,SLC12A2
ERCC4,SUMO2,HTT,SLC25A11
ERCC4,CAMK2G,EGFR,EGF
ERCC4,SUMO2,TOP2A,PRKCG,AKAP5
ERCC4,SUMO2,DDX39A,SIRT5,LAIR1
ERCC4,SUMO2,LMNA,ZKSCAN1,RAB3C
ERCC4,SUMO2,KRAS
ERCC4,SUMO2,EZR,SLC12A2,SELL
ERCC4,SUMO2,STMN1,ATP6V1H
ERCC4,PLK1,PDE4D
ERCC4,SUMO2,KCNA5,KCNAB2
ERCC4,SUMO2,HTT,SLC25A11,SYT10
ERCC4,SUMO2,VCP,DNM3,GRK4
ERCC4,SUMO2,VCP,DNM3
ERCC4,NEDD8,MATR3,MYOF
ERCC4,SUMO2,HDAC4,WASHC2C
ERCC4,SUMO2,DDX39A,SIRT5,ACKR2
ERCC4,MDC1,ATM,P2RY8
ERCC4,SUMO2,YWHAG,OGT
ERCC4,SUMO2,EEF1G,HSD17B10
ERCC4,SUMO2,VCP,DNM3
ERCC4,SUMO2,P4HB,HSPA13,GALR1
ERCC4,SUMO2,EZR,SLC12A2,TJP3
ERCC4,SUMO2,DDX39A,SIRT5,SLC10A7
ERCC4,MDC1,ARID1B
ERCC4,NEDD8,RHOF,ASIC1
ERCC4,NEDD8,GDI1,RAB3B
ERCC4,MAD2L1,REV3L,A1BG
ERCC4,PIAS4,KRT18,PSTPIP2
ERCC4,PLK1,BCR,SLA2
ERCC4,SUMO2,YWHAB,PIK3R4,P2RX1
ERCC4,SUMO2,YWHAG,OGT
ERCC4,SUMO2,TMPO,VIL1,SPPL3
ERCC4,SUMO2,ACO2,GPD1L
ERCC4,SUMO2,MARCKS,RAB11FIP1,APLNR
ERCC4,SUMO2,LRRK2,ATP13A1,CNNM4
ERCC4,NEDD8,BAG3,PRRG2
ERCC4,SUMO2,SIN3A,NOTCH2
ERCC4,SUMO2,FLNA,PHLDB2
ERCC4,SUMO2,VCP,DNM3
ERCC4,SUMO2,P4HB,HSPA13,CCR3
ERCC4,MSH2,EPHA2,CAMK1G
ERCC4,SUMO2,KRAS,AP4S1,OR1D2
ERCC4,FANCG,SPTAN1
ERCC4,NEDD8,GRN,TNFRSF1B
ERCC4,SUMO2,TPR,NUP205,PCDHA2
ERCC4,SUMO2,P4HB,HSPA13
ERCC4,SUMO2,P4HB,HSPA13
ERCC4,SUMO2,VCP,DNM3
ERCC4,SUMO2,DDX39A,SIRT5,CP
ERCC4,SUMO2,DAXX,CXXC1,VPS28
ERCC4,CAMK2G,CALM3,GAP43
ERCC4,SUMO2,P4HB,HSPA13
ERCC4,SUMO2,TRAF1,TNFRSF13C
ERCC4,SUMO2,ACTB,DCTN5,CLDN8
ERCC4,SUMO2,TMPO,VIL1
ERCC4,SUMO2,CTR9,BMX,CD5
ERCC4,SUMO2,PFN1,GOLGB1,SIDT2
ERCC4,PLK1,TSC1
ERCC4,SUMO2,P4HB,HSPA13
ERCC4,PBK,MTPN,MPP2
ERCC4,SUMO2,DDX39A,SIRT5,ABCB6
ERCC4,SUMO2,VCP,DNM3
ERCC4,SUMO2,UBE2I,PCGF2,GDPD5
ERCC4,TACC1,ERBB2,PTGER3
ERCC4,ERCC6,PSMB5,UNKL,GLDC
ERCC4,SUMO2,VCP,DNM3
ERCC4,SUMO2,EZR,SLC12A2
ERCC4,SUMO2,DDX39A,SIRT5,SLC30A2,SLC30A10
ERCC4,SUMO2,EEF1G,HSD17B10
ERCC4,SUMO2,SIN3A,NOTCH2
ERCC4,SUMO2,TRAF1,TNFRSF13C
ERCC4,SUMO2,LMNA,ZKSCAN1,PSG3
ERCC4,PBK,LNX1,ROBO3
ERCC4,SUMO2,KRAS,AP4S1,HJV
ERCC4,CAMK2G,EGFR,EGF
ERCC4,SUMO2,TRAF1,TNFRSF13C
ERCC4,PBK,DLG1,CACNG2
ERCC4,SUMO2,P4HB,HSPA13
ERCC4,SUMO2,CTR9,BMX
ERCC4,SUMO2,SIN3A,NOTCH2
ERCC4,PLK1,HRAS,RGS12
ERCC4,PLK1,CDH1,ITGAE
ERCC4,PIAS4,ZNF644,ATP9A
ERCC4,PBK,DLG1,CACNG2
ERCC4,PLK1,MAVS,TLR1
ERCC4,SUMO2,UBE2I,PCGF2,PLA2G6
ERCC4,FANCA,NOTCH1
ERCC4,MAD2L1,UBE2C
ERCC4,TP53BP1,MAPK3,ZBTB42
ERCC4,SUMO2,DDX39A,SIRT5,PROM2
ERCC4,FANCG,SPTAN1,ATP8B3
ERCC4,SUMO2,P4HB,HSPA13,DOK7
ERCC4,TACC1,FGFR1
ERCC4,CAMK2G,EGFR,EGF
ERCC4,SUMO2,DDX39A,SIRT5,SERPINB3
ERCC4,SUMO2,ESR1,SLC25A6,PCDHGA5
ERCC4,SUMO2,P4HB,HSPA13,ADGRG3
ERCC4,SUMO2,YWHAG,OGT
ERCC4,NFKBID,NDUFB7,MT-ND5,GPR42
ERCC4,SUMO2,LMNA,ZKSCAN1,SLC20A2
ERCC4,SUMO2,SERPINB6,TMPRSS11A
ERCC4,MDC1,FZR1,RGS11
ERCC4,SUMO2,SMC1A,GRM3
ERCC4,SUMO2,YWHAG,OGT
ERCC4,SUMO2,HNRNPL,LOXL2,KLRC2
ERCC4,SUMO2,TMPO,VIL1
ERCC4,MSH2,ZBTB38,ALX1,OR52L1
ERCC4,SUMO2,BRD4,CCNT2
ERCC4,NFKBID,REL,SLC6A12
ERCC4,CAMK2G,CALM3,GAP43
ERCC4,MSH2,AKT1,THEM4
ERCC4,SLX4,TERF2IP,CPNE2
ERCC4,XPA,SRC,EFNA5
ERCC4,NEDD8,BAG3,PRRG2
ERCC4,SUMO2,SIN3A,NOTCH2,CLEC2B
ERCC4,MSH2,HLA-DPB1,HLA-DPA1
ERCC4,SUMO2,YWHAG,OGT
ERCC4,SUMO2,ESR1,SLC25A6,DSG3
ERCC4,SUMO2,ILK,NPR2
ERCC4,CAMK2G,EGFR,EGF
ERCC4,SUMO2,YWHAQ,KSR1,TLR5
ERCC4,SUMO2,NUMA1,PSIP1,SYT5
ERCC4,SUMO2,TP53,ZNF763,FGFBP1
ERCC4,SUMO2,SIN3A,NOTCH2
ERCC4,CAMK2G,EGFR,EGF
ERCC4,SUMO2,TMPO,VIL1
ERCC4,MDC1,ANK2,EPB42
ERCC4,TP53BP1,MAPK3,ZBTB42
ERCC4,TACC1,RAB4A,SLC9A7
ERCC4,SUMO2,HSPD1
ERCC4,CAMK2G,EGFR,EGF
ERCC4,PLK1,HRAS,RGS12
ERCC4,PLK1,SPAG5,IFT57,PSG4
ERCC4,PBK,ZNF414,HSD17B8
ERCC4,NEDD8,XIAP,HTRA1
ERCC4,SUMO2,ESR1,SLC25A6,UBL3
ERCC4,SUMO2,BABAM2,TMX3
ERCC4,NEDD8,TFG,CHMP1B
ERCC4,SUMO2,VCP,DNM3
ERCC4,SUMO2,RNF213,RELT
ERCC4,SUMO2,KRAS,AP4S1,CPNE5
ERCC4,SUMO2,ESR1,SLC25A6,SLC17A1
ERCC4,SUMO2,HTT,SLC25A11
ERCC4,EME1,INTU,WDPCP
ERCC4,SUMO2,DNM1L,MIEF2,PDE2A
ERCC4,SUMO2,VCP,DNM3
ERCC4,SUMO2,ACO2,GPD1L
ERCC4,SUMO2,VCP,DNM3
ERCC4,SUMO2,HTT,SLC25A11
ERCC4,SUMO2,TUBA4A,KLK15,OR52W1
ERCC4,MAD2L1,TRAFD1,ALG10B
ERCC4,SUMO2,HTT,SLC25A11
ERCC4,PBK,DLG1,CACNG2
ERCC4,PLK1,CDH1,ITGAE,GPC2
ERCC4,MAD2L1,ABL2,CD84
ERCC4,SUMO2,ZBTB33,CHRNB1
ERCC4,SUMO2,HSPA9,AQP12B,LARGE1
ERCC4,PLK1,IRS2
ERCC4,PBK,RHOBTB3,RAB9B
ERCC4,CAMK2G,ADCY3,RXFP1,LRP12
ERCC4,SUMO2,SIN3A,NOTCH2
ERCC4,XPA,SRC,EFNA5
ERCC4,SUMO2,RAD54L2,VCX,ABCA4,CNGB1,CNGA1
ERCC4,SUMO2,HNRNPF
ERCC4,SUMO2,TRAF1,TNFRSF13C
ERCC4,SUMO2,DDX39A,SIRT5,CACNA1D
ERCC4,SUMO2,HNRNPA1L2,TNPO1,ADAM30
ERCC4,SUMO2,TRAF1,TNFRSF13C
ERCC4,AP5B1,OXSR1,SLC12A1
ERCC4,PLK1,GPRASP2,ADRB1
ERCC4,PBK,LNX1,ROBO3
ERCC4,PLK1,PTPN1,ATP4A,SLC26A9
ERCC4,CAMK2G,STAT1,AGAP3,EBI3
ERCC4,XPA,SRC,EFNA5
ERCC4,SUMO2,MARCKS,RAB11FIP1,ADAM11
ERCC4,SUMO2,DDX39A,SIRT5,ARF1
ERCC4,SUMO2,EZR,SLC12A2
ERCC4,PLK1,IKBKB,NLRX1
ERCC4,CAMK2G,CALM3,GAP43
ERCC4,SUMO2,DDX39A,SIRT5,SLC22A4
ERCC4,MSH2,AKT1,THEM4
ERCC4,SUMO2,RIF1,BSG
ERCC4,SUMO2,CKAP5
ERCC4,SUMO2,CTR9,BMX,ACE
ERCC4,SUMO2,CHD8,CASR
ERCC4,SUMO2,P4HB,HSPA13
ERCC4,SUMO2,XRCC5
ERCC4,NEDD8,TRAF6,TNFRSF13B
ERCC4,SUMO2,ZMYM2,C8A
ERCC4,SUMO2,UBB,ANKRD9,MR1
ERCC4,SUMO2,DAXX,CXXC1,FCGR2A
ERCC4,SUMO2,ARF4,ARHGAP31,SLC35A1
ERCC4,SUMO2,TMPO,VIL1
ERCC4,CAMK2G,CTTN,EXOC8
ERCC4,SUMO2,VCP,DNM3
ERCC4,MAD2L1,DSTYK,CD226
ERCC4,SUMO2,P4HB,HSPA13,MANSC4
ERCC4,MSH2,AKT1
ERCC4,PLK1,HRAS,RGS12
ERCC4,NFKBID,REL,SLC6A12
ERCC4,SUMO2,HTT,SLC25A11
ERCC4,MDC1,H2AX,TSSK4,KIR2DL1
ERCC4,SUMO2,TMPO,VIL1
ERCC4,CAMK2G,CALM3,GAP43
ERCC4,SUMO2,HSPA8,VSIG8,AKAP10
ERCC4,NFKBID,IKZF3,MRPL53,SCNN1D
ERCC4,SUMO2,SIN3A,NOTCH2
ERCC4,SUMO2,BRD4,CCNT2
ERCC4,UBE2B,COL20A1,FAT3
ERCC4,SUMO2,HTT,SLC25A11
ERCC4,SUMO2,HSPA1B,RAB3IP,ADAP2
ERCC4,SUMO2,YWHAG,OGT
ERCC4,MDC1,ATM,P2RY8
ERCC4,PLK1,ANK3,SPTBN4
ERCC4,SUMO2,HTT,SLC25A11
ERCC4,PLK1,ANKRD28,EPS8
ERCC4,NEDD8,UCHL1,ADRA2B
ERCC4,SUMO2,TMPO,VIL1
ERCC4,ERCC6,KAT2B,MAFA
ERCC4,SUMO2,NUMA1,PSIP1,KLRK1
ERCC4,CAMK2G,DYNLL1,DYNC2H1
ERCC4,SUMO2,HTT,SLC25A11
ERCC4,CAMK2G,EGFR,EGF
ERCC4,SUMO2,LRRK2,ATP13A1,SGCD
ERCC4,SUMO2,LRRK2,ATP13A1,KCTD3
ERCC4,SUMO2,BRD4,CCNT2
ERCC4,SUMO2,HDAC4,WASHC2C
ERCC4,XPA,SRC,EFNA5
ERCC4,SUMO2,CALR,ANP32B,SLC40A1
ERCC4,NEDD8,GRN,TNFRSF1B
ERCC4,SUMO2,DNAJA1,NMRAL1,ADGRV1
ERCC4,TACC1,ITSN2
ERCC4,ZNF423,USP7,TRO
ERCC4,LYAR,RACK1,GNG2
ERCC4,SUMO2,TMPO,VIL1
ERCC4,SUMO2,HTT,SLC25A11
ERCC4,RPA1,PPP2CA
ERCC4,SUMO2,DAXX,CXXC1,TRPM2
ERCC4,NEDD8,CAV1,ADCY5
ERCC4,SUMO2,P4HB,HSPA13
ERCC4,MSH2,RAF1
ERCC4,SUMO2,SRSF1,DHX15,TFPI
ERCC4,SUMO2,ESR1,SLC25A6,GABBR1
ERCC4,XPA,SRC,EFNA5
ERCC4,NEDD8,BAG3,PRRG2
ERCC4,SUMO2,DAXX,CXXC1,SYTL5
ERCC4,PLK1,CHEK2,SV2A
ERCC4,MSH2,RAF1,ETS2
ERCC4,SUMO2,VCP,DNM3
ERCC4,SUMO2,FASN,SLC34A3
ERCC4,PLK1,SYNE3,PAN3,SLC22A13
ERCC4,PLK1,GPRASP2,ADRB1
ERCC4,SUMO2,ESR1,SLC25A6,F11
ERCC4,SUMO2,TPI1,ZP4
ERCC4,SUMO2,DDX39A,SIRT5,SIGLEC11
ERCC4,SUMO2,SIN3A,NOTCH2
ERCC4,SUMO2,EZR,SLC12A2
ERCC4,SUMO2,KCNA5,KCNAB2
ERCC4,SUMO2,MARS1,AIMP1,FZD1
ERCC4,XPA,SRC,EFNA5
ERCC4,SUMO2,CTR9,BMX
ERCC4,SUMO2,YWHAG,OGT
ERCC4,CAMK2G,GRIA1,CXCR2
ERCC4,SUMO2,DNAJA1,NMRAL1,TAS1R2
ERCC4,PLK1,RHOB,KIF26A,GABRA6
ERCC4,TP53BP1,MAPK3,ZBTB42
ERCC4,PLK1,IKBKB,NLRX1
ERCC4,SUMO2,TMPO,VIL1,SLC30A8
ERCC4,UBE2B
ERCC4,NEDD8,BAG3,PRRG2
ERCC4,SUMO2,TRAF1,TNFRSF13C
ERCC4,SUMO2,SRSF1,DHX15,RGS4
ERCC4,SUMO2,P4HB,HSPA13
ERCC4,SUMO2,SIN3A,NOTCH2
ERCC4,SUMO2,TRMT1L,CFAP97,PIP5K1B
ERCC4,SUMO2,CTR9,BMX
ERCC4,SUMO2,P4HB,HSPA13
ERCC4,NEDD8,TRAF6,TNFRSF13B
ERCC4,SUMO2,LRRK2,ATP13A1,HTR3B
ERCC4,SUMO2,TOP2A,PRKCG,IL6ST
ERCC4,SUMO2,BABAM2,TMX3,ELAPOR2
ERCC4,SUMO2,TRAF1,TNFRSF13C
ERCC4,SUMO2,DDX21,PRR3
ERCC4,NEDD8,RAB8B,MICALL2
ERCC4,SUMO2,DDX39A,SIRT5,ACSL6
ERCC4,SUMO2,CTR9,BMX,ABCG8
ERCC4,SUMO2,YWHAG,OGT
ERCC4,SUMO2,P4HB,HSPA13
ERCC4,SUMO2,EIF4A2,SLC16A9
ERCC4,PLK1,ARF6,PCDHGB1
ERCC4,UBE2B,UBE2D1,UPP1,ABCA7
ERCC4,TP53BP1,ZDHHC5
ERCC4,MDC1,PTEN
ERCC4,TACC1,ERBB3,SELENOK
ERCC4,PLK1,MYC,CDR2,KREMEN1
ERCC4,SUMO2,DDX39A,SIRT5,OR1D5
ERCC4,SUMO2,EZR,SLC12A2,LDLRAD3
ERCC4,PLK1,HRAS,RGS12
ERCC4,PLK1,NRAS,PCDH18
ERCC4,SUMO2,P4HB,HSPA13,CALCRL,RAMP1
ERCC4,PLK1,HRAS,RGS12,OR10H2
ERCC4,CAMK2G,CALM3,GAP43
ERCC4,EME1,S100P,TGFBI
ERCC4,SUMO2,CCT5,PEX7,KCNJ5
ERCC4,EME1,S100P,TGFBI
ERCC4,SUMO2,HSPE1,MSRA
ERCC4,MAD2L1,CHD9,SULF2
ERCC4,SUMO2,TMPO,VIL1
ERCC4,CAMK2G,SLMAP
ERCC4,SUMO2,ESR1,SLC25A6,S100A2,DGKH
ERCC4,SUMO2,CTR9,BMX
ERCC4,SUMO2,DDX39A,SIRT5,CD3E
ERCC4,SUMO2,P4HB,HSPA13
ERCC4,MSH2,AKT1,THEM4
ERCC4,MSH2,RAF1,ETS2
ERCC4,SUMO2,BABAM2,TMX3,CTSZ
ERCC4,SUMO2,RPS6KA3,FGFR2
ERCC4,SUMO2,STMN1,ATP6V1H
ERCC4,UBE2B,UNK,PNRC1,TMEM50B
ERCC4,SUMO2,CTR9,BMX
ERCC4,CAMK2G,ADCY3
ERCC4,TACC1,KAT2A,SLC44A2
ERCC4,MAD2L1,DSTYK,CD226
ERCC4,SUMO2,SIN3A,NOTCH2
ERCC4,SUMO2,SIN3A,NOTCH2
ERCC4,MSH2,AKT1,THEM4
ERCC4,SUMO2,DDX39A,SIRT5,TSPAN15
ERCC4,SUMO2,LRRK2
ERCC4,SUMO2,ACO2,GPD1L
ERCC4,MSH2,HLA-DPB1,HLA-DPA1
ERCC4,MSH2,NTRK1,XPR1
ERCC4,PBK,RHOBTB3,RAB9B
ERCC4,PLK1,CDH1,ITGAE
ERCC4,SUMO2,SP1,CCNG2,KCNE3
ERCC4,XPA,SRC,EFNA5
ERCC4,XPA,ATR,FAAP24,MICA
ERCC4,SUMO2,BABAM2,TMX3
ERCC4,ERCC6,KAT2B,MAFA
ERCC4,NEDD8,SMURF1,PTCH1
ERCC4,PBK,MTPN,MPP2
ERCC4,PBK,LNX1,ROBO3
ERCC4,SUMO2,FASN,SLC34A3
ERCC4,SUMO2,FLNA,PHLDB2
ERCC4,XPA,SRC,EFNA5
ERCC4,SUMO2,DAXX,CXXC1,SNF8
ERCC4,RPA1,RAB11A,PODXL2
ERCC4,SUMO2,ESR1,SLC25A6,CA9
ERCC4,SUMO2,RAD54L2,VCX,TESC
ERCC4,SUMO2,TMPO,VIL1
ERCC4,NEDD8,XIAP,HTRA1
ERCC4,SUMO2,CALR,ANP32B,PLPP1
ERCC4,SUMO2,DAXX,CXXC1,GJA4
ERCC4,PLK1,PAK1,LPXN
ERCC4,SUMO2,KCNA5
ERCC4,SUMO2,RNF213,RELT
ERCC4,SUMO2,DDX39A,SIRT5,PLP2
ERCC4,SUMO2,P4HB,HSPA13
ERCC4,SUMO2,BRD4,CCNT2
ERCC4,SUMO2,P4HB,HSPA13,RGS6
ERCC4,TACC1,RAC2,DIRAS1
ERCC4,NEDD8,TFG,CHMP1B
ERCC4,SUMO2,EPPK1,RPGRIP1L
ERCC4,RPA1,TARDBP,EMC6,MMD
ERCC4,SUMO2,ILK,NPR2
ERCC4,SUMO2,TRAF1,TNFRSF13C
ERCC4,SUMO2,STMN1,ATP6V1H
ERCC4,MSH2,AKT1,THEM4
ERCC4,NEDD8,DNAJB2,SLC25A31
ERCC4,PLK1,RAP1GAP,RAP1GAP2
ERCC4,PLK1,CHEK2,SV2A
ERCC4,PBK,LNX1,ROBO3
ERCC4,SUMO2,HNRNPH1,MSI2,AQP5
ERCC4,SUMO2,P4HB,HSPA13
ERCC4,CAMK2G,CALM3,GAP43
ERCC4,SUMO2,SIN3A,NOTCH2
ERCC4,PLK1,ARF6
ERCC4,MDC1,WDR26,TDGF1
ERCC4,PLK1,CUL3,KBTBD6,KIRREL2
ERCC4,SUMO2,P4HB,HSPA13,HPN
ERCC4,PLK1,IKBKB,NLRX1
ERCC4,SUMO2,CPSF2,SYMPK
ERCC4,PLK1,ARF6,PCDHGB1
ERCC4,PLK1,PAK1,LPXN
ERCC4,RPA1,RAB11A,PODXL2
ERCC4,SUMO2,P4HB,HSPA13
ERCC4,PLK1,ANK3,SPTBN4,SGCE
ERCC4,SUMO2,ZMYM2,C8A,C8B
ERCC4,MDC1,PTEN,PTK2B,TSPAN4
ERCC4,PLK1,DVL1,FZD7
ERCC4,SUMO2,ACO2,GPD1L
ERCC4,SUMO2,P4HB,HSPA13
ERCC4,TACC1,RAC2,DIRAS1
ERCC4,MSH2,ZNF746,PRKAR1B
ERCC4,MDC1,WDR26,TDGF1
ERCC4,SUMO2,P4HB,HSPA13
ERCC4,SUMO2,ATRX,EZH2,PLCD4
ERCC4,SUMO2,DDX39A,SIRT5,NAA38,NAA35
ERCC4,SUMO2,FASN,SLC34A3
ERCC4,SUMO2,CTR9,BMX,PTPRCAP
ERCC4,NEDD8,XIAP,HTRA1
ERCC4,TACC1,ALK
ERCC4,SUMO2,SMC3,COPG1,OR2M7
ERCC4,CAMK2G,CALM3,GAP43
ERCC4,SUMO2,PFN1,GOLGB1,OR4E2
ERCC4,NEDD8,SNRPD2,CRLF3
ERCC4,CAMK2G,EGFR,EGF
ERCC4,PLK1,MIB1
ERCC4,PBK,CSNK2A2,PALM3
ERCC4,PBK,PTOV1
ERCC4,PLK1,NPM1,CAVIN1
ERCC4,SUMO2,FASN,SLC34A3
ERCC4,SUMO2,TRIP13,CFP,PLEKHM3
ERCC4,CAMK2G,GRIA1,CXCR2
ERCC4,CAMK2G,CALM3,GAP43
ERCC4,PBK,DLG1
ERCC4,SUMO2,ILK,NPR2
ERCC4,CAMK2G,IGBP1,MUC16
ERCC4,PLK1,HRAS,RGS12
ERCC4,SUMO2,TMPO,VIL1
ERCC4,SUMO2,HTT,SLC25A11
ERCC4,MDC1,SMARCD1,COL26A1
ERCC4,SUMO2,HSPA1B,RAB3IP,MEP1A
ERCC4,SUMO2,VCP,DNM3
ERCC4,PBK,DLG1,CACNG2
ERCC4,TP53BP1,MAPK3,ZBTB42
ERCC4,SUMO2,DNAJA1,NMRAL1,RAB15
ERCC4,SUMO2,ILK,NPR2
ERCC4,SUMO2,P4HB,HSPA13
ERCC4,SUMO2,TMPO,VIL1
ERCC4,SUMO2,VCP,DNM3
ERCC4,SUMO2,BRD4,CCNT2
ERCC4,SUMO2,TRAF1,TNFRSF13C
ERCC4,SUMO2,YWHAG,OGT
ERCC4,XPA,SRC,EFNA5
ERCC4,SUMO2,TMPO,VIL1
ERCC4,SUMO2,HSPA1B,RAB3IP,SLC4A8
ERCC4,SUMO2,TPI1,ZP4
ERCC4,SUMO2,P4HB,HSPA13
ERCC4,SUMO2,GTF2I,PRKG1
ERCC4,SUMO2,HTT,SLC25A11
ERCC4,SUMO2,BRD4,CCNT2
ERCC4,CAMK2G,MELK
ERCC4,SUMO2,DDX39A,SIRT5,LRRC52
ERCC4,SUMO2,GTF3C2,FBL,ITGA10
ERCC4,MDC1,WDR26,TDGF1
ERCC4,CAMK2G,CALM3,GAP43
ERCC4,SUMO2,DDX39A,SIRT5,SIGLEC9
ERCC4,PBK,DLG1,CACNG2
ERCC4,PBK,CSNK2A2,PALM3
ERCC4,EME1,H2BC8,CCDC25
ERCC4,NEDD8,ANKRD13D
ERCC4,SUMO2,TMPO,VIL1
ERCC4,PLK1,ANK3,SPTBN4
ERCC4,SUMO2,DDX39A,SIRT5,RIC8A
ERCC4,SUMO2,TMPO,VIL1
ERCC4,SUMO2,TMPO,VIL1
ERCC4,SUMO2,CDKN2A,VAMP1
ERCC4,SUMO2,TOP2A,PRKCG,ORAI1
ERCC4,SUMO2,ZMYM3,RCOR3,KLRF1
ERCC4,CAMK2G,EGFR,EGF
ERCC4,SUMO2,EEF1A1,ECPAS,PCDHGB3
ERCC4,SUMO2,CTR9,BMX
ERCC4,RPA1,RAB11A,PODXL2
ERCC4,PLK1,ANK3
ERCC4,PLK1,BCR
ERCC4,NEDD8,PSMD4,UBAC1
ERCC4,SUMO2,SIN3A,NOTCH2
ERCC4,XPA,SRC,EFNA5
ERCC4,PLK1,NRAS,PCDH18
ERCC4,SUMO2,YWHAQ,KSR1,CLCN5
ERCC4,SUMO2,HSPA1B,RAB3IP,SLC24A1
ERCC4,MDC1,FHL1,AKAP12
ERCC4,CAMK2G,CALM3,GAP43,CHRM3
ERCC4,CAMK2G,CTTN,EXOC8
ERCC4,SUMO2,BABAM2,TMX3
ERCC4,NEDD8,ASB6,DCXR
ERCC4,PBK,LNX1,ROBO3
ERCC4,CAMK2G,CALM3,GAP43
ERCC4,SUMO2,DDX39A,SIRT5,TMED9,TMED1
ERCC4,SUMO2,BABAM2,TMX3,FCER1G,CD300C
ERCC4,SUMO2,CTR9,BMX,SLC39A4
ERCC4,SUMO2,DDX39A,SIRT5,ITGA1
ERCC4,CAMK2G,MELK,STK16
ERCC4,SUMO2,CDKN2A,VAMP1
ERCC4,NEDD8,RAB8B,MICALL2
ERCC4,SUMO2,FLNA,PHLDB2
ERCC4,SUMO2,HTT,SLC25A11
ERCC4,SUMO2,SIN3A,NOTCH2
ERCC4,PLK1,CLIP1,PRKAR2A,PALM2AKAP2
ERCC4,SUMO2,EZR,SLC12A2
ERCC4,SUMO2,HSPA9,AQP12B,OR4X2
ERCC4,SUMO2,P4HB,HSPA13
ERCC4,SUMO2,ESR1,SLC25A6,CNNM2
ERCC4,PLK1,BICD2
ERCC4,SUMO2,ILK,NPR2
ERCC4,PLK1,ARF6,PCDHGB1
ERCC4,NEDD8,KRT2,AQP7
ERCC4,SUMO2,HSP90AA1,MYOCD,IL17RC
ERCC4,SUMO2,HSPA1B,RAB3IP,PSCA
ERCC4,SUMO2,RIF1,BSG,DPP4
ERCC4,RPA1,RAB11A,PODXL2
ERCC4,SUMO2,P4HB,HSPA13,DRD1
ERCC4,SUMO2,TP53,ZNF763,OR51E2
ERCC4,SUMO2,ZBTB33,CHRNB1
ERCC4,MDC1,ATM,P2RY8
ERCC4,SUMO2,TMPO,VIL1
ERCC4,MDC1,CDH13
ERCC4,SUMO2,RPS6KA3,FGFR2
ERCC4,SUMO2,ZCCHC12,APPBP2,WNT5B
ERCC4,CAMK2G,CALM3,GAP43
ERCC4,SUMO2,TPI1,ZP4
ERCC4,SUMO2,SIN3A,NOTCH2
ERCC4,SUMO2,EZR,SLC12A2
ERCC4,SUMO2,HTT,SLC25A11
ERCC4,PBK,STRN3
ERCC4,SUMO2,HSP90B1,RASGRP4
ERCC4,SUMO2,EZR,SLC12A2
ERCC4,SUMO2,PFN1,GOLGB1,NPHS1,NPHS2
ERCC4,SUMO2,LMNA,ZKSCAN1,OSBPL1A
ERCC4,SUMO2,PFN1,GOLGB1,CLDN20
ERCC4,SUMO2,CTR9,BMX
ERCC4,PLK1,EPS15L1
ERCC4,SUMO2,TMPO,VIL1,GRAMD2A
ERCC4,NEDD8,TRAF6,TNFRSF13B
ERCC4,SUMO2,VCP,DNM3
ERCC4,CAMK2G,CALML3,LRCH2,DOC2B
ERCC4,SUMO2,DDX39A,SIRT5,HTR3A
ERCC4,SUMO2,STMN1,ATP6V1H
ERCC4,RPA1,ZBTB18,EEPD1
ERCC4,SUMO2,TMPO,VIL1
ERCC4,SUMO2,ZMYM2,C8A
ERCC4,SUMO2,DDX39A,SIRT5,C3orf52,SLC23A2
ERCC4,TACC1,ERBB2,PTGER3
ERCC4,SUMO2,HTT,SLC25A11
ERCC4,NEDD8,BAG3,PRRG2
ERCC4,SUMO2,CTR9,BMX
ERCC4,SUMO2,YWHAQ,KSR1,RGS8
ERCC4,SUMO2,ILK,NPR2
ERCC4,SUMO2,TMPO,VIL1
ERCC4,SUMO2,P4HB,HSPA13,GNA11
ERCC4,TACC1,BCAP31
ERCC4,SUMO2,XPO5,RALB
ERCC4,SUMO2,EZR,SLC12A2
ERCC4,MSH2,HLA-DPB1
ERCC4,SUMO2,RPS6KA3,FGFR2
ERCC4,PLK1,HRAS,RGS12
ERCC4,TACC1,INSRR
ERCC4,MDC1,H2AX,TSSK4,CD1C
ERCC4,SUMO2,EZR,SLC12A2
ERCC4,MDC1,TINF2,ANXA4
ERCC4,PBK,DLG1,CACNG2
ERCC4,SUMO2,SIN3A,NOTCH2
ERCC4,SUMO2,VCP,DNM3
ERCC4,SUMO2,CTR9,BMX,AQP8
ERCC4,RPA1,RAB11A,PODXL2
ERCC4,SUMO2,NUMA1,PSIP1,KLRK1,RAET1L
ERCC4,SUMO2,PSMC5,CIITA,MYCBPAP
ERCC4,SUMO2,DDX39A,SIRT5,CLCN3,CNGA4
ERCC4,MSH2,EPHA2,CAMK1G
ERCC4,SUMO2,DDX39A,SIRT5,AQP6
ERCC4,SUMO2,EEF1A2,SLC13A5
ERCC4,SUMO2,TMPO,VIL1
ERCC4,SUMO2,TMPO,VIL1
ERCC4,SUMO2,ARF3,GGA1,SLC39A2
ERCC4,PLK1,DYRK1B,TROAP,BEST3
ERCC4,SUMO2,DNAJA1,NMRAL1,ZAN
ERCC4,SUMO2,P4HB,HSPA13,GNG13
ERCC4,PLK1,PARD3
ERCC4,SUMO2,P4HB,HSPA13
ERCC4,SUMO2,P4HB,HSPA13,SEPHS1
ERCC4,SUMO2,SIN3A,NOTCH2
ERCC4,CAMK2G,BAIAP2
ERCC4,SUMO2,TMPO,VIL1
ERCC4,XPA,SRC,EFNA5
ERCC4,NEDD8,DNMT3B,PCDHGB4
ERCC4,SUMO2,P4HB,HSPA13
ERCC4,SUMO2,PGK1,ADI1
ERCC4,SUMO2,P4HB,HSPA13,TCN2
ERCC4,MSH2,HLA-DPB1,HLA-DPA1
ERCC4,SUMO2,ILK,NPR2,OXER1
ERCC4,SUMO2,EPRS1
ERCC4,SUMO2,ESR1
ERCC4,SUMO2,P4HB,HSPA13,GNG10
ERCC4,SUMO2,DAXX,CXXC1,CLCA4
ERCC4,SUMO2,ATP5IF1,TNIP2,BLVRB
ERCC4,SUMO2,TUBA4A,KLK15,CNTNAP3
ERCC4,NEDD8,SMURF1,PTCH1
ERCC4,SUMO2,MARCKS,RAB11FIP1,ROBO4
ERCC4,SUMO2,CPSF2,SYMPK
ERCC4,SUMO2,YWHAG,OGT,CSMD3
ERCC4,SUMO2,ANXA1
ERCC4,SUMO2,YWHAG,OGT
ERCC4,SUMO2,EZR,SLC12A2
ERCC4,SUMO2,TMPO,VIL1,C9
ERCC4,SUMO2,LRRK2,ATP13A1,SLC39A14
ERCC4,SUMO2,EZR,SLC12A2
ERCC4,SUMO2,VIM,CASP3,SHH
ERCC4,XPA,SRC,EFNA5
ERCC4,SUMO2,ZBTB33,CHRNB1
ERCC4,SUMO2,ZBTB1,CBFB,SNX15
ERCC4,NEDD8,CAV1,ADCY5
ERCC4,SUMO2,HSP90B1,RASGRP4
ERCC4,PLK1,NRAS,PCDH18
ERCC4,MDC1,TINF2,ANXA4
ERCC4,SUMO2,P4HB,HSPA13,CALCRL,RAMP1
ERCC4,SUMO2,ACTB,DCTN5,FRMPD2
ERCC4,CAMK2G,CTTN,EXOC8
ERCC4,MDC1,LOX,SH3KBP1
ERCC4,SUMO2,P4HB,HSPA13
ERCC4,SUMO2,FASN,SLC34A3
ERCC4,RPA1,RAB11A,PODXL2
ERCC4,SUMO2,LMNA,ZKSCAN1,ZACN
ERCC4,SUMO2,LMNA,ZKSCAN1,COL23A1
ERCC4,RPA1,RAB11A,PODXL2
ERCC4,SUMO2,RAD54L2,VCX,PAWR
ERCC4,SUMO2,VCP,DNM3
ERCC4,PLK1,ANKRD28,EPS8
ERCC4,PBK,ZNF414,HSD17B8
ERCC4,MAD2L1,MCC
ERCC4,SUMO2,DDX39A,SIRT5,AQP6,XKR3
ERCC4,SUMO2,ZBTB33,CHRNB1
ERCC4,CAMK2G,EGFR,EGF
ERCC4,MDC1,ANK2,EPB42
ERCC4,SUMO2,TMPO,VIL1,GRID1
ERCC4,SUMO2,KRAS,AP4S1,SLC22A18
ERCC4,CAMK2G,DYNLL1,DYNC2H1
ERCC4,CAMK2G,CALML3,LRCH2,TTC7B
ERCC4,XPA,SRC,EFNA5
ERCC4,PLK1,ARF6,PCDHGB1
ERCC4,SUMO2,LMNA,ZKSCAN1,VMP1
ERCC4,SUMO2,LMNA,ZKSCAN1,KCNA10
ERCC4,SUMO2,P4HB,HSPA13,GHRHR
ERCC4,MDC1,RBX1,FBXO9,RAPSN
ERCC4,CAMK2G,EGFR,EGF
ERCC4,MSH2,WWOX,CATSPERE,TVP23B,YIPF1
ERCC4,SUMO2,P4HB,HSPA13
ERCC4,TACC1,RHOG,ELMO1
ERCC4,XPA,SRC,EFNA5
ERCC4,PBK,LNX1,ROBO3
ERCC4,SUMO2,ILK,NPR2
ERCC4,SUMO2,TPI1,ZP4,PARP14
ERCC4,SUMO2,HTT,SLC25A11
ERCC4,MDC1,ANK2,EPB42,RIMBP2
ERCC4,SUMO2,VCP,DNM3
ERCC4,SUMO2,P4HB,HSPA13
ERCC4,SUMO2,DNM1L,MIEF2,TENM1
ERCC4,MSH2,AKT1,THEM4
ERCC4,CAMK2G,KANK2,CEP70,BAIAP2L2
ERCC4,MSH2,RAF1,ETS2
ERCC4,SUMO2,CDKN2A,VAMP1
ERCC4,SUMO2,HTT,SLC25A11,DSCAML1
ERCC4,SUMO2,HTT,SLC25A11,GYPC
ERCC4,SUMO2,DNAJA1,NMRAL1,NHERF4
ERCC4,SUMO2,BABAM2,TMX3,C11orf24
ERCC4,EME1,S100P,TGFBI
ERCC4,SUMO2,SIN3A,NOTCH2
ERCC4,TP53BP1,MAPK3,ZBTB42
ERCC4,SUMO2,EZR,SLC12A2,CORO2A,SLC16A8
ERCC4,SUMO2,RNF213,RELT
ERCC4,PLK1,PAK1
ERCC4,TP53BP1,ARRB1,PTGER2
ERCC4,SUMO2,ESR1,SLC25A6,P2RX6
ERCC4,SUMO2,EEF1A1,ECPAS,PCDHB12
ERCC4,SUMO2,DDX21,PRR3
ERCC4,CAMK2G,GRIA1,CXCR2
ERCC4,SUMO2,DDX39A,SIRT5,PRSS12
ERCC4,SUMO2,CTR9,BMX
ERCC4,SUMO2,TMPO,VIL1,SLC30A3
ERCC4,SUMO2,UBB,ANKRD9,KCNIP4
ERCC4,XPA,SRC,EFNA5
ERCC4,SUMO2,EZR,SLC12A2
ERCC4,NFKBID,REL,SLC6A12
ERCC4,SUMO2,BABAM2,TMX3,SIRPB1
ERCC4,SUMO2,SMC3,COPG1,OR6T1
ERCC4,ERCC6,IKBIP,MSR1
ERCC4,NEDD8,HIF1A,E2F7,PDCD1,PDCD1LG2
ERCC4,SUMO2,BRD4,CCNT2
ERCC4,SUMO2,VCP,DNM3
ERCC4,PLK1,HRAS,RGS12
ERCC4,SUMO2,DDX21,PRR3
ERCC4,PBK,LNX1,ROBO3
ERCC4,SUMO2,ESR1,SLC25A6,COL25A1
ERCC4,SUMO2,BABAM2,TMX3,FCER1G,CD300C
ERCC4,PLK1,PARD3,JAM3
ERCC4,SUMO2,P4HB,HSPA13,KCNJ3
ERCC4,SUMO2,CTR9,BMX,HMOX2
ERCC4,SUMO2,BABAM2,TMX3,CYBA
ERCC4,SUMO2,HSPD1,DLAT,LY96
ERCC4,SUMO2,DDX21,PRR3
ERCC4,SUMO2,DDX39A,SIRT5,CHRNA5,LYPD1
ERCC4,SUMO2,CTR9,BMX
ERCC4,SUMO2,YWHAG,OGT,TMC5
ERCC4,SUMO2,LMNA,ZKSCAN1,OSBPL2
ERCC4,SUMO2,PDS5A
ERCC4,SUMO2,SIN3A,NOTCH2
ERCC4,FANCA,UBE2T,TGM1
ERCC4,SUMO2,HDAC4,WASHC2C
ERCC4,SUMO2,VCP,DNM3,SLC44A5
ERCC4,PLK1,TNS2
ERCC4,SUMO2,VCP,DNM3,LRRC55
ERCC4,SUMO2,TRMT1L,CFAP97,ARRDC4
ERCC4,MSH2,HLA-DPB1,HLA-DPA1
ERCC4,SUMO2,EZR,SLC12A2
ERCC4,PLK1,CTNNB1,CTNNBIP1,IHH
ERCC4,RPA1,RAB11A,PODXL2
ERCC4,SUMO2,RBBP4,RBL2,NRXN1
ERCC4,SUMO2,PFN1,GOLGB1,CR1L
ERCC4,SUMO2,DDX21,PRR3
ERCC4,SUMO2,SIN3A,NOTCH2
ERCC4,SUMO2,LRRK2,ATP13A1,SLC22A16
ERCC4,CAMK2G,DYNLL1,DYNC2H1
ERCC4,XPA,SRC,EFNA5
ERCC4,SUMO2,ACTB,DCTN5,SNTG2
ERCC4,PLK1,ARF6,PCDHGB1
ERCC4,SUMO2,EZR,SLC12A2
ERCC4,MSH2,EPHA2,CAMK1G
ERCC4,SUMO2,VCP,DNM3
ERCC4,SUMO2,HTT,SLC25A11
ERCC4,SUMO2,PFN1,GOLGB1,GUCY2F
ERCC4,SUMO2,HTT,SLC25A11
ERCC4,SUMO2,DNAJA1,NMRAL1,TNFRSF21
ERCC4,SUMO2,HSPA5
ERCC4,PLK1,HRAS,RGS12
ERCC4,SUMO2,VCP,DNM3
ERCC4,CAMK2G,EGFR,EGF
ERCC4,NEDD8,BAG3,PRRG2
ERCC4,SUMO2,FASN,SLC34A3
ERCC4,NEDD8,RHOBTB2
ERCC4,SUMO2,EEF1G,HSD17B10
ERCC4,NEDD8,SMURF1,PTCH1
ERCC4,SUMO2,ILK,NPR2
ERCC4,SUMO2,HTT,SLC25A11
ERCC4,PBK,MTPN,MPP2
ERCC4,SUMO2,HSPA8
ERCC4,SUMO2,KCNA5,KCNAB2,SLC26A4
ERCC4,MSH2,AKT1,THEM4
ERCC4,SUMO2,P4HB,HSPA13,GPR139
ERCC4,TP53BP1,ARRB1,PTGER2
ERCC4,SUMO2,RAD54L2,VCX,IL1RAPL1
ERCC4,SUMO2,P4HB,HSPA13,CNR1
ERCC4,SUMO2,EZR,SLC12A2
ERCC4,SUMO2,SIN3A,NOTCH2
ERCC4,SUMO2,UBB,ANKRD9,CACNA2D2
ERCC4,SUMO2,CTR9,BMX
ERCC4,CAMK2G,CALML3,LRCH2,TTC7A
ERCC4,UBE2B,UBQLN1
ERCC4,SUMO2,CCT5,PEX7,ADGRE5
ERCC4,CAMK2G,EGFR,EGF
ERCC4,SUMO2,DDX39A,SIRT5,ANO8
ERCC4,SUMO2,DAXX,CXXC1,ICOS
ERCC4,SUMO2,DDX39A,SIRT5,PCDHGA9
ERCC4,SUMO2,PALLD,WDFY2,LRRC45
ERCC4,SUMO2,HDAC4,WASHC2C
ERCC4,SUMO2,HTT,SLC25A11
ERCC4,PLK1,CDH1
ERCC4,SUMO2,SIN3A,NOTCH2,WNT5A
ERCC4,SUMO2,CCT5,PEX7,COL4A5,SLC10A4
ERCC4,SUMO2,DAXX,CXXC1,FZD2
ERCC4,SUMO2,PRDX3
ERCC4,CAMK2G,YWHAH
ERCC4,XPA,SRC,EFNA5
ERCC4,SUMO2,PFN1,GOLGB1,LIM2
ERCC4,SUMO2,TMPO,VIL1
ERCC4,PLK1,HRAS,RGS12
ERCC4,SUMO2,SIN3A,NOTCH2
ERCC4,SUMO2,ESR1,SLC25A6,RGS9
ERCC4,SUMO2,EHD4,RPL38,ENPP6
ERCC4,SUMO2,SIN3A,NOTCH2
ERCC4,CAMK2G,EGFR,EGF
ERCC4,CAMK2G,GRIN1,GPR88
ERCC4,SUMO2,DDX39A,SIRT5,IL2RG
ERCC4,PBK,LNX1,ROBO3
ERCC4,SUMO2,P4HB,HSPA13,ADGRD1
ERCC4,SUMO2,HSPA1B,RAB3IP,IL3RA
ERCC4,NEDD8,SMURF1,PTCH1
ERCC4,RPA1,ZBTB18,EEPD1
ERCC4,PBK,CABP2
ERCC4,SUMO2,P4HB,HSPA13,GNG5
ERCC4,TACC1,RAC2,DIRAS1
ERCC4,SUMO2,EZR,SLC12A2
ERCC4,SUMO2,YWHAG,OGT
ERCC4,NEDD8,RHOF,ASIC1
ERCC4,TP53BP1,ARRB1,PTGER2
ERCC4,MDC1,UBQLN2
ERCC4,SUMO2,ACTB,DCTN5,CLDN6
ERCC4,MSH2,EPHA2,CAMK1G
ERCC4,SUMO2,ESR1,SLC25A6,PCDHGC5
ERCC4,SUMO2,DDX39A,SIRT5,NLRP6
ERCC4,PLK1,HRAS,RGS12
ERCC4,SUMO2,HDAC4,WASHC2C
ERCC4,NEDD8,GAPDH,SLC4A3
ERCC4,CAMK2G,EGFR,EGF
ERCC4,SUMO2,MDN1,STK17B
ERCC4,SUMO2,EZR,SLC12A2
ERCC4,SUMO2,VCP,DNM3
ERCC4,SUMO2,P4HB,HSPA13
ERCC4,NEDD8,BAG3,PRRG2
ERCC4,CAMK2G,EGFR,EGF,PAQR6
ERCC4,SUMO2,CTR9,BMX
ERCC4,SUMO2,TMPO,VIL1,KNTC1
ERCC4,PBK,CSNK2A2,PALM3
ERCC4,SUMO2,TMPO,VIL1
ERCC4,NEDD8,UCHL1,ADRA2B
ERCC4,SUMO2,P4HB,HSPA13
ERCC4,PBK,LNX1,ROBO3
ERCC4,SUMO2,ACTB,DCTN5,PCDHA11
ERCC4,SUMO2,P4HB,HSPA13
ERCC4,SUMO2,DDX39A,SIRT5,IL1RL1
ERCC4,CAMK2G,GRIN1,GPR88
ERCC4,SUMO2,GTF3C2,FBL,ADAMTS13,CELSR1
ERCC4,PBK,ZNF414,HSD17B8
ERCC4,SUMO2,VCP,DNM3
ERCC4,SUMO2,CHD8,CASR
ERCC4,SUMO2,DAXX,CXXC1,CD8A
ERCC4,MSH2,NTRK1,XPR1
ERCC4,SUMO2,SIN3A,NOTCH2
ERCC4,MDC1,BRCA1
ERCC4,SUMO2,PFN1,GOLGB1,LRRC3
ERCC4,SUMO2,VCP,DNM3
ERCC4,NEDD8,RHOU
ERCC4,RPA1,OBSCN
ERCC4,MSH2,NTRK1,XPR1
ERCC4,SUMO2,STMN1,ATP6V1H
ERCC4,PBK,DLG1,CACNG2
ERCC4,SUMO2,DNAJA1,NMRAL1,ADAM2
ERCC4,SUMO2,P4HB,HSPA13,S1PR5
ERCC4,SUMO2,EEF1A2,SLC13A5
ERCC4,SUMO2,DDX39A,SIRT5,OMG
ERCC4,XPA,SRC,EFNA5
ERCC4,SLX4,TERF2IP,CPNE2
ERCC4,SUMO2,ESR1,SLC25A6,IGSF8
ERCC4,SUMO2,HSP90AB1
ERCC4,SUMO2,KRAS,AP4S1,OR2AG1
ERCC4,SUMO2,P4HB,HSPA13
ERCC4,TACC1,ROS1
ERCC4,SUMO2,PSMC5,CIITA,PDE4A
ERCC4,SUMO2,ESR1,SLC25A6,GABRA3
ERCC4,NEDD8,FBXO7,FGF10
ERCC4,RPA1,RAB11A,PODXL2
ERCC4,SUMO2,CTR9,BMX
ERCC4,SUMO2,P4HB,HSPA13
ERCC4,SUMO2,VCP,DNM3,CACNB1
ERCC4,SUMO2,EZR,SLC12A2
ERCC4,ZNF423,USP7,TRO
ERCC4,SUMO2,DDX39A,SIRT5,RAPGEF3
ERCC4,SUMO2,VCP,DNM3
ERCC4,NFKBID,REL,SLC6A12
ERCC4,PLK1,ANK3,SPTBN4
ERCC4,SUMO2,TMPO,VIL1
ERCC4,SUMO2,DDX39A,SIRT5,SLAMF6
ERCC4,CAMK2G,DYNLL1,DYNC2H1
ERCC4,SUMO2,YWHAQ,KSR1,SLC7A7
ERCC4,MAD2L1,ARFGAP2
ERCC4,SUMO2,DNAJA1,NMRAL1,TRPA1
ERCC4,TACC1,RHOD
ERCC4,NEDD8,UCHL1,ADRA2B
ERCC4,PLK1,ARF6,PCDHGB1
ERCC4,SUMO2,SIN3A,NOTCH2
ERCC4,SUMO2,DDX39A,SIRT5,TMEM30B
ERCC4,SUMO2,SIN3A,NOTCH2
ERCC4,SUMO2,SIN3A,NOTCH2
ERCC4,SUMO2,HSPA1B,RAB3IP,CD300LB,TYROBP,TREM1
ERCC4,PLK1,ARF6,PCDHGB1,GLRA2
ERCC4,ERCC6,IKBIP,MSR1
ERCC4,PLK1,PPP1R12A
ERCC4,SUMO2,ZMYM2,C8A
ERCC4,XPA,SRC,EFNA5
ERCC4,SUMO2,DDX39A,SIRT5,NCAM2
ERCC4,SUMO2,TRIM33,CEP78,UNC79
ERCC4,SUMO2,TPI1,ZP4
ERCC4,TACC1,RAC2,DIRAS1
ERCC4,SUMO2,P4HB,HSPA13,HTR1E
ERCC4,SUMO2,ARF3
ERCC4,NEDD8,BAG3,PRRG2
ERCC4,TACC1,ERBB2
ERCC4,CAMK2G,EGFR,EGF
ERCC4,PLK1,HRAS,RGS12,SLC9A3R2,OR52B2
ERCC4,SUMO2,TMPO,VIL1
ERCC4,PLK1,SNCA
ERCC4,SUMO2,ZBTB33,CHRNB1
ERCC4,SUMO2,HTT,SLC25A11
ERCC4,LYAR,YBX1
ERCC4,MDC1,TINF2,ANXA4
ERCC4,XPA,SRC,EFNA5
ERCC4,SUMO2,P4HB,HSPA13,GCGR
ERCC4,NEDD8,FBXO7,FGF10
ERCC4,SUMO2,P4HB,HSPA13
ERCC4,ERCC6,MPHOSPH8
ERCC4,SUMO2,AHNAK,CERS2,SLC22A1
ERCC4,MSH2,AKT1,THEM4
ERCC4,CAMK2G,DYNLL1
ERCC4,SUMO2,RBBP4,RBL2,NRXN1,SYT13
ERCC4,CAMK2G,GRIN2B
ERCC4,SUMO2,KCNA5,KCNAB2
ERCC4,PLK1,NRAS,PCDH18
ERCC4,MDC1,SMARCD1,COL26A1
ERCC4,XPA,SRC,EFNA5
ERCC4,XPA,SRC,EFNA5
ERCC4,SUMO2,BABAM2,TMX3
ERCC4,XPA,SRC,EFNA5
ERCC4,SUMO2,TMPO,VIL1
ERCC4,RPA1,RAB11A,PODXL2
ERCC4,PBK,LNX1,ROBO3
ERCC4,SUMO2,HTT,SLC25A11
ERCC4,SUMO2,YWHAG,OGT
ERCC4,SUMO2,KCNA5,KCNAB2,GRIK5
ERCC4,SUMO2,BABAM2,TMX3
ERCC4,PBK,ZNF414,HSD17B8
ERCC4,SUMO2,CDKN2A,VAMP1
ERCC4,SUMO2,BRD4,CCNT2
ERCC4,XPA,SRC,EFNA5
ERCC4,SUMO2,SMC1A,GRM3
ERCC4,SUMO2,YWHAQ,KSR1,CNST
ERCC4,SUMO2,VCP,DNM3
ERCC4,SUMO2,LMNA,ZKSCAN1,INPP5B
ERCC4,SUMO2,VCP,DNM3
ERCC4,MAD2L1,ABL2,CD84
ERCC4,SUMO2,YWHAG,OGT
ERCC4,SUMO2,CHD3,KRT84,SIRPG
ERCC4,SUMO2,SIN3A,NOTCH2,CD68
ERCC4,SUMO2,TRAF1,TNFRSF13C
ERCC4,NEDD8,SMURF1,PTCH1
ERCC4,SUMO2,CCT5,PEX7,C4BPB
ERCC4,SUMO2,ZMYM3,RCOR3,CHRNA1
ERCC4,MDC1,FZR1,RGS11
ERCC4,ZNF423,KLHL2,WNK2
ERCC4,SUMO2,VCP,DNM3
ERCC4,SUMO2,ACO2,GPD1L
ERCC4,SUMO2,CTR9,BMX
ERCC4,SUMO2,SIRT1,GTF2A1,C1QTNF5
ERCC4,PLK1,HRAS,RGS12
ERCC4,SUMO2,SIN3A,NOTCH2
ERCC4,SUMO2,VCP,DNM3
ERCC4,PLK1,NRAS
ERCC4,SUMO2,HSP90AA1,MYOCD,SLC27A6
ERCC4,SUMO2,XPO5,RALB
ERCC4,CAMK2G,CALM3,GAP43
ERCC4,PLK1,HRAS,RGS12
ERCC4,ERCC6,BMI1,CD109
ERCC4,SUMO2,EEF1G,HSD17B10
ERCC4,SUMO2,EGLN3,ATF4,CBLB
ERCC4,SUMO2,HSP90AA1,MYOCD,CD28
ERCC4,SUMO2,HTT,SLC25A11,ABCA6
ERCC4,SUMO2,BRD4,CCNT2
ERCC4,PLK1,PAK3,ITGB8
ERCC4,SUMO2,BABAM2,TMX3,PLPP2
ERCC4,SUMO2,CHD8,CASR
ERCC4,SUMO2,TOP2A,PRKCG,DGKD
ERCC4,SUMO2,SIN3A,NOTCH2
ERCC4,SUMO2,P4HB,HSPA13,OPRM1
ERCC4,SUMO2,EZR,SLC12A2,ITGAD
ERCC4,PBK,NTNG1
ERCC4,SUMO2,CTR9,BMX
ERCC4,PLK1,PARD3,JAM3
ERCC4,SUMO2,TMPO,VIL1,ADAM18
ERCC4,MDC1,TINF2,ANXA4
ERCC4,SUMO2,HTT,SLC25A11
ERCC4,NEDD8,RAB8B
ERCC4,SUMO2,HDLBP
ERCC4,SUMO2,DDX39A,SIRT5,RAPGEF4
ERCC4,SUMO2,TKT
ERCC4,SUMO2,P4HB,HSPA13,GALR2
ERCC4,SUMO2,UBB,ANKRD9,ENPP7
ERCC4,XPA,SRC,EFNA5
ERCC4,SUMO2,FLNA,PHLDB2
ERCC4,SUMO2,EZR,SLC12A2,RIT2
ERCC4,MDC1,WDR26,TDGF1
ERCC4,UBE2B,UNK,PNRC1,ATP8A1
ERCC4,SUMO2,YWHAG,OGT
ERCC4,SUMO2,SIN3A,NOTCH2
ERCC4,XPA,SRC,EFNA5
ERCC4,PLK1,HRAS,RGS12
ERCC4,PIAS4,TRIM32,PDE9A
ERCC4,SUMO2,SIN3A,NOTCH2
ERCC4,SUMO2,RIF1,BSG
ERCC4,SUMO2,BABAM2,TMX3
ERCC4,MSH2,NTRK1,XPR1
ERCC4,SUMO2,TRIM63,LMCD1,CYTH4
ERCC4,XPA,BMPR1A,BMP2,RGMA
ERCC4,PLK1,NRAS,PCDH18
ERCC4,CAMK2G,EGFR,EGF
ERCC4,SUMO2,RPS6KA3,FGFR2
ERCC4,PLK1,PTPN1,ATP4A
ERCC4,SUMO2,HTT,SLC25A11
ERCC4,SUMO2,DDX39A,SIRT5,DPEP1
ERCC4,SUMO2,LMNA,ZKSCAN1,ENTPD6
ERCC4,SUMO2,TMPO,VIL1
ERCC4,XPA,SRC,EFNA5
ERCC4,MDC1,ATM,P2RY8
ERCC4,SUMO2,ILK,NPR2
ERCC4,SUMO2,LMNA,ZKSCAN1,CHRNB4
ERCC4,SUMO2,SIN3A,NOTCH2
ERCC4,SUMO2,ACTB,DCTN5,VPS35L
ERCC4,SUMO2,TMPO,VIL1
ERCC4,SUMO2,DAXX,CXXC1,TNFRSF25
ERCC4,PBK,LNX1,ROBO3,KCNS2
ERCC4,SUMO2,TMPO,VIL1
ERCC4,CAMK2G,CALM3,GAP43
ERCC4,XPA,SRC,EFNA5
ERCC4,SUMO2,EZR,SLC12A2
ERCC4,SUMO2,ILK,NPR2
ERCC4,PLK1,CTNNB1,CTNNBIP1,CPEB3
ERCC4,SUMO2,SMC2,ANKK1,TLR8
ERCC4,MDC1,ANK2,EPB42
ERCC4,SUMO2,TMPO,VIL1,HAS3
ERCC4,SUMO2,VIM,CASP3,LSP1
ERCC4,MAD2L1,DSTYK,CD226,MBLAC2
ERCC4,CAMK2G,PLCB3,GNAQ
ERCC4,PLK1,BCR,SLA2
ERCC4,SUMO2,HTT,SLC25A11
ERCC4,CAMK2G,ADCY3,RXFP1
ERCC4,PBK,CSNK2A2,PALM3
ERCC4,CAMK2G,EGFR,EGF,KCNN3
ERCC4,SUMO2,RUVBL1,F2R
ERCC4,SUMO2,HTT,SLC25A11
ERCC4,PLK1,MYC,CDR2,KIR3DL2
ERCC4,SUMO2,HSPA1B,RAB3IP,MPL
ERCC4,SUMO2,HTT
ERCC4,SUMO2,SIN3A,NOTCH2
ERCC4,SUMO2,P4HB,HSPA13
ERCC4,SUMO2,EZR,SLC12A2
ERCC4,SUMO2,EZR,SLC12A2,CHRNE
ERCC4,SUMO2,HDAC4,WASHC2C
ERCC4,NEDD8,CASP7,NUCB2
ERCC4,SUMO2,DDX39A,SIRT5,LYPLA1
ERCC4,SUMO2,HSP90B1,RASGRP4
ERCC4,SUMO2,DDX21,PRR3
ERCC4,NFKBID,REL,SLC6A12
ERCC4,SUMO2,YWHAG,OGT
ERCC4,CAMK2G,GRIN1,GPR88
ERCC4,SUMO2,VCP,DNM3
ERCC4,SUMO2,P4HB,HSPA13,TACR1
ERCC4,SUMO2,YWHAQ,KSR1,CCNYL1
ERCC4,SUMO2,SIN3A,NOTCH2,HNF4G,HAS2
ERCC4,SLX4,SUMO1
ERCC4,PIAS4,KRT18,PSTPIP2
ERCC4,SUMO2,DDX39A,SIRT5,SDC4
ERCC4,SUMO2,HSP90B1,RASGRP4
ERCC4,PLK1,NRAS,PCDH18
ERCC4,SUMO2,FASN
ERCC4,SUMO2,ESR1,SLC25A6,TSHZ3
ERCC4,SUMO2,BRD4,CCNT2
ERCC4,MSH2,EPHA2,CAMK1G
ERCC4,SUMO2,TMPO,VIL1,NDRG4
ERCC4,SUMO2,VCP,DNM3
ERCC4,SUMO2,CDKN2A,VAMP1
ERCC4,CAMK2G,EGFR,EGF
ERCC4,SUMO2,DDX39A,SIRT5,GNAL
ERCC4,CAMK2G,EGFR,EGF
ERCC4,SUMO2,EEF1G,HSD17B10
ERCC4,MSH2,NTRK1,XPR1
ERCC4,SUMO2,TMPO,VIL1
ERCC4,SUMO2,P4HB,HSPA13
ERCC4,TP53BP1,ARRB1,PTGER2,CR1
ERCC4,SUMO2,UBB
ERCC4,XPA,SRC,EFNA5
ERCC4,CAMK2G,DYNLL1,DYNC2H1
ERCC4,SUMO2,ALDOA,GLO1,SLC15A2
ERCC4,PLK1,HRAS,RGS12
ERCC4,SUMO2,EPPK1,RPGRIP1L
ERCC4,SUMO2,TMPO,VIL1
ERCC4,MAD2L1,DSTYK,CD226
ERCC4,SUMO2,P4HB,HSPA13,CALCRL
ERCC4,SUMO2,GTF2I,PRKG1
ERCC4,SUMO2,CTR9,BMX
ERCC4,SUMO2,TRAF1,TNFRSF13C,CD70
ERCC4,SUMO2,DAXX,CXXC1,MVB12B
ERCC4,SUMO2,EZR,SLC12A2,ANXA13
ERCC4,SUMO2,P4HB,HSPA13
ERCC4,SUMO2,HTT,SLC25A11
ERCC4,SUMO2,EZR,SLC12A2
ERCC4,SUMO2,DNM1L,MIEF2,RHBDL1
ERCC4,PBK,CSNK2A2,PALM3
ERCC4,SUMO2,P4HB,HSPA13
ERCC4,SUMO2,LTK
ERCC4,SUMO2,SIN3A,NOTCH2
ERCC4,SUMO2,SIN3A,NOTCH2
ERCC4,SUMO2,P4HB,HSPA13,BDKRB1
ERCC4,CAMK2G,MALT1,FEM1C,OR51B2
ERCC4,MSH2,EPHA2,CAMK1G
ERCC4,XPA,SRC,EFNA5
ERCC4,PBK,LNX1,ROBO3
ERCC4,SUMO2,DDX39A,SIRT5,DGAT1
ERCC4,SUMO2,SIN3A,NOTCH2
ERCC4,MSH2,HLA-DPB1,HLA-DPA1
ERCC4,CAMK2G,CALM3,GAP43
ERCC4,PLK1,PARD3,JAM3
ERCC4,SUMO2,CTR9,BMX
ERCC4,PLK1,DVL1,FZD7
ERCC4,SUMO2,YWHAG,OGT
ERCC4,SUMO2,HSPA1B,RAB3IP,OLFM4
ERCC4,XPA,SRC,EFNA5
ERCC4,XPA,SRC,EFNA5
ERCC4,SUMO2,TMPO,VIL1
ERCC4,CAMK2G,GRIN1,GPR88
ERCC4,CAMK2G,EGFR,EGF,ULBP1
ERCC4,SUMO2,RIF1,BSG
ERCC4,SUMO2,CCT6A,TECR,PKD2L1,PKD1L3
ERCC4,CAMK2G,MELK,STK16
ERCC4,PBK,MTPN,MPP2,OR5F1
ERCC4,MDC1,TINF2,ANXA4
ERCC4,PBK,CDK1,DUSP21,ATP23
ERCC4,SUMO2,LTK,PPA1,SEMA4G
ERCC4,SUMO2,ESR1,SLC25A6,REPS1
ERCC4,SUMO2,BABAM2,TMX3
ERCC4,SUMO2,HSP90AA1,MYOCD,DENND3,RAB12
ERCC4,SUMO2,MDN1,STK17B
ERCC4,MDC1,WDR26,TDGF1
ERCC4,SUMO2,EZR,SLC12A2
ERCC4,SUMO2,HTT,SLC25A11
ERCC4,TP53BP1,MAPK3,ZBTB42
ERCC4,SUMO2,EZR,SLC12A2,LAPTM4B
ERCC4,PLK1,NRAS,PCDH18
ERCC4,LYAR,RPSA
ERCC4,SUMO2,ILK,NPR2
ERCC4,MSH2,AKT1,THEM4
ERCC4,SUMO2,PFN1,GOLGB1,NEXN
ERCC4,PLK1,HRAS,RGS12
ERCC4,CAMK2G,CALM3,GAP43
ERCC4,CAMK2G,EGFR,EGF
ERCC4,SUMO2,TMPO,VIL1
ERCC4,SUMO2,VCP,DNM3
ERCC4,NEDD8,BAG3,PRRG2
ERCC4,SUMO2,VCP,DNM3
ERCC4,SUMO2,SIN3A,NOTCH2
ERCC4,SUMO2,VCP,DNM3
ERCC4,SUMO2,ZCCHC12,APPBP2,SLC7A10
ERCC4,SUMO2,YWHAG,OGT
ERCC4,SUMO2,DDX39A,SIRT5,CLEC4G
ERCC4,CAMK2G,CALM3,GAP43
ERCC4,SUMO2,P4HB,HSPA13,NMUR1
ERCC4,NEDD8,CAV1,ADCY5
ERCC4,SUMO2,P4HB,HSPA13,ADGRF1
ERCC4,CAMK2G,CALM3,GAP43
ERCC4,SUMO2,DNM1L,MIEF2,GDE1
ERCC4,CAMK2G,EGFR,EGF
ERCC4,SUMO2,P4HB,HSPA13,P2RX5
ERCC4,CAMK2G,EGFR,EGF
ERCC4,TACC1,ERBB3,SELENOK
ERCC4,SUMO2,VCP,DNM3
ERCC4,PBK,CSNK2A2,PALM3,CATSPER1,CACNA1I
ERCC4,XPA,ATR,FAAP24,CD200R1,CD200
ERCC4,PLK1,HRAS,RGS12
ERCC4,SUMO2,BRD4,CCNT2
ERCC4,NEDD8,GAPDH,SLC4A3
ERCC4,PLK1,CDH1,ITGAE
ERCC4,PBK,CSNK2A2,PALM3
ERCC4,CAMK2G,EGFR,EGF,SLC39A6
ERCC4,SUMO2,P4HB,HSPA13,NPY4R2
ERCC4,SUMO2,TPI1,ZP4
ERCC4,MSH2,EPHA2,CAMK1G
ERCC4,PLK1,HRAS,RGS12
ERCC4,PIAS4,TRIM32,PDE9A
ERCC4,SUMO2,SIN3A,NOTCH2
ERCC4,NEDD8,CAV1,ADCY5
ERCC4,SUMO2,EZR,SLC12A2
ERCC4,SUMO2,ILK,NPR2
ERCC4,SUMO2,HDLBP,BPGM,TSPAN14
ERCC4,SUMO2,DDX39A,SIRT5,PAQR9
ERCC4,CAMK2G,CALM3,GAP43,ADORA2B
ERCC4,MAD2L1,MAD1L1,KCNAB3
ERCC4,SUMO2,KCNA5,KCNAB2
ERCC4,PLK1,HRAS,RGS12
ERCC4,SUMO2,TMPO,VIL1,ORAI3
ERCC4,ERCC6,KAT2B,MAFA
ERCC4,SUMO2,TRAF1,TNFRSF13C
ERCC4,SUMO2,ATP5IF1,TNIP2,CSPG4
ERCC4,SUMO2,DAXX,CXXC1,ITGA2
ERCC4,SUMO2,TMPO,VIL1,ITGA9
ERCC4,SUMO2,EHD4,RPL38,RGS7
ERCC4,PBK,ZNF414,HSD17B8
ERCC4,SUMO2,P4HB,HSPA13
ERCC4,SUMO2,HSPA1B,RAB3IP,SLC17A8
ERCC4,PLK1,TRIOBP,KCNH2
ERCC4,SUMO2,RUVBL1,F2R
ERCC4,PLK1,HRAS,RGS12
ERCC4,SUMO2,DNM1L,MIEF2,SLC12A5
ERCC4,SUMO2,LTK,PPA1,SSTR5
ERCC4,SUMO2,ACTB,DCTN5,PAQR8
ERCC4,NEDD8,RHOF,ASIC1
ERCC4,SUMO2,LTK,PPA1,PIK3R5
ERCC4,SUMO2,TRAF1,TNFRSF13C,TNFSF18
ERCC4,SUMO2,CTR9,BMX
ERCC4,SUMO2,CTR9,BMX
ERCC4,SUMO2,HTT,SLC25A11
ERCC4,SUMO2,SIN3A,NOTCH2
ERCC4,PLK1,HRAS,RGS12
ERCC4,SUMO2,PSMC5,CIITA,CACNB2
ERCC4,NEDD8,BAG3,PRRG2
ERCC4,NEDD8,CAV1,ADCY5
ERCC4,SUMO2,UBB,ANKRD9,KCNIP1
ERCC4,ERCC6,BMI1,CD109
ERCC4,SUMO2,VCP,DNM3
ERCC4,PLK1,NRAS,PCDH18
ERCC4,SUMO2,XPO5,RALB
ERCC4,SUMO2,EZR,SLC12A2,BMF
ERCC4,PBK,CSNK2A2,PALM3
ERCC4,NEDD8,CAV1,ADCY5
ERCC4,SUMO2,DDX39A,SIRT5,CD1A
ERCC4,SUMO2,SIN3A,NOTCH2
ERCC4,SUMO2,ACTB,DCTN5,CLDN5
ERCC4,SUMO2,P4HB,HSPA13,NPY1R
ERCC4,SUMO2,HTT,SLC25A11
ERCC4,SUMO2,EZR,SLC12A2,FRMD7
ERCC4,MSH2,NTRK1,XPR1
ERCC4,SUMO2,FLNA,PHLDB2
ERCC4,SUMO2,RBBP7,ACTR8,NPPA,NPR3
ERCC4,NEDD8,SNRPD2,CRLF3
ERCC4,SUMO2,HTT,SLC25A11
ERCC4,TP53BP1,ARRB1,PTGER2
ERCC4,PLK1,STXBP4,LDLRAD4,ZDHHC22
ERCC4,SUMO2,P4HB,HSPA13,S1PR3
ERCC4,NEDD8,GDI1,RAB3B
ERCC4,SUMO2,EZR,SLC12A2
ERCC4,SUMO2,P4HB,HSPA13
ERCC4,SUMO2,TMPO,VIL1
ERCC4,SUMO2,SOD1,ATOX1,MADD
ERCC4,SUMO2,EZR,SLC12A2,ABCG1
ERCC4,SUMO2,SIN3A,NOTCH2
ERCC4,SUMO2,HTT,SLC25A11
ERCC4,PLK1,ITSN1
ERCC4,SUMO2,SIN3A,NOTCH2,GLG1
ERCC4,PIAS4,TRIM32,PDE9A
ERCC4,PIAS4,AR
ERCC4,SUMO2,VCP,DNM3
ERCC4,PLK1,PARD3,JAM3
ERCC4,PLK1,NRAS,PCDH18
ERCC4,MSH2,ATP6V1B2
ERCC4,SUMO2,HSPA5,LOC102723407,OR14J1
ERCC4,SUMO2,RUVBL1,F2R
ERCC4,SUMO2,VCP,DNM3
ERCC4,SUMO2,EZR,SLC12A2
ERCC4,SUMO2,YWHAQ,KSR1,NRXN2
ERCC4,PLK1,CTNNB1,CTNNBIP1,SKAP1
ERCC4,SUMO2,EZR,SLC12A2
ERCC4,PBK,MTPN,MPP2
ERCC4,SUMO2,ATRX,EZH2,SLC31A1
ERCC4,SUMO2,FLNA,PHLDB2
ERCC4,NEDD8,TFG,CHMP1B
ERCC4,SUMO2,P4HB,HSPA13
ERCC4,SUMO2,EZR,SLC12A2,ADAM15
ERCC4,PLK1,RHOB
ERCC4,SUMO2,ARF3,GGA1,LRP10
ERCC4,SUMO2,SIN3A,NOTCH2
ERCC4,SUMO2,CPSF2,SYMPK
ERCC4,XPA,ATR,FAAP24,CD200R1
ERCC4,UBE2B,UNK,PNRC1,ATP8B4
ERCC4,PLK1,NRAS,PCDH18
ERCC4,SUMO2,DDX39A,SIRT5,TGFBR3
ERCC4,SUMO2,HTT,SLC25A11
ERCC4,XPA,SRC,EFNA5,LYNX1
ERCC4,SUMO2,TMPO,VIL1
ERCC4,SUMO2,CTR9,BMX
ERCC4,SUMO2,ARF4
ERCC4,SUMO2,CDKN2A,VAMP1
ERCC4,SUMO2,EEF1A2,SLC13A5
ERCC4,SUMO2,CTR9,BMX
ERCC4,NFKBID,REL,SLC6A12
ERCC4,ERCC1,S100A6
ERCC4,SUMO2,DNAJA1,NMRAL1,SYPL1
ERCC4,SUMO2,ILK,NPR2
ERCC4,CAMK2G,EGFR,EGF
ERCC4,PLK1,CDH1,ITGAE
ERCC4,CAMK2G,EGFR,EGF
ERCC4,RPA1,RAB11A,PODXL2
ERCC4,SUMO2,HTT,SLC25A11
ERCC4,SUMO2,DDX39A,SIRT5,CD300LF
ERCC4,SUMO2,DNM1L,MIEF2,CHMP7
ERCC4,SUMO2,CALR,ANP32B,LRP1B
ERCC4,SUMO2,TMPO,VIL1
ERCC4,ERCC6,UBA52
ERCC4,SUMO2,TPI1,ZP4
ERCC4,PLK1,HRAS,RGS12
ERCC4,SUMO2,VCP,DNM3
ERCC4,SUMO2,EZR,SLC12A2
ERCC4,MDC1,FHL1,AKAP12
ERCC4,NFKBID,REL,SLC6A12
ERCC4,NFKBID,PLEKHN1
ERCC4,SUMO2,KRAS,AP4S1,BTNL8
ERCC4,PLK1,NRAS,PCDH18
ERCC4,SUMO2,CDKN2A,VAMP1
ERCC4,PLK1,PARD3,JAM3
ERCC4,SUMO2,HDAC4,WASHC2C
ERCC4,SUMO2,DDX39A,SIRT5,SLC30A2
ERCC4,SUMO2,HSPA1B,RAB3IP,PLEKHH2
ERCC4,NEDD8,BAG3,PRRG2
ERCC4,SUMO2,YWHAG,OGT,PSG6
ERCC4,ERCC6,KAT2B,MAFA
ERCC4,PLK1,ARF6,PCDHGB1
ERCC4,SUMO2,CTR9,BMX
ERCC4,SUMO2,EZR,SLC12A2,NTN4
ERCC4,SUMO2,DDX39A,SIRT5,TIRAP
ERCC4,RPA1,RAB11A,PODXL2
ERCC4,NFKBID,REL,SLC6A12
ERCC4,PLK1,HRAS,RGS12,TMPRSS12
ERCC4,CAMK2G,CTTN,EXOC8
ERCC4,PLK1,CDH1,ITGAE
ERCC4,SUMO2,HDAC4,WASHC2C
ERCC4,NEDD8,TFG,CHMP1B
ERCC4,SUMO2,HSPA1B,RAB3IP,ADAM9
ERCC4,PLK1,HRAS,RGS12
ERCC4,SUMO2,BABAM2,TMX3,FCER1G,CD300C
ERCC4,SUMO2,RUVBL1,F2R
ERCC4,SUMO2,HK2,NUBP1
ERCC4,RPA1,RAB11A,PODXL2
ERCC4,SUMO2,SIN3A,NOTCH2
ERCC4,CAMK2G,GRIA1,CXCR2
ERCC4,SUMO2,YWHAG,OGT
ERCC4,TACC1,RHOG,ELMO1
ERCC4,SUMO2,HSP90B1,RASGRP4,GABRG3
ERCC4,SUMO2,DAXX,CXXC1,CXCL12,CCR10
ERCC4,SUMO2,VCP,DNM3,ZNF804A
ERCC4,SUMO2,HSP90B1,RASGRP4
ERCC4,NEDD8,ATP6V1F
ERCC4,SUMO2,TPR,NUP205,ITGB1BP1
ERCC4,SUMO2,ILK,NPR2
ERCC4,SUMO2,SIN3A,NOTCH2
ERCC4,SUMO2,P4HB,HSPA13
ERCC4,SUMO2,CPSF2,SYMPK
ERCC4,SUMO2,DDX39A,SIRT5,GNA15
ERCC4,NEDD8,FBXO7,FGF10
ERCC4,SUMO2,TMPO,VIL1,TNFSF13B
ERCC4,SUMO2,HTT,SLC25A11
ERCC4,NEDD8,UCHL1,ADRA2B
ERCC4,CAMK2G,GRIN1,GPR88,SLC1A4
ERCC4,CAMK2G,GRIA1,CXCR2
ERCC4,SUMO2,ILK,NPR2
ERCC4,LYAR,RACK1,GNG2
ERCC4,SUMO2,LMNA,ZKSCAN1,GRIK1
ERCC4,SUMO2,BABAM2,TMX3
ERCC4,PBK,LNX1,ROBO3
ERCC4,SUMO2,EHD4,RPL38,ACP3
ERCC4,SUMO2,HTT,SLC25A11
ERCC4,SUMO2,DNAJA1,NMRAL1,FZD10
ERCC4,SUMO2,DNM1L,MIEF2,GPR152
ERCC4,SUMO2,HTT,SLC25A11
ERCC4,SUMO2,ATP5IF1,TNIP2,ENTHD1
ERCC4,SUMO2,EIF4A2,SLC16A9
ERCC4,SUMO2,VCP,DNM3,PRKD3
ERCC4,SUMO2,VCP,DNM3
ERCC4,SUMO2,EEF1A2,SLC13A5
ERCC4,SUMO2,YWHAQ,KSR1,GJC1
ERCC4,SUMO2,KCNA5,KCNAB2,NLGN4X
ERCC4,SUMO2,CTR9,BMX
ERCC4,NEDD8,TRAF6,TNFRSF13B
ERCC4,PLK1,GPRASP2,ADRB1
ERCC4,SUMO2,DDX39A,SIRT5,CLCN3
ERCC4,SUMO2,MARCKS,RAB11FIP1,PRPH2,ROM1
ERCC4,SUMO2,P4HB,HSPA13
ERCC4,SUMO2,HTT,SLC25A11
ERCC4,RPA1,RAB11A,PODXL2
ERCC4,TP53BP1,ARRB1,PTGER2
ERCC4,NEDD8,DCUN1D1,VPS37B
ERCC4,SLX4,SUMO1,PCDH12
ERCC4,MSH2,EXO1
ERCC4,MSH2,WDR76,NID2
ERCC4,SUMO2,TPI1,ZP4
ERCC4,SUMO2,P4HB,HSPA13,CX3CR1
ERCC4,NEDD8,TRAF6,TNFRSF13B
ERCC4,CAMK2G,CALM3,GAP43
ERCC4,SUMO2,CTR9,BMX
ERCC4,SUMO2,ILK,NPR2
ERCC4,SUMO2,ESR1,SLC25A6,TMBIM6
ERCC4,AP5B1,KCNRG,KCNA1
ERCC4,SUMO2,HTT,SLC25A11
ERCC4,SUMO2,SIN3A,NOTCH2
ERCC4,TP53BP1,ARRB1,PTGER2,AGTRAP
ERCC4,PLK1,DVL3,NKD1
ERCC4,SUMO2,SIN3A,NOTCH2
ERCC4,SUMO2,FASN,SLC34A3
ERCC4,SUMO2,SOD1,ATOX1,TMEM179B
ERCC4,MDC1,H3C1,FOLH1
ERCC4,SUMO2,HDAC4,WASHC2C
ERCC4,RPA1,RAB11A,PODXL2
ERCC4,MSH2,AKT1,THEM4
ERCC4,CAMK2G,CALM3,GAP43
ERCC4,SUMO2,TUBA4A,KLK15,SPINT1
ERCC4,SUMO2,UBE2I,PCGF2,GNAT3
ERCC4,SUMO2,TRIM33,CEP78,NALF1
ERCC4,RPA1,RAB11A,PODXL2
ERCC4,MSH2,AKT1,THEM4
ERCC4,SUMO2,ILK,NPR2
ERCC4,SUMO2,FASN,SLC34A3
ERCC4,SUMO2,KRAS,AP4S1,SPPL2B
ERCC4,NEDD8,BAG3,PRRG2
ERCC4,NEDD8,TFG,CHMP1B
ERCC4,SUMO2,SIN3A,NOTCH2
ERCC4,SUMO2,HDAC4,WASHC2C
ERCC4,SUMO2,SIRT1,GTF2A1,TMPRSS11B
ERCC4,PLK1,TRIM36
ERCC4,MDC1,TINF2,ANXA4
ERCC4,MSH2,AKT1,THEM4
ERCC4,SUMO2,HTT,SLC25A11
ERCC4,TACC1,RAC3
ERCC4,SUMO2,YWHAG,OGT
ERCC4,PBK,CSNK2A2,PALM3
ERCC4,MDC1,SMARCD1,COL26A1
ERCC4,MDC1,H3C1,FOLH1
ERCC4,SUMO2,KRAS,AP4S1,UNC5D
ERCC4,SUMO2,YWHAG,OGT,CALN1
ERCC4,SUMO2,EZR,SLC12A2
ERCC4,MSH2,AKT1,THEM4
ERCC4,PLK1,HRAS,RGS12
ERCC4,SUMO2,SERPINB6,TMPRSS11A
ERCC4,PLK1,NRAS,PCDH18
ERCC4,PLK1,ARF6,PCDHGB1
ERCC4,PBK,CSNK2A2,PALM3
ERCC4,PLK1,ARF6,PCDHGB1
ERCC4,XPA,SRC,EFNA5
ERCC4,SUMO2,GTF3C2,FBL,TULP1
ERCC4,SUMO2,VCP,DNM3
ERCC4,SUMO2,VCP,DNM3
ERCC4,PLK1,NPM1,CAVIN1
ERCC4,TACC1,RHOG
ERCC4,PLK1,CHD1L
ERCC4,SUMO2,DDX39A,SIRT5,RAPGEF5
ERCC4,CAMK2G,EGFR,EGF
ERCC4,CAMK2G,EGFR,EGF
ERCC4,RPA1,TARDBP,EMC6,GGT7
ERCC4,SUMO2,VIM,CASP3,OR6C70
ERCC4,SUMO2,RAD54L2,VCX,C3
ERCC4,SUMO2,CTR9,BMX,SLC39A12
ERCC4,SUMO2,HSPA1B,RAB3IP,CD300LB,TYROBP
ERCC4,PIAS4,ZNF644,ATP9A
ERCC4,SUMO2,EIF6,ZNF593,RABAC1
ERCC4,CAMK2G,GRIN1,GPR88
ERCC4,XPA,SRC,EFNA5
ERCC4,SUMO2,HTT,SLC25A11
ERCC4,SUMO2,VIM,CASP3,SYT3
ERCC4,SUMO2,DAXX,CXXC1,SLC20A1
ERCC4,SUMO2,VCP,DNM3,GBP1
ERCC4,SUMO2,ALDOA,GLO1
ERCC4,SUMO2,TMPO,VIL1
ERCC4,SUMO2,BRD4,CCNT2
ERCC4,SUMO2,ACTB,DCTN5,CDH19
ERCC4,SUMO2,CCT6A,TECR,PKD2L1
ERCC4,SUMO2,PFKP,CD81
ERCC4,XPA,SRC,EFNA5
ERCC4,SUMO2,TRAF1,TNFRSF13C
ERCC4,MDC1,LOX,SH3KBP1
ERCC4,SUMO2,RAD54L2,VCX,LRRC70
ERCC4,SUMO2,EEF1G,HSD17B10
ERCC4,SUMO2,EIF6,ZNF593,RAB28
ERCC4,NEDD8,TRAF6,TNFRSF13B
ERCC4,SUMO2,VIM
ERCC4,SUMO2,VCP,DNM3
ERCC4,MDC1,RBX1,FBXO9,IL22RA1
ERCC4,SUMO2,ESR1,SLC25A6,SCN2B
ERCC4,SUMO2,LTK,PPA1,CXCR3
ERCC4,SUMO2,ZMYM2,C8A,CELSR2
ERCC4,PLK1,ANKRD28,EPS8
ERCC4,SUMO2,HSPA1B,RAB3IP,CD79B
ERCC4,SUMO2,EZR,SLC12A2
ERCC4,SUMO2,TRAF1,TNFRSF13C
ERCC4,MSH2,AKT1,THEM4
ERCC4,PLK1,HRAS,RGS12
ERCC4,SUMO2,SIN3A,NOTCH2
ERCC4,SUMO2,DDX39A,SIRT5,IFITM1
ERCC4,SUMO2,TMPO,VIL1
ERCC4,TACC1,RAC2,DIRAS1
ERCC4,SUMO2,LMNA,ZKSCAN1,KLRC4,CLPTM1
ERCC4,SUMO2,P4HB,HSPA13
ERCC4,SUMO2,FLNA,PHLDB2
ERCC4,PLK1,HRAS,RGS12
ERCC4,SUMO2,HSP90B1,RASGRP4
ERCC4,PLK1,CHEK2,SV2A
ERCC4,SUMO2,ILK,NPR2
ERCC4,SUMO2,HSP90AA1,MYOCD,EFNA3
ERCC4,PLK1,FADD
ERCC4,RPA1,RAB11A,PODXL2
ERCC4,XPA,SRC,EFNA5
ERCC4,SUMO2,HNRNPL,LOXL2,PCDHB5
ERCC4,SLX4,S100A8
ERCC4,SUMO2,ESR1,SLC25A6,RNF34
ERCC4,XPA,SRC,EFNA5
ERCC4,SUMO2,CDKN2A,VAMP1
ERCC4,ZNF423,RARA
ERCC4,CAMK2G,EGFR,EGF
ERCC4,TP53BP1,MAPK3,ZBTB42
ERCC4,SUMO2,KCNA5,KCNAB2
ERCC4,PBK,DLG1,CACNG2
ERCC4,SUMO2,LMNA,ZKSCAN1,LRP3
ERCC4,SUMO2,EZR,SLC12A2,ATP1B2
ERCC4,SUMO2,HDLBP,BPGM,TSPAN5
ERCC4,PLK1,HRAS,RGS12
ERCC4,CAMK2G,EGFR,EGF
ERCC4,MSH2,WDR76,NID2
ERCC4,SUMO2,YWHAG,OGT
ERCC4,PLK1,EPS15
ERCC4,CAMK2G,EGFR,EGF
ERCC4,SUMO2,ILK,NPR2
ERCC4,SUMO2,SOD1,ATOX1,TLR10
ERCC4,SUMO2,DNM1L,MIEF2,CCN2
ERCC4,TP53BP1,MAPK3
ERCC4,MDC1,SMARCD1,COL26A1
ERCC4,SUMO2,HIPK2,HMGA1,KITLG
ERCC4,SUMO2,DDX39A,SIRT5,CHRND
ERCC4,SUMO2,ZMYM2,C8A
ERCC4,SUMO2,YWHAG,OGT
ERCC4,SUMO2,VIM,CASP3,SERPINB10
ERCC4,CAMK2G,EGFR,EGF
ERCC4,SUMO2,BABAM2,TMX3,PCDHA12
ERCC4,SUMO2,ACTB,DCTN5,PIP4P1
ERCC4,PLK1,IKBKB,NLRX1
ERCC4,SUMO2,UBE2I,PCGF2,TFR2
ERCC4,SUMO2,P4HB,HSPA13,GNG11
ERCC4,PLK1,PTPN1,ATP4A
ERCC4,SUMO2,HTT,SLC25A11
ERCC4,SUMO2,P4HB,HSPA13
ERCC4,SUMO2,KCNA5,KCNAB2,NLGN1
ERCC4,SUMO2,DDX39A,SIRT5,CLCN3,CNGA4
ERCC4,PLK1,PAK5,COA7,GPR45
ERCC4,CAMK2G,CALM3,GAP43
ERCC4,SUMO2,P4HB,HSPA13,GIPR
ERCC4,CAMK2G,MAP3K7
ERCC4,NEDD8,TOLLIP,SLC38A2
ERCC4,SUMO2,SRSF1,DHX15,LANCL2
ERCC4,SUMO2,ZBTB33,CHRNB1,IL17RE
ERCC4,CAMK2G,GRIN1,GPR88
ERCC4,SUMO2,BRD4,CCNT2
ERCC4,SUMO2,ZMYM2,C8A
ERCC4,NEDD8,BAG3,PRRG2
ERCC4,LYAR,RACK1,GNG2
ERCC4,PLK1,ARF6,PCDHGB1,IPCEF1
ERCC4,SUMO2,EZR,SLC12A2
ERCC4,MDC1,TINF2,ANXA4
ERCC4,PLK1,CLIP1,PRKAR2A
ERCC4,PBK,DLG1,CACNG2
ERCC4,PIAS4,SMAD3,LEFTY1,C4B
ERCC4,SUMO2,EZR,SLC12A2,MTNR1A
ERCC4,SUMO2,EZR,SLC12A2
ERCC4,SUMO2,TMPO,VIL1
ERCC4,SUMO2,DDX39A,SIRT5,IL2RB
ERCC4,SUMO2,EEF1A2,SLC13A5
ERCC4,SUMO2,TMPO,VIL1
ERCC4,SUMO2,RPS6KA3,FGFR2
ERCC4,SUMO2,FASN,SLC34A3
ERCC4,SUMO2,GTF3C2,FBL,DGKZ
ERCC4,SUMO2,RBBP4,RBL2,TUSC3
ERCC4,SUMO2,VCP,DNM3
ERCC4,SUMO2,SRSF1,DHX15,CXCR5
ERCC4,CAMK2G,BAIAP2,EPS8L1
ERCC4,SUMO2,STMN1,ATP6V1H
ERCC4,CAMK2G,RYR1
ERCC4,SUMO2,DDX39A,SIRT5,STX2
ERCC4,SUMO2,TMPO,VIL1
ERCC4,SUMO2,P4HB,HSPA13,LTB4R
ERCC4,SUMO2,TMPO,VIL1
ERCC4,SUMO2,ATP5IF1,TNIP2,SLC22A12
ERCC4,SUMO2,ILK,NPR2
ERCC4,SUMO2,TPI1,ZP4
ERCC4,PLK1,HRAS,RGS12,SLC9A3R2
ERCC4,CAMK2G,EGFR
ERCC4,SUMO2,TRAF1,TNFRSF13C
ERCC4,SUMO2,EZR,SLC12A2,AVPR1B
ERCC4,SUMO2,YWHAG,OGT
ERCC4,SUMO2,EPPK1,RPGRIP1L
ERCC4,SUMO2,SRSF1,DHX15,OPRPN,SLC5A4
ERCC4,CAMK2G,EGFR,EGF
ERCC4,SUMO2,YWHAG,OGT
ERCC4,TP53BP1,MAPK3,ZBTB42
ERCC4,SUMO2,TMPO,VIL1
ERCC4,NEDD8,NAE1
ERCC4,SUMO2,CTR9,BMX
ERCC4,NEDD8,BAG3,PRRG2
ERCC4,NEDD8,RHOF,ASIC1
ERCC4,PLK1,HRAS,RGS12
ERCC4,NEDD8,SMURF1,PTCH1
ERCC4,SUMO2,CTR9,BMX
ERCC4,PBK,MTPN,MPP2
ERCC4,SUMO2,SIN3A,NOTCH2
ERCC4,SUMO2,PLEC
ERCC4,PLK1,ANKRD28,EPS8
ERCC4,SUMO2,HTT,SLC25A11,DUOX2,DUOXA2
ERCC4,CAMK2G,EGFR,EGF
ERCC4,SUMO2,UBE2I,PCGF2,SCARA5
ERCC4,SUMO2,HSPE1,MSRA
ERCC4,NEDD8,SMURF1,PTCH1
ERCC4,SUMO2,ZMYM2,C8A
ERCC4,PLK1,IRS1
ERCC4,SUMO2,P4HB,HSPA13
ERCC4,SUMO2,HDAC4,WASHC2C
ERCC4,SUMO2,ILK,NPR2
ERCC4,TACC1,RAB4A,SLC9A7
ERCC4,SUMO2,HTT,SLC25A11
ERCC4,SUMO2,EEF1G,HSD17B10
ERCC4,SUMO2,HDAC4,WASHC2C
ERCC4,SUMO2,BABAM2,TMX3
ERCC4,SUMO2,TOP2A,PRKCG
ERCC4,PLK1,HRAS,RGS12
ERCC4,SUMO2,SP1,CCNG2,ZDHHC20
ERCC4,SUMO2,VCP,DNM3
ERCC4,PLK1,HRAS,RGS12
ERCC4,PLK1,HRAS,RGS12
ERCC4,PLK1,HRAS,RGS12
ERCC4,SUMO2,DDX39A,SIRT5,SLC22A4,SLC5A6
ERCC4,SUMO2,YWHAQ,KSR1,FCRL5
ERCC4,SUMO2,MDN1,STK17B
ERCC4,TACC1,RAC2,DIRAS1
ERCC4,SUMO2,P4HB,HSPA13,HTR1F
ERCC4,SUMO2,TRAF1,TNFRSF13C
ERCC4,PLK1,HRAS,RGS12
ERCC4,SUMO2,DDX21,PRR3
ERCC4,SUMO2,CTR9,BMX
ERCC4,SUMO2,FASN,SLC34A3
ERCC4,SUMO2,EZR,SLC12A2
ERCC4,PLK1,TUBA1A
ERCC4,SUMO2,YWHAG,OGT,GSDMA
ERCC4,ERCC6,BMI1,CD109
ERCC4,SUMO2,HSPA1B,RAB3IP,SLC32A1
ERCC4,SUMO2,P4HB,HSPA13,TLR7
ERCC4,SUMO2,EZR,SLC12A2,TSPAN33
ERCC4,SUMO2,LTK,PPA1,CERCAM
ERCC4,SUMO2,CTR9,BMX
ERCC4,NEDD8,PSMD4,UBAC1
ERCC4,SUMO2,TRAF1,TNFRSF13C
ERCC4,XPC
ERCC4,PLK1,CHD1L,NT5E
ERCC4,PLK1,IKBKB,NLRX1,SLC35A4,SLC13A4
ERCC4,SUMO2,TMPO,VIL1
ERCC4,XPA,SRC,EFNA5
ERCC4,SUMO2,DNAJA1,NMRAL1,MYO1A
ERCC4,RPA1,RAB11A,PODXL2
ERCC4,AP5B1,KCNRG,KCNA1
ERCC4,SUMO2,TMPO,VIL1,CHRNB2
ERCC4,SUMO2,HNRNPH1,MSI2,RP2
ERCC4,SUMO2,MARCKS
ERCC4,SUMO2,CTR9,BMX
ERCC4,XPA,SRC,EFNA5
ERCC4,NEDD8,TFG,CHMP1B
ERCC4,SUMO2,P4HB,HSPA13
ERCC4,SUMO2,SMARCA4,SOX7,ADCY2
ERCC4,SUMO2,DDX39A,SIRT5,C3orf52
ERCC4,SUMO2,SIN3A,NOTCH2
ERCC4,SUMO2,SIN3A,NOTCH2
ERCC4,CAMK2G,CALM3,GAP43
ERCC4,PLK1,NRAS,PCDH18
ERCC4,SUMO2,TMPO,VIL1,PLEKHF2,GPBP1
ERCC4,SUMO2,YWHAG,OGT
ERCC4,CAMK2G,CTTN,EXOC8
ERCC4,SUMO2,VCP,DNM3
ERCC4,PLK1,HRAS,RGS12
ERCC4,SUMO2,SIN3A,NOTCH2
ERCC4,SUMO2,HDAC4,WASHC2C
ERCC4,SUMO2,HTT,SLC25A11
ERCC4,MDC1,ATM,P2RY8
ERCC4,SUMO2,P4HB,HSPA13,ADGRG5
ERCC4,SUMO2,DDX21,PRR3
ERCC4,XPA,SRC,EFNA5
ERCC4,SUMO2,HTT,SLC25A11
ERCC4,PBK,DLG1,CACNG2
ERCC4,CAMK2G,GRIN1,GPR88
ERCC4,SUMO2,ESR1,SLC25A6,STOML1
ERCC4,CAMK2G,EGFR,EGF
ERCC4,SUMO2,YWHAQ,KSR1,ITGA8
ERCC4,SUMO2,HTT,SLC25A11
ERCC4,SUMO2,DDX39A,SIRT5,SLC2A5
ERCC4,MSH2,RAF1,ETS2
ERCC4,CAMK2G,PRNP
ERCC4,SUMO2,GTF2I,PRKG1
ERCC4,SUMO2,EZR,SLC12A2
ERCC4,SUMO2,TPI1,ZP4
ERCC4,PLK1,CDH1,ITGAE
ERCC4,CAMK2G,EGFR,EGF
ERCC4,SUMO2,LRRK2,ATP13A1,RXFP3
ERCC4,SUMO2,HTT,SLC25A11
ERCC4,SUMO2,ESR1,SLC25A6,CD209
ERCC4,MSH2,NTRK1,XPR1
ERCC4,EME1,USF1,MAP3K7CL,MC5R
ERCC4,TP53BP1,ARRB1,PTGER2
ERCC4,PBK,LNX1,ROBO3
ERCC4,SUMO2,SIN3A,NOTCH2
ERCC4,SUMO2,TMPO,VIL1
ERCC4,TACC1,ERBB3
ERCC4,SUMO2,P4HB,HSPA13,CCKAR
ERCC4,MSH2,AKT1,THEM4
ERCC4,SUMO2,SIN3A,NOTCH2
ERCC4,SUMO2,VIM,CASP3,CAPNS2
ERCC4,SUMO2,NUMA1,PSIP1,DLGAP3
ERCC4,SUMO2,CTR9,BMX
ERCC4,MDC1,SMARCD1,COL26A1
ERCC4,SUMO2,DAXX,CXXC1,HTR1B
ERCC4,SUMO2,VCP,DNM3
ERCC4,CAMK2G,EGFR,EGF
ERCC4,SUMO2,EZR,SLC12A2,ADAM12
ERCC4,SUMO2,CTR9,BMX
ERCC4,SUMO2,YWHAG,OGT
ERCC4,SUMO2,ZBTB33,CHRNB1
ERCC4,CAMK2G,EGFR,EGF
ERCC4,SUMO2,MARS1,AIMP1,ACSBG1
ERCC4,SUMO2,CTR9,BMX
ERCC4,PLK1,RAD23B,RSC1A1
ERCC4,NEDD8,PRKCE
ERCC4,SUMO2,CTR9,BMX
ERCC4,NFKBID,REL,SLC6A12
ERCC4,MDC1,FZR1,RGS11
ERCC4,SUMO2,BABAM2,TMX3
ERCC4,SUMO2,HTT,SLC25A11
ERCC4,CAMK2G,ADCY3,RXFP1
ERCC4,SUMO2,MARS1,AIMP1,GPR39
ERCC4,PBK,LNX1,ROBO3
ERCC4,SUMO2,VCP,DNM3,AQP10
ERCC4,PLK1,HRAS,RGS12
ERCC4,TP53BP1,MAPK3,ZBTB42
ERCC4,SUMO2,BRD4,CCNT2
ERCC4,SUMO2,SIN3A,NOTCH2
ERCC4,PLK1,CDH1,ITGAE,RPE65
ERCC4,SUMO2,P4HB,HSPA13
ERCC4,SUMO2,ILK,NPR2
ERCC4,PBK,CSNK2A2,PALM3
ERCC4,SUMO2,UBE2I,PCGF2,LYPD6
ERCC4,SUMO2,BABAM2,TMX3
ERCC4,ZNF423,BFSP2
ERCC4,SUMO2,HTT,SLC25A11
ERCC4,SUMO2,SIN3A,NOTCH2
ERCC4,SUMO2,KCNA5,KCNAB2
ERCC4,SUMO2,PFN1,GOLGB1,LRRC8C
ERCC4,SUMO2,SMC3,COPG1,IL27RA
ERCC4,RPA1,HLTF
ERCC4,NEDD8,PPP1CA
ERCC4,MDC1,ANK2,EPB42,CACNB4
ERCC4,SUMO2,ZBTB33,CHRNB1
ERCC4,PBK,RHOBTB3,RAB9B
ERCC4,SUMO2,SRSF1,DHX15,RGS13
ERCC4,PLK1,DVL2,RASSF10,PCDH15
ERCC4,XPA,SRC,EFNA5
ERCC4,SUMO2,CPSF2,SYMPK
ERCC4,PBK,DLG1,CACNG2
ERCC4,SUMO2,PFKP,CD81,SLC44A1
ERCC4,PBK,NTNG1,MUC5B
ERCC4,SUMO2,TMPO,VIL1
ERCC4,SUMO2,HDAC1,ZNF800,MS4A14
ERCC4,MSH2,AKT1,THEM4
ERCC4,CAMK2G,EGFR,EGF
ERCC4,SUMO2,SIN3A,NOTCH2,ATP7B
ERCC4,CAMK2G,EGFR,EGF
ERCC4,SUMO2,VCP,DNM3
ERCC4,SUMO2,FLNA
ERCC4,SUMO2,HSPD1,DLAT,CYP2C18
ERCC4,PLK1,HRAS,RGS12
ERCC4,SUMO2,P4HB,HSPA13,GNG12
ERCC4,SUMO2,UBC
ERCC4,SUMO2,SIN3A,NOTCH2
ERCC4,NEDD8,BAG3,PRRG2
ERCC4,SUMO2,BRD4,CCNT2
ERCC4,SUMO2,DNAJA1,NMRAL1,LGALS4
ERCC4,CAMK2G,PRSS8,SPINT2
ERCC4,MDC1,H3C1,FOLH1
ERCC4,MDC1,TNKS,SLC9A8,SLC39A3
ERCC4,SUMO2,TMPO,VIL1
ERCC4,SUMO2,VCP,DNM3
ERCC4,PLK1,PPP1R12A,ARHGEF25
ERCC4,SUMO2,DDX39A,SIRT5,COA6
ERCC4,MSH2,RAF1,ETS2
ERCC4,SUMO2,ALDOA,GLO1
ERCC4,PLK1,ANKRD28,EPS8
ERCC4,MDC1,ANK2,EPB42,CNTN6
ERCC4,PLK1,CUL3
ERCC4,SUMO2,DDX39A,SIRT5,DSCAM
ERCC4,SUMO2,TMPO,VIL1
ERCC4,CAMK2G,ADCY3,RXFP1
ERCC4,CAMK2G,EGFR,EGF
ERCC4,CAMK2G,EGFR,EGF
ERCC4,SUMO2,EEF1G,HSD17B10
ERCC4,SUMO2,EZR,SLC12A2,SLC22A6
ERCC4,SUMO2,TMPO,VIL1,ATP1B4
ERCC4,SUMO2,HTT,SLC25A11
ERCC4,XPA,SRC,EFNA5
ERCC4,SUMO2,ALDOA,GLO1
ERCC4,CAMK2G,GRIA4
ERCC4,PBK,CSNK2A2,PALM3,CATSPER1
ERCC4,SUMO2,DDX39A,SIRT5,AQP6,XKR3
ERCC4,PLK1,CHD1L,NT5E
ERCC4,SUMO2,HTT,SLC25A11
ERCC4,PLK1,CDH1,ITGAE
ERCC4,PBK,LNX1,ROBO3
ERCC4,PLK1,HRAS,RGS12
ERCC4,PBK,PRDX1,ALDH3A1
ERCC4,SUMO2,YWHAQ,KSR1,SELP
ERCC4,SUMO2,P4HB,HSPA13
ERCC4,PBK,CSNK2A2,PALM3
ERCC4,XPA,SRC,EFNA5
ERCC4,MSH2,AKT1,THEM4
ERCC4,SUMO2,TMPO,VIL1
ERCC4,XPA,SRC,EFNA5
ERCC4,SUMO2,XPO1,EDC3,SLC9A2
ERCC4,SUMO2,EZR,SLC12A2,RALGPS1
ERCC4,SUMO2,HDAC4,WASHC2C
ERCC4,SUMO2,CCT5,PEX7,GPC5
ERCC4,CAMK2G,GRIN1,GPR88
ERCC4,SUMO2,DDX21,PRR3
ERCC4,SUMO2,PKM,FAHD2A,TLN2
ERCC4,PLK1,CDH1,ITGAE
ERCC4,SUMO2,P4HB,HSPA13
ERCC4,SUMO2,TMPO,VIL1
ERCC4,SUMO2,CDKN2A,VAMP1
ERCC4,SUMO2,P4HB,HSPA13
ERCC4,SUMO2,DDX39A,SIRT5,SIGLEC7
ERCC4,SUMO2,YWHAG,OGT
ERCC4,SUMO2,EZR,SLC12A2
ERCC4,PLK1,ITSN1,SYNJ1,PDE6C
ERCC4,SUMO2,ZBTB33,CHRNB1
ERCC4,SUMO2,CPSF2,SYMPK
ERCC4,SUMO2,P4HB,HSPA13,S1PR2
ERCC4,XPA,SRC,EFNA5,GLRA3
ERCC4,SUMO2,CTR9,BMX
ERCC4,SUMO2,HTT,SLC25A11
ERCC4,PLK1,ATXN10
ERCC4,TACC1,RHOG,ELMO1
ERCC4,SUMO2,MARS1,AIMP1,RTN4RL2
ERCC4,SUMO2,VCP,DNM3
ERCC4,SUMO2,HSPA5,LOC102723407,SLC38A6
ERCC4,SUMO2,NUMA1,PSIP1,KLRK1,RAET1L
ERCC4,PLK1,TUBB3,NRG1
ERCC4,SUMO2,TRAF1,TNFRSF13C
ERCC4,PLK1,PARD3,JAM3
ERCC4,SUMO2,DNAJA1,NMRAL1,CLCA1
ERCC4,SUMO2,P4HB,HSPA13,PCDHGB5
ERCC4,NEDD8,TOLLIP,SLC38A2
ERCC4,SUMO2,DDX39A,SIRT5,SLC22A2
ERCC4,SUMO2,HDAC4,WASHC2C
ERCC4,SUMO2,BABAM2,TMX3,SEMA4A
ERCC4,SUMO2,DAXX,CXXC1,ADM,RAMP2
ERCC4,PLK1,ANKRD28,EPS8
ERCC4,ERCC6,IKBIP,MSR1
ERCC4,SUMO2,ACTB,DCTN5,CCKBR
ERCC4,SUMO2,SIN3A,NOTCH2
ERCC4,PBK,DLG1,CACNG2
ERCC4,NEDD8,H2BC9,USH1C
ERCC4,SUMO2,DDX39A,SIRT5,PIEZO1
ERCC4,SUMO2,HTT,SLC25A11
ERCC4,SUMO2,NFKBIA
ERCC4,SUMO2,VCP,DNM3
ERCC4,MSH2,AKT1,THEM4
ERCC4,NFKBID,REL,SLC6A12
ERCC4,SUMO2,VCP,DNM3
ERCC4,CAMK2G,EGFR,EGF
ERCC4,SUMO2,TRAF1,TNFRSF13C
ERCC4,RPA1,RAB11A,PODXL2
ERCC4,NEDD8,RHOF,ASIC1
ERCC4,SUMO2,DDX21,PRR3
ERCC4,SUMO2,EZR,SLC12A2,TBC1D3G
ERCC4,SUMO2,TMPO,VIL1
ERCC4,XPA,SRC,EFNA5
ERCC4,SUMO2,TRAF1,TNFRSF13C,TNFSF4
ERCC4,SUMO2,TMPO,VIL1
ERCC4,SUMO2,VCP,DNM3,PTGER1
ERCC4,SUMO2,HSP90AA1,MYOCD,IFNGR2
ERCC4,SUMO2,ILK,NPR2
ERCC4,SUMO2,VCP,DNM3
ERCC4,SUMO2,P4HB,HSPA13
ERCC4,SUMO2,P4HB,HSPA13,PLXNB3
ERCC4,SUMO2,DAXX,CXXC1,PCDHAC1
ERCC4,SUMO2,KCNA5,KCNAB2,DYSF
ERCC4,SUMO2,UBB,ANKRD9,LDB2
ERCC4,SUMO2,SIN3A,NOTCH2
ERCC4,TP53BP1,MAPK3,ZBTB42
ERCC4,PBK,DLG1,CACNG2
ERCC4,CAMK2G,CALM3,GAP43,ADCYAP1,ADCYAP1R1
ERCC4,MDC1,H3C1,FOLH1
ERCC4,MAD2L1,REV3L,A1BG
ERCC4,SUMO2,TMPO,VIL1,TMEM219
ERCC4,SUMO2,DAXX,CXXC1,CD8A,CD8B
ERCC4,SUMO2,TUBA4A,KLK15,C5AR2
ERCC4,NEDD8,SMURF1
ERCC4,CAMK2G,YES1
ERCC4,PLK1,TUBB3,NRG1
ERCC4,SUMO2,CDKN2A,VAMP1
ERCC4,SUMO2,SMARCA4,SOX7,KCNC3
ERCC4,NEDD8,KRT1,TLCD4,APCDD1
ERCC4,PBK,CSNK2A2,PALM3
ERCC4,PLK1,HRAS,RGS12
ERCC4,SUMO2,GTF3C2,FBL,PCDHB2
ERCC4,SUMO2,ESR1,SLC25A6,ASIC3
ERCC4,SUMO2,EEF1A1,ECPAS,GPR55
ERCC4,SUMO2,ESR1,SLC25A6,PCDHGA6
ERCC4,SUMO2,SMC1A,GRM3
ERCC4,SUMO2,DNAJA1,NMRAL1,ANPEP
ERCC4,PIAS4,SMAD3/SMAD4,SERPINE1
ERCC4,TACC1,RHOC
ERCC4,TACC1,ERBB3,SELENOK
ERCC4,ERCC6,IKBIP,MSR1
ERCC4,SUMO2,DAXX,CXXC1,ADCY4
ERCC4,SUMO2,CCT5,PEX7,P2RY1
ERCC4,SUMO2,EZR,SLC12A2
ERCC4,SUMO2,HNRNPL,LOXL2,PLPPR1
ERCC4,CAMK2G,CTTN
ERCC4,SUMO2,KCNA5,KCNAB2,KCNK1
ERCC4,ERCC6,BMI1,CD109
ERCC4,SUMO2,TMPO,VIL1
ERCC4,CAMK2G,CALM3,GAP43,SYT9
ERCC4,SUMO2,TRMT1L,CFAP97,SLC25A13
ERCC4,SUMO2,EEF1A1
ERCC4,SUMO2,TMPO,VIL1
ERCC4,MDC1,SMARCD1,COL26A1
ERCC4,CAMK2G,EGFR,EGF
ERCC4,PLK1,MAVS,TLR1
ERCC4,NEDD8,RHOF,ASIC1
ERCC4,TACC1,ERBB3,SELENOK
ERCC4,SUMO2,FASN,SLC34A3
ERCC4,CAMK2G,EGFR,EGF
ERCC4,PBK,CSNK2A2,PALM3,CATSPER1,CACNA1I,CATSPER2
ERCC4,SUMO2,DDX39A,SIRT5,SLC34A2
ERCC4,SUMO2,TMPO,VIL1
ERCC4,NEDD8,RHOJ
ERCC4,SUMO2,VCP,DNM3
ERCC4,PBK,LNX1,ROBO3
ERCC4,SUMO2,SMC1A,GRM3
ERCC4,SUMO2,EZR,SLC12A2,ULBP3
ERCC4,SUMO2,ATP5IF1,TNIP2,CLCA2
ERCC4,SUMO2,SIN3A,NOTCH2
ERCC4,SUMO2,BABAM2,TMX3
ERCC4,MSH2,AKT1,THEM4
ERCC4,FANCG,SPTAN1,ATP8B3
ERCC4,SUMO2,FLNA,PHLDB2
ERCC4,SUMO2,VCP,DNM3
ERCC4,PBK,PRDX1,ALDH3A1
ERCC4,SUMO2,TMPO,VIL1
ERCC4,SUMO2,TMPO,VIL1
ERCC4,SUMO2,TMPO,VIL1
ERCC4,SUMO2,FLNA,PHLDB2,CNTNAP1
ERCC4,SUMO2,FASN,SLC34A3
ERCC4,NEDD8,CASP7,NUCB2
ERCC4,SUMO2,KRAS,AP4S1,OR3A1
ERCC4,SUMO2,ILK,NPR2
ERCC4,SUMO2,VCP,DNM3
ERCC4,SUMO2,BABAM2,TMX3
ERCC4,SUMO2,BABAM2,TMX3,ABHD17B
ERCC4,SUMO2,DAXX,CXXC1,AP1M2,ATRN
ERCC4,PLK1,IKBKB,NLRX1
ERCC4,SUMO2,DDX21,PRR3
ERCC4,NEDD8,UBE2D3
ERCC4,SUMO2,HTT,SLC25A11
ERCC4,SUMO2,ZBTB33,CHRNB1
ERCC4,SUMO2,EZR,SLC12A2,ARRDC2
ERCC4,SUMO2,ILK,NPR2
ERCC4,SUMO2,HSPA5,LOC102723407,PCDHGA10
ERCC4,TP53BP1,ARRB1,PTGER2
ERCC4,SLX4,TERF2IP,CPNE2
ERCC4,TP53BP1,ARRB1,PTGER2
ERCC4,RPA1,ZBTB18,EEPD1
ERCC4,SUMO2,HSPA1B,RAB3IP,TMPRSS11D
ERCC4,SUMO2,VCP,DNM3
ERCC4,SUMO2,SRSF1,DHX15,KCNK7
ERCC4,SUMO2,TMPO,VIL1
ERCC4,SUMO2,BRD4,CCNT2
ERCC4,SUMO2,RUVBL1,F2R
ERCC4,SUMO2,VCP,DNM3
ERCC4,CAMK2G,ADCY3,RXFP1
ERCC4,SUMO2,PFKP,CD81
ERCC4,SUMO2,EEF1A1,ECPAS,CPNE1
ERCC4,CAMK2G,EGFR,EGF
ERCC4,MSH2,AKT1,THEM4
ERCC4,SUMO2,VCP,DNM3
ERCC4,SUMO2,DDX3X
ERCC4,NFKBID,REL,SLC6A12
ERCC4,SUMO2,EZR,SLC12A2,TBC1D3B
ERCC4,SUMO2,EZR,SLC12A2
ERCC4,SUMO2,TMPO,VIL1
ERCC4,NEDD8,FBXO7,FGF10
ERCC4,PBK,DLG1,CACNG2
ERCC4,SUMO2,HTT,SLC25A11
ERCC4,SUMO2,VIM,CASP3,CNTN5
ERCC4,NEDD8,GAPDH,SLC4A3
ERCC4,SUMO2,SIN3A,NOTCH2
ERCC4,PLK1,HRAS,RGS12
ERCC4,TACC1,STX4
ERCC4,SUMO2,DNAJA1,NMRAL1,STX19
ERCC4,SUMO2,TMPO,VIL1
ERCC4,SUMO2,ACTB,DCTN5,SLC26A11
ERCC4,SUMO2,DNM1L,MIEF2,TSHR
ERCC4,NEDD8,BAG3,PRRG2
ERCC4,SUMO2,ILK,NPR2
ERCC4,SUMO2,CTR9,BMX,PON2
ERCC4,SUMO2,BABAM2,TMX3
ERCC4,SUMO2,XPO1,EDC3,SLC9A4
ERCC4,SUMO2,DDX39A,SIRT5,PLA2R1
ERCC4,SUMO2,EZR,SLC12A2
ERCC4,SUMO2,VCP,DNM3
ERCC4,PLK1,HRAS,RGS12
ERCC4,SUMO2,SIN3A,NOTCH2
ERCC4,SLX4,TERF2IP,CPNE2
ERCC4,PLK1,HRAS,RGS12
ERCC4,PLK1,HRAS,RGS12
ERCC4,SUMO2,HSP90AA1,MYOCD,GNAT2
ERCC4,TACC1,RAB4A,SLC9A7
ERCC4,XPA,SRC,EFNA5
ERCC4,SUMO2,P4HB,HSPA13
ERCC4,SUMO2,HNRNPL,LOXL2,PCDHB16,SLC39A11
ERCC4,CAMK2G,DNAL4
ERCC4,NEDD8,GAPDH,SLC4A3
ERCC4,PLK1,HRAS,RGS12
ERCC4,SUMO2,BABAM2,TMX3,NPC1
ERCC4,PLK1,NR2C2,PYCR3,SYNGR1
ERCC4,SUMO2,ILK,NPR2
ERCC4,NEDD8,TRAF6,TNFRSF13B
ERCC4,SUMO2,HTT,SLC25A11
ERCC4,FANCA,UBE2T,TGM1
ERCC4,SUMO2,ILK,NPR2,ADGRG1
ERCC4,PBK,MTPN,MPP2
ERCC4,PLK1,HRAS,RGS12,SLC6A20
ERCC4,PBK,LNX1,ROBO3,SLC43A2
ERCC4,SUMO2,HNRNPL,LOXL2,SLC39A1
ERCC4,CAMK2G,PLCB3,GNAQ
ERCC4,SUMO2,SIN3A,NOTCH2,SULF1
ERCC4,MDC1,ATM,P2RY8
ERCC4,SUMO2,SRSF1,DHX15,RIC8B
ERCC4,SUMO2,TRAF1,TNFRSF13C
ERCC4,SUMO2,BABAM2,TMX3
ERCC4,FANCG,SPTAN1,ATP8B3
ERCC4,SUMO2,ZMYM2,C8A
ERCC4,SUMO2,VCP,DNM3
ERCC4,SUMO2,PDS5A,DLK1,SLC19A2
ERCC4,SUMO2,P4HB,HSPA13
ERCC4,RPA1,RAB11A,PODXL2
ERCC4,PBK,DLG1,CACNG2
ERCC4,SUMO2,HSP90B1,RASGRP4
ERCC4,SUMO2,EIF6,ZNF593,MARCO
ERCC4,PLK1,FLRT1
ERCC4,SUMO2,P4HB,HSPA13,HCRTR2
ERCC4,SUMO2,EEF1A1,ECPAS,OR4N2
ERCC4,PLK1,IKBKB,NLRX1
ERCC4,MDC1,ATM,P2RY8
ERCC4,SUMO2,RPS6KA3,FGFR2
ERCC4,SUMO2,UBE2I,PCGF2,MDGA1
ERCC4,PBK,CSNK2A2,PALM3
ERCC4,PLK1,CTNNB1,CTNNBIP1,CDH24
ERCC4,MAD2L1,BTF3,LILRB4
ERCC4,SUMO2,HNRNPL,LOXL2,ADAM32
ERCC4,SUMO2,DNAJA1,NMRAL1,WARS2
ERCC4,PBK,CSNK2A2,PALM3
ERCC4,SUMO2,HDAC4,WASHC2C
ERCC4,SUMO2,HDAC4,WASHC2C
ERCC4,SUMO2,DDX39A,SIRT5,TIRAP,TNFSF9
ERCC4,SUMO2,KCNA5,KCNAB2
ERCC4,TP53BP1,MAPK3,ZBTB42
ERCC4,SUMO2,HTT,SLC25A11
ERCC4,NEDD8,SNRPD2,CRLF3
ERCC4,SUMO2,HTT,SLC25A11
ERCC4,SUMO2,RAD54L2,VCX,ABCA4,CNGB1
ERCC4,SUMO2,VCP,DNM3
ERCC4,SUMO2,DNM1L,MIEF2,ADRB3
ERCC4,SUMO2,DDX39A,SIRT5,AQP6,XKR3
ERCC4,SUMO2,BLM,USP37,TRPC7
ERCC4,SUMO2,CTR9,BMX
ERCC4,MDC1,H2AX,TSSK4,CD1D
ERCC4,CAMK2G,GRIA1,CXCR2
ERCC4,SUMO2,ACO2,GPD1L
ERCC4,SUMO2,STMN1,ATP6V1H
ERCC4,SUMO2,DDX39A,SIRT5,PLPP4
ERCC4,SUMO2,FLNA,PHLDB2
ERCC4,PIAS4,HIC1,ACKR3
ERCC4,XPA,SRC,EFNA5
ERCC4,MSH2,RAF1,ETS2
ERCC4,SUMO2,HTT,SLC25A11
ERCC4,PLK1,ARF6,PCDHGB1
ERCC4,PLK1,AXIN2
ERCC4,SUMO2,EFTUD2,MRRF,GABRQ
ERCC4,MSH2,AKT1,THEM4
ERCC4,SUMO2,ESR1,SLC25A6,ERLIN2
ERCC4,SUMO2,EZR,SLC12A2
ERCC4,NEDD8,DNMT3B,PCDHGB4
ERCC4,SUMO2,ILK,NPR2
ERCC4,TACC1,RAC2,DIRAS1
ERCC4,SUMO2,ILK,NPR2,PTCH2
ERCC4,SUMO2,BRD4,CCNT2
ERCC4,SUMO2,DNAJA1,NMRAL1,PDAP1
ERCC4,SUMO2,P4HB,HSPA13
ERCC4,NEDD8,H2BC9,USH1C
ERCC4,SUMO2,ESR1,SLC25A6,PSENEN
ERCC4,SUMO2,EEF1A1,ECPAS,CTLA4
ERCC4,SUMO2,MARS1,AIMP1,PDZD2
ERCC4,PLK1,SNCA,MT2A,GPM6B
ERCC4,PBK,LNX1,ROBO3
ERCC4,SUMO2,HSPA5,LOC102723407,SLC27A1
ERCC4,PLK1,HRAS
ERCC4,SUMO2,LMNA,ZKSCAN1,CHRNB3
ERCC4,SUMO2,TRAF1,TNFRSF13C
ERCC4,SUMO2,HNRNPH1,MSI2,CHRNG
ERCC4,ERCC6,IKBIP,MSR1
ERCC4,SUMO2,LTK,PPA1,GRID2
ERCC4,SUMO2,RBBP7,ACTR8,MUC17
ERCC4,SUMO2,VCP,DNM3
ERCC4,PLK1,ARF6,PCDHGB1
ERCC4,PLK1,CDH1,ITGAE
ERCC4,SUMO2,ILK,NPR2
ERCC4,SUMO2,YWHAG,OGT
ERCC4,CAMK2G,CALM3,GAP43
ERCC4,NEDD8,MATR3,MYOF
ERCC4,SUMO2,EZR,SLC12A2
ERCC4,SUMO2,MARCKS,RAB11FIP1,PCSK6
ERCC4,SUMO2,DDX39A,SIRT5,ABCA5
ERCC4,SUMO2,ESR1,SLC25A6,BTN2A1
ERCC4,TACC1,ERBB2,PTGER3
ERCC4,SUMO2,CHD8,CASR
ERCC4,PBK,DLG1,CACNG2
ERCC4,FANCA,NOTCH1,WNT2,TSLP,CRLF2
ERCC4,SUMO2,VCP,DNM3
ERCC4,SUMO2,EEF2
ERCC4,SUMO2,P4HB,HSPA13,KCNK16
ERCC4,SUMO2,VCP,DNM3
ERCC4,SUMO2,BRD4,CCNT2
ERCC4,SUMO2,SIN3A,NOTCH2
ERCC4,SUMO2,XPO5,RALB
ERCC4,SUMO2,P4HB,HSPA13
ERCC4,SUMO2,HK2,NUBP1
ERCC4,SUMO2,VCP,DNM3
ERCC4,SUMO2,HTT,SLC25A11
ERCC4,SUMO2,BABAM2,TMX3
ERCC4,SUMO2,VCP,DNM3
ERCC4,SUMO2,VIM,CASP3,SMPD1
ERCC4,MSH2,WWOX,CATSPERE,TVP23B,YIPF1
ERCC4,SUMO2,SERPINB6,TMPRSS11A
ERCC4,CAMK2G,CALM3,GAP43,CSPG5
ERCC4,MSH2,RAF1,ETS2
ERCC4,SUMO2,DDX39A,SIRT5,ATP1B3
ERCC4,SUMO2,FLNB
ERCC4,PBK,NTNG1,MUC5B
ERCC4,SUMO2,HSP90B1,RASGRP4
ERCC4,MDC1,H3C1,FOLH1
ERCC4,NEDD8,RHOF
ERCC4,PBK,CSNK2A2,PALM3
ERCC4,SUMO2,ENO2
ERCC4,PLK1,PARD3,JAM3,JAM2
ERCC4,SUMO2,HSP90AA1,MYOCD,FCGR2B
ERCC4,CAMK2G,EGFR,EGF
ERCC4,SUMO2,TMPO,VIL1
ERCC4,CAMK2G,EGFR,EGF
ERCC4,NEDD8,SH2D3C,ADK
ERCC4,MDC1,H3C1,FOLH1
ERCC4,SUMO2,YWHAG,OGT
ERCC4,SUMO2,TRAF1,TNFRSF13C
ERCC4,NEDD8,RHOBTB1
ERCC4,PLK1,CDH1,ITGAE
ERCC4,SUMO2,HTT,SLC25A11
ERCC4,SUMO2,HTT,SLC25A11
ERCC4,PLK1,HRAS,RGS12,SLC6A19
ERCC4,SUMO2,EHD4,RPL38,LY9
ERCC4,SUMO2,EZR,SLC12A2
ERCC4,XPA,SRC
ERCC4,SUMO2,CTR9,BMX,PRTG
ERCC4,SUMO2,ESR1,SLC25A6,PLEK
ERCC4,SUMO2,ILK,NPR2
ERCC4,PBK,TERT
ERCC4,SUMO2,YWHAG,OGT
ERCC4,SUMO2,DAXX,CXXC1,TIP-LINK complex,LHFPL5
ERCC4,XPA,SRC,EFNA5
ERCC4,MDC1,ATM,P2RY8
ERCC4,XPA,SRC,EFNA5
ERCC4,SUMO2,HDAC4,WASHC2C
ERCC4,MDC1,TINF2,ANXA4
ERCC4,SUMO2,ESR1,SLC25A6,TMC3
ERCC4,SUMO2,HTT,SLC25A11,LDLRAP1
ERCC4,SUMO2,P4HB,HSPA13,HTR5A
ERCC4,CAMK2G,DYNLL1,DYNC2H1
ERCC4,MSH2,ZNF746,PRKAR1B
ERCC4,SUMO2,BABAM2,TMX3,BTN1A1
ERCC4,SUMO2,ESR1,SLC25A6,ADGRB1
ERCC4,SUMO2,P4HB,HSPA13
ERCC4,SUMO2,FLNA,PHLDB2
ERCC4,SUMO2,BRD4,CCNT2
ERCC4,PBK,MTPN,MPP2
ERCC4,SUMO2,YWHAG,OGT
ERCC4,PLK1,MAVS,TLR1
ERCC4,SUMO2,CALR,ANP32B,CNTN3
ERCC4,SUMO2,FLNA,PHLDB2
ERCC4,SUMO2,SIN3A,NOTCH2,ITGA2B
ERCC4,SUMO2,BRD4,CCNT2
ERCC4,SUMO2,TPR,NUP205,GABRR1
ERCC4,SUMO2,SIRT1,GTF2A1,CDH17
ERCC4,SUMO2,DAXX,CXXC1,PRF1
ERCC4,SUMO2,RAD54L2,VCX,FBP2
ERCC4,SUMO2,PSMC5,CIITA,HLA-DOA
ERCC4,XPA,SRC,EFNA5
ERCC4,SUMO2,EZR,SLC12A2
ERCC4,MDC1,FHL1,AKAP12
ERCC4,SUMO2,LRRK2,ATP13A1,SLC10A6
ERCC4,XPA,SRC,EFNA5
ERCC4,SUMO2,ESR1,SLC25A6,CLEC5A
ERCC4,MSH2,EXO1,SLC46A1
ERCC4,SUMO2,P4HB,HSPA13,GHSR
ERCC4,SUMO2,CTR9,BMX
ERCC4,PLK1,CTNNB1,CTNNBIP1,WNT3
ERCC4,XPA,SRC,EFNA5
ERCC4,PLK1,RHOB,KIF26A,ADRA1A
ERCC4,SUMO2,NUMA1,PSIP1,KLRK1,RAET1L
ERCC4,SUMO2,HTT,SLC25A11
ERCC4,SUMO2,VCP,DNM3
ERCC4,SUMO2,SIN3A,NOTCH2
ERCC4,ERCC6,KAT2B,MAFA
ERCC4,PLK1,PPP1R12A,ARHGEF25
ERCC4,SUMO2,DDX39A,SIRT5,RECK
ERCC4,SUMO2,LRRK2,ATP13A1,CNNM1
ERCC4,CAMK2G,BAIAP2,EPS8L1
ERCC4,EME1,USF1,MAP3K7CL,MC3R
ERCC4,NEDD8,SH2D3C,ADK
ERCC4,SUMO2,PFN1,GOLGB1,NPHS1
ERCC4,SUMO2,S100A10
ERCC4,SUMO2,CHD8,CASR
ERCC4,SUMO2,P4HB,HSPA13
ERCC4,PIAS4,CSK
ERCC4,XPA,SRC,EFNA5
ERCC4,SUMO2,HTT,SLC25A11,JPH2
ERCC4,LYAR,RACK1,GNG2
ERCC4,XPA,BMPR1A
ERCC4,SUMO2,YWHAG,OGT
ERCC4,SUMO2,SRSF1,DHX15,RGS5
ERCC4,PLK1,NRAS,PCDH18
ERCC4,SUMO2,HSP90B1,RASGRP4
ERCC4,SUMO2,ESR1,SLC25A6,JOSD1
ERCC4,SUMO2,ALDOA,GLO1
ERCC4,XPA,SRC,EFNA5
ERCC4,SUMO2,CTR9,BMX
ERCC4,SUMO2,SRSF1,DHX15,RGS18
ERCC4,SUMO2,P4HB,HSPA13
ERCC4,NEDD8,CAV1,ADCY5
ERCC4,CAMK2G,CALM3,GAP43
ERCC4,PLK1,IKBKB,NLRX1
ERCC4,CAMK2G,EGFR,EGF
ERCC4,SUMO2,YWHAG,OGT
ERCC4,MDC1,ANK2
ERCC4,NEDD8,RND3,SEMA4F
ERCC4,SUMO2,DDX39A,SIRT5,CHRNA5
ERCC4,SUMO2,FLNA,PHLDB2
ERCC4,SUMO2,CTR9,BMX,CD2
ERCC4,CAMK2G,EGFR,EGF
ERCC4,SUMO2,CTR9,BMX
ERCC4,SUMO2,DDX39A,SIRT5,SIT1
ERCC4,SUMO2,HTT,SLC25A11
ERCC4,SUMO2,RPS6KA3,FGFR2
ERCC4,SUMO2,HTT,SLC25A11
ERCC4,SUMO2,P4HB,HSPA13
ERCC4,SUMO2,P4HB,HSPA13,OXTR
ERCC4,TACC1,RAC2
ERCC4,SUMO2,TMPO,VIL1,CACNG7
ERCC4,SUMO2,DAXX,CXXC1,TREML2
ERCC4,SUMO2,DIP2B,HAVCR2,TSPAN7
ERCC4,SUMO2,HSPD1,DLAT,MYD88
ERCC4,SUMO2,TMPO,VIL1
ERCC4,SUMO2,SRSF1,DHX15,SLC4A4
ERCC4,SUMO2,SOD1,ATOX1,AOC1
ERCC4,SUMO2,EIF4A2,SLC16A9
ERCC4,SUMO2,HSPD1,DLAT,RAB19
ERCC4,MDC1,TINF2,ANXA4
ERCC4,SUMO2,VCP,DNM3,GRK3
ERCC4,SUMO2,VCP,DNM3
ERCC4,SUMO2,HDAC4,WASHC2C
ERCC4,MAD2L1,DSTYK,CD226
ERCC4,SUMO2,CTR9,BMX
ERCC4,MDC1,LOX,SH3KBP1
ERCC4,SUMO2,P4HB,HSPA13,GNG7
ERCC4,SUMO2,HSPD1,DLAT,TMPRSS4
ERCC4,MSH2,NTRK1,XPR1
ERCC4,TACC1,ERBB2,PTGER3
ERCC4,SUMO2,P4HB,HSPA13,TRHR
ERCC4,SUMO2,EHD4
ERCC4,SUMO2,ZMYM3,RCOR3,FZD3
ERCC4,CAMK2G,CALM3,GAP43
ERCC4,SUMO2,EZR,SLC12A2
ERCC4,TACC1,ERBB3,SELENOK
ERCC4,SUMO2,BRD4,CCNT2
ERCC4,SUMO2,HTT,SLC25A11
ERCC4,SUMO2,UBB,ANKRD9,CYP2C8
ERCC4,SUMO2,TMPO,VIL1
ERCC4,SUMO2,LMNA,ZKSCAN1,SLC2A9
ERCC4,SUMO2,VCP,DNM3
ERCC4,MDC1,SMARCD1,COL26A1,ADAM21
ERCC4,SUMO2,LTK,PPA1,ZNRF3
ERCC4,MDC1,MDM2
ERCC4,PLK1,CDH1,ITGAE
ERCC4,MAD2L1,BTF3
ERCC4,CAMK2G,CALM3,GAP43
ERCC4,SUMO2,DDX39A,SIRT5,LILRB3
ERCC4,CAMK2G,PRNP,PCBD1,FXYD6
ERCC4,TACC1,RAB4A,SLC9A7
ERCC4,SUMO2,AHNAK2,C1QL4,NEU1
ERCC4,MSH2,AKT1,THEM4
ERCC4,SUMO2,CHD8,CASR
ERCC4,PLK1,PTPN1,ATP4A
ERCC4,SUMO2,TMPO,VIL1
ERCC4,SUMO2,TRAF1,TNFRSF13C
ERCC4,SUMO2,TMPO,VIL1
ERCC4,SUMO2,RPS4X,UTP6,UGT8
ERCC4,SUMO2,SIN3A,NOTCH2
ERCC4,SUMO2,HTT,SLC25A11,ABCA6,ABCA8
ERCC4,SUMO2,YWHAG,OGT
ERCC4,SUMO2,SMARCA4,SOX7,MUC2
ERCC4,SUMO2,VIM,CASP3,CD82
ERCC4,SUMO2,HTT,SLC25A11
ERCC4,SUMO2,HSPA1B,RAB3IP,SLC17A7
ERCC4,SUMO2,ACO2,GPD1L
ERCC4,SUMO2,PSMC5,CIITA,PLSCR5
ERCC4,SUMO2,SIN3A,NOTCH2
ERCC4,NEDD8,TRAF6
ERCC4,SUMO2,HNRNPL,LOXL2,PCDHB16
ERCC4,TACC1,RAB4A,SLC9A7
ERCC4,SUMO2,SIN3A,NOTCH2
ERCC4,SUMO2,DDX39A,SIRT5,HTR3C
ERCC4,SUMO2,RIF1,BSG
ERCC4,SUMO2,EZR,SLC12A2,DRP2
ERCC4,SUMO2,DAXX,CXXC1,CHMP6
ERCC4,SUMO2,P4HB,HSPA13,ABCA2
ERCC4,SUMO2,EZR,SLC12A2,PIK3AP1
ERCC4,CAMK2G,CALM3,GAP43
ERCC4,NEDD8,CAV1,ADCY5
ERCC4,NEDD8,BAG3,PRRG2
ERCC4,SUMO2,ESR1,SLC25A6,ARL4A
ERCC4,SUMO2,TMPO,VIL1
ERCC4,SUMO2,HSPE1,MSRA
ERCC4,SUMO2,VCP,DNM3
ERCC4,SUMO2,VCP,DNM3
ERCC4,SUMO2,DNAJA1,NMRAL1,ALPP
ERCC4,PLK1,HRAS,RGS12
ERCC4,MAD2L1,CHD9,SULF2
ERCC4,SUMO2,ZMYM2,C8A
ERCC4,SUMO2,LMNA,ZKSCAN1,RAB3GAP2
ERCC4,SUMO2,HTT,SLC25A11
ERCC4,PLK1,HRAS,RGS12
ERCC4,SUMO2,DDX39A,SIRT5,CHRNA3
ERCC4,CAMK2G,EGFR,EGF
ERCC4,SUMO2,P4HB,HSPA13
ERCC4,SUMO2,P4HB,HSPA13,GCA
ERCC4,SUMO2,KCNA5,KCNAB2
ERCC4,SUMO2,SIN3A,NOTCH2
ERCC4,CAMK2G,EGFR,EGF
ERCC4,SUMO2,CHD8,CASR
ERCC4,SUMO2,TMPO,VIL1
ERCC4,PLK1,CDH1,ITGAE
ERCC4,SUMO2,EZR,SLC12A2,KCNH7
ERCC4,SUMO2,BLM,USP37,CDAN1
ERCC4,NEDD8,KARS1
ERCC4,NEDD8,BAG3,PRRG2
ERCC4,MDC1,ATM,P2RY8
ERCC4,SUMO2,CCT6A,TECR,KCNN2
ERCC4,SUMO2,HTT,SLC25A11
ERCC4,TP53BP1,ARRB1,PTGER2
ERCC4,SUMO2,SIN3A,NOTCH2
ERCC4,SUMO2,DDX39A,SIRT5,PCDHB1
ERCC4,PIAS4,KRT18,PSTPIP2
ERCC4,SUMO2,DNAJA1,NMRAL1,ATP11C
ERCC4,NEDD8,FBXO7,FGF10
ERCC4,SUMO2,TMPO,VIL1
ERCC4,NEDD8,XIAP,HTRA1
ERCC4,SUMO2,FASN,SLC34A3
ERCC4,SUMO2,DDX39A,SIRT5,CD1E
ERCC4,SUMO2,HK2,NUBP1
ERCC4,SUMO2,HTT,SLC25A11
ERCC4,SUMO2,HTT,SLC25A11
ERCC4,SUMO2,HNRNPL,LOXL2,STS
ERCC4,SUMO2,NIBAN2
ERCC4,SUMO2,TRAF1,TNFRSF13C
ERCC4,SUMO2,DDX39A,SIRT5,TGFB3
ERCC4,SUMO2,YWHAG,OGT
ERCC4,SUMO2,TOP2A,PRKCG
ERCC4,CAMK2G,EGFR,EGF
ERCC4,XPA,SRC,EFNA5
ERCC4,SUMO2,ZMYM3,RCOR3,WLS
ERCC4,MSH2,AKT1,THEM4
ERCC4,SUMO2,TPI1,ZP4
ERCC4,SUMO2,VCP,DNM3
ERCC4,SLX4,TERF2IP,CPNE2
ERCC4,SUMO2,ESR1,SLC25A6,CRHR2
ERCC4,NEDD8,TRAF6,TNFRSF13B
ERCC4,SUMO2,P4HB,HSPA13,MC2R
ERCC4,SUMO2,DDX39A,SIRT5,SLC34A2,TSPO2
ERCC4,TP53BP1,MAPK3,ZBTB42
ERCC4,PLK1,HRAS,RGS12
ERCC4,SUMO2,DNAJA1,NMRAL1,GPR37L1
ERCC4,SUMO2,PFKP,CD81
ERCC4,XPA,SRC,EFNA5
ERCC4,MDC1,ATM,P2RY8
ERCC4,SUMO2,HSPD1,DLAT,AMACR
ERCC4,SUMO2,CTR9,BMX
ERCC4,PBK,MTPN,MPP2
ERCC4,PBK,NTNG1,MUC5B
ERCC4,SUMO2,BRD4,CCNT2
ERCC4,SUMO2,TMPO,VIL1
ERCC4,MDC1,TINF2,ANXA4
ERCC4,MDC1,LOX,SH3KBP1
ERCC4,TP53BP1,MAPK3,ZBTB42
ERCC4,SUMO2,MDN1,STK17B,PLA2G4C
ERCC4,MDC1,ANK2,EPB42
ERCC4,SUMO2,RUVBL1,F2R
ERCC4,PLK1,CDH1,ITGAE
ERCC4,SUMO2,TCERG1,DDX42,EPS8L3
ERCC4,PBK,LNX1,ROBO3
ERCC4,PBK,LNX1,ROBO3
ERCC4,SUMO2,HSPA5,LOC102723407,SLC3A1
ERCC4,SUMO2,SIN3A,NOTCH2
ERCC4,NEDD8,SMURF1,PTCH1
ERCC4,CAMK2G,ADCY3,RXFP1,LRP12,NMRK2
ERCC4,SUMO2,RNF4,ZNF205,FPGT,NLN
ERCC4,SUMO2,CTR9,BMX
ERCC4,SUMO2,DDX39A,SIRT5,NAA38,NAA35
ERCC4,SUMO2,CCT6A,TECR,GABBR2
ERCC4,SUMO2,P4HB,HSPA13
ERCC4,SUMO2,KCNA5,KCNAB2,BTN3A1
ERCC4,MDC1,ANK2,EPB42
ERCC4,SUMO2,BABAM2,TMX3,MS4A2
ERCC4,SUMO2,ATRX,EZH2,PCDHB14
ERCC4,SUMO2,HDAC4,WASHC2C
ERCC4,PLK1,DVL3,NKD1
ERCC4,SUMO2,P4HB,HSPA13
ERCC4,SUMO2,DDX39A,SIRT5,ENTPD2
ERCC4,CAMK2G,GRIN1,GPR88
ERCC4,SUMO2,CHD8,CASR
ERCC4,CAMK2G,EGFR,EGF
ERCC4,SUMO2,HTT,SLC25A11,DUOX2
ERCC4,SUMO2,HDAC4,WASHC2C
ERCC4,SUMO2,TMPO,VIL1
ERCC4,CAMK2G,CALM3,GAP43
ERCC4,SUMO2,HSPA5,LOC102723407,SLC39A8
ERCC4,SUMO2,TMPO,VIL1
ERCC4,SUMO2,TP53,ZNF763,FCMR
ERCC4,SUMO2,TRAF1,TNFRSF13C
ERCC4,SUMO2,KCNA5,KCNAB2,HTR3E
ERCC4,PLK1,NRAS,PCDH18
ERCC4,NEDD8,FAF1,SLC2A8
ERCC4,SUMO2,TRIP13,CFP,NCR1
ERCC4,SUMO2,ESR1,SLC25A6,GRM7
ERCC4,SUMO2,EIF4A2,SLC16A9
ERCC4,SUMO2,PRDX3,GORASP2,MIGA1
ERCC4,RPA1,CCDC8
ERCC4,SUMO2,TMPO,VIL1
ERCC4,SUMO2,CCT6A,TECR,CD40LG
ERCC4,CAMK2G,ADCY3,RXFP1
ERCC4,SUMO2,P4HB,HSPA13
ERCC4,SUMO2,HSPA1B,RAB3IP,CD300LB,TYROBP,TREM1
ERCC4,SUMO2,CHD3,KRT84,ZGPAT
ERCC4,SUMO2,BABAM2,TMX3
ERCC4,SUMO2,TMPO,VIL1
ERCC4,SUMO2,P4HB,HSPA13,GPR52
ERCC4,SUMO2,ESR1,SLC25A6,GRM2
ERCC4,XPA,SRC,EFNA5
ERCC4,PLK1,CTNNB1,CTNNBIP1,CAPRIN2
ERCC4,NEDD8,CAV1
ERCC4,SUMO2,P4HB,HSPA13,CCR6
ERCC4,SUMO2,RNF213,RELT
ERCC4,XPA,SRC,EFNA5
ERCC4,SUMO2,DDX39A,SIRT5,PTN
ERCC4,MDC1,BRCA1,PEG3,TNFRSF11B
ERCC4,MSH2,AKT1,THEM4
ERCC4,SUMO2,EZR,SLC12A2,KIRREL3
ERCC4,SUMO2,PDIA4,ARSA,MANBA
ERCC4,XPA,SRC,EFNA5
ERCC4,ERCC6,KAT2B,MAFA
ERCC4,LYAR,IMP3
ERCC4,NEDD8,SH2D3C,ADK
ERCC4,MSH2,NTRK1,XPR1
ERCC4,SUMO2,MARCKS,RAB11FIP1,HFE
ERCC4,SUMO2,HSP90AA1,MYOCD,KCNIP2
ERCC4,MDC1,TINF2,ANXA4
ERCC4,SUMO2,DNM1L,MIEF2,MARCKSL1
ERCC4,CAMK2G,CALM3,GAP43
ERCC4,SUMO2,EEF1A2,SLC13A5
ERCC4,SUMO2,RNF213,RELT
ERCC4,SUMO2,P4HB,HSPA13,KCNQ5
ERCC4,SUMO2,TP53,ZNF763,IL6R
ERCC4,SUMO2,HSPE1,MSRA
ERCC4,SUMO2,ILK,NPR2
ERCC4,MSH2,EPHA2,CAMK1G
ERCC4,PLK1,MAVS,TLR1
ERCC4,SUMO2,PDS5A,DLK1,SLC16A2
ERCC4,PLK1,OPTN,KHNYN,NTRK3
ERCC4,SUMO2,TMPO,VIL1
ERCC4,CAMK2G,PRSS8,SPINT2
ERCC4,NEDD8,BAG3,PRRG2
ERCC4,MSH2,NTRK1,XPR1
ERCC4,SUMO2,TMPO,VIL1
ERCC4,SUMO2,ENO1
ERCC4,SUMO2,HSPA1B,RAB3IP,PLGRKT
ERCC4,MAD2L1,BTF3,LILRB4
ERCC4,TACC1,INSR
ERCC4,XPA,SRC,EFNA5
ERCC4,SUMO2,ILK,NPR2
ERCC4,SUMO2,DDX39A,SIRT5,CD9
ERCC4,SUMO2,TMPO,VIL1
ERCC4,SUMO2,MARS1,AIMP1,AKAP11
ERCC4,SUMO2,EHD4,RPL38,TUB
ERCC4,SUMO2,SIN3A,NOTCH2
ERCC4,SUMO2,EZR,SLC12A2
ERCC4,SUMO2,CTR9,BMX
ERCC4,SUMO2,DDX39A,SIRT5,GPC3
ERCC4,SUMO2,NUMA1,PSIP1,RGS10
ERCC4,SUMO2,CDKN2A,VAMP1
ERCC4,SUMO2,YWHAQ,KSR1,SLC22A11
ERCC4,SUMO2,SIN3A,NOTCH2
ERCC4,SUMO2,CHD4,KRT31,CDSN
ERCC4,SUMO2,HTT,SLC25A11
ERCC4,SUMO2,SIN3A,NOTCH2,ARAP1
ERCC4,SUMO2,SERPINB6
ERCC4,SUMO2,YWHAG,OGT
ERCC4,ZNF423,USP7,TRO
ERCC4,SUMO2,RPS3
ERCC4,SUMO2,DDX5,RBM6,TNFSF11
ERCC4,SUMO2,DDX39A,SIRT5,SLC31A2
ERCC4,MUS81,OASL,TMEM63B
ERCC4,PBK,NTNG1,MUC5B
ERCC4,SUMO2,TMPO,VIL1
ERCC4,SUMO2,RBBP7,ACTR8,BTBD17
ERCC4,PLK1,DVL1,FZD7
ERCC4,SUMO2,CTR9,BMX
ERCC4,SUMO2,ZMYM3,RCOR3,PLAUR
ERCC4,SUMO2,ARC
ERCC4,TP53BP1,ARRB1,PTGER2
ERCC4,MSH2,AKT1,THEM4
ERCC4,TACC1,RAB4A,SLC9A7
ERCC4,SUMO2,DDX39A,SIRT5,CLCN3,CNGA4
ERCC4,SUMO2,FLNA,PHLDB2
ERCC4,SUMO2,CCT6A,TECR,MC4R
ERCC4,SUMO2,ACTB,DCTN5,GJB2
ERCC4,SUMO2,TRAF1,TNFRSF13C
ERCC4,SUMO2,TPR,NUP205,PNPLA2
ERCC4,SUMO2,TMPO,VIL1
ERCC4,PLK1,ANKRD28,EPS8
ERCC4,SUMO2,CTR9,BMX
ERCC4,XPA,SRC,EFNA5
ERCC4,SUMO2,HSP90B1,RASGRP4,LRFN3
ERCC4,SUMO2,ILK
ERCC4,SUMO2,HTT,SLC25A11
ERCC4,SUMO2,DDX39A,SIRT5,CD33
ERCC4,MSH2,NTRK1
ERCC4,PLK1,SPAG5,IFT57,LY86,CD180
ERCC4,CAMK2G,EGFR,EGF
ERCC4,SUMO2,DAXX,CXXC1,INPP5J
ERCC4,SUMO2,ESR1,SLC25A6,ASIC2
ERCC4,SUMO2,CTR9,BMX
ERCC4,SUMO2,EZR,SLC12A2
ERCC4,SUMO2,ILK,NPR2,HAUS7
ERCC4,PLK1,IKBKB,NLRX1
ERCC4,PLK1,CEP192,PCDHB15
ERCC4,XPA,SRC,EFNA5
ERCC4,MDC1,H3C1,FOLH1
ERCC4,SUMO2,SMARCA4,SOX7,GCG
ERCC4,SUMO2,SIRT1,GTF2A1,HHIP
ERCC4,SUMO2,SIN3A,NOTCH2
ERCC4,SUMO2,MDN1,STK17B
ERCC4,PBK,LNX1,ROBO3
ERCC4,SUMO2,P4HB,HSPA13,CFC1
ERCC4,SUMO2,RIF1
ERCC4,PLK1,PAK1,LPXN
ERCC4,SUMO2,ILK,NPR2
ERCC4,SUMO2,VCP,DNM3
ERCC4,SUMO2,HSPA1B,RAB3IP,RAB3D
ERCC4,SUMO2,DDX39A,SIRT5,BTLA
ERCC4,SUMO2,ILK,NPR2
ERCC4,SUMO2,SIN3A,NOTCH2
ERCC4,PLK1,MAVS,TLR1
ERCC4,PIAS4,HIC1,ACKR3
ERCC4,SUMO2,CCT6A,TECR,DUOX1,DUOXA1
ERCC4,PLK1,CEP192,PCDHB15
ERCC4,SUMO2,TMPO,VIL1
ERCC4,NEDD8,GDI1,RAB3B
ERCC4,PBK,DLG1,CACNG2
ERCC4,SUMO2,CDKN2A,VAMP1
ERCC4,SUMO2,P4HB,HSPA13
ERCC4,PLK1,ARF6,PCDHGB1
ERCC4,PLK1,HRAS,RGS12
ERCC4,SUMO2,TMPO,VIL1
ERCC4,PLK1,HRAS,RGS12
ERCC4,NEDD8,RHOF,ASIC1
ERCC4,SUMO2,CTR9,BMX
ERCC4,SUMO2,PFN1,GOLGB1,CDH15
ERCC4,SUMO2,ZMYM2,C8A
ERCC4,CAMK2G,EGFR,EGF
ERCC4,SUMO2,EZR,SLC12A2
ERCC4,SUMO2,SIN3A,NOTCH2
ERCC4,SUMO2,ESR1,SLC25A6,TRARG1
ERCC4,PBK,NTNG1,MUC5B
ERCC4,SUMO2,CTR9,BMX
ERCC4,FANCG
ERCC4,SUMO2,TRAF1,TNFRSF13C
ERCC4,SUMO2,TMPO,VIL1
ERCC4,SUMO2,DNM1L,MIEF2,SMPD2
ERCC4,SUMO2,TMPO,VIL1
ERCC4,SUMO2,CTR9,BMX,SERINC3
ERCC4,PLK1,PAK3
ERCC4,SUMO2,RPS6KA3,FGFR2
ERCC4,PLK1,TSC1,CCDC160,CDHR3
ERCC4,SUMO2,HSPA5,LOC102723407,ERVMER34-1
ERCC4,SUMO2,HTT,SLC25A11
ERCC4,SUMO2,RUVBL1,F2R
ERCC4,SUMO2,P4HB,HSPA13
ERCC4,SUMO2,DAXX,CXXC1,ABCG4
ERCC4,PBK,DLG1,CACNG2
ERCC4,TACC1,EPHA8
ERCC4,SUMO2,CTR9,BMX
ERCC4,PLK1,ANK3,SPTBN4
ERCC4,SUMO2,TMPO,VIL1
ERCC4,SUMO2,CPSF2,SYMPK
ERCC4,SUMO2,HNRNPLL,RAVER2,HYAL3
ERCC4,PLK1,HRAS,RGS12
ERCC4,PLK1,IKBKB,NLRX1
ERCC4,SUMO2,TOP2A,PRKCG,UNC5A
ERCC4,TACC1,IGF1R
ERCC4,SUMO2,VCP,DNM3
ERCC4,SUMO2,EZR,SLC12A2
ERCC4,SUMO2,P4HB,HSPA13
ERCC4,SUMO2,YWHAQ,KSR1,CELSR3
ERCC4,SUMO2,FKBP3,NMT1
ERCC4,MDC1,HMGN5,WNK3,SLC12A4
ERCC4,SUMO2,DDX39A,SIRT5,SLC22A4,SLC5A6
ERCC4,SUMO2,HTT,SLC25A11
ERCC4,SUMO2,DAXX,CXXC1,LPP
ERCC4,SUMO2,DDX39A,SIRT5,CBLIF,CUBN
ERCC4,SUMO2,HTT,SLC25A11
ERCC4,SUMO2,SIN3A,NOTCH2
ERCC4,SUMO2,TMPO,VIL1
ERCC4,SUMO2,DDX39A,SIRT5,TMEM106A
ERCC4,PLK1,SPAG5,IFT57,PLB1
ERCC4,SUMO2,AHNAK
ERCC4,SUMO2,TMPO,VIL1
ERCC4,SUMO2,TRAF1,TNFRSF13C
ERCC4,SUMO2,TPR,NUP205,TMEM87A
ERCC4,NEDD8,GRN
ERCC4,SUMO2,EZR,SLC12A2
ERCC4,SUMO2,BABAM2,TMX3
ERCC4,PLK1,CDC25C,APOLD1
ERCC4,SUMO2,HDAC4,WASHC2C,SLC16A5
ERCC4,PBK,ARRDC1
ERCC4,SUMO2,CCT5,PEX7,PTP4A3
ERCC4,CAMK2G,PLCB3,GNAQ
ERCC4,SUMO2,TMPO,VIL1
ERCC4,XPA,SRC,EFNA5
ERCC4,SUMO2,DDX21,PRR3
ERCC4,SUMO2,HDAC4,WASHC2C
ERCC4,SUMO2,P4HB,HSPA13,NPY2R
ERCC4,PLK1,CDH1,ITGAE
ERCC4,SUMO2,P4HB,HSPA13
ERCC4,SUMO2,DDX39A,SIRT5,TRAK2
ERCC4,CAMK2G,EGFR,EGF
ERCC4,SUMO2,EZR,SLC12A2,ADA
ERCC4,SUMO2,ATRX,EZH2,CYP2C19
ERCC4,SUMO2,HSPA1B,RAB3IP,SLC1A5
ERCC4,SUMO2,TOP2A,PRKCG
ERCC4,PLK1,NRAS,PCDH18
ERCC4,RPA1,RAB11A,PODXL2
ERCC4,SUMO2,DDX21,PRR3
ERCC4,PLK1,NIN
ERCC4,SUMO2,EZR,SLC12A2
ERCC4,NEDD8,SNRPD2,CRLF3
ERCC4,SUMO2,ILK,NPR2
ERCC4,SUMO2,RBBP7,ACTR8,SMPD3
ERCC4,SUMO2,P4HB,HSPA13,MRGPRD
ERCC4,PLK1,PAK1,LPXN
ERCC4,SUMO2,EZR,SLC12A2,SPRY1
ERCC4,PLK1,PTPN1,ATP4A
ERCC4,PBK,CSNK2A2,PALM3
ERCC4,SUMO2,YWHAG,OGT
ERCC4,PLK1,HRAS,RGS12
ERCC4,NEDD8,BAG3,PRRG2
ERCC4,SUMO2,TRAF1,TNFRSF13C
ERCC4,PLK1,CDH1,ITGAE
ERCC4,NEDD8,GDI1,RAB3B
ERCC4,SUMO2,CHD4,KRT31,RXFP2
ERCC4,PLK1,DVL3,NKD1
ERCC4,SUMO2,KCNA5,KCNAB2
ERCC4,PLK1,CDH1,ITGAE
ERCC4,PLK1,MYC,CDR2,KIR2DL4
ERCC4,SUMO2,RPL4,NCLN,MGLL
ERCC4,SUMO2,ILK,NPR2
ERCC4,SUMO2,CTR9,BMX
ERCC4,SUMO2,YWHAG,OGT
ERCC4,SUMO2,CHD8,CASR
ERCC4,SUMO2,SRSF1,DHX15,TBC1D30
ERCC4,SUMO2,SIN3A,NOTCH2
ERCC4,CAMK2G,CALM3,GAP43
ERCC4,MDC1,TINF2,ANXA4
ERCC4,SUMO2,GAPVD1
ERCC4,SUMO2,HSPD1,DLAT,SYTL3
ERCC4,SUMO2,EIF4A2,SLC16A9
ERCC4,NEDD8,DSP
ERCC4,SUMO2,DDX39A,SIRT5,NSMF
ERCC4,SUMO2,SIN3A,NOTCH2
ERCC4,PBK,DLG1,CACNG2
ERCC4,NFKBID,REL,SLC6A12
ERCC4,SUMO2,YWHAG,OGT
ERCC4,SUMO2,HSPD1,DLAT,ADGRG6
ERCC4,CAMK2G,CALM3,GAP43
ERCC4,SUMO2,NUMA1,PSIP1,KLRK1,RAET1L
ERCC4,SUMO2,TMPO,VIL1
ERCC4,SUMO2,EIF4A2,SLC16A9
ERCC4,SUMO2,FASN,SLC34A3
ERCC4,SUMO2,HSPA1B,RAB3IP,GPA33
ERCC4,NEDD8,BAG3,PRRG2
ERCC4,SUMO2,EEF1G,HSD17B10
ERCC4,SUMO2,EZR,SLC12A2,DENND2B
ERCC4,MSH2,RAF1,ETS2
ERCC4,SUMO2,P4HB,HSPA13
ERCC4,PBK,LNX1,ROBO3
ERCC4,SUMO2,BABAM2,TMX3
ERCC4,SUMO2,RNF4,ZNF205,JAML
ERCC4,PLK1,NRAS,PCDH18
ERCC4,SUMO2,RAD54L2,VCX,ABCA4
ERCC4,SUMO2,EZR,SLC12A2
ERCC4,NEDD8,RND3,SEMA4F
ERCC4,SUMO2,DDX39A,SIRT5,SLC7A9
ERCC4,CAMK2G,CTTN,EXOC8
ERCC4,SUMO2,VCP,DNM3
ERCC4,CAMK2G,ADCY3,RXFP1,CNGB3
ERCC4,SUMO2,FASN,SLC34A3
ERCC4,RPA1,RAB11A,PODXL2
ERCC4,MDC1,H2AX,TSSK4,KIR2DL3
ERCC4,NEDD8,BAG3,PRRG2
ERCC4,MDC1,H3C1,FOLH1
ERCC4,SUMO2,RPS6KA3,FGFR2
ERCC4,SUMO2,GTF2I,PRKG1
ERCC4,PLK1,PPP1R12A,ARHGEF25
ERCC4,CAMK2G,EGFR,EGF
ERCC4,SUMO2,DDX39A,SIRT5,SLC22A2,SLC47A1
ERCC4,PBK,MTPN,MPP2
ERCC4,SUMO2,SIN3A,NOTCH2
ERCC4,SUMO2,EZR,SLC12A2,SELPLG
ERCC4,PLK1,NRAS,PCDH18
ERCC4,SUMO2,HTT,SLC25A11
ERCC4,CAMK2G,EGFR,EGF
ERCC4,SUMO2,TMPO,VIL1
ERCC4,PLK1,ANK3,SPTBN4
ERCC4,NEDD8,BAG3,PRRG2
ERCC4,PLK1,MAVS,TLR1
ERCC4,PBK,MBP
ERCC4,SUMO2,BRD4,CCNT2
ERCC4,CAMK2G,DYNLL1,DYNC2H1
ERCC4,SUMO2,TRAF1,TNFRSF13C
ERCC4,SUMO2,HSPA1B,RAB3IP,ARHGEF39
ERCC4,SUMO2,YWHAG,OGT
ERCC4,EME1,S100P,TGFBI
ERCC4,SUMO2,FASN,SLC34A3
ERCC4,PBK,LNX1,ROBO3
ERCC4,SUMO2,HTT,SLC25A11,QRFPR
ERCC4,SUMO2,SRSF1,DHX15,CA4
ERCC4,SUMO2,ARF4,ARHGAP31,ARL6IP5
ERCC4,NEDD8,GAPDH,SLC4A3
ERCC4,SUMO2,P4HB,HSPA13,NMUR2
ERCC4,SUMO2,HTT,SLC25A11
ERCC4,SUMO2,RIF1,BSG
ERCC4,SUMO2,P4HB,HSPA13,GNG4
ERCC4,SUMO2,HTT,SLC25A11
ERCC4,SUMO2,CDKN2A,VAMP1
ERCC4,SUMO2,BABAM2,TMX3
ERCC4,EME1,S100P,TGFBI
ERCC4,SUMO2,DAXX,CXXC1,LPL
ERCC4,TP53BP1,MAPK3,ZBTB42
ERCC4,SUMO2,P4HB,HSPA13,CDHR4
ERCC4,XPA,SRC,EFNA5
ERCC4,CAMK2G,CALM3,GAP43
ERCC4,NEDD8,GAPDH,SLC4A3
ERCC4,SUMO2,VCP,DNM3
ERCC4,SUMO2,SIN3A,NOTCH2
ERCC4,SUMO2,ACTB,DCTN5,C3AR1
ERCC4,SUMO2,TOP2A,PRKCG
ERCC4,CAMK2G,EGFR,EGF
ERCC4,SUMO2,YWHAG,OGT
ERCC4,SUMO2,HTT,SLC25A11
ERCC4,SUMO2,HDAC4,WASHC2C
ERCC4,SUMO2,HNRNPA1L2,TNPO1,VNN2
ERCC4,SUMO2,DDX39A,SIRT5,RAB39A
ERCC4,SUMO2,HSPD1,DLAT,CLEC4M
ERCC4,SUMO2,P4HB,HSPA13
ERCC4,SUMO2,CTR9,BMX
ERCC4,SUMO2,HDAC4,WASHC2C
ERCC4,SUMO2,HSP90AA1,MYOCD,S1PR4
ERCC4,TACC1,RAB4A,SLC9A7
ERCC4,SUMO2,VIM,CASP3,CD38
ERCC4,NEDD8,SMURF2
ERCC4,XPA,SRC,EFNA5
ERCC4,MSH2,HLA-DPB1,HLA-DPA1
ERCC4,PIAS4,KRT18,PSTPIP2
ERCC4,PLK1,HRAS,RGS12
ERCC4,SUMO2,HTT,SLC25A11
ERCC4,SUMO2,P4HB,HSPA13
ERCC4,PLK1,TUBB3,NRG1
ERCC4,SUMO2,TOP2A,PRKCG
ERCC4,SUMO2,VCP,DNM3
ERCC4,SUMO2,VCP,DNM3
ERCC4,SUMO2,CTR9,BMX,F5
ERCC4,SUMO2,RBBP7,ACTR8,RASL12
ERCC4,SUMO2,YWHAG,OGT
ERCC4,SUMO2,EZR,SLC12A2,ARHGAP33
ERCC4,SLX4,TERF2IP,CPNE2
ERCC4,MDC1,ANK2,EPB42
ERCC4,PLK1,CTNNB1
ERCC4,SUMO2,RPS27A,HERC3,SLC10A1
ERCC4,SUMO2,VCP,DNM3
ERCC4,SUMO2,P4HB,HSPA13,SSTR4
ERCC4,SUMO2,HSPA5,LOC102723407,PCDHGA11
ERCC4,SUMO2,HK2,NUBP1
ERCC4,PLK1,PAK1,LPXN
ERCC4,SUMO2,P4HB,HSPA13,SLC2A13
ERCC4,SUMO2,SIN3A,NOTCH2
ERCC4,CAMK2G,GRIN1,GPR88
ERCC4,SUMO2,ILK,NPR2
ERCC4,TACC1,RAC2,DIRAS1
ERCC4,SUMO2,VCP,DNM3
ERCC4,PLK1,HRAS,RGS12,TPRA1
ERCC4,SUMO2,ZMYM3,RCOR3,WLS,WNT7B
ERCC4,XPA,SRC,EFNA5
ERCC4,MSH2,EPHA2,CAMK1G
ERCC4,SUMO2,CDKN2A,VAMP1
ERCC4,SUMO2,HNRNPL,LOXL2,PCDHA3
ERCC4,SUMO2,EZR,SLC12A2
ERCC4,SUMO2,ILK,NPR2
ERCC4,MSH2,AKT1,THEM4,CYBRD1
ERCC4,SUMO2,CTR9,BMX
ERCC4,PLK1,PPP1R12A,ARHGEF25
ERCC4,MDC1,TINF2,ANXA4
ERCC4,CAMK2G,PRNP,PCBD1,SV2C
ERCC4,SUMO2,PALLD
ERCC4,SUMO2,P4HB,HSPA13,OR1M1
ERCC4,PLK1,CHEK2,SV2A
ERCC4,SUMO2,SIN3A,NOTCH2
ERCC4,TACC1,RND2
ERCC4,NEDD8,BAG3,PRRG2
ERCC4,PLK1,HRAS,RGS12
ERCC4,SUMO2,DDX39A,SIRT5,GBA2
ERCC4,SUMO2,CHD8,CASR
ERCC4,SUMO2,YWHAG,OGT
ERCC4,SUMO2,TMPO,VIL1
ERCC4,XPA,SRC,EFNA5
ERCC4,SUMO2,UBE2I,PCGF2,SNX33
ERCC4,PLK1,BCR,SLA2
ERCC4,MAD2L1,BTF3,LILRB4
ERCC4,RPA1,RAB11A,PODXL2
ERCC4,SUMO2,PRDX3,GORASP2,MMP15
ERCC4,MSH2,RAF1,ETS2
ERCC4,SUMO2,ACTB
ERCC4,PLK1,NPM1,CAVIN1
ERCC4,MDC1,H3C12,ITIH2,LAG3
ERCC4,CAMK2G,GRIA1
ERCC4,SUMO2,NFKBIA,COL7A1,PDE6G
ERCC4,SUMO2,KRAS,AP4S1,PRLHR
ERCC4,TP53BP1,ARRB1,PTGER2
ERCC4,SUMO2,P4HB,HSPA13,HTR4
ERCC4,SUMO2,LMNA,ZKSCAN1,MIGA2
ERCC4,MSH2,AKT1,THEM4
ERCC4,SUMO2,DDX39A,SIRT5,CDHR2
ERCC4,SUMO2,EZR,SLC12A2,IQCJ-SCHIP1
ERCC4,SUMO2,SMC1A,GRM3
ERCC4,CAMK2G,GRIN1
ERCC4,PBK,RHOBTB3,RAB9B
ERCC4,SUMO2,PGK1,ADI1
ERCC4,SUMO2,HSP90AA1,MYOCD,DRD5
ERCC4,SUMO2,SIN3A,NOTCH2,TMED7,TP53I13
ERCC4,TACC1,RET
ERCC4,SUMO2,DDX39A,SIRT5,NRXN3
ERCC4,PLK1,ANK3,SPTBN4
ERCC4,SUMO2,HTT,SLC25A11
ERCC4,PBK,MTPN,MPP2
ERCC4,SUMO2,ESR1,SLC25A6,TPSG1
ERCC4,PLK1,SVIL,FLOT2
ERCC4,SUMO2,FLNA,PHLDB2
ERCC4,MDC1,TOPBP1
ERCC4,SUMO2,CTR9,BMX,PKD2
ERCC4,PLK1,PPP1R12A,ARHGEF25
ERCC4,SUMO2,EEF1A1,ECPAS,CCL1,CCR8
ERCC4,SUMO2,P4HB,HSPA13
ERCC4,SUMO2,EEF1G,HSD17B10
ERCC4,SUMO2,HSP90AA1,MYOCD,CCR2
ERCC4,SUMO2,DNAJA1,NMRAL1,ABCC4
ERCC4,SUMO2,HTT,SLC25A11
ERCC4,TACC1,RAC2,DIRAS1
ERCC4,SUMO2,ILK,NPR2
ERCC4,MSH2,EPHA2,CAMK1G
ERCC4,PLK1,HRAS,RGS12
ERCC4,SUMO2,KRAS,AP4S1,ADIPOR2
ERCC4,SUMO2,EZR,SLC12A2
ERCC4,CAMK2G,CTTN,EXOC8
ERCC4,SUMO2,HTT,SLC25A11
ERCC4,PLK1,SVIL
ERCC4,NEDD8,GAPDH
ERCC4,SUMO2,NUMA1
ERCC4,SUMO2,BLM,USP37,TRPC5
ERCC4,PBK,LNX1,ROBO3
ERCC4,SUMO2,HNRNPH1,MSI2,LRRN4
ERCC4,SUMO2,ESR1,SLC25A6,GPBAR1
ERCC4,SUMO2,DDX39A,SIRT5,NRCAM
ERCC4,SUMO2,VCP,DNM3,SLC24A3
ERCC4,SUMO2,HTT,SLC25A11
ERCC4,SUMO2,SIN3A,NOTCH2
ERCC4,SUMO2,HNRNPA1L2,TNPO1,CA14
ERCC4,SUMO2,VCP,DNM3
ERCC4,SUMO2,DNM1L,MIEF2,ECEL1
ERCC4,SUMO2,DAXX,CXXC1,AVPR1A
ERCC4,SUMO2,TMPO,VIL1
ERCC4,SUMO2,HTT,SLC25A11
ERCC4,SUMO2,DDX39A,SIRT5,TSPAN15,ADGRE2
ERCC4,SUMO2,ESR1,SLC25A6,SLC34A1
ERCC4,TACC1,RHOG,ELMO1
ERCC4,NEDD8,HIF1A,E2F7,PDCD1
ERCC4,CAMK2G,EGFR,EGF
ERCC4,SUMO2,YWHAG,OGT
ERCC4,TP53BP1,ARRB1
ERCC4,PLK1,NRAS,PCDH18
ERCC4,CAMK2G,EGFR,EGF
ERCC4,SUMO2,P4HB,HSPA13
ERCC4,PLK1,FADD,BTG1,RAET1E
ERCC4,SUMO2,VCP,DNM3
ERCC4,SUMO2,PFN1,GOLGB1,NFASC
ERCC4,SUMO2,CTR9,BMX
ERCC4,CAMK2G,EGFR,EGF
ERCC4,SUMO2,SIN3A,NOTCH2
ERCC4,SUMO2,HTT,SLC25A11
ERCC4,NEDD8,PRAME
ERCC4,PLK1,NRAS,PCDH18
ERCC4,TP53BP1,ARRB1,PTGER2
ERCC4,MDC1,FZR1,RGS11
ERCC4,SUMO2,UBE2I,PCGF2,PLA2G4E
ERCC4,SUMO2,BRD4,CCNT2
ERCC4,SUMO2,TMPO,VIL1
ERCC4,SUMO2,YWHAG,OGT,KCNJ10
ERCC4,SUMO2,HTT,SLC25A11
ERCC4,SUMO2,HTT,SLC25A11
ERCC4,PLK1,PTPN1,ATP4A,ATP4B
