GSTP1,ENO1,EFTUD2,MRRF,ZGPAT
GSTP1,MAPK8,SH2D3A,GSDMA
GSTP1,PRDX1,RHOC,SLC30A5
GSTP1,ENO1,AKT1,VHL,KNSTRN
GSTP1,RAC1,RAPH1
GSTP1,ZBTB18,GNB1,MC2R
GSTP1,ACTA2,FMNL3
GSTP1,ENO1,GSK3B,ACSBG1
GSTP1,ENO1,MYC,CECR2,SAMHD1
GSTP1,ENO1,DHX30,PRR3
GSTP1,UBC,CAV1
GSTP1,ZBTB18,GNB1,MC2R
GSTP1,RAC1,RELT
GSTP1,UBC,RHOA,HTR1A
GSTP1,MAP3K5,TRAF2,LRRN2,TNFRSF11B
GSTP1,ENO1,BTF3,LILRB4
GSTP1,ENO1,AKT1,VHL
GSTP1,ENO1,AKT1,VHL
GSTP1,MTPN,PDIA3,CLU,MANBA
GSTP1,ENO1,SRC,EFNA5
GSTP1,ENO1,ENDOD1,SLC34A2
GSTP1,ENO1,FYN,RHOU
GSTP1,ENO1,FYN,RHOU
GSTP1,ENO1,KRAS,ACTR10,HFE
GSTP1,ENO1,HSP90AA1,NR3C2,KCNIP2
GSTP1,UBC,APPBP2,CLCN1
GSTP1,ZNF518A,DCTN2,MARCKSL1
GSTP1,UBC,RHOA,HTR1A
GSTP1,PRDX1,HSPA8,VPS4B
GSTP1,ENO1,ATF2,FOSL2,IL6R
GSTP1,ENO1,FYN,RHOU
GSTP1,UBC,MAVS,TLR1
GSTP1,RAC1,PLXNB2,SEMA4A
GSTP1,MAP3K5,MAP2K7,MAP3K12,SLC16A2
GSTP1,UBC,OPTN,KHNYN,NTRK3
GSTP1,ENO1,AKT1,VHL,SPINT2
GSTP1,ENO1,BAG3,SNX20
GSTP1,ENO1
GSTP1,RAC1,YKT6
GSTP1,ENO1,YWHAQ,PPP4R3B,PLGRKT
GSTP1,ENO1,BTF3,LILRB4
GSTP1,ENO1,DHX30,PRR3
GSTP1,ENO1,NTRK1,PTPN9,GFRA3
GSTP1,UBC,EEF1A2,SLC13A5
GSTP1,RAC1,DOCK3
GSTP1,ENO1,DDX39B,THOC7,MMP16
GSTP1,UBC,RNF144A
GSTP1,ENO1,GSK3B,ACSBG1
GSTP1,ENO1,FYN,RHOU,TUB
GSTP1,MAPK8,ANKRD28,AGPAT2
GSTP1,ENO1,FYN,RHOU
GSTP1,PRDX1,HSPA8,VPS4B
GSTP1,ACTA2,LRRTM2,GPC3
GSTP1,ZBTB18,GNAI1,CNR1
GSTP1,UBC,CDKN2A,VAMP1
GSTP1,UBC,NEDD4L,SLC22A11
GSTP1,UBC,HERC2
GSTP1,MTPN,RPS28,CCDC124
GSTP1,ENO1,MYC,CECR2,CDSN
GSTP1,UBC,EGFR,GABRA2
GSTP1,ENO1,HTT,SLC25A11
GSTP1,ENO1,AKT1,VHL
GSTP1,ENO1,HSPA9,AQP12B,ARAP1
GSTP1,ENO1,AKT1,VHL
GSTP1,MTPN,HNRNPH1,SCUBE3
GSTP1,MAP3K5,JAK2
GSTP1,LGALS3,LGALS9,SLC12A9
GSTP1,ENO1,FYN,RHOU
GSTP1,PRDX1,HSPA8,VPS4B
GSTP1,UBC,RPS3
GSTP1,ENO1,DHX30,PRR3
GSTP1,ENO1,FYN,RHOU
GSTP1,ENO1,MYC,CECR2,TNFSF11
GSTP1,ENO1,SMC3,PLIN4
GSTP1,ENO1,AKT1,VHL
GSTP1,ENO1,ENDOD1,SLC34A2
GSTP1,ENO1,AKT1,VHL
GSTP1,SOX2,MAGED2,TMEM63B
GSTP1,ENO1,CFTR,CLCA1
GSTP1,ENO1,CHD4,DSN1,BTBD17
GSTP1,ENO1,AKT1,VHL
GSTP1,PRDX1,MAPK14,ZNF142,PLAUR
GSTP1,UBC,NEDD4L,SLC22A11
GSTP1,UBC,HLTF,CERK
GSTP1,UBC,ARRB2,APLNR
GSTP1,MAPK8,SH2D3A,GSDMA
GSTP1,ENO1,FYN,RHOU
GSTP1,ENO1,CCT7,LRRC10,RAB29
GSTP1,ENO1,AKT1,VHL
GSTP1,ENO1,NME2,CFB
GSTP1,ENO1,AKT1,VHL,CLCN3,CNGA4
GSTP1,ENO1,HLA-DRB1,PRF1
GSTP1,PRDX1,HSPA8,VPS4B
GSTP1,ZNF518A,DCTN2,MARCKSL1
GSTP1,ENO1,YWHAB,PIK3R4,PNPLA2
GSTP1,ENO1,FYN,RHOU
GSTP1,ENO1,GSK3B,ACSBG1
GSTP1,RAC1,BAIAP2L1
GSTP1,UBC,LNX1,SAT1
GSTP1,ENO1,SRC,EFNA5
GSTP1,ENO1,CCT7,LRRC10,LRFN3
GSTP1,UBC,EPN1
GSTP1,UBC,FGFR1,FLRT1
GSTP1,PRDX1,HSPA8,VPS4B
GSTP1,SOX2,ILK
GSTP1,UBC,EGFR,GABRA2
GSTP1,COX4I1,JAK3,IL7R
GSTP1,ENO1,HTT,SLC25A11
GSTP1,MTPN,PTPN11,SLAMF6
GSTP1,ENO1,NTRK1
GSTP1,ENO1,SRC,EFNA5
GSTP1,MAP3K5,APP,APBA1,LY86,CD180
GSTP1,ENO1,BAG3,SNX20
GSTP1,ENO1,AKT1,VHL
GSTP1,UBC,EGFR,GABRA2
GSTP1,ENO1,NTRK1,PTPN9,INPP5J
GSTP1,PRKN,PICK1,ASIC2
GSTP1,RAC1,SOS1
GSTP1,ENO1,FYN,RHOU
GSTP1,ENO1,HTT,SLC25A11
GSTP1,ENO1,SRC,EFNA5
GSTP1,ENO1,PLEKHA4,MTERF4,HAUS7
GSTP1,RAC1,SLC7A11
GSTP1,ENO1,GSK3B,ACSBG1
GSTP1,MAP3K5,MAP2K7,MAP3K12
GSTP1,ENO1,CEP192,PRRC2A
GSTP1,ENO1,SRC,EFNA5
GSTP1,MTPN,REL,ACTN3
GSTP1,ENO1,HSP90B1,LDLR
GSTP1,RAC1,ITGB1,ITGA8
GSTP1,COX4I1,DDOST,TUSC3
GSTP1,UBC,APPBP2,CLCN1
GSTP1,ENO1,SRC,EFNA5
GSTP1,ENO1,FYN,RHOU
GSTP1,ENO1,BAG3,SNX20
GSTP1,RAC1,TMTC3,TRHDE
GSTP1,CTSB,ACTN1,PLEK
GSTP1,ENO1,AKT1,VHL
GSTP1,MTPN,PTPN11,SLAMF6
GSTP1,GABPB1,FHL2,RASL12
GSTP1,MAP3K5,ERN1,PCDHGB5
GSTP1,RAC1,OSBPL3
GSTP1,UBC,FGFR1,FLRT1
GSTP1,ZBTB18,GNAI1,CNR1
GSTP1,ENO1,BAG3,SNX20
GSTP1,ENO1,GSK3B,ACSBG1
GSTP1,ENO1,BAG3,SNX20
GSTP1,RAC1,PRKACA,AKAP7,DUOXA1
GSTP1,ENO1,CEP192,PRRC2A
GSTP1,UBC,ANKRD13A
GSTP1,PRKN,DLG1,CACNG2
GSTP1,ENO1,GSK3B,ACSBG1
GSTP1,UBC,UBXN7,XKRX
GSTP1,ENO1,FYN,RHOU
GSTP1,UBC,CDKN2A,VAMP1
GSTP1,UBC,FZR1,RGS11
GSTP1,ENO1,AKT1,VHL
GSTP1,MAPK8,HRAS,RGS12
GSTP1,UBC,RHOA,HTR1A
GSTP1,UBC,FANCI,UPK2
GSTP1,UBC,SGTA,CDH15
GSTP1,ENO1,AKT1,VHL
GSTP1,MAP3K5,DAXX,CHMP3
GSTP1,MAP3K5,DAXX,CHMP3
GSTP1,MTPN,REL,ACTN3
GSTP1,PRDX1,CDH1,ITGA6
GSTP1,ENO1,CFTR,CLCA1
GSTP1,RAC1,PTPRF
GSTP1,FANCC,FANCG
GSTP1,COX4I1,JAK3,IL7R
GSTP1,RAC1,PAK3
GSTP1,UBC,UBQLN1,FGF7,CDHR3
GSTP1,ENO1,HTT,SLC25A11
GSTP1,UBC,AMPH
GSTP1,ENO1,KRAS,ACTR10,ERVMER34-1
GSTP1,ENO1,HTT,SLC25A11
GSTP1,ENO1,HSP90B1,LDLR
GSTP1,ENO1,NEDD4,SCN1A
GSTP1,PRKN,DLG4,NLGN2
GSTP1,RAC1,PIK3R1
GSTP1,ENO1,FYN,RHOU
GSTP1,ENO1,HTT,SLC25A11
GSTP1,ENO1,FYN,RHOU
GSTP1,UBC,ZAP70
GSTP1,RAC1,ITGB1,ITGA8
GSTP1,MAPK8,HRAS,RGS12
GSTP1,RAC1,MCF2L
GSTP1,ENO1,SRC,EFNA5
GSTP1,ENO1,FYN,RHOU
GSTP1,ENO1,GSK3B,ACSBG1
GSTP1,ENO1,NTRK1,PTPN9,UNC5A
GSTP1,TAGLN,IGF1R
GSTP1,PRDX1,VCP,LRRC15
GSTP1,ENO1,NEDD4
GSTP1,ENO1,BAG3,SNX20
GSTP1,ENO1,MYC,CECR2,RASGEF1A
GSTP1,UBC,TRIP12,CELSR3
GSTP1,ENO1,AKT1,VHL
GSTP1,MTPN,REL,ACTN3,SLC12A4
GSTP1,PRDX1,VCP,LRRC15
GSTP1,PRDX1,RHOC,SLC30A5
GSTP1,MAPK8,WWOX,CEACAM6
GSTP1,ENO1,HLA-DRB1,PRF1
GSTP1,PRDX1,VCP,LRRC15
GSTP1,RAC1,LRP4,PID1,CUBN
GSTP1,ENO1,HTT,SLC25A11
GSTP1,ENO1,DES,MTM1
GSTP1,ENO1,SMC3,PLIN4
GSTP1,UBC,UBR4,KCMF1
GSTP1,PRDX1,MACROH2A1,CGAS
GSTP1,UBC,SUMO1,HIPK3
GSTP1,ENO1,HLA-DRB1,PRF1
GSTP1,ENO1,AKT1,VHL,PLB1
GSTP1,ENO1,DHX30,PRR3
GSTP1,PRDX1,HSPA8,VPS4B
GSTP1,ZBTB18,AHNAK
GSTP1,ENO1,AKT1,VHL
GSTP1,RAC1,CARMIL2
GSTP1,ZBTB18,SYNPO
GSTP1,ENO1,AKT1,VHL
GSTP1,ENO1,FYN,RHOU,TMEM87A
GSTP1,ENO1,AKT1,VHL
GSTP1,ENO1,AKT1,VHL
GSTP1,PRKN,CASK
GSTP1,MAPK8,CDC25C,APOLD1
GSTP1,UBC,PTPN5,CLEC4G
GSTP1,ENO1,CEP192,PRRC2A
GSTP1,ENO1,HDAC4,WASHC2C,SLC16A5
GSTP1,RAC1,PKN2
GSTP1,ENO1,AKT1,VHL
GSTP1,ENO1,NEDD4,SCN1A
GSTP1,RAC1,ECT2,GNAL
GSTP1,MTPN,ATP6V1A,ATP6V1D
GSTP1,ENO1,NME2,CFB
GSTP1,FOXC1,PPP2R2D,GPC5
GSTP1,ENO1,CCT7,LRRC10,PTP4A3
GSTP1,MAP3K5,DAXX,CHMP3
GSTP1,ENO1,AKT1,VHL
GSTP1,ENO1,SRC,EFNA5
GSTP1,ZBTB18,GNAI1,CNR1
GSTP1,MTPN,REL,ACTN3
GSTP1,PRDX1,CDH1,ITGA6
GSTP1,ENO1,HSPA9,AQP12B,ADA
GSTP1,UBC,RHOT2,CNR2
GSTP1,UBC,RHOT2,CNR2
GSTP1,UBC,EGFR,GABRA2
GSTP1,ENO1,HSPA9,AQP12B,SLC1A5
GSTP1,UBC,PRKCB
GSTP1,ENO1,PSMD14,PSMB9,SYT17
GSTP1,ENO1,CEP192,PRRC2A
GSTP1,ENO1,GSK3B,ACSBG1
GSTP1,TPI1,FGR
GSTP1,ENO1,CCT7,LRRC10,SMPD3
GSTP1,ZBTB18,GNAI1,CNR1
GSTP1,ENO1,CEP192,PRRC2A
GSTP1,MAPK8,PXN,PARVB
GSTP1,ENO1,FYN,RHOU
GSTP1,MTPN,RPS28,CCDC124
GSTP1,RAC1,ENAH
GSTP1,MTPN,PTPN11,SLAMF6
GSTP1,MTPN,ATP6V1A,ATP6V1D
GSTP1,ENO1,SRC,EFNA5
GSTP1,RAC1,CDC42BPB
GSTP1,ENO1,FYN,RHOU
GSTP1,MAP3K5,PRKAA2,PLEKHN1
GSTP1,MAPK8,HRAS,RGS12
GSTP1,MAP3K5,APP,APBA1
GSTP1,ENO1,BAG3,SNX20
GSTP1,PRDX1,CDH1,ITGA6
GSTP1,MAP3K5,JAK2,AGTR1
GSTP1,ENO1,FYN,RHOU
GSTP1,PRKN,LIMK1,ITGA1
GSTP1,ENO1,AKT1,VHL
GSTP1,PRDX1,COPS6,BFSP2
GSTP1,ENO1,HTT,SLC25A11
GSTP1,PRDX1,CDH1,ITGA6
GSTP1,ENO1,MYC,CECR2,KIR2DL4
GSTP1,ENO1,HLA-DRB1
GSTP1,MTPN,SHC1,CD22
GSTP1,RAC1,MICAL3
GSTP1,ZBTB18,SNAP23,STX19
GSTP1,ENO1,FYN,RHOU
GSTP1,UBC,RHOA,HTR1A
GSTP1,SOX2,TUBB8,CACNG8
GSTP1,ENO1,KRAS,ACTR10,SYTL3
GSTP1,MTPN,REL,ACTN3
GSTP1,ZBTB18,DSP
GSTP1,UBC,EGFR,GABRA2
GSTP1,ENO1,CEP192,PRRC2A
GSTP1,ENO1,MYC,CECR2,PRSS41
GSTP1,ENO1,BAG3,SNX20
GSTP1,MTPN,REL,ACTN3
GSTP1,PRKN,DLG1,CACNG2
GSTP1,UBC,HSPD1,GDA,ADGRG6
GSTP1,UBC,BSG,SLC16A13
GSTP1,SOX2,RAE1,KLRK1,RAET1G
GSTP1,UBC,FASN,SLC34A3
GSTP1,RAC1,ARHGAP21
GSTP1,ENO1,BAG3,SNX20
GSTP1,UBC,ACTR2,CORO1A
GSTP1,UBC,GRB2,TBC1D3G
GSTP1,UBC,COPB1
GSTP1,ENO1,AKT1,VHL
GSTP1,CTSB,ANXA2
GSTP1,MAP3K5,RAF1,ETS2
GSTP1,UBC,LNX1,SAT1
GSTP1,MAP3K5,APP,APBA1
GSTP1,RAC1,SYK,SIRPB1
GSTP1,ENO1,GSK3B,ACSBG1
GSTP1,CTSB,RGS2
GSTP1,UBC,RNF5
GSTP1,MTPN,REL,ACTN3
GSTP1,UBC,RHOA,HTR1A
GSTP1,ENO1,UBQLN2,TRAFD1,JAML
GSTP1,ENO1,AKT1,VHL
GSTP1,PRDX1,RHOC,SLC30A5
GSTP1,PRKN,PRPF40A,PRSS12
GSTP1,ACTA2,RND3,SEMA4F
GSTP1,ENO1,SMC3,PLIN4
GSTP1,UBC,AGO2,SLC7A9
GSTP1,ENO1,PLEKHA4
GSTP1,SOX2,CTTN,SDC3
GSTP1,ENO1,KRAS,ACTR10,CNGA3,CNGB3
GSTP1,UBC,FASN,SLC34A3
GSTP1,ENO1,AKT1,VHL
GSTP1,ENO1,AKT1,VHL
GSTP1,RAC1,LRP2
GSTP1,ENO1,CEP192,PRRC2A
GSTP1,MTPN,RELA,COMMD10,KIR2DL3
GSTP1,ENO1,BAG3,SNX20
GSTP1,UBC,AMOT,TCHP
GSTP1,UBC,USP4
GSTP1,UBC,ARRB2,APLNR
GSTP1,UBC,CASP8,NLRC4
GSTP1,UBC,EGFR,GABRA2
GSTP1,COX4I1,TPM1,APPL2
GSTP1,RAC1,TMX1,TMEM179B,SLC47A1
GSTP1,MAP3K5,PRKAA2,PLEKHN1
GSTP1,MTPN,FTO
GSTP1,UBC,ACTL6A
GSTP1,ENO1,HTT,SLC25A11
GSTP1,MAPK8,MSN,SELPLG
GSTP1,ZBTB18,CALD1
GSTP1,UBC,EGFR,GABRA2
GSTP1,ENO1,DHX30,PRR3
GSTP1,ENO1,BAG3,SNX20
GSTP1,TAGLN,JAK1
GSTP1,ENO1,CFTR,CLCA1
GSTP1,UBC,MAVS,TLR1
GSTP1,ENO1,NTRK1,PTPN9,GFRA1
GSTP1,PRKN,CSDE1,ARHGEF39
GSTP1,ENO1,FYN,RHOU
GSTP1,GABPB1,ADGRB2
GSTP1,UBC,FASN,SLC34A3
GSTP1,UBC,LNX1,SAT1
GSTP1,ENO1,HTT,SLC25A11,QRFPR
GSTP1,ENO1,MYC,CECR2,CA4
GSTP1,PRDX1,UBE3A,ATP1A4
GSTP1,UBC,FGFR1,FLRT1
GSTP1,UBC,MARCHF7
GSTP1,ZBTB18,GNB1,MC2R
GSTP1,UBC,GNB2,RGS6
GSTP1,MAP3K5,DAXX,CHMP3
GSTP1,ENO1,BAG3,SNX20,ALX1,OR52L1
GSTP1,ENO1,HSP90B1,LDLR
GSTP1,UBC,WWP1,PI4K2A
GSTP1,ENO1,SRC,EFNA5
GSTP1,ENO1,FYN,RHOU
GSTP1,RAC1,ELMO1,ADGRB3
GSTP1,PRDX1,TNF,TMPRSS2
GSTP1,ENO1,ZC3H18,SRSF12,CDHR4
GSTP1,ENO1,FYN,RHOU
GSTP1,ENO1,SRC,EFNA5
GSTP1,ZBTB18,GNB1,MC2R
GSTP1,SOX2,YES1,SLC16A14
GSTP1,UBC,CBLC
GSTP1,ENO1,BCAP31,MOSPD2
GSTP1,ENO1,OBSL1,NIFK,C3AR1
GSTP1,RAC1,ITGB1,ITGA8
GSTP1,UBC,AP2B1
GSTP1,ENO1,HINT1
GSTP1,MAP3K5,STK11,MUC7
GSTP1,ENO1,FYN,RHOU
GSTP1,MTPN,ATP6V1A
GSTP1,UBC,TNFRSF1A,CYBA
GSTP1,ENO1,PPA2,SAR1B,VNN2
GSTP1,PRDX1,VCP,LRRC15
GSTP1,ENO1,KRAS,ACTR10,S1PR4
GSTP1,ENO1,BTF3,LILRB4
GSTP1,ENO1,FYN,RHOU,CD38
GSTP1,UBC,SMURF2
GSTP1,ENO1,SRC,EFNA5
GSTP1,UBC,AMOT,TCHP
GSTP1,ZBTB18,KRT18,PSTPIP2
GSTP1,PRKN,PICK1,ASIC2
GSTP1,ENO1,BAG3,SNX20
GSTP1,COX4I1,MRPL58
GSTP1,RAC1,NISCH
GSTP1,FOXC1,PRKCD
GSTP1,GABPB1,FHL2,RASL12
GSTP1,RAC1,ARHGAP33
GSTP1,RAC1,PREX1
GSTP1,MAPK8,CTNNB1
GSTP1,UBC,EEF1A2,SLC13A5,SLC10A1
GSTP1,ZBTB18,GNAI1,CNR1
GSTP1,ENO1,DHX15,AGGF1,PCDHGA11
GSTP1,PRKN,PICK1,ASIC2
GSTP1,UBC,PSEN1,APH1A
GSTP1,ZBTB18,GNAI1,CNR1
GSTP1,ENO1,ENDOD1,SLC34A2
GSTP1,ENO1,FYN,RHOU,SLC26A1
GSTP1,ENO1,SRC,EFNA5,TPRA1
GSTP1,RAC1,RAB5C,RAB3GAP1,WNT7B
GSTP1,ENO1,SRC,EFNA5
GSTP1,ENO1,AKT1,VHL
GSTP1,UBC,APPBP2,CLCN1
GSTP1,UBC,CDKN2A,VAMP1
GSTP1,ENO1,AKT1,VHL
GSTP1,UBC,BIN1,RBM12,PCDHA3
GSTP1,RAC1,ADCY9
GSTP1,MAPK8,PXN,PARVB
GSTP1,ENO1,AKT1,VHL,CYBRD1
GSTP1,UBC,EGFR,GABRA2
GSTP1,ENO1,BAG3,SNX20
GSTP1,UBC,TRIP12,CELSR3
GSTP1,PRDX1,PRNP,PLK3,SV2C
GSTP1,MTPN,PALLD
GSTP1,ENO1,SMC3,PLIN4,OR1M1
GSTP1,PRKN,IRAK1,KLRB1
GSTP1,ENO1,FYN,RHOU
GSTP1,ENO1,DES,MTM1
GSTP1,ENO1,BAG3,SNX20
GSTP1,MAPK8,HRAS,RGS12
GSTP1,PRDX6,S100A9
GSTP1,UBC,AGO2,SLC7A9
GSTP1,ENO1,GPI,PARP14
GSTP1,ENO1,CFTR,CLCA1
GSTP1,MTPN,SHC1,CD22
GSTP1,ENO1,BTF3,LILRB4
GSTP1,RAC1,GORASP2,MMP15
GSTP1,MAP3K5,RAF1,ETS2
GSTP1,RAC1,SLC7A6
GSTP1,ZBTB18,ERBIN
GSTP1,ENO1,ACTB
GSTP1,MTPN,RPS28,CCDC124
GSTP1,ENO1,MAPT,TUBA8,LAG3
GSTP1,MAPK8,STAT3,ICOS
GSTP1,ENO1,KRAS,ACTR10,PDE6G
GSTP1,ENO1,KRAS,ACTR10,PRLHR
GSTP1,ENO1,AKT1,VHL
GSTP1,ENO1,SMC3,PLIN4
GSTP1,PRKN,GRIK2,GRIK5
GSTP1,ENO1,HDAC4,WASHC2C
GSTP1,ENO1,MYC,CECR2,RGMB
GSTP1,ZBTB18,GNAI1,CNR1
GSTP1,RAC1,PTPRG
GSTP1,ENO1,CEP192,PRRC2A
GSTP1,UBC,XIAP,CASP4
GSTP1,ENO1,CEP192,PRRC2A
GSTP1,ENO1,AKT1,VHL
GSTP1,MAPK8,MAPK8IP1
GSTP1,RAC1,USH1C,CDHR2
GSTP1,RAC1,NF2,IQCJ-SCHIP1
GSTP1,UBC,SMC1A,GRM3
GSTP1,ENO1,DHX30,PRR3
GSTP1,ENO1,FYN,RHOU
GSTP1,ENO1,NTRK1,PTPN9,DRD5
GSTP1,LGALS3,SLC12A7,CLSTN2,TP53I13
GSTP1,UBC,STX3,SYTL4
GSTP1,SOX2,ATAD3B
GSTP1,PRKN,AFDN,NRXN1
GSTP1,ENO1,HTT,SLC25A11
GSTP1,ENO1,NME2,CFB
GSTP1,ENO1,YWHAB,PIK3R4,TPSG1
GSTP1,MAP3K5,APP,APBA1
GSTP1,LGALS3
GSTP1,UBC,ACTA1,CLDN20
GSTP1,ENO1,AKT1,VHL
GSTP1,UBC,HLTF,CERK
GSTP1,UBC,AMFR,OR4N2,CCR8
GSTP1,MAP3K5,JAK2,AGTR1
GSTP1,LGALS3,ABCC4
GSTP1,UBC,SKP1,BOC
GSTP1,ENO1,AKT1,VHL
GSTP1,MAPK8,HRAS,RGS12
GSTP1,ENO1,GSK3B,ACSBG1
GSTP1,ENO1,AKT1,VHL,ADIPOR2
GSTP1,ENO1,HTT,SLC25A11
GSTP1,ENO1,GAPDH
GSTP1,UBC,SUMO1,HIPK3
GSTP1,UBC,NUMA1
GSTP1,UBC,LNX1,SAT1
GSTP1,MTPN,HNRNPH1,SCUBE3,LRRN4
GSTP1,RAC1,ATP13A1,SLC10A6
GSTP1,MTPN,RPS28,CCDC124
GSTP1,UBC,CASP8,NLRC4
GSTP1,RAC1,CDC42SE2
GSTP1,ENO1,AKT1,VHL
GSTP1,RAC1,FLRT2
GSTP1,GABPB1,KIF5B,DTNB
GSTP1,MAPK8,STAT3,ICOS
GSTP1,PRDX1,VCP,LRRC15
GSTP1,UBC,USP19,ECEL1
GSTP1,RAC1,CXCR4,AVPR1A
GSTP1,MAP3K5,MAP2K7,MAP3K12
GSTP1,ACO2,SLC25A3
GSTP1,ENO1,AKT1,VHL
GSTP1,ENO1,HTT,SLC25A11
GSTP1,RAC1,IGSF3,TSPAN15,ADGRE2
GSTP1,ENO1,AKT1,VHL,SLC34A1
GSTP1,RAC1,DOCK8
GSTP1,UBC,HIF1A,E2F7,PDCD1
GSTP1,UBC,EGFR,GABRA2
GSTP1,ENO1,CEP192,PRRC2A
GSTP1,UBC,APPBP2,CLCN1
GSTP1,ZBTB18,LARP1,PSKH1
GSTP1,PRKN,ARRB1
GSTP1,PRDX1,TNF,TMPRSS2
GSTP1,UBC,EGFR,GABRA2
GSTP1,ENO1,BAG3,SNX20
GSTP1,RAC1,SEMA6D
GSTP1,RAC1,PLXNB2
GSTP1,ENO1,SMC3,PLIN4
GSTP1,MTPN,DSTYK,CD226,RAET1E
GSTP1,ENO1,BAG3,SNX20
GSTP1,UBC,SKP1,BOC
GSTP1,ENO1,FYN,RHOU,NFASC
GSTP1,ACTA2,ADCY1
GSTP1,UBC,EGFR,GABRA2
GSTP1,ENO1,SMC3,PLIN4
GSTP1,ENO1,SRC,EFNA5
GSTP1,MTPN,DSTYK,CD226
GSTP1,UBC,PRAME
GSTP1,UBC,ARRB2,APLNR
GSTP1,UBC,FZR1,RGS11
GSTP1,UBC,RHOT2,CNR2
GSTP1,ENO1,YWHAB,PIK3R4,KCNJ10
GSTP1,ENO1,FYN,RHOU
GSTP1,ENO1,FYN,RHOU
GSTP1,ENO1,HTT,SLC25A11
GSTP1,ENO1,HTT,SLC25A11
GSTP1,MTPN,ATP6V1A,ATP6V1D,ATP4B
GSTP1,PRDX1,VCP,LRRC15
GSTP1,ENO1,AKT1,VHL
GSTP1,UBC,RNF5,ERLIN2
GSTP1,UBC,RPS27A
GSTP1,UBC,EEF1A2,SLC13A5
GSTP1,RAC1,TMX1,TMEM179B
GSTP1,RAC1,PRKACA
GSTP1,UBC,GNB2,RGS6
GSTP1,ACTA2,ZMAT3
GSTP1,ENO1,CCT7,LRRC10,GP2
GSTP1,FOXC1,CEBPE
GSTP1,PRDX1,RHOV
GSTP1,PRDX1,TNF,TMPRSS2
GSTP1,RAC1,DENND4C
GSTP1,PRKN,CSK,LILRB1
GSTP1,ENO1,SRC,EFNA5
GSTP1,UBC,ATP5F1A,ABCA2
GSTP1,ENO1,AKT1,VHL
GSTP1,ENO1,SMC3,PLIN4
GSTP1,RAC1,NECTIN3
GSTP1,PRDX1,TNF,TMPRSS2
GSTP1,PRDX2,UBB,SLC14A1
GSTP1,UBC,ACTA1,CLDN20
GSTP1,MTPN,SHC1,CD22
GSTP1,ENO1,KANK1,PLCD3
GSTP1,MAPK8,HRAS,RGS12
GSTP1,UBC,FASN,SLC34A3
GSTP1,ENO1,FYN,RHOU
GSTP1,CTSB,AMBP
GSTP1,ENO1,FYN,RHOU
GSTP1,ENO1,DDX39B,THOC7,SLC23A1
GSTP1,ENO1,FYN,RHOU
GSTP1,ENO1,ENDOD1,SLC34A2
GSTP1,FOXC1,PRMT1,GAS7
GSTP1,UBC,PSEN1,APH1A
GSTP1,UBC,CASP8,NLRC4
GSTP1,UBC,PSEN1,APH1A
GSTP1,ENO1,GPI,PARP14
GSTP1,ENO1,AKT1,VHL
GSTP1,PRKN,EIF4A2,SLC16A9
GSTP1,UBC,MACF1
GSTP1,UBC,UBR4
GSTP1,UBC,BAP1
GSTP1,UBC,TOM1
GSTP1,ZBTB18,RPN1,TAPT1,MCOLN3
GSTP1,PRDX2,UBB,SLC14A1
GSTP1,ENO1,HSPA9,AQP12B,GABRG2
GSTP1,COX4I1,PRKCZ
GSTP1,ENO1,AKT1,VHL
GSTP1,UBC,EGFR,GABRA2
GSTP1,ENO1,HTT,SLC25A11
GSTP1,RAC1,DOCK2
GSTP1,UBC,GNB2,RGS6
GSTP1,ENO1,SMC3,PLIN4
GSTP1,MAP3K5,DAXX,CHMP3
GSTP1,MAP3K5,APP,APBA1
GSTP1,UBC,ZBTB1,MUCL1
GSTP1,ENO1,FYN,RHOU
GSTP1,RAC1,EPHA2
GSTP1,MTPN,ATP6V1A,ATP6V1D
GSTP1,ENO1,FYN,RHOU
GSTP1,ENO1,FYN,RHOU
GSTP1,UBC,CHP1
GSTP1,ENO1,SMC3,PLIN4
GSTP1,ZNF518A,BRD2,SPAM1
GSTP1,COX4I1,DDOST,TUSC3
GSTP1,MTPN,SHC1,CD22
GSTP1,UBC,SGTA,CDH15
GSTP1,RAC1,MFF,RHBDL1
GSTP1,ENO1,AKT1,VHL
GSTP1,PRDX1,PRKDC,MSL3,TECTA
GSTP1,ENO1,SRC,EFNA5
GSTP1,MTPN,PTPN11,SLAMF6
GSTP1,TAGLN,FKBP1A,TRPC3
GSTP1,ENO1,GSK3B,ACSBG1
GSTP1,PRDX1,CUL1
GSTP1,UBC,KDR,ANOS1
GSTP1,UBC,GNB2,RGS6
GSTP1,RAC1,KTN1,SLC16A7
GSTP1,ENO1,SRC,EFNA5
GSTP1,UBC,EGFR,GABRA2
GSTP1,LGALS3,IL13RA2,TMEM219
GSTP1,PRDX1,VCP,LRRC15
GSTP1,PRDX1,RHOB,ARFIP1,GABRA4
GSTP1,UBC,GNB2
GSTP1,ENO1,CEP192,PRRC2A
GSTP1,ENO1,GSK3B,ACSBG1
GSTP1,ENO1,CEP192,PRRC2A
GSTP1,RAC1,MTMR1
GSTP1,ENO1,HSP90AA1
GSTP1,ACTA2,RND3
GSTP1,SOX2,EPHA7
GSTP1,RAC1,STX7
GSTP1,ENO1,FYN,RHOU
GSTP1,ENO1,NEDD4,SCN1A
GSTP1,ENO1,BTF3,LILRB4
GSTP1,MAP3K5,PRKAA2,PLEKHN1
GSTP1,ZBTB18,MYLK
GSTP1,PRDX1,HSPA8,VPS4B
GSTP1,RAC1,CALM3
GSTP1,ENO1,GSK3B,ACSBG1
GSTP1,RAC1,SLITRK5
GSTP1,SOX2,TBL1XR1,SERPINC1
GSTP1,RAC1,SYK,SIRPB1
GSTP1,SOX2,ZMYM2,C8A
GSTP1,ENO1,DHX30,PRR3
GSTP1,ENO1,AKT1,VHL
GSTP1,UBC,EEF1A2,SLC13A5
GSTP1,ENO1,FYN,RHOU
GSTP1,ENO1,BAG3,SNX20
GSTP1,ENO1,HSP90B1,LDLR
GSTP1,ENO1,FYN,RHOU,TSPAN2
GSTP1,PRKN,SEPTIN2,JPT2
GSTP1,UBC,LNX1,SAT1
GSTP1,ENO1,NEDD4,SCN1A
GSTP1,ENO1,GSK3B,ACSBG1
GSTP1,ENO1,ZNF16,EPB42
GSTP1,ENO1,PGK2,AIFM3,SERPINA12
GSTP1,PRDX1,HSPA8,VPS4B
GSTP1,UBC,TAB3
GSTP1,RAC1,ATP2A2
GSTP1,ENO1,GSK3B,ACSBG1
GSTP1,MTPN,IKBKG,LTBR,TNFSF14
GSTP1,ENO1,AKT1,VHL,TBC1D2
GSTP1,ACTA2,GNAO1,RIC8A
GSTP1,ENO1,GSK3B,ACSBG1
GSTP1,ZBTB18,GNAI1,CNR1
GSTP1,UBC,RHOT2,CNR2,GPR18
GSTP1,MAP3K5,MAP2K7,MAP3K12
GSTP1,FOXC1,FLNA,PHLDB2
GSTP1,ENO1,NEDD4,SCN1A
GSTP1,ENO1,AKT1,VHL,KCNJ11
GSTP1,UBC,EGFR,GABRA2
GSTP1,MAP3K5,YWHAH,RIMS1
GSTP1,RAC1,ITGB1,ITGA8
GSTP1,ENO1,BTF3,LILRB4
GSTP1,ENO1,MAP3K7,THBS3,PLPPR4
GSTP1,PRDX1,VCP,LRRC15
GSTP1,ENO1,BTF3,LILRB4
GSTP1,RAC1,PARD6G
GSTP1,UBC,SKP1,BOC
GSTP1,MTPN,RPS28,CCDC124
GSTP1,RAC1,SYK,SIRPB1
GSTP1,ENO1,YWHAB,PIK3R4,ABHD6
GSTP1,ENO1,FYN,RHOU
GSTP1,PRDX1,CACYBP,ITPRIP
GSTP1,ENO1,AKT1,VHL
GSTP1,ACTA2,KCNMA1,KCNMB1
GSTP1,ENO1,SRC,EFNA5
GSTP1,MAPK8,ANKRD28,AGPAT2
GSTP1,ENO1,AKT1,VHL
GSTP1,UBC,ZBTB1,MUCL1
GSTP1,RAC1,TMTC3,TRHDE
GSTP1,LGALS3,ABCC1
GSTP1,ACY1,RAB4A,SLC9A7
GSTP1,ENO1,DHX30,PRR3
GSTP1,ENO1,MYC,CECR2,SLC5A1
GSTP1,ENO1,ZNF16,EPB42
GSTP1,ENO1,HTT,SLC25A11
GSTP1,ENO1,AKT1,VHL
GSTP1,UBC,FASN,SLC34A3
GSTP1,ENO1,GSK3B,ACSBG1
GSTP1,PRDX1,HNRNPA1,MRPL24,NPDC1
GSTP1,MAPK8,EZR
GSTP1,ENO1,FYN,RHOU
GSTP1,ENO1,FYN,RHOU
GSTP1,ENO1,GSK3B,ACSBG1
GSTP1,RAC1,FZD6
GSTP1,UBC,CAV1,ADCY5
GSTP1,UBC,USP21
GSTP1,UBC,ITCH,SNX18
GSTP1,ZBTB18,GNB1,MC2R
GSTP1,TKT,HSPA4L,RASGRP1
GSTP1,ENO1,AKT1,VHL
GSTP1,UBC,AMOT,TCHP
GSTP1,RAC1,VASN
GSTP1,ENO1,KRAS,ACTR10,PALM
GSTP1,PRKN,DLG4,NLGN2
GSTP1,MAP3K5,PRKAA2,PLEKHN1
GSTP1,MAP3K5,ERN1,PCDHGB5
GSTP1,ENO1,GSK3B,ACSBG1
GSTP1,ENO1,OBSL1,NIFK,CLEC1B
GSTP1,MAP3K5,DAXX,CHMP3
GSTP1,PRKN,GPR37,GPR17
GSTP1,UBC,SKP1,BOC
GSTP1,ENO1,FYN,RHOU,CD320
GSTP1,ENO1,MYC,CECR2,MYADM
GSTP1,RAC1,STOM,STOML1,ASIC4
GSTP1,PRDX1,CDH1,ITGA6
GSTP1,ENO1,BAG3,SNX20
GSTP1,ENO1,GSK3B,ACSBG1
GSTP1,ENO1,NEDD4,SCN1A
GSTP1,UBC,GLUL
GSTP1,UBC,ZAP70,CD3G
GSTP1,UBC,RHOA,HTR1A
GSTP1,ENO1,HTT,SLC25A11
GSTP1,ZBTB18,GNAI1,CNR1
GSTP1,TPI1,PDIA6
GSTP1,MAP3K5,JAK2,AGTR1
GSTP1,ENO1,BTF3,LILRB4
GSTP1,MTPN,ATP6V1A,ATP6V1D
GSTP1,RAC1,SNAP29
GSTP1,ENO1,SMC3,PLIN4
GSTP1,UBC,FZR1,RGS11
GSTP1,ZBTB18,RAP2B
GSTP1,MAP3K5,RAF1,ETS2
GSTP1,UBC,RHOA
GSTP1,ENO1,SRC,EFNA5
GSTP1,UBC,NPTN,IPO13,EFR3A
GSTP1,ANXA5,PEBP1,ALOX15
GSTP1,RAC1,VAMP2
GSTP1,ENO1,CFTR,CLCA1
GSTP1,ZBTB18,SNAP23,STX19
GSTP1,PRKN,HSPA6,LRRC8E
GSTP1,ENO1,AKT1,VHL
GSTP1,ENO1,FYN,RHOU,GPRC5D
GSTP1,ANXA5,SNRPB2,SNUPN
GSTP1,ENO1,CEP192,PRRC2A
GSTP1,UBC,AREL1,PCDHGC4
GSTP1,ZBTB18,KRT18,PSTPIP2
GSTP1,PRKN,DLG4,NLGN2
GSTP1,UBC,TAPBP,HLA-DQA1
GSTP1,MAP3K5,PRKAA2,PLEKHN1,JTB
GSTP1,UBC,BSG,SLC16A13
GSTP1,ENO1,GSK3B,ACSBG1
GSTP1,ENO1,NTRK1,PTPN9,SLC22A5
GSTP1,MTPN,IKBKG,LTBR
GSTP1,ENO1,NEDD4,SCN1A
GSTP1,ENO1,AKT1,VHL
GSTP1,PRDX1,VCP,LRRC15
GSTP1,RAC1,PPP1CC,PDE6B
GSTP1,MAPK8,STAT1,PARP9,IL12RB2
GSTP1,PRKN,CSDE1
GSTP1,ZBTB18,GNB1,MC2R
GSTP1,ENO1,FYN,RHOU
GSTP1,ENO1,HSP90B1,LDLR,CKAP4
GSTP1,RAC1,RAB8A
GSTP1,UBC,EGFR,GABRA2
GSTP1,UBC,AMFR,OR4N2
GSTP1,ENO1,FYN,RHOU
GSTP1,ENO1,SRC,EFNA5
GSTP1,MAP3K5,YWHAH,RIMS1
GSTP1,RAC1,KIAA1549
GSTP1,ENO1,PLEKHA4,MTERF4,ART3
GSTP1,ENO1,SRC,EFNA5
GSTP1,PRDX1,HSPA8,VPS4B
GSTP1,PRDX1,RAB4B
GSTP1,MAP3K5,JAK2,AGTR1
GSTP1,MTPN,SHC1,CD22
GSTP1,ENO1,SRC,EFNA5
GSTP1,FOXC1,PRMT1,GAS7
GSTP1,ENO1,SRC,EFNA5
GSTP1,MTPN,ATP6V1A,ATP6V1D
GSTP1,ACTA2,KCNMA1
GSTP1,ENO1,PPIA,BACE1
GSTP1,MTPN,EFHD2,OR2K2
GSTP1,CTSB,S100A10,TRPV6
GSTP1,ENO1,DES,MTM1
GSTP1,FOXC1,PRKCD,HVCN1,CNTFR
GSTP1,ENO1,FYN,RHOU
GSTP1,ENO1,AKT1,VHL
GSTP1,PRDX1,HSPA8,VPS4B
GSTP1,TAGLN,FKBP1A,TRPC3
GSTP1,MAP3K5,APP
GSTP1,UBC,UBR4,KCMF1
GSTP1,ENO1,GLIS3,SUFU,COPRS
GSTP1,TKT,AKR1A1,SH3BGRL
GSTP1,UBC,SGTA,CDH15
GSTP1,UBC,ITCH,SNX18
GSTP1,ENO1,GSK3B,ACSBG1
GSTP1,ENO1,HTT,SLC25A11
GSTP1,UBC,UCHL1,CD163
GSTP1,PRDX1,CDH1,ITGA6
GSTP1,ENO1,HSPA9,AQP12B,AQP10,LYVE1
GSTP1,PRDX1,HSPA8,VPS4B
GSTP1,ENO1,HTT,SLC25A11
GSTP1,MTPN,RPS28,CCDC124
GSTP1,MTPN,GABARAPL2,NCOA7,PCDHA5
GSTP1,ENO1,FYN,RHOU,MPP4
GSTP1,ENO1,GSK3B,ACSBG1
GSTP1,MAP3K5,APP,APBA1
GSTP1,ACTA2,KCNMA1,KCNMB1
GSTP1,PRDX1,HSPA8,VPS4B
GSTP1,RAC1,AMIGO2
GSTP1,UBC,XIAP,CASP4
GSTP1,ENO1,SRC,EFNA5
GSTP1,UBC,ATXN3
GSTP1,RAC1,CEMIP2
GSTP1,UBC,EGFR,GABRA2
GSTP1,UBC,FZR1,RGS11
GSTP1,ENO1,GSK3B,ACSBG1
GSTP1,CTSB,NRP1
GSTP1,RAC1,VAMP2,SYPL1
GSTP1,RAC1,VAV3
GSTP1,UBC,HACD2,SLC2A12
GSTP1,UBC,EGFR,GABRA2
GSTP1,RAC1,BAIAP2,EPS8L1
GSTP1,ZBTB18,GNAI2,RGS13
GSTP1,UBC,LNX1,SAT1
GSTP1,PRKN,SPATA5,TIMD4
GSTP1,MTPN,PTPN11,SLAMF6
GSTP1,ENO1,HSPA9,AQP12B,KSR2
GSTP1,UBC,FGFR1,FLRT1
GSTP1,ENO1,FYN,RHOU,GRIN3A
GSTP1,UBC,CSNK2A1
GSTP1,ENO1,FYN,RHOU
GSTP1,MTPN,REL,ACTN3
GSTP1,ENO1,KRAS,ACTR10,ADGRL3,TENM2
GSTP1,MAPK8,PXN,PARVB
GSTP1,MTPN,PTPN11,SLAMF6
GSTP1,ENO1,AKT1,VHL
GSTP1,UBC,RHOA,HTR1A
GSTP1,MTPN,REL,ACTN3,STOML3
GSTP1,ENO1,AKT1,VHL
GSTP1,MTPN,PTPN11,SLAMF6
GSTP1,ENO1,ENDOD1,SLC34A2
GSTP1,RAC1,MARK2
GSTP1,ENO1,HSP90B1,LDLR
GSTP1,SOX2,TUBB8,CACNG8
GSTP1,PRDX1,UBE3A,ATP1A4
GSTP1,ZBTB18,GNAI1,CNR1
GSTP1,LGALS3,LGALS9,SLC12A9
GSTP1,ENO1,CHD3,MYBL2,ATP10B
GSTP1,MAP3K5,STK11,MUC7
GSTP1,ENO1,HTT,SLC25A11
GSTP1,UBC,AGO2,SLC7A9
GSTP1,RAC1,PRKAR2A,PALM2AKAP2
GSTP1,MTPN,PTPN11,SLAMF6
GSTP1,ENO1,KRAS,ACTR10,RAB3C
GSTP1,ENO1,KRAS
GSTP1,UBC,PODXL,SELL
GSTP1,PRKN,DLG4
GSTP1,ENO1,HTT,SLC25A11,SYT10
GSTP1,ENO1,FYN,RHOU
GSTP1,ENO1,AKT1,VHL,GRK4
GSTP1,MAPK8,HRAS,RGS12
GSTP1,UBC,EGFR,GABRA2
GSTP1,ENO1,AKT1,VHL
GSTP1,PRDX1,VCP,LRRC15
GSTP1,ENO1,HDAC4,WASHC2C
GSTP1,ENO1,ENDOD1,SLC34A2
GSTP1,TAGLN,LCP1
GSTP1,MTPN,RPS28,CCDC124
GSTP1,PRKN,HSD17B10
GSTP1,COX4I1,TUBG1,NEDD1,DCST1
GSTP1,ENO1,AKT1,VHL
GSTP1,ZBTB18,GNAI1,CNR1
GSTP1,MTPN,RPS28,CCDC124
GSTP1,ENO1,TXNDC12,YTHDC1
GSTP1,MTPN,RPS28,CCDC124
GSTP1,RAC1,TGFBR1,TGFB3
GSTP1,PRDX1,CACYBP,ITPRIP
GSTP1,ENO1,HSPA9,AQP12B,TJP3
GSTP1,UBC,TNK2
GSTP1,SOX2,ARID1B
GSTP1,UBC,PHPT1
GSTP1,ENO1,HSP90B1,LDLR
GSTP1,ENO1,MYC,CECR2,GPR22
GSTP1,UBC,RHOT2,CNR2
GSTP1,UBC,ATP5F1A,ABCA2
GSTP1,UBC,PJA1,DGKD
GSTP1,UBC,ACTA1,CLDN20
GSTP1,MAP3K5,PRKAA2,PLEKHN1
GSTP1,ENO1,AKT1,VHL
GSTP1,ENO1,AKT1,VHL
GSTP1,ENO1,YWHAB,PIK3R4,P2RX1
GSTP1,PRDX1,IRF3,STING1
GSTP1,ENO1,KRAS,ACTR10,SPPL3
GSTP1,UBC,ARRB2,APLNR
GSTP1,RAC1,PIP5K1A
GSTP1,ENO1,LRRK2,ZC3H15,CNNM4
GSTP1,ENO1,BAG3,SNX20
GSTP1,ZBTB18,GNB1,MC2R
GSTP1,MAP3K5,JAK2,AGTR1
GSTP1,PRDX1,VCP,LRRC15
GSTP1,ZBTB18,GNAI1,CNR1
GSTP1,ENO1,FYN,RHOU
GSTP1,ENO1,FYN,RHOU
GSTP1,ENO1,YAP1,RNF187,OR1D2
GSTP1,ACTA2,SPTAN1
GSTP1,PRDX1,TNF,TMPRSS2
GSTP1,ENO1,HSP90B1,LDLR
GSTP1,PRDX1,VCP,LRRC15
GSTP1,ENO1,CEP192,PRRC2A
GSTP1,ZBTB18,GNB1,MC2R
GSTP1,ZBTB18,GNB1
GSTP1,ENO1,CEP192,PRRC2A
GSTP1,ZBTB18,TJP1,CLDN4
GSTP1,UBC,KDR,ANOS1
GSTP1,ENO1,FYN,RHOU
GSTP1,ACTA2,SIDT2
GSTP1,ACTA2,TSC1
GSTP1,ENO1,BAG3,SNX20
GSTP1,SOX2,ABCC6
GSTP1,PRDX1,VCP,LRRC15
GSTP1,ENO1,BAG3,SNX20
GSTP1,ENO1,FYN,RHOU,GDPD5
GSTP1,UBC,CAV1,ADCY5
GSTP1,ENO1,PDP1,HDHD3,GLDC
GSTP1,MAP3K5,STK11,MUC7
GSTP1,PRDX1,VCP,LRRC15
GSTP1,PRDX1,FGF11,ASGR1
GSTP1,LGALS3,ABCC4,SLC30A2,SLC30A10
GSTP1,ENO1,GSK3B,ACSBG1
GSTP1,MAP3K5,PARK7
GSTP1,ENO1,FYN,RHOU
GSTP1,PRKN,CAMK2A,PDE4A
GSTP1,ENO1,AKT1,VHL,PSG3
GSTP1,ENO1,AKT1,VHL
GSTP1,PRDX1,RHOC,SLC30A5
GSTP1,ENO1,KRAS,ACTR10,HJV
GSTP1,UBC,SGTA,CDH15
GSTP1,UBC,EGFR,GABRA2
GSTP1,ACTA2,GNAO1,RIC8A
GSTP1,ENO1,HSP90B1,LDLR
GSTP1,MTPN,REL,ACTN3
GSTP1,ENO1,MYC,CECR2,CATIP
GSTP1,ENO1,SMC3,PLIN4
GSTP1,MTPN,IKBKG,LTBR
GSTP1,UBC,APPBP2,CLCN1
GSTP1,PRDX1,CDH1,ITGA6
GSTP1,UBC,FGFR1,FLRT1
GSTP1,TKT,ENO3
GSTP1,UBC,MAVS,TLR1
GSTP1,ZBTB18,RCBTB2,PLA2G6
GSTP1,ENO1,FYN,RHOU
GSTP1,RAC1,NOTCH1
GSTP1,UBC,UBE2C
GSTP1,FOXC1,DDX39A,ZNF569,PROM2
GSTP1,ACTA2,SPTAN1,ATP8B3
GSTP1,PRKN,CAMK2A,PDE4A
GSTP1,ENO1,OBSL1,NIFK,CEACAM7
GSTP1,UBC,SUMO1,HIPK3
GSTP1,UBC,FGFR1
GSTP1,UBC,AREL1,PCDHGC4
GSTP1,ZBTB18,GNB1,MC2R
GSTP1,ENO1,FYN,RHOU
GSTP1,COX4I1,NDUFB11,GPR42
GSTP1,PRKN,DNM2
GSTP1,ENO1,HNRNPM,DNAJC25,SLC20A2
GSTP1,PRDX1,HSPA8,VPS4B
GSTP1,UBC,FZR1,RGS11
GSTP1,UBC,SMC1A,GRM3
GSTP1,TKT,PIK3C2A
GSTP1,SOX2,TUBB8,CACNG8
GSTP1,RAC1,ACSL3
GSTP1,ENO1,BAG3,SNX20,ALX1,OR52L1
GSTP1,UBC,CDKN1B,LRCH4
GSTP1,MTPN,REL,ACTN3
GSTP1,RAC1,CSNK1G3
GSTP1,ENO1,AKT1,VHL
GSTP1,ENO1,SRC,EFNA5
GSTP1,ENO1,BAG3,SNX20
GSTP1,SOX2,TUBB8,CACNG8
GSTP1,ENO1,HLA-DRB1,PRF1
GSTP1,COX4I1,TOMM22,RAB39B
GSTP1,ENO1,DHX30,PRR3
GSTP1,UBC,AGO2,SLC7A9
GSTP1,ZBTB18,JUP,DSG3
GSTP1,COX4I1,TOMM22,RAB39B
GSTP1,RAC1,USP6NL
GSTP1,ENO1,GSK3B,ACSBG1
GSTP1,UBC,EGFR,GABRA2
GSTP1,MAPK8,STAT3,ICOS
GSTP1,ENO1,HSP90B1,LDLR
GSTP1,ENO1,MAPK13,EIF5B,TLR5
GSTP1,ENO1,FYN,RHOU,SYT5
GSTP1,ENO1,HSPA9,AQP12B,FGFBP1
GSTP1,ENO1,GSK3B,ACSBG1
GSTP1,ENO1,NTRK1,PTPN9,ABCC8
GSTP1,UBC,FZR1,RGS11
GSTP1,UBC,LNX1,SAT1
GSTP1,ACY1,RAB4A,SLC9A7
GSTP1,PRKN,IRAK1
GSTP1,UBC,HSPD1
GSTP1,ENO1,SRC,EFNA5
GSTP1,ENO1,AKT1,VHL
GSTP1,ENO1,AKT1,VHL,PSG4
GSTP1,CTSB,IRS4
GSTP1,RAC1,HDAC7,UBL3
GSTP1,RAC1,ROCK2
GSTP1,ENO1,FYN,RHOU
GSTP1,ENO1,FYN,RHOU
GSTP1,ENO1,UBQLN2,TRAFD1,CPNE5
GSTP1,ENO1,AKT1,VHL,SLC17A1
GSTP1,MAP3K5,PPP5C,PLD3,WDPCP
GSTP1,ENO1,HSP90AA1,NR3C2,PDE2A
GSTP1,ANXA5,PEBP1,ALOX15
GSTP1,RAC1,PTPRM
GSTP1,LGALS3,ABCC2,TCIRG1
GSTP1,ENO1,FYN,RHOU
GSTP1,ENO1,TUBA4A,IQCN,OR52W1
GSTP1,ENO1,BCAP31,MOSPD2
GSTP1,MAP3K5,PRKAA2,PLEKHN1
GSTP1,ENO1,FYN,RHOU
GSTP1,ENO1,UBQLN2,TRAFD1,ALG10B
GSTP1,ENO1,HTT,SLC25A11
GSTP1,PRKN,DLG1,CACNG2
GSTP1,ENO1,CEP192,PRRC2A
GSTP1,PRKN,DLG1,CACNG2
GSTP1,ENO1,FYN,RHOU
GSTP1,MAPK8,CRK
GSTP1,RAC1,PTPRS,GPC2
GSTP1,UBC,USP14
GSTP1,ENO1,HDAC4,WASHC2C
GSTP1,ENO1,HSPA9,AQP12B,LARGE1
GSTP1,ENO1,AKT1,VHL,RAB9B
GSTP1,UBC,ARRB2,APLNR,LRP12
GSTP1,PRDX1,MACROH2A1,CGAS
GSTP1,ENO1,SRC,EFNA5
GSTP1,UBC,RHOA,HTR1A
GSTP1,MAPK8,NR3C1,CLPTM1L,CNGB1,CNGA1
GSTP1,SOX2,HNRNPF
GSTP1,RAC1,PIK3CA
GSTP1,UBC,ATP5F1A,ABCA2
GSTP1,ENO1,BCAP31,MOSPD2,ADAM30
GSTP1,UBC,FZR1,RGS11
GSTP1,ENO1,HLA-DRB1,PRF1
GSTP1,ENO1,MYC,CECR2,MYOT
GSTP1,UBC,LNX1,SAT1
GSTP1,MTPN,ATP6V1A,ATP6V1D,SLC26A9
GSTP1,ENO1,BAG3,SNX20
GSTP1,ENO1,KRAS,ACTR10,ARF1
GSTP1,MAPK8,STAT1,PARP9,EBI3
GSTP1,ENO1,SRC,EFNA5
GSTP1,ENO1,FYN,RHOU
GSTP1,MAPK8,MSN,SELPLG
GSTP1,PRDX1,TNF,TMPRSS2
GSTP1,UBC,HACD1,SLC22A4
GSTP1,ENO1,AKT1,VHL
GSTP1,ENO1,GSK3B,ACSBG1
GSTP1,ENO1,NME2,CFB
GSTP1,ENO1,FYN,RHOU
GSTP1,MAP3K5,DAXX,CHMP3
GSTP1,MAP3K5,PRKAA2,PLEKHN1
GSTP1,UBC,EGFR,GABRA2
GSTP1,UBC,GRB2,TBC1D3G
GSTP1,ENO1,NEDD4,SCN1A
GSTP1,ZBTB18,XRCC5
GSTP1,ENO1,HLA-DRB1,PRF1,MR1
GSTP1,UBC,PIP5K1C
GSTP1,ENO1,FYN,RHOU
GSTP1,LGALS3,ABCC4,SLC30A2
GSTP1,PRDX1,HSPA8,VPS4B
GSTP1,UBC,AREL1,PCDHGC4
GSTP1,ZBTB18,SNAP23,STX19
GSTP1,MTPN,REL,ACTN3
GSTP1,PRDX1,VCP,LRRC15
GSTP1,MTPN,DSTYK,CD226
GSTP1,UBC,VDAC1
GSTP1,ZBTB18,GNAI1,CNR1
GSTP1,MTPN,HNRNPH1,SCUBE3
GSTP1,ENO1,AKT1
GSTP1,MAP3K5,PPP5C
GSTP1,MTPN,REL,ACTN3
GSTP1,ENO1,HTT,SLC25A11
GSTP1,MAP3K5,APP,APBA1
GSTP1,MTPN,RELA,COMMD10,KIR2DL1
GSTP1,ENO1,HDAC4,WASHC2C
GSTP1,ENO1,BCAP31,MOSPD2
GSTP1,RAC1,PRKAR2A,PALM2AKAP2
GSTP1,ENO1,PSMA3,EIF1B,SCNN1D
GSTP1,ENO1,AKT1,VHL,FAT3
GSTP1,ENO1,HSP90B1,LDLR
GSTP1,MAP3K5,DAXX,CHMP3
GSTP1,ENO1,HSPA9,AQP12B,ADAP2
GSTP1,ENO1,AKT1,VHL
GSTP1,ENO1,GSK3B,ACSBG1
GSTP1,ENO1,SRC,EFNA5
GSTP1,MAP3K5,DAXX,CHMP3
GSTP1,ENO1,SRC,EFNA5
GSTP1,ENO1,HSP90B1,LDLR
GSTP1,SOX2,RAE1,KLRK1
GSTP1,ENO1,FYN,RHOU
GSTP1,UBC,ARRB2,APLNR
GSTP1,ENO1,HTT,SLC25A11
GSTP1,UBC,ACTA1,CLDN20
GSTP1,UBC,EGFR,GABRA2
GSTP1,ENO1,OBSL1,NIFK,SGCD
GSTP1,MTPN,LRRC40,KCTD3
GSTP1,ENO1,CEP192,PRRC2A
GSTP1,ACTA2,SELE
GSTP1,ENO1,SRC,EFNA5
GSTP1,MAP3K5,APP,APBA1
GSTP1,UBC,ITSN2
GSTP1,MTPN,IKBKG,LTBR
GSTP1,FOXD4,PPP2CA
GSTP1,MTPN,REL,ACTN3
GSTP1,UBC,TRIM21,TRPM2
GSTP1,UBC,CAV1,ADCY5
GSTP1,MAP3K5,RAF1
GSTP1,UBC,TAX1BP1,PLPP4
GSTP1,ENO1,BAG3,SNX20
GSTP1,PRDX1,RHOC,SLC30A5
GSTP1,ENO1,AKT1,VHL
GSTP1,CTSB,S100A10,TRPV6
GSTP1,PRKN,CAMK2A,PDE4A
GSTP1,ENO1,FYN,RHOU
GSTP1,ENO1,BAG3,SNX20
GSTP1,UBC,STAMBP,CHMP5
GSTP1,RAC1,VANGL2
GSTP1,ENO1,CHD3,MYBL2,SYTL5
GSTP1,MAP3K5,RAF1,ETS2
GSTP1,ENO1,NEDD4,SCN1A
GSTP1,SOX2,ZNF281,DRC3
GSTP1,ENO1,AKT1,VHL
GSTP1,UBC,CALCOCO2,AP5B1,SLC22A13
GSTP1,ENO1,FYN,RHOU
GSTP1,RAC1,LRP4
GSTP1,ZBTB18,GNB1,MC2R
GSTP1,MAP3K5,APP,APBA1
GSTP1,ENO1,ZP4
GSTP1,ENO1,SMC3,PLIN4
GSTP1,MTPN,PTPN11,SLAMF6
GSTP1,UBC,PODXL
GSTP1,ENO1,AKT1,VHL
GSTP1,ENO1,GSK3B,ACSBG1
GSTP1,ENO1,SRC,EFNA5
GSTP1,ENO1,HSP90B1,LDLR
GSTP1,ENO1,AKT1,VHL
GSTP1,ENO1,GPI,PARP14
GSTP1,SOX2,TUBB8,CACNG8
GSTP1,ENO1,MAPK13,EIF5B,TAS1R2
GSTP1,PRDX1,RHOB,ARFIP1,GABRA6
GSTP1,MAP3K5,DAB2IP
GSTP1,ENO1,AKT1,VHL
GSTP1,RAC1,ATP13A1,SLC10A6
GSTP1,UBC,UBE2B
GSTP1,ENO1,BAG3,SNX20
GSTP1,COX4I1,NDUFB11,GPR42,MGAM
GSTP1,ACTA2,GNAO1,RIC8A
GSTP1,UBC,HLTF,CERK
GSTP1,UBC,ITCH
GSTP1,ENO1,FYN,RHOU
GSTP1,ENO1,LRRK2,ZC3H15,HTR3B
GSTP1,PRKN,SLC6A3
GSTP1,PRKN,DLG4,NLGN2
GSTP1,ENO1,ZNF16,EPB42
GSTP1,RAC1,ITGB1,ITGA8
GSTP1,UBC,TRIM23
GSTP1,ENO1,GSK3B,ACSBG1
GSTP1,MAPK8,MAPK9
GSTP1,ENO1,OBSL1,NIFK,CYTH3
GSTP1,ENO1,HLA-DRB1,PRF1,ABCA7
GSTP1,ZBTB18,ZDHHC5
GSTP1,PRDX1,PTEN
GSTP1,ENO1,MYC,CECR2,KREMEN1
GSTP1,ENO1,HSP90B1,LDLR,OR1D5
GSTP1,ENO1,NEDD4,SCN1A
GSTP1,PRDX1,RHOC,SLC30A5
GSTP1,ZBTB18,GNB1,MC2R,RAMP1
GSTP1,ENO1,SRC,EFNA5,OR10H2
GSTP1,ENO1,BAG3,SNX20
GSTP1,ENO1,MYC,CECR2,TGFBI
GSTP1,UBC,GNB2,RGS6
GSTP1,MAP3K5,APP,APBA1
GSTP1,ACTA2,CASQ2,SULF2
GSTP1,ENO1,CEP192,PRRC2A
GSTP1,UBC,STUB1,JOSD2,DGKH
GSTP1,UBC,ZAP70,CD3G
GSTP1,RAC1,RDX
GSTP1,ENO1,AKT1,VHL
GSTP1,MAP3K5,RAF1,ETS2
GSTP1,ENO1,MAP3K7,THBS3,CTSZ
GSTP1,UBC,SMC1A,GRM3
GSTP1,ENO1,FYN,RHOU
GSTP1,UBC,RHOA,HTR1A
GSTP1,PRKN,SEPTIN2
GSTP1,RAC1,ARHGAP15
GSTP1,ENO1,DHX30,PRR3
GSTP1,CTSB,UNK,PNRC1,TMEM50B
GSTP1,UBC,APPBP2,CLCN1
GSTP1,ENO1,MYC,CECR2,SLC44A2
GSTP1,MTPN,DSTYK,CD226
GSTP1,ENO1,FYN,RHOU
GSTP1,MAP3K5,JAK2,AGTR1
GSTP1,RAC1,MYO5B,RAB25
GSTP1,ENO1,AKT1,VHL
GSTP1,ENO1,SMC3,PLIN4
GSTP1,RAC1,IGSF3,TSPAN15
GSTP1,ENO1,LRRK2
GSTP1,ENO1,HLA-DRB1,PRF1
GSTP1,ENO1,BAG3,SNX20
GSTP1,UBC,TRAF3IP2,IL17RC
GSTP1,PRDX1,CDH1,ITGA6
GSTP1,ENO1,AKT1,VHL
GSTP1,RAC1,ARHGAP39,KCNE3
GSTP1,UBC,IRS1,PTPRU
GSTP1,MTPN,DSTYK,CD226,MICA
GSTP1,ENO1,GSK3B,ACSBG1
GSTP1,UBC,UBXN7,XKRX
GSTP1,UBC,LNX1,SAT1
GSTP1,UBC,FASN,SLC34A3
GSTP1,FOXC1,FLNA,PHLDB2
GSTP1,ENO1,AKT1,VHL
GSTP1,UBC,ARRB2,APLNR
GSTP1,PRDX1,CDH1,ITGA6
GSTP1,UBC,MACF1,TESC
GSTP1,RAC1,STIM1
GSTP1,UBC,FGFR1,FLRT1
GSTP1,ENO1,ZNF16,EPB42
GSTP1,MAP3K5,APP,APBA1
GSTP1,MTPN,RPS28,CCDC124
GSTP1,ENO1,GSK3B,ACSBG1
GSTP1,ENO1,SUMO2,RNF213,LAMP3
GSTP1,ENO1,HSP90B1,LDLR
GSTP1,PRDX1,HSPA8,VPS4B
GSTP1,ENO1,KRAS,ACTR10,ADGRL3
GSTP1,RAC1,RHEB
GSTP1,UBC,GNB2,RGS6
GSTP1,ENO1,CFTR
GSTP1,ENO1,HLA-DRB1,PRF1,MMD
GSTP1,ENO1,AKT1,VHL
GSTP1,ENO1,AKT1,VHL
GSTP1,ENO1,AKT1,VHL
GSTP1,UBC,APPBP2,CLCN1
GSTP1,UBC,LNX1,SAT1
GSTP1,ENO1,FYN,RHOU
GSTP1,ENO1,HLA-DRB1,PRF1
GSTP1,ENO1,HLA-DRB1,PRF1
GSTP1,PRDX1,CUL3,TAF5,KIRREL2
GSTP1,TAGLN,JAK1,IL20RB
GSTP1,PRKN,SEPTIN2,JPT2
GSTP1,MTPN,IKBKG,LTBR
GSTP1,PRDX1,RHOC,SLC30A5
GSTP1,ENO1,CEP192,PRRC2A
GSTP1,ENO1,NEDD4,SCN1A
GSTP1,ENO1,AKT1,VHL
GSTP1,MAP3K5,DAXX,CHMP3
GSTP1,MAPK8,WWOX,CEACAM6
GSTP1,ENO1,SRC,EFNA5,SGCE
GSTP1,MAPK8,NR3C1,CLPTM1L,C8B
GSTP1,ENO1,FYN,RHOU,TSPAN4
GSTP1,RAC1,MFF,RHBDL1
GSTP1,PRDX1,HSPA8,VPS4B
GSTP1,ACO2,GPD1L
GSTP1,RAC1,CDC42EP4
GSTP1,UBC,ACTA1,CLDN20
GSTP1,RAC1,OSMR
GSTP1,UBC,AGO2,SLC7A9
GSTP1,ENO1,PSMD14,PSMB9,SLC16A3
GSTP1,UBC,BSG,SLC16A13
GSTP1,MTPN,COA7,TDGF1
GSTP1,PRDX1,HSPA8,VPS4B
GSTP1,UBC,ANTXR1
GSTP1,ENO1,SRC,EFNA5
GSTP1,MAP3K5,DAXX,CHMP3
GSTP1,MAP3K5,ALK
GSTP1,RAC1,RAB23
GSTP1,RAC1,CXCR4
GSTP1,FOXC1,PRMT1,GAS7
GSTP1,ENO1,SMC3,PLIN4,OR2M7
GSTP1,ENO1,NTRK1,PTPN9,OR4E2
GSTP1,ENO1,EFTUD2,MRRF,CRLF3
GSTP1,UBC,RHOA,HTR1A
GSTP1,UBC,MIB1
GSTP1,PRDX1,TNF
GSTP1,SOX2,LZTS2
GSTP1,MAP3K5,RAF1,ETS2
GSTP1,UBC,CBL
GSTP1,UBC,FASN,SLC34A3
GSTP1,ENO1,HSP90B1,LDLR
GSTP1,MAPK8,EIF4ENIF1,EXD2,PLEKHM3
GSTP1,SOX2,TBL1X,SERPINB2
GSTP1,SOX2,ATP5F1B
GSTP1,PRKN,PICK1
GSTP1,PRKN,DLG1
GSTP1,ENO1,DHX30,PRR3
GSTP1,RAC1,CTNNAL1
GSTP1,UBC,CHP1,SLC9A3
GSTP1,PRDX1,ADRM1
GSTP1,ENO1,HTT,SLC25A11
GSTP1,SOX2,SMARCD1,COL26A1
GSTP1,ENO1,OBSL1,NIFK,MEP1A
GSTP1,UBC,FGFR1,FLRT1
GSTP1,PRDX1,VCP,LRRC15
GSTP1,PRKN,DLG1,CACNG2
GSTP1,MAPK8,WWOX,CEACAM6
GSTP1,ENO1,ENDOD1,SLC34A2
GSTP1,UBC,CYLD,NOX4
GSTP1,ENO1,FYN,RHOU
GSTP1,UBC,DRG1
GSTP1,ACTA2,GSN
GSTP1,MTPN,ATP6V1A,ATP6V1D
GSTP1,ENO1,SRC,EFNA5
GSTP1,ENO1,AKT1,VHL
GSTP1,RAC1,ARHGEF11
GSTP1,ENO1,FYN,RHOU
GSTP1,ENO1,HDAC4,WASHC2C
GSTP1,ENO1,GSK3B,ACSBG1
GSTP1,UBC,USP5,CACNA1H
GSTP1,RAC1,MELK
GSTP1,ENO1,PSMA3,EIF1B,LRRC52
GSTP1,UBC,FLT3
GSTP1,UBC,CPS1
GSTP1,MTPN,PTPN11,SLAMF6
GSTP1,UBC,ULK1,FEZ1
GSTP1,UBC,ACTA1,CLDN20
GSTP1,MAP3K5,RAF1,ETS2
GSTP1,ZBTB18,GNAI1,CNR1
GSTP1,ENO1,BCAP31,MOSPD2
GSTP1,RAC1,PTPRJ
GSTP1,UBC,H2BC8,CCDC25
GSTP1,UBC,ANKRD13D
GSTP1,ENO1,BCAP31,MOSPD2
GSTP1,ENO1,OBSL1,NIFK,CDV3
GSTP1,PRKN,DLG1,CACNG2
GSTP1,ACTA2,GNAO1,RIC8A
GSTP1,UBC,RHOA,HTR1A
GSTP1,PRDX1,TMPO,PXMP2,KLRF1
GSTP1,UBC,EGFR,GABRA2
GSTP1,RAC1,ITGB1,ITGA8
GSTP1,ENO1,DHX15,AGGF1,PCDHGB3
GSTP1,ENO1,HSP90B1,LDLR
GSTP1,RAC1,ANK3
GSTP1,UBC,ZAP70,CD3G
GSTP1,UBC,BCR
GSTP1,ENO1,SRC,EFNA5
GSTP1,UBC,EGFR,GABRA2
GSTP1,UBC,NEDD4L,SLC22A11
GSTP1,ENO1,FYN,RHOU
GSTP1,RAC1,CALM3,IQCG,CHRM3
GSTP1,UBC,FGFR1,FLRT1
GSTP1,UBC,LNX1,SAT1
GSTP1,UBC,RABEP1,KCNH1
GSTP1,UBC,IKBKE,LRRC10B,TMED1
GSTP1,RAC1,SYK,SIRPB1,CD300C
GSTP1,UBC,GRB2,TBC1D3G
GSTP1,PRDX1,HSPA8,VPS4B
GSTP1,ENO1,MAP3K7,THBS3,SLC39A4
GSTP1,PRKN,LIMK1,ITGA1
GSTP1,MAPK8,PXN,PARVB
GSTP1,ALDH4A1,STK16
GSTP1,PRDX1,HSPA8,VPS4B
GSTP1,PRDX1,TNF,TMPRSS2
GSTP1,PRDX1,HSPA8,VPS4B
GSTP1,UBC,CDKN2A,VAMP1
GSTP1,MTPN,REL,ACTN3
GSTP1,ENO1,BAG3,SNX20
GSTP1,MTPN,UBLCP1,GOLPH3
GSTP1,RAC1,STX6
GSTP1,UBC,RHOA,HTR1A
GSTP1,RAC1,PRKAR2A,PALM2AKAP2
GSTP1,ENO1,FYN,RHOU
GSTP1,ENO1,HSPA9,AQP12B,OR4X2
GSTP1,ENO1,PPIA,BACE1
GSTP1,ENO1,AKT1,VHL,CNNM2
GSTP1,ENO1,FYN,RHOU
GSTP1,ENO1,PPIA,BACE1
GSTP1,RAC1,GORASP2,MMP15
GSTP1,ENO1,FYN,RHOU
GSTP1,ENO1,FGD5
GSTP1,MAP3K5,STK11,MUC7
GSTP1,ENO1,OBSL1,NIFK,AQP7
GSTP1,UBC,TRAF3IP2,IL17RC
GSTP1,UBC,DNAJA4,PSCA
GSTP1,ENO1,FYN,RHOU,ADGRL1
GSTP1,UBC,BSG,SLC16A13
GSTP1,UBC,UBE2D2,RNF146
GSTP1,ENO1,AKT1,VHL,OR51E2
GSTP1,ENO1,AKT1,VHL
GSTP1,ENO1,SMC3,PLIN4
GSTP1,UBC,UBXN7,XKRX
GSTP1,MAPK8,APLP2
GSTP1,UBC,UBXN7,XKRX
GSTP1,PRDX1,RHOC,SLC30A5
GSTP1,ENO1,GSK3B,ACSBG1
GSTP1,PRDX1,TNF,TMPRSS2
GSTP1,ENO1,FYN,RHOU
GSTP1,UBC,APPBP2,CLCN1
GSTP1,RAC1,RAP2C
GSTP1,MAP3K5,PRKAA2,PLEKHN1
GSTP1,ZBTB18,GNB1,MC2R
GSTP1,ENO1,AKT1,VHL
GSTP1,MTPN,PTPN11,SLAMF6
GSTP1,ENO1,HTT,SLC25A11
GSTP1,ZBTB18,GNAI1,CNR1
GSTP1,ENO1,SRC,EFNA5
GSTP1,ENO1,HSP90B1,LDLR
GSTP1,UBC,ARRB2,APLNR,NPHS2
GSTP1,UBC,ACTA1,CLDN20
GSTP1,UBC,EPS15L1
GSTP1,PRDX1,TMPO,PXMP2,GRAMD2A
GSTP1,RAC1,CALM3,IQCG,DOC2B
GSTP1,ENO1,AKT1,VHL
GSTP1,ENO1,AKT1,VHL
GSTP1,ENO1,CEP192,PRRC2A
GSTP1,UBC,ARRB2,APLNR
GSTP1,UBC,SGTA,CDH15,SLC23A2
GSTP1,ENO1,AKT1,VHL
GSTP1,MAP3K5,APP,APBA1
GSTP1,RAC1,HDAC7,UBL3
GSTP1,UBC,PHB1
GSTP1,ENO1,DHX30,PRR3
GSTP1,ENO1,HTT,SLC25A11
GSTP1,ENO1,FYN,RHOU
GSTP1,ZBTB18,GNAI3,RGS7
GSTP1,PRDX1,VCP,LRRC15
GSTP1,UBC,EEF1A2,SLC13A5
GSTP1,UBC,GNB2,RGS6
GSTP1,ENO1,BCAP31
GSTP1,UBC,RHOA,HTR1A
GSTP1,ENO1,FYN,RHOU
GSTP1,SOX2,AHSG,HLA-DPB1
GSTP1,MTPN,HNRNPH1,SCUBE3
GSTP1,MTPN,RELA,COMMD10,CD1C
GSTP1,PRKN,DLG1,CACNG2
GSTP1,ENO1,GSK3B,ACSBG1
GSTP1,ENO1,TXNDC12,YTHDC1
GSTP1,UBC,BSG,SLC16A13
GSTP1,SOX2,RAE1,KLRK1,ULBP2
GSTP1,UBC,CBL,DOK3
GSTP1,ZBTB18,TJP1,CLDN4
GSTP1,UBC,BSG,SLC16A13
GSTP1,PRDX1,HSPA8,VPS4B
GSTP1,UBC,SKP1,BOC
GSTP1,MAP3K5,PRKAA2,PLEKHN1
GSTP1,ENO1,AKT1,VHL
GSTP1,ENO1,CEP192,PRRC2A
GSTP1,ENO1,AKT1,VHL
GSTP1,ACTA2,PTPRZ1
GSTP1,PRDX1,VCP,LRRC15
GSTP1,ENO1,ZNF16,EPB42,SLC39A2
GSTP1,UBC,UBE2R2,GSC2,BEST3
GSTP1,PRDX1,TNF,TMPRSS2
GSTP1,GABPB1,E2F1,RASGEF1B
GSTP1,ZBTB18,GNB1,MC2R
GSTP1,RAC1,PARD3
GSTP1,RAC1,BAIAP2
GSTP1,ENO1,AKT1,VHL
GSTP1,ENO1,SRC,EFNA5
GSTP1,UBC,GRB2,TBC1D3G
GSTP1,ENO1,HSPA9,AQP12B,TCN2
GSTP1,UBC,ARRB2,APLNR
GSTP1,RAC1,DIAPH1
GSTP1,FOXC1,ESR1
GSTP1,ENO1,HLA-DRB1,PRF1
GSTP1,UBC,GNB2,RGS6
GSTP1,ENO1,HSPA9,AQP12B,CLCA4
GSTP1,RAC1,ARHGDIG
GSTP1,COX5A,BLVRB
GSTP1,ENO1,NTRK1,PTPN9,CNTNAP3
GSTP1,MAP3K5,STK11,MUC7
GSTP1,RAC1,ROBO1,ROBO4
GSTP1,ENO1,GSK3B,ACSBG1
GSTP1,UBC,PCBP2,SYMPK
GSTP1,MTPN,IKBKG,LTBR
GSTP1,ENO1,BAG3,SNX20
GSTP1,ENO1,MAP3K7,THBS3,CSMD3
GSTP1,ENO1,SMC3,PLIN4
GSTP1,ZBTB18,ANXA1
GSTP1,UBC,GRB2
GSTP1,PRDX1,HSPA8,VPS4B
GSTP1,MTPN,PDIA3,CLU,C9
GSTP1,ENO1,EFTUD2,MRRF,SLC39A14
GSTP1,RAC1,SLITRK5,SHH
GSTP1,ENO1,FYN,RHOU
GSTP1,ENO1,AKT1,VHL,SNX15
GSTP1,ENO1,NEDD4,SCN1A
GSTP1,UBC,CAV1,ADCY5
GSTP1,ENO1,HSP90B1,LDLR
GSTP1,ZBTB18,LIMCH1,FRMPD2
GSTP1,ACTA2,SCARB2
GSTP1,RAC1,TMTC3,TRHDE
GSTP1,UBC,SYNE2,COL23A1
GSTP1,ENO1,DHX30,PRR3
GSTP1,UBC,HACD2,SLC2A12
GSTP1,FOXC1,HMG20A,PAWR
GSTP1,ENO1,AKT1,VHL
GSTP1,UBC,AMOT
GSTP1,MAPK8,ANKRD28,AGPAT2
GSTP1,PRDX1,HSPA8,VPS4B
GSTP1,UBC,BSG,SLC16A13,SCAMP5
GSTP1,UBC,EGFR,GABRA2
GSTP1,ENO1,HSP90B1,LDLR,GRID1
GSTP1,ENO1,SMC3,PLIN4
GSTP1,RAC1,SLC7A1,SLC22A18
GSTP1,MTPN,RPS28,CCDC124
GSTP1,MAPK8,WWOX,CEACAM6
GSTP1,ENO1,FYN,RHOU
GSTP1,ENO1,CFTR,CLCA1
GSTP1,MAPK8,BMPR2
GSTP1,UBC,NPTN,IPO13,TTC7B
GSTP1,RAC1,PARD6B
GSTP1,PRKN,STOML2
GSTP1,ENO1,SRC,EFNA5
GSTP1,ENO1,DHX30,PRR3
GSTP1,ENO1,AKT1,VHL
GSTP1,ENO1,FYN,RHOU
GSTP1,RAC1,VAPA
GSTP1,ENO1,OBSL1,NIFK,ATP8B2
GSTP1,PRKN,CSDE1,ARHGEF39
GSTP1,RAC1,STXBP5
GSTP1,ZBTB18,GNB1,MC2R
GSTP1,ENO1,SRC,EFNA5,RAPSN
GSTP1,ENO1,COPS5,SENP6,TVP23B,YIPF1
GSTP1,ENO1,HSP90B1,LDLR
GSTP1,ENO1,FYN,RHOU
GSTP1,ENO1,SRC,EFNA5
GSTP1,UBC,LNX1,SAT1
GSTP1,ENO1,GSK3B,ACSBG1
GSTP1,PRDX1,VCP,LRRC15
GSTP1,UBC,EEF1A2,SLC13A5
GSTP1,ENO1,GPI,PARP14
GSTP1,PRDX1,HSPA8,VPS4B
GSTP1,MTPN,DNAJB5,RBPJL,RIMBP2
GSTP1,ENO1,HUWE1,GNL1,DSCAML1
GSTP1,ENO1,AKT1,VHL
GSTP1,ENO1,CEP192,PRRC2A
GSTP1,ENO1,WWP2,POLR2D,BAIAP2L2
GSTP1,ENO1,GSK3B,ACSBG1
GSTP1,UBC,CDKN2A,VAMP1
GSTP1,LGALS3,SLC25A5
GSTP1,ENO1,KRAS,ACTR10,GYPC
GSTP1,ENO1,CFTR,CLCA1
GSTP1,ACO2,ACTG1
GSTP1,PRDX1,HSPA8,VPS4B
GSTP1,ENO1,HSPA9,AQP12B,C11orf24
GSTP1,SOX2,LIMA1,CORO2A,SLC16A8
GSTP1,PRDX1,RHOC,SLC30A5
GSTP1,ENO1,FYN,RHOU
GSTP1,RAC1,STOM
GSTP1,SOX2,PAK1
GSTP1,PRDX1,TNF,TMPRSS2
GSTP1,GABPB1,E2F1,RASGEF1B
GSTP1,RAC1,USH1C,CDHR2
GSTP1,ENO1,AKT1,VHL
GSTP1,ENO1,CFTR,CLCA1
GSTP1,PRKN,PRPF40A,PRSS12
GSTP1,ENO1,BCAP31,MOSPD2,SLC30A3
GSTP1,ENO1,GSK3B,ACSBG1
GSTP1,ZBTB18,GNB1,MC2R
GSTP1,ENO1,CFTR,CLCA1,MICB
GSTP1,ENO1,FYN,RHOU
GSTP1,ENO1,HTT,SLC25A11
GSTP1,RAC1,NF2
GSTP1,MTPN,REL,ACTN3
GSTP1,ENO1,PPIA,BACE1
GSTP1,MTPN,REL,ACTN3
GSTP1,UBC,RNF114
GSTP1,RAC1,SYK,SIRPB1
GSTP1,GABPB1,FHL2,RASL12
GSTP1,ENO1,SMC3,PLIN4,OR6T1
GSTP1,ENO1,CFTR,CLCA1
GSTP1,UBC,HIF1A,E2F7,PDCD1,PDCD1LG2
GSTP1,ENO1,ENDOD1,SLC34A2
GSTP1,ENO1,GSK3B,ACSBG1
GSTP1,MAPK8,HRAS,RGS12
GSTP1,UBC,LNX1,SAT1
GSTP1,CTSB,SERPINH1,COL25A1
GSTP1,RAC1,SYK,SIRPB1,CD300LD
GSTP1,UBC,GRB2,TBC1D3G
GSTP1,RAC1,EHBP1
GSTP1,ZBTB18,GNB1,MC2R
GSTP1,UBC,TNFRSF1A,CYBA
GSTP1,ENO1,AKT1,VHL,LY96
GSTP1,UBC,CASP8,NLRC4
GSTP1,ENO1,AKT1,VHL,CHRNA5,LYPD1
GSTP1,RAC1,LRP5
GSTP1,UBC,AMFR,OR4N2
GSTP1,ENO1,GLIS3,SUFU,TMC5
GSTP1,PRDX1,HSPA8,VPS4B
GSTP1,ENO1,KRAS,ACTR10,SLC44A5
GSTP1,ENO1,FYN,RHOU,LRRC55
GSTP1,ENO1,AKT1,VHL
GSTP1,ENO1,AKT1,VHL
GSTP1,UBC,CDKN2A,VAMP1
GSTP1,RAC1,VAV1
GSTP1,ANXA5,SNRPB2,SNUPN
GSTP1,ENO1,BAG3,SNX20
GSTP1,PRDX1,ABL1,NAA25,IHH
GSTP1,PRKN,AFDN,NRXN1
GSTP1,ACTA2,CR1L
GSTP1,ENO1,CFTR,CLCA1
GSTP1,PRKN,FGFR3
GSTP1,ENO1,FYN,RHOU
GSTP1,RAC1,ADIPOR1,SLC22A16
GSTP1,ENO1,HSP90B1,LDLR
GSTP1,ENO1,SRC,EFNA5
GSTP1,ENO1,ACTB,DCTN5,SNTG2
GSTP1,ENO1,FYN,RHOU
GSTP1,UBC,WWP1,PI4K2A
GSTP1,ENO1,HTT,SLC25A11
GSTP1,RAC1,EPHA2,CAMK1G
GSTP1,ACTA2,GUCY2F
GSTP1,PRDX1,TNF,TMPRSS2
GSTP1,SOX2,TGFB1
GSTP1,UBC,HSPA5
GSTP1,ENO1,AKT1,VHL
GSTP1,UBC,EGFR,GABRA2
GSTP1,PRDX1,VCP,LRRC15
GSTP1,ENO1,ZNF16,EPB42
GSTP1,UBC,FGFR1,FLRT1
GSTP1,ENO1,BAG3,SNX20
GSTP1,PRDX1,HSPA8,VPS4B
GSTP1,ENO1,FYN,RHOU
GSTP1,ACTA2,CASQ2,SULF2
GSTP1,RAC1,LLGL2
GSTP1,UBC,ARRB2
GSTP1,ENO1,HTT,SLC25A11
GSTP1,UBC,OSBPL8,IFNLR1
GSTP1,ENO1,FYN,RHOU
GSTP1,ENO1,GSK3B,ACSBG1
GSTP1,ENO1,GSK3B,ACSBG1
GSTP1,ENO1,BAG3,SNX20
GSTP1,PRDX1,HSPA8
GSTP1,UBC,RNF5,ERLIN2
GSTP1,ENO1,KANK1
GSTP1,MTPN,HNRNPH1,SCUBE3
GSTP1,ENO1,FYN,RHOU
GSTP1,ENO1,AKT1,VHL
GSTP1,ZBTB18,GNAI1,CNR1
GSTP1,UBC,CHP1,SLC9A3
GSTP1,ENO1,CFTR,CLCA1
GSTP1,ZBTB18,GNAI1,CNR1
GSTP1,LGALS3,CD44
GSTP1,ENO1,AKT1,VHL
GSTP1,MTPN,HNRNPH1,SCUBE3
GSTP1,MTPN,ATP6V1A,ATP6V1D
GSTP1,ENO1,AKT1,VHL
GSTP1,UBC,NPTN,IPO13,TTC7A
GSTP1,UBC,UBQLN1
GSTP1,UBC,GNB2,RGS6
GSTP1,ENO1,AKT1,VHL
GSTP1,UBC,EGFR,GABRA2
GSTP1,ENO1,FYN,RHOU
GSTP1,PRDX2,DPYSL2
GSTP1,MTPN,DSTYK,CD226
GSTP1,ENO1,BCAP31,MOSPD2,ANO8
GSTP1,MAPK8,STAT3,ICOS
GSTP1,UBC,PSEN1,APH1A
GSTP1,UBC,BRAF
GSTP1,UBC,UBE2D2,RNF146
GSTP1,ENO1,CEP192,PRRC2A
GSTP1,ENO1,FYN,RHOU,PCDHGA9
GSTP1,PRDX2,NEK2,LRRC45
GSTP1,ENO1,HDAC4,WASHC2C
GSTP1,RAC1,RAP1B,PLPPR1
GSTP1,PRDX1,CDH1
GSTP1,PRDX1,HSPA8,VPS4B
GSTP1,ACO2,PDK1,COL4A5,SLC10A4
GSTP1,MAPK8,STAT3,ICOS
GSTP1,UBC,PRDX3
GSTP1,ENO1,NEDD4,SCN1A
GSTP1,MAP3K5,YWHAH
GSTP1,ENO1,SRC,EFNA5
GSTP1,ACTA2,LIM2
GSTP1,PRDX1,VCP,LRRC15
GSTP1,ENO1,AKT1,VHL
GSTP1,ENO1,AKT1,VHL
GSTP1,ACO2,ACTN4,RGS9
GSTP1,ENO1,PPIA,BACE1
GSTP1,SOX2,COL13A1
GSTP1,ENO1,FYN,RHOU
GSTP1,UBC,EGFR,GABRA2
GSTP1,ZBTB18,DAPK3,GRIN3B
GSTP1,RAC1,ROCK1
GSTP1,RAC1,MET
GSTP1,ENO1,MYC,CECR2,IL2RG
GSTP1,ZBTB18,GNB1,MC2R
GSTP1,ENO1,DHX30,PRR3
GSTP1,PRDX1,CACYBP,ITPRIP
GSTP1,RAC1,PDGFRB
GSTP1,RAC1,VAPB
GSTP1,ENO1,FYN,RHOU
GSTP1,ENO1,AKT1,VHL
GSTP1,ENO1,GSK3B
GSTP1,UBC,FBXO7,FGF10
GSTP1,UBC,GNB2,RGS6
GSTP1,MTPN,ATP6V1A,ATP6V1D
GSTP1,RAC1,SWAP70
GSTP1,RAC1,RAB9A,INPP5B
GSTP1,ENO1,AKT1,VHL
GSTP1,ACTA2,RHOF,ASIC1
GSTP1,MAP3K5,JAK2,AGTR1
GSTP1,ZBTB18,JUP
GSTP1,ENO1,UBQLN2
GSTP1,ENO1,ENDOD1,SLC34A2
GSTP1,ZBTB18,TJP1,CLDN4
GSTP1,ENO1,CFTR,CLCA1
GSTP1,ENO1,FYN,RHOU,PCDHGC5
GSTP1,PRDX1,HSPA8,VPS4B,NLRP6
GSTP1,MTPN,RPS28,CCDC124
GSTP1,ENO1,GSK3B,ACSBG1
GSTP1,MTPN,PTPN11,SLAMF6
GSTP1,ZBTB18,TJP1
GSTP1,UBC,RHOA,HTR1A
GSTP1,UBC,STX3,SYTL4
GSTP1,ENO1,BAG3,SNX20
GSTP1,ENO1,GSK3B,ACSBG1,PAQR6
GSTP1,ENO1,ACTB,DCTN5,KNTC1
GSTP1,SOX2,CSNK2A2,PALM3
GSTP1,UBC,EPN3
GSTP1,RAC1,IQGAP2
GSTP1,ACTA2,CAP1
GSTP1,ENO1,AKT1,VHL
GSTP1,ENO1,AKT1,VHL
GSTP1,UBC,RAPGEF2
GSTP1,UBC,UCHL1,CD163
GSTP1,RAC1,RAP1B,PLPPR1
GSTP1,UBC,LNX1,SAT1
GSTP1,ENO1,ACTB,DCTN5,PCDHA11
GSTP1,PRKN,IRAK1,KLRB1
GSTP1,PRKN,PASK,ADAMTS13,CELSR1
GSTP1,ENO1,PGAM1,TRIM37,NTNG2
GSTP1,ENO1,FYN,RHOU,LRRC3
GSTP1,ENO1,AKT1,VHL,NMT2
GSTP1,UBC,BRCA1
GSTP1,ENO1,AKT1,VHL
GSTP1,ENO1,FYN,RHOU
GSTP1,ENO1,FYN,RHOU
GSTP1,ENO1,NTRK1,PTPN9,ADAM2
GSTP1,PRKN,DLG1,CACNG2
GSTP1,RAC1,ATP2B1
GSTP1,ZBTB18,GNAI1,CNR1
GSTP1,FOXC1,DDX39A,ZNF569,OMG
GSTP1,RAC1,SNAP47
GSTP1,RAC1,CDH2
GSTP1,ENO1,SRC,EFNA5
GSTP1,RAC1,PARD6A
GSTP1,ACO2,ACTN4,RGS9
GSTP1,ENO1,HSP90AB1
GSTP1,MTPN,RPS28,CCDC124
GSTP1,ENO1,YAP1,RNF187,OR2AG1
GSTP1,MTPN,IKBKG,LTBR
GSTP1,ENO1,SRC,EFNA5
GSTP1,PRKN,CAMK2A,PDE4A
GSTP1,ENO1,FYN,RHOU
GSTP1,RAC1,PIK3R1,GABRA3
GSTP1,UBC,FBXO7,FGF10
GSTP1,UBC,EEF1A2,SLC13A5
GSTP1,LGALS3,FLT4
GSTP1,ENO1,OBSL1,NIFK,CACNB1
GSTP1,RAC1,MCAM
GSTP1,RAC1,RAP1B,PLPPR1
GSTP1,PRDX1,VCP,LRRC15
GSTP1,RAC1,DDX50
GSTP1,MTPN,REL,ACTN3
GSTP1,PRDX1,RHOC,SLC30A5
GSTP1,MTPN,PTPN11,SLAMF6
GSTP1,MAP3K5,STK11,MUC7
GSTP1,ENO1,SRC,EFNA5
GSTP1,UBC,NEDD4L,SLC22A11
GSTP1,PRDX2,RHOD
GSTP1,ENO1,AKT1,VHL
GSTP1,UBC,UCHL1,CD163
GSTP1,ENO1,GSK3B,ACSBG1
GSTP1,ENO1,AKT1,VHL
GSTP1,MTPN,HNRNPH1,SCUBE3
GSTP1,MAPK8,APBB2,TMEM30B
GSTP1,ENO1,FYN,RHOU,TYROBP,TREM1
GSTP1,MTPN,GARS1,XPO7,GLRA2
GSTP1,ENO1,CFTR,CLCA1
GSTP1,SOX2,PPP1R12A
GSTP1,MAP3K5,STK11,MUC7
GSTP1,PGM1,ATIC
GSTP1,ENO1,SRC,EFNA5
GSTP1,ENO1,NME2,CFB
GSTP1,UBC,ABRAXAS2,IFNAR1
GSTP1,UBC,NFE2L2
GSTP1,SOX2,TRIM33,ZNF43,UNC79
GSTP1,TPI1,SUCLG2
GSTP1,ZBTB18,TJP1,CLDN4
GSTP1,ZBTB18,GNAI1,CNR1
GSTP1,UBC,RIPK1
GSTP1,UBC,APPBP2,CLCN1
GSTP1,FOXC1,ARF3
GSTP1,ENO1,SRC,EFNA5
GSTP1,ANXA5,SNRPB2,SNUPN
GSTP1,ENO1,BAG3,SNX20
GSTP1,UBC,ANKRD13B
GSTP1,ENO1,AKT1,VHL
GSTP1,RAC1,PLXNA1
GSTP1,ENO1,FYN,RHOU
GSTP1,ENO1,AKT1,VHL
GSTP1,UBC,SUMO1,HIPK3
GSTP1,ENO1,SRC,EFNA5,SLC9A3R2,OR52B2
GSTP1,PRKN,SNCA
GSTP1,UBC,LNX1,SAT1
GSTP1,ENO1,HTT,SLC25A11
GSTP1,UBC,RNF5,ERLIN2
GSTP1,ZBTB18,YBX1
GSTP1,UBC,APPBP2,CLCN1
GSTP1,ZBTB18,GNAI1,CNR1
GSTP1,UBC,EEF1A2,SLC13A5
GSTP1,UBC,FBXO7,FGF10
GSTP1,PRDX1,VCP,LRRC15
GSTP1,ENO1,MPHOSPH8
GSTP1,ENO1,BCAP31,MOSPD2,SLC22A1
GSTP1,SOX2,LIMA1
GSTP1,ENO1,AKT1,VHL
GSTP1,ENO1,AKT1,VHL
GSTP1,PRKN,AFDN,NRXN1,SYT13
GSTP1,ENO1,SRC,EFNA5
GSTP1,ENO1,FYN,RHOU
GSTP1,ENO1,FYN,RHOU
GSTP1,ENO1,FYN,RHOU
GSTP1,COX4I1,NDUFC2
GSTP1,ENO1,SRC,EFNA5
GSTP1,UBC,ATP5F1A
GSTP1,ENO1,SRC,EFNA5
GSTP1,MAP3K5,APP,APBA1
GSTP1,UBC,LNX1,SAT1
GSTP1,ENO1,DHX30,PRR3
GSTP1,RAC1,GORASP2,MMP15
GSTP1,MTPN,SHC1,CD22
GSTP1,PRKN,GRIK2,GRIK5
GSTP1,ENO1,GSK3B,ACSBG1
GSTP1,RAC1,PTPN13
GSTP1,ENO1,FYN,RHOU,CHRNA4
GSTP1,ENO1,FYN,RHOU
GSTP1,UBC,SMC1A,GRM3
GSTP1,ENO1,BAG3,SNX20
GSTP1,ENO1,AKT1,VHL,CNST
GSTP1,RAC1,RAB9A,INPP5B
GSTP1,MTPN,PTPN11,SLAMF6
GSTP1,ENO1,DHX30,PRR3
GSTP1,ENO1,NTRK1,PTPN9,SIRPG
GSTP1,UBC,WWP1,PI4K2A
GSTP1,ENO1,CCT7,LRRC10,C4BPB
GSTP1,ZBTB18,DST,CHRNA1
GSTP1,UBC,FZR1,RGS11
GSTP1,ENO1,FYN,RHOU
GSTP1,RAC1,PKP4
GSTP1,ENO1,SRC,EFNA5
GSTP1,LAP3,RAB7A
GSTP1,ZBTB18,SEMA7A
GSTP1,ENO1,BAG3,SNX20
GSTP1,MTPN,HNRNPH1,SCUBE3
GSTP1,ENO1,AKT1,VHL
GSTP1,ENO1,AKT1,VHL
GSTP1,UBC,FZR1,RGS11
GSTP1,ENO1,KRAS,ACTR10,SLC27A6
GSTP1,UBC,EEF1A2,SLC13A5
GSTP1,ENO1,CFTR,CLCA1
GSTP1,RAC1,MARK3
GSTP1,ENO1,PPIA,BACE1
GSTP1,UBC,RHOA,HTR1A
GSTP1,MAPK8,HRAS,RGS12
GSTP1,ENO1,KANK1,PLCD3
GSTP1,ENO1,AKT1,VHL
GSTP1,ENO1,KRAS,ACTR10,CBLB
GSTP1,ENO1,PPIA,BACE1,CD28
GSTP1,RAC1,STX6,ABCA6
GSTP1,RAC1,ITGB8
GSTP1,PRDX1,UBE3A,ATP1A4
GSTP1,ENO1,AKT1,VHL
GSTP1,ENO1,MYC,CECR2,PLPP2
GSTP1,LGALS3,ABCB1
GSTP1,UBC,PJA1,DGKD
GSTP1,UBC,EEF1A2,SLC13A5
GSTP1,RAC1,KTN1
GSTP1,ENO1,HDAC4,WASHC2C
GSTP1,ENO1,BCAP31,MOSPD2
GSTP1,ACTA2,GNAO1,RIC8A
GSTP1,ENO1,FYN,RHOU
GSTP1,ENO1,BAG3,SNX20
GSTP1,PRKN,HIF3A
GSTP1,UBC,RHOA,HTR1A
GSTP1,ENO1,UBQLN2,TRAFD1,ADAM18
GSTP1,ENO1,HTT,SLC25A11
GSTP1,ENO1,NTRK1,PTPN9,RAPGEF4
GSTP1,ZBTB18,GNAI1,CNR1
GSTP1,TKT
GSTP1,ZBTB18,GNB1,MC2R
GSTP1,RAC1,RHEB,ENPP7
GSTP1,PRKN,GRIK2,GRIK5,GRIK3
GSTP1,ZBTB18,RALA
GSTP1,MAPK8,LRP6
GSTP1,ENO1,BCAP31,MOSPD2
GSTP1,UBC,GRB2,TBC1D3G
GSTP1,ENO1,AKT1,VHL
GSTP1,UBC,AMOT,TCHP
GSTP1,ENO1,FYN,RHOU
GSTP1,ENO1,GSK3B,ACSBG1
GSTP1,UBC,ANTXR1,TRIM51,ATP8A1
GSTP1,ENO1,CEP192,PRRC2A
GSTP1,ENO1,OBSL1,NIFK,OAS3
GSTP1,PRDX1,MACROH2A1,CGAS
GSTP1,ENO1,SRC,EFNA5
GSTP1,MAPK8,HRAS,RGS12
GSTP1,UBC,TRIM32,PDE9A
GSTP1,CTSB,CST3,C4A
GSTP1,ENO1,YAP1,RNF187,CYTH4
GSTP1,ENO1,DHX30,PRR3
GSTP1,ENO1,FYN,RHOU
GSTP1,ENO1,AKT1,VHL
GSTP1,MAPK8,BMPR2,GDF2,RGMA
GSTP1,ENO1,HLA-DRB1,PRF1
GSTP1,UBC,EGFR,GABRA2
GSTP1,MAP3K5,JAK2,AGTR1
GSTP1,ENO1,HTT,SLC25A11
GSTP1,MAP3K5,APP,APBA1
GSTP1,ENO1,ENDOD1,SLC34A2
GSTP1,ENO1,HNRNPM,DNAJC25,ENTPD6
GSTP1,ENO1,SRC,EFNA5
GSTP1,ENO1,SRC,EFNA5
GSTP1,RAC1,RASGRF2
GSTP1,RAC1,TMTC3,TRHDE
GSTP1,ENO1,ACTB,DCTN5,VPS35L
GSTP1,ENO1,MYC,CECR2,ADH1C
GSTP1,UBC,UBE2D2,RNF146
GSTP1,ENO1,DHX30,PRR3
GSTP1,UBC,LNX1,SAT1,KCNS2
GSTP1,ENO1,GSK3B,ACSBG1
GSTP1,UBC,GNB2,RGS6
GSTP1,PRDX1,TNF,TMPRSS2
GSTP1,ENO1,SRC,EFNA5
GSTP1,ENO1,FYN,RHOU
GSTP1,MTPN,MAPK1,DUSP7,CPEB3
GSTP1,RAC1,SLC7A1,SLC22A18
GSTP1,UBC,RNF216,TIRAP
GSTP1,ENO1,ZNF16,EPB42
GSTP1,COX4I1,TPM2,HAS3
GSTP1,ENO1,DHX30,PRR3
GSTP1,ENO1,AKT1,VHL,LSP1
GSTP1,PRDX1,HSPA8,VPS4B
GSTP1,ENO1,BAG3,SNX20
GSTP1,MTPN,DSTYK,CD226,MBLAC2
GSTP1,ENO1,BTF3,LILRB4
GSTP1,UBC,ACTR2,CORO1A
GSTP1,ENO1,FYN,RHOU
GSTP1,ENO1,HSP90B1,LDLR
GSTP1,UBC,EGFR,GABRA2,KCNN3
GSTP1,ENO1,BAG3,SNX20
GSTP1,ENO1,MYC,CECR2,KIR3DL2
GSTP1,UBC,TSG101
GSTP1,MAP3K5,JAK2,AGTR1
GSTP1,RAC1,TGFBR1
GSTP1,ENO1,SRC,EFNA5
GSTP1,ENO1,HTT
GSTP1,UBC,EEF1A2,SLC13A5
GSTP1,UBC,PODXL,SELL
GSTP1,ENO1,TXNDC12,YTHDC1
GSTP1,RAC1,MFF,RHBDL1
GSTP1,UBC,BIN1
GSTP1,ENO1,HSP90B1,LDLR
GSTP1,ENO1,AKT1,VHL
GSTP1,RAC1,DOCK1
GSTP1,ENO1,EFTUD2,MRRF,SLC9C1
GSTP1,MTPN,REL,ACTN3
GSTP1,MTPN,REL,ACTN3
GSTP1,ZBTB18,GNB1,MC2R
GSTP1,COX4I1,PHB2
GSTP1,ENO1,HDAC6,MEF2B,HNF4G,HAS2
GSTP1,MAP3K5,STK11,MUC7
GSTP1,UBC,SUMO1
GSTP1,ENO1,CFTR,CLCA1
GSTP1,ZBTB18,KRT18,PSTPIP2
GSTP1,MTPN,REL,ACTN3
GSTP1,PRKN,CDK5
GSTP1,UBC,CASP8,NLRC4
GSTP1,UBC,SGTA,CDH15
GSTP1,PRKN,CAMK2A,PDE4A
GSTP1,ENO1,HSP90B1,LDLR
GSTP1,RAC1,CARMIL1
GSTP1,UBC,FASN
GSTP1,UBC,PTPN5,CLEC4G
GSTP1,MAP3K5,STK11,MUC7
GSTP1,UBC,FGFR1,FLRT1
GSTP1,ENO1,FYN,RHOU
GSTP1,RAC1,EPHA2,CAMK1G
GSTP1,ENO1,BCAP31,MOSPD2,NDRG4
GSTP1,UBC,RHOA,HTR1A
GSTP1,ENO1,HSP90B1,LDLR
GSTP1,UBC,EGFR,GABRA2
GSTP1,SOX2,MAGED1
GSTP1,RAC1,ECT2,GNAL
GSTP1,UBC,EEF1A2,SLC13A5
GSTP1,ENO1,MAPT,TUBA8,CR1
GSTP1,PRDX2,UBB
GSTP1,ENO1,SRC,EFNA5
GSTP1,ENO1,ZNF16,EPB42,SLC15A2
GSTP1,MAPK8,HRAS,RGS12
GSTP1,ENO1,FYN,RHOU
GSTP1,ENO1,FYN,RHOU
GSTP1,MTPN,DSTYK,CD226
GSTP1,ZBTB18,GNB1,MC2R
GSTP1,PRDX1,HSPA8,VPS4B
GSTP1,MAP3K5,TRAF2,LRRN2,CD70
GSTP1,RAC1,ABI1,EPS8L3
GSTP1,ENO1,GSK3B,ACSBG1
GSTP1,UBC,PSEN1,APH1A
GSTP1,ENO1,NEDD4,SCN1A
GSTP1,PRKN,GRIK2
GSTP1,ENO1,GSK3B,ACSBG1
GSTP1,MAP3K5,YWHAH,RIMS1
GSTP1,RAC1,MFF,RHBDL1
GSTP1,MAPK8,MSN
GSTP1,ENO1,AKT1,VHL
GSTP1,ENO1,FYN,RHOU
GSTP1,RAC1,KIRREL1
GSTP1,UBC,STX3,SYTL4
GSTP1,ZNF518A,NOTCH2
GSTP1,ZBTB18,GNB1,MC2R
GSTP1,ENO1,COPS5,SENP6,OR51B2
GSTP1,UBC,RHOT2,CNR2
GSTP1,ENO1,SRC,EFNA5
GSTP1,ENO1,PPIA,BACE1
GSTP1,ENO1,BCAP31,MOSPD2,DGAT1
GSTP1,ENO1,FYN,RHOU
GSTP1,ENO1,HUWE1,GNL1,HLA-DPA1
GSTP1,UBC,RABEP1,KCNH1
GSTP1,RAC1,PARD3,PPFIBP1
GSTP1,ENO1,HSP90AA1,NR3C2,OLFM4
GSTP1,ENO1,SRC,EFNA5
GSTP1,ENO1,OBSL1,NIFK,CACNA2D1
GSTP1,ENO1,NTRK1,PTPN9,ULBP1
GSTP1,RAC1,PRKACA,AKAP7,PKD1L3
GSTP1,MTPN,EFHD2,OR2K2
GSTP1,PRDX1,HSPA8,VPS4B
GSTP1,TAGLN,IGF1R,ADAMTS4,ATP23
GSTP1,ENO1,HSP90B1,LDLR
GSTP1,RAC1,SYK
GSTP1,UBC,ULK1,FEZ1,RAB12
GSTP1,RAC1
GSTP1,ENO1,FYN,RHOU
GSTP1,RAC1,DOCK5
GSTP1,ENO1,ENDOD1,SLC34A2
GSTP1,ENO1,HTT,SLC25A11
GSTP1,ENO1,HTT,SLC25A11
GSTP1,RAC1,ITGB5
GSTP1,MAPK8,STAB2
GSTP1,ENO1,NEDD4,SCN1A
GSTP1,ENO1,FYN,RHOU
GSTP1,PRDX1,MACROH2A1,CGAS
GSTP1,MTPN,HNRNPH1,SCUBE3
GSTP1,ENO1,SRC,EFNA5
GSTP1,ACTA2,NEXN
GSTP1,MAPK8,HRAS,RGS12
GSTP1,ENO1,BAG3,SNX20
GSTP1,ENO1,FYN,RHOU
GSTP1,ZBTB18,GNB1,MC2R
GSTP1,PRDX1,HSPA8,VPS4B
GSTP1,ENO1,CFTR,CLCA1
GSTP1,RAC1,SLITRK4
GSTP1,UBC,EGFR,GABRA2
GSTP1,ENO1,BAG3,SNX20
GSTP1,PRDX1,VCP,LRRC15
GSTP1,UBC,ARRB2,APLNR
GSTP1,UBC,MACF1,TESC
GSTP1,UBC,FBXO7,FGF10
GSTP1,PRDX1,CACYBP,ITPRIP
GSTP1,PRDX1,VCP,LRRC15
GSTP1,ENO1,AKT1,VHL
GSTP1,ENO1,AKT1,VHL
GSTP1,UBC,APPBP2,CLCN1
GSTP1,UBC,PTPN5,CLEC4G
GSTP1,UBC,GRB2,TBC1D3G
GSTP1,ENO1,NME2,CFB
GSTP1,ZBTB18,GNB1,MC2R
GSTP1,UBC,CAV1,ADCY5
GSTP1,ZBTB18,GNAI1,CNR1
GSTP1,RAC1,MYO1E
GSTP1,ENO1,YWHAB,PIK3R4,GDE1
GSTP1,ENO1,HSP90B1,LDLR,P2RX5
GSTP1,UBC,EGFR,GABRA2
GSTP1,MTPN,REL,ACTN3
GSTP1,UBC,EGFR,GABRA2
GSTP1,ENO1,NME2,CFB
GSTP1,PRDX1,VCP,LRRC15
GSTP1,MTPN,HNRNPH1,SCUBE3
GSTP1,ENO1,CEP192,PRRC2A
GSTP1,RAC1,SCRIB
GSTP1,RAC1,SLC7A1,SLC22A18
GSTP1,ZBTB18,GNAI1,CNR1
GSTP1,ENO1,NTRK1,PTPN9,CATSPER1,CACNA1I
GSTP1,MTPN,DSTYK,CD226,CD200R1,CD200
GSTP1,MAPK8,HRAS,RGS12
GSTP1,UBC,AGO2,SLC7A9
GSTP1,ENO1,GPI,PARP14
GSTP1,PRDX1,CDH1,ITGA6
GSTP1,UBC,APPBP2,CLCN1
GSTP1,SPR,NUP35
GSTP1,ENO1,OBSL1,NIFK,S100A13
GSTP1,MTPN,REL,ACTN3
GSTP1,RAC1,TAOK3
GSTP1,UBC,EGFR,GABRA2,SLC39A6
GSTP1,ZBTB18,GNAI1,CNR1
GSTP1,UBC,RAD23B,RSC1A1
GSTP1,RAC1,EPHA2,CAMK1G
GSTP1,RAC1,RAPGEF1
GSTP1,ENO1,ALDOA,GLO1
GSTP1,UBC,TRIM32,PDE9A
GSTP1,PRDX1,HSPA8,VPS4B
GSTP1,PRDX1,CDH1,ITGA6
GSTP1,UBC,GNB2,RGS6
GSTP1,UBC,CAV1,ADCY5
GSTP1,RAC1,IGSF3,TSPAN15
GSTP1,ENO1,FYN,RHOU
GSTP1,ENO1,KRAS,ACTR10,PAQR9
GSTP1,ENO1,AKT1,VHL
GSTP1,ENO1,CD4,PLAT,ADORA2B
GSTP1,ENO1,LRRK2,ZC3H15,KCNAB3
GSTP1,ENO1,SRC,EFNA5
GSTP1,ENO1,GSK3B,ACSBG1
GSTP1,ENO1,PPIA,BACE1
GSTP1,ZBTB18,GNAI3,RGS7
GSTP1,MAP3K5,RAF1,ETS2
GSTP1,PRDX1,TNF,TMPRSS2
GSTP1,RAC1,ITGB1,ITGA8
GSTP1,MAPK8,STAT3
GSTP1,ENO1,FYN,RHOU,SLC17A8
GSTP1,ENO1,GSK3B,ACSBG1,SLC12A5
GSTP1,ENO1,NTRK1,PTPN9,SSTR5
GSTP1,ENO1,ACTB,DCTN5,PAQR8
GSTP1,MAP3K5,DAXX,CHMP3
GSTP1,SOX2,NSF
GSTP1,COX4I1,TPM2,HAS3
GSTP1,ENO1,KRAS,ACTR10,PIK3R5
GSTP1,MAP3K5,TRAF2,LRRN2,TNFSF18
GSTP1,PRDX1,VCP,LRRC15
GSTP1,ENO1,GSK3B,ACSBG1
GSTP1,ENO1,HTT,SLC25A11
GSTP1,MAPK8,HRAS,RGS12
GSTP1,ENO1,BAG3,SNX20
GSTP1,UBC,CAV1,ADCY5
GSTP1,SOX2,LOXL1,KCNIP1
GSTP1,SOX2,BMI1,ABCA12
GSTP1,PRDX1,VCP,LRRC15
GSTP1,RAC1,ARHGAP45
GSTP1,MAPK8,BMF
GSTP1,SOX2,CSNK2A2,PALM3
GSTP1,UBC,SMC1A,GRM3
GSTP1,UBC,CAV1,ADCY5
GSTP1,ENO1,HLA-DRB1,PRF1
GSTP1,ENO1,GSK3B,ACSBG1
GSTP1,ZBTB18,TJP1,CLDN4
GSTP1,ZBTB18,GNAI1,CNR1
GSTP1,MTPN,RPS28,CCDC124
GSTP1,ENO1,HTT,SLC25A11
GSTP1,RAC1,SYNJ2
GSTP1,UBC,PSEN1
GSTP1,ENO1,MYC,CECR2,NPPC,NPR3
GSTP1,ENO1,HTT,SLC25A11
GSTP1,UBC,ARRB2,APLNR
GSTP1,ENO1,NEDD4,SCN1A,ZDHHC22
GSTP1,ZBTB18,GNAI1,CNR1
GSTP1,PRKN,HSPA2,DXO
GSTP1,LGALS3,SLC12A2
GSTP1,ENO1,CEP192,PRRC2A
GSTP1,MTPN,SHC1
GSTP1,ENO1,HSP90B1,LDLR
GSTP1,ENO1,HSP90B1,LDLR
GSTP1,RAC1,ARHGAP35
GSTP1,ENO1,AKT1,VHL
GSTP1,ENO1,NEDD4,SCN1A
GSTP1,UBC,USP6
GSTP1,UBC,STX3
GSTP1,LGALS3,SLC12A7
GSTP1,ACTA2,SELE,GLG1
GSTP1,UBC,TRIM32,PDE9A
GSTP1,ENO1,CEP192,PRRC2A
GSTP1,ENO1,AKT1,VHL
GSTP1,PRDX1,VCP,LRRC15
GSTP1,ENO1,BAG3,SNX20
GSTP1,UBC,APPBP2,CLCN1
GSTP1,PRKN,PICK1,ASIC2
GSTP1,ACO2,ACTN4
GSTP1,UBC,HSPA5,LOC102723407,OR14J1
GSTP1,RAC1,RAB5C
GSTP1,UBC,FZR1,RGS11
GSTP1,PRKN,AFDN,NRXN1
GSTP1,ENO1,AKT1,VHL
GSTP1,ENO1,SRC,EFNA5
GSTP1,ENO1,FYN,RHOU
GSTP1,MTPN,REL,ACTN3
GSTP1,ENO1,MAP3K7,THBS3,SKAP1
GSTP1,ENO1,CKB
GSTP1,UBC,AP2A2
GSTP1,UBC,GRB2,TBC1D3G
GSTP1,ENO1,SMC3,PLIN4
GSTP1,PRDX1,RHOB
GSTP1,UBC,GGA1,LRP10
GSTP1,MAPK8,STAT3,ICOS
GSTP1,ENO1,HLA-DRB1,PRF1
GSTP1,MTPN,DSTYK,CD226,CD200R1
GSTP1,ZBTB18,STAU1
GSTP1,UBC,ANTXR1,TRIM51,ATP8B4
GSTP1,ENO1,SRC,EFNA5,LYNX1
GSTP1,UBC,AGO2,SLC7A9
GSTP1,UBC,FGFR1,FLRT1
GSTP1,ENO1,GSK3B,ACSBG1
GSTP1,ENO1,HSP90B1,LDLR
GSTP1,DUX4,ARF4
GSTP1,ENO1,GSK3B,ACSBG1
GSTP1,UBC,EEF1A2,SLC13A5
GSTP1,MAP3K5,PRKAA2,PLEKHN1
GSTP1,ANXA5,CPNE3
GSTP1,MTPN,REL,ACTN3
GSTP1,RAC1,VAMP2,SYPL1
GSTP1,UBC,EGFR,GABRA2
GSTP1,UBC,PTPN5
GSTP1,RAC1,GNB4,FZD10
GSTP1,UBC,EGFR,GABRA2
GSTP1,RAC1,SYK,SIRPB1
GSTP1,ENO1,CEP192,PRRC2A
GSTP1,PRDX6,NCF2
GSTP1,ENO1,NTRK1,PTPN9,CD300LF
GSTP1,ENO1,ZC3H18,SRSF12,CHMP7
GSTP1,MAP3K5,APP,APBA1
GSTP1,UBC,UBA52
GSTP1,MAPK8,HRAS,RGS12
GSTP1,ENO1,CEP192,PRRC2A
GSTP1,RAC1,DOCK4
GSTP1,PRDX1,VCP,LRRC15
GSTP1,RAC1,DLG5
GSTP1,MTPN,REL,ACTN3
GSTP1,MAP3K5,PRKAA2,PLEKHN1
GSTP1,ENO1,CEP192,PRRC2A
GSTP1,MAP3K5,STK11,MUC7
GSTP1,ENO1,NTRK1,PTPN9,BTNL8
GSTP1,PRDX1,RHOC,SLC30A5
GSTP1,ENO1,HDAC4,WASHC2C
GSTP1,ENO1,DHX30,PRR3
GSTP1,PRDX1,UBE3A,ATP1A4
GSTP1,LGALS3,ABCC4,SLC30A2
GSTP1,MAPK8,PXN,PARVB
GSTP1,ENO1,BAG3,SNX20
GSTP1,ENO1,FYN,RHOU
GSTP1,PRDX1,HSPA8,VPS4B
GSTP1,ENO1,MAP3K7,THBS3,PSG6
GSTP1,ENO1,HTT,SLC25A11
GSTP1,RAC1,ARFIP2
GSTP1,ENO1,FYN,RHOU,NTN4
GSTP1,UBC,RNF216,TIRAP
GSTP1,UBC,FGFR1,FLRT1
GSTP1,RAC1,SLC9A1
GSTP1,ACTA2,RHOG,GPRC5C
GSTP1,ENO1,SMC3,PLIN4
GSTP1,FOXC1,PPP2R2D,GPC5
GSTP1,MTPN,REL,ACTN3
GSTP1,RAC1,FZD6,TMPRSS12
GSTP1,MTPN,ZC3HAV1L,CLEC4A
GSTP1,ENO1,HDAC4,WASHC2C
GSTP1,UBC,PSEN1,APH1A
GSTP1,MTPN,PTPN11,SLAMF6
GSTP1,ENO1,DHX30,PRR3
GSTP1,ENO1,FYN,RHOU,ADAM9
GSTP1,RAC1,SIPA1
GSTP1,ENO1,NEDD4,SCN1A
GSTP1,MAPK8,SYT4
GSTP1,ENO1,FYN,RHOU
GSTP1,MAP3K5,YWHAH,RIMS1
GSTP1,ENO1,HSP90B1,LDLR
GSTP1,UBC,FCHO2
GSTP1,ENO1,FYN,RHOU
GSTP1,LGALS3,SLC12A6
GSTP1,ENO1,BTF3,LILRB4
GSTP1,ENO1,BTF3,LILRB4
GSTP1,ENO1,HSP90B1,LDLR,GABRG3
GSTP1,ZBTB18,PLCD1
GSTP1,RAC1,CXCR4,AVPR1A,CCR10
GSTP1,ENO1,AKT1,VHL,ZNF804A
GSTP1,RAC1,IGSF3,TSPAN15
GSTP1,ENO1,HSP90B1,LDLR
GSTP1,MTPN,ATP6V1A,ATP6V1D
GSTP1,FOXC1,NELFE
GSTP1,ENO1,PDP1
GSTP1,UBC,SYNE2,COL23A1
GSTP1,ACTA2,GNAO1,RIC8A
GSTP1,ENO1,AKT1,VHL
GSTP1,MAP3K5,APP,APBA1
GSTP1,ENO1,SRC,EFNA5
GSTP1,PRDX1,HSPA8,VPS4B
GSTP1,UBC,SGTA,CDH15
GSTP1,CTSB,RGS2,GNA15
GSTP1,RAC1,ITGB1,ITGA8
GSTP1,ENO1,AKT1,VHL
GSTP1,ACTA2,TES
GSTP1,UBC,UCHL1,CD163
GSTP1,UBC,INPPL1,PLIN5,SLC1A4
GSTP1,UBC,GNB2,RGS6
GSTP1,UBC,TRIM32,PDE9A
GSTP1,ANXA5,NDRG1
GSTP1,UBC,LNX1,SAT1
GSTP1,RAC1,GNB4,FZD10
GSTP1,RAC1,MFF,RHBDL1
GSTP1,RAC1,ARHGAP17
GSTP1,ENO1,MYC,CECR2,KIR3DL1
GSTP1,ENO1,HTT,SLC25A11
GSTP1,RAC1,APC
GSTP1,RAC1,VAMP2,SYPL1
GSTP1,ENO1,BAG3,SNX20
GSTP1,PRDX1,VCP,LRRC15
GSTP1,PRDX1,HSPA8,VPS4B
GSTP1,ENO1,AKT1,VHL,GJC1
GSTP1,PRKN,DLG4,NLGN2
GSTP1,UBC,ARRB2,APLNR
GSTP1,ENO1,AKT1,VHL,CLCN3
GSTP1,UBC,FGFR1,FLRT1
GSTP1,PRDX1,MACROH2A1,CGAS
GSTP1,ENO1,NTRK1,PTPN9,PRPH2,ROM1
GSTP1,ENO1,RIPK2
GSTP1,ENO1,FYN,RHOU
GSTP1,ACY1,RAB4A,SLC9A7
GSTP1,UBC,ARRB2,APLNR
GSTP1,RAC1,EPHB4
GSTP1,MAPK8,PSG11
GSTP1,UBC,ARRB2,APLNR
GSTP1,UBC,SUMO1,HIPK3
GSTP1,RAC1,SIPA1L3
GSTP1,ENO1,NEDD4,SCN1A
GSTP1,ENO1,CEP192,PRRC2A,BTNL9
GSTP1,COX4I1,TOMM22,RAB39B
GSTP1,RAC1,USH1C,CDHR2
GSTP1,ZBTB18,GNAI1,CNR1
GSTP1,MTPN,IKBKG,LTBR
GSTP1,ENO1,FYN,RHOU
GSTP1,UBC,PSEN1,APH1A
GSTP1,ENO1,CFTR,CLCA1
GSTP1,MTPN,HNRNPH1,SCUBE3
GSTP1,MAP3K5,JAK2,AGTR1,AGTRAP
GSTP1,ENO1,AKT1,VHL
GSTP1,ENO1,AKT1,VHL
GSTP1,ENO1,AKT1,VHL
GSTP1,RAC1,TMX1,TMEM179B
GSTP1,ENO1,HDAC4,WASHC2C
GSTP1,MAP3K5,ERN1,PCDHGB5
GSTP1,ENO1,AKT1,VHL
GSTP1,FOXC1,RCC2
GSTP1,UBC,APPBP2,CLCN1
GSTP1,MAP3K5,RAF1,ETS2
GSTP1,ENO1,AKT1,VHL,SPINT1
GSTP1,ENO1,MYC,CECR2,CD59
GSTP1,ZBTB18,LYN
GSTP1,UBC,OTUD3,GNAT3
GSTP1,SOX2,TRIM33,ZNF43,NALF1
GSTP1,ENO1,AKT1,VHL
GSTP1,MAPK8,WWOX,CEACAM6
GSTP1,UBC,FASN,SLC34A3
GSTP1,ENO1,DHX30,PRR3
GSTP1,RAC1,SLC7A1,SLC22A18
GSTP1,ENO1,BAG3,SNX20
GSTP1,LGALS3,IL31RA,HEPHL1
GSTP1,PRKN,GPR37
GSTP1,UBC,UBE2D2,RNF146
GSTP1,ENO1,AKT1,VHL
GSTP1,UBC,BSG,SLC16A13
GSTP1,UBC,TRIM36
GSTP1,ENO1,AKT1,VHL
GSTP1,ENO1,HTT,SLC25A11
GSTP1,PRKN,RAC3
GSTP1,ZBTB18,GNAI2
GSTP1,ENO1,FYN,RHOU
GSTP1,ENO1,NEDD4,SCN1A
GSTP1,MTPN,RPS28,CCDC124
GSTP1,MAP3K5,APP,APBA1
GSTP1,SOX2,SMARCD1,COL26A1
GSTP1,MTPN,MAPK1
GSTP1,RAC1,FLRT2,UNC5D
GSTP1,ENO1,UBQLN2,TRAFD1,CALN1
GSTP1,ACTA2,RAB24
GSTP1,ACTA2,CGN
GSTP1,ENO1,AKT1,VHL
GSTP1,MAPK8,HRAS,RGS12
GSTP1,ENO1,HSP90B1,LDLR
GSTP1,RAC1,PAK4,TMPRSS11A
GSTP1,ENO1,HDAC4,WASHC2C
GSTP1,MAPK8,SH2D3A,GSDMA
GSTP1,ENO1,AKT1,VHL,PCDH18
GSTP1,UBC,EEF1A2,SLC13A5
GSTP1,SOX2,CSNK2A2,PALM3
GSTP1,ENO1,SRC,EFNA5
GSTP1,UBC,GRB2,TBC1D3G
GSTP1,UBC,EEF1A2,SLC13A5
GSTP1,ACTA2,RHOG
GSTP1,PRDX1,VCP,LRRC15
GSTP1,FOXC1,PPP2R2D,GPC5
GSTP1,UBC,SGTA,CDH15
GSTP1,PRDX1,UBE3A,ATP1A4
GSTP1,ENO1,FYN,RHOU
GSTP1,ENO1,NTRK1,PTPN9,RAPGEF5
GSTP1,UBC,EGFR,GABRA2
GSTP1,PRDX1,RAC2,KLK10,OR6C70
GSTP1,RAC1,VAV2
GSTP1,UBC,UBE2R2,GSC2,GGT7
GSTP1,MTPN,MAPK1,DUSP7,SLC39A12
GSTP1,ENO1,FYN,RHOU,TYROBP
GSTP1,PRKN,HSPA2,DXO
GSTP1,UBC,PSEN1,APH1A
GSTP1,ENO1,SRC,EFNA5
GSTP1,ENO1,MAPT,TUBA8,GBP1
GSTP1,UBC,GRB2,TBC1D3G
GSTP1,ENO1,NTRK1,PTPN9,GFRAL
GSTP1,ENO1,ALDOA,GLO1
GSTP1,ENO1,ACTB,DCTN5,CDH19
GSTP1,UBC,SKP1,BOC
GSTP1,ENO1,SRC,EFNA5
GSTP1,PRKN,SYT11
GSTP1,RAC1,MUC13
GSTP1,ENO1,AKT1,VHL
GSTP1,ZBTB18,VIM
GSTP1,ENO1,CEP192,PRRC2A
GSTP1,PRDX1,VCP,LRRC15
GSTP1,ENO1,FBXO25,TBX5,IL22RA1
GSTP1,RAC1,PTPRF,PCDHAC1
GSTP1,ENO1,NTRK1,PTPN9,CXCR3
GSTP1,ENO1,SRC,EFNA5,CELSR2
GSTP1,RAC1,NOSTRIN
GSTP1,PRDX1,HSPA8,VPS4B
GSTP1,ENO1,FYN,RHOU
GSTP1,UBC,EEF1A2,SLC13A5
GSTP1,UBC,RHOA,HTR1A
GSTP1,ENO1,ENDOD1,SLC34A2,IFITM1
GSTP1,UBC,GRB2,TBC1D3G
GSTP1,UBC,SDCBP,ANP32B,GRM4
GSTP1,UBC,FANCI,UPK2
GSTP1,MTPN,COA7,TDGF1
GSTP1,UBC,USP30,KLRC4,CLPTM1
GSTP1,MTPN,CLIC4
GSTP1,ENO1,DHX30,PRR3
GSTP1,UBC,HIP1R
GSTP1,SOX2,TUBB8,CACNG8
GSTP1,ENO1,ENDOD1,SLC34A2
GSTP1,UBC,USP8,CHMP1B
GSTP1,UBC,EGFR,GABRA2
GSTP1,ENO1,FYN,RHOU
GSTP1,ENO1,AKT1,VHL
GSTP1,ENO1,FYN,RHOU
GSTP1,MAPK8,FADD
GSTP1,CTSB,CST3,C4A
GSTP1,ENO1,SRC,EFNA5
GSTP1,ENO1,FYN,RHOU,PCDHB5
GSTP1,ENO1,SRC,EFNA5
GSTP1,ENO1,AKT1,VHL
GSTP1,ENO1,AKT1,VHL,RNF34
GSTP1,UBC,SGTA,CDH15
GSTP1,UBC,CDKN2A,VAMP1
GSTP1,FOXC1,RARA
GSTP1,UBC,AMFR,OR4N2
GSTP1,UBC,EGFR,GABRA2
GSTP1,UBC,PRKCI
GSTP1,PRKN,DLG1,CACNG2
GSTP1,UBC,SYNE2,COL23A1
GSTP1,ENO1,SMC3,PLIN4
GSTP1,RAC1,IGSF3,TSPAN15
GSTP1,UBC,SKP1,BOC
GSTP1,MAP3K5,APP,APBA1
GSTP1,PRDX1,EPS15
GSTP1,RAC1,FAT1
GSTP1,MAP3K5,MAP2K7,MAP3K12
GSTP1,RAC1,TMX1,TMEM179B
GSTP1,PRKN,HSPA6,LRRC8E
GSTP1,PRDX1,HSPA8,VPS4B
GSTP1,MAPK8,HRAS,RGS12
GSTP1,ENO1,FYN,RHOU,KITLG
GSTP1,RAC1,TMTC3,TRHDE
GSTP1,SOX2,ZMYM2,C8A
GSTP1,PRDX1,RAC2,KLK10,SERPINB10
GSTP1,ENO1,FYN,RHOU
GSTP1,RAC1,AGAP1,PCDHA12
GSTP1,ENO1,ACTB,DCTN5,PIP4P1
GSTP1,ACTA2,NCF1
GSTP1,GABPB1,TRIM55,TFR2
GSTP1,ZBTB18,GNAI3,RGS7
GSTP1,MAPK8,LAT
GSTP1,ENO1,HTT,SLC25A11
GSTP1,PRKN,DLG4,NLGN2
GSTP1,RAC1,PAK5,DGLUCY,GPR45
GSTP1,ENO1,FYN,RHOU
GSTP1,ZBTB18,GNB1,MC2R
GSTP1,ENO1,AKT1,VHL
GSTP1,ENO1,FYN,RHOU
GSTP1,ENO1,DHX30,PRR3
GSTP1,UBC,CBL,DOK3
GSTP1,ENO1,DHX30,PRR3
GSTP1,ENO1,MAP3K7
GSTP1,COX5A,SLC38A2
GSTP1,ENO1,COPS5,SENP6,LANCL2
GSTP1,ENO1,MAP3K7,THBS3,IL17RE
GSTP1,ENO1,FYN,RHOU
GSTP1,ENO1,FYN,RHOU,KLRC3
GSTP1,ENO1,GSK3B,ACSBG1
GSTP1,ENO1,AKT1,VHL
GSTP1,ENO1,GSK3B,ACSBG1
GSTP1,ZBTB18,GNAI3
GSTP1,UBC,SUMO1,HIPK3
GSTP1,ENO1,BAG3,SNX20
GSTP1,UBC,GNB2,RGS6
GSTP1,RAC1,MFF,RHBDL1
GSTP1,ENO1,AKT1,VHL,IPCEF1
GSTP1,ENO1,CFTR,CLCA1
GSTP1,RAC1,PRKAR2A
GSTP1,PRKN,DLG1,CACNG2
GSTP1,ENO1,BCL6,PRDM1,C4B
GSTP1,RAC1,MTNR1A
GSTP1,FOXC1,NHERF2
GSTP1,TAGLN,JAK1,IL20RB
GSTP1,UBC,EEF1A2,SLC13A5
GSTP1,ENO1,NEDD4,SCN1A
GSTP1,ENO1,FYN,RHOU
GSTP1,ENO1,HSP90B1,LDLR
GSTP1,COX4I1,DDOST,TUSC3
GSTP1,UBC,RHOT2,CNR2
GSTP1,ACTA2,GNAO1,RIC8A
GSTP1,UBC,SKP1,BOC
GSTP1,RAC1,BAIAP2,EPS8L1
GSTP1,UBC,TAPBP,HLA-DQA1
GSTP1,MTPN,PTPN11,SLAMF6
GSTP1,PRDX1,IRF3,STING1
GSTP1,UBC,KDR
GSTP1,ENO1,BAG3,SNX20
GSTP1,UBC,RHOA,HTR1A
GSTP1,MTPN,HNRNPH1,SCUBE3
GSTP1,ENO1,AKT1,VHL
GSTP1,ZBTB18,GNAI1,CNR1
GSTP1,MAPK8,WWOX,CEACAM6
GSTP1,ENO1,SRC,EFNA5,SLC9A3R2
GSTP1,UBC,EGFR
GSTP1,RAC1,DLGAP4
GSTP1,RAC1,MINK1,AVPR1B
GSTP1,ENO1,AKT1,VHL
GSTP1,ZBTB18,GNB1,MC2R
GSTP1,ENO1,BAG3,SNX20
GSTP1,RAC1,DDX31,OPRPN,SLC5A4
GSTP1,UBC,EGFR,GABRA2
GSTP1,RAC1,ITGB1,ITGA8
GSTP1,MAP3K5,MAP2K7,MAP3K12
GSTP1,RAC1,ITGB1
GSTP1,UBC,ANKS1B
GSTP1,SOX2,TUBB8,CACNG8
GSTP1,ENO1,BAG3,SNX20
GSTP1,SOX2,LOXL1,KCNIP1
GSTP1,ACTA2,RHOF,ASIC1
GSTP1,MAPK8,HRAS,RGS12
GSTP1,UBC,ULK1,FEZ1
GSTP1,ENO1,HSP90B1,LDLR
GSTP1,MAP3K5,DAXX,CHMP3
GSTP1,RAC1,PLEKHA1
GSTP1,ENO1,HSP90B1,LDLR,DUOX2,DUOXA2
GSTP1,UBC,PLEC
GSTP1,MAPK8,ANKRD28,AGPAT2
GSTP1,ENO1,FYN,RHOU
GSTP1,UBC,HLTF,CERK
GSTP1,UBC,RNF151,SCARA5
GSTP1,UBC,PSEN1,APH1A
GSTP1,ENO1,CEP192,PRRC2A
GSTP1,UBC,NFX1
GSTP1,UBC,IRS1
GSTP1,ENO1,HLA-DRB1,PRF1
GSTP1,COX4I1,DDOST
GSTP1,MTPN,PTPN11,SLAMF6
GSTP1,ENO1,HTT,SLC25A11
GSTP1,ENO1,FYN,RHOU
GSTP1,UBC,ZBTB1,MUCL1
GSTP1,PRDX1,TNF,TMPRSS2
GSTP1,ENO1,AKT1,VHL
GSTP1,ENO1,AKT1,VHL
GSTP1,RAC1,CTNNA1
GSTP1,MAP3K5,APP,APBA1
GSTP1,MAPK8,HRAS,RGS12
GSTP1,MAPK8,HRAS,RGS12
GSTP1,ENO1,SRC,EFNA5,ZDHHC20
GSTP1,MAP3K5,MAP2K7,MAP3K12
GSTP1,ENO1,SRC,EFNA5
GSTP1,MAPK8,HRAS,RGS12
GSTP1,UBC,MTOR,CFP,SLC5A6
GSTP1,ENO1,YWHAB,PIK3R4,FCRL5
GSTP1,GABPB1,FHL2,RASL12
GSTP1,ZBTB18,GNAI1,CNR1
GSTP1,ENO1,NEDD4,SCN1A
GSTP1,ENO1,HDAC4,WASHC2C
GSTP1,UBC,PSMD10
GSTP1,MAP3K5,TRAF4
GSTP1,ENO1,KANK1,PLCD3
GSTP1,UBC,APPBP2,CLCN1
GSTP1,UBC,FASN,SLC34A3
GSTP1,MAP3K5,JAK2,AGTR1
GSTP1,ENO1,TUBA1A
GSTP1,ENO1,FYN,RHOU
GSTP1,MAPK8,SH2D3A,GSDMA
GSTP1,ENO1,AKT1,VHL
GSTP1,ENO1,WWP2,POLR2D,SLC32A1
GSTP1,ENO1,HSP90B1,LDLR,TLR7
GSTP1,PRKN,HSPA2
GSTP1,ENO1,NTRK1,PTPN9,CERCAM
GSTP1,PRDX1,CDH1,ITGA6
GSTP1,ENO1,AKT1,VHL
GSTP1,UBC,XPC
GSTP1,ENO1,FYN,RHOU
GSTP1,MTPN,RELA,COMMD10,SLC35A4,SLC13A4
GSTP1,ENO1,TXNDC12,YTHDC1
GSTP1,ENO1,SRC,EFNA5
GSTP1,ENO1,GSK3B,ACSBG1
GSTP1,RAC1,ECT2,GNAL
GSTP1,RAC1,OCRL
GSTP1,PRKN,DLG4,NLGN2
GSTP1,MAPK8,VRK2,CYP2C18
GSTP1,TPI1,MARCKS
GSTP1,SOX2,YES1,SLC16A14
GSTP1,MAP3K5,DAXX,CHMP3
GSTP1,ENO1,SRC,EFNA5
GSTP1,ZBTB18,TNKS1BP1
GSTP1,UBC,USP8,CHMP1B
GSTP1,UBC,SGTA,CDH15
GSTP1,MAP3K5,YWHAH,RIMS1
GSTP1,UBC,AREL1,PCDHGC4
GSTP1,ACTA2,GNAO1
GSTP1,UBC,UBE2Z,RNF139,GPBP1
GSTP1,MTPN,REL,ACTN3
GSTP1,RAC1,ROBO1
GSTP1,ENO1,AKT1,VHL
GSTP1,SOX2,CTTN,SDC3
GSTP1,LGALS3,SLC7A2
GSTP1,PRDX1,VCP,LRRC15
GSTP1,MAPK8,HRAS,RGS12
GSTP1,ENO1,HTT,SLC25A11
GSTP1,RAC1,NECTIN3,PVR
GSTP1,UBC,PTPN5,CLEC4G
GSTP1,ZBTB18,GNB1,MC2R
GSTP1,ENO1,DHX30,PRR3
GSTP1,ENO1,SRC,EFNA5
GSTP1,MAP3K5,RAF1,ETS2
GSTP1,PRKN,DLG1,CACNG2
GSTP1,ENO1,CEP192,PRRC2A
GSTP1,RAC1,STOM,STOML1
GSTP1,PRDX1,HSPA8,VPS4B
GSTP1,RAC1,ITGB1,ITGA8
GSTP1,MTPN,UBLCP1,GOLPH3
GSTP1,ENO1,DHX30,PRR3
GSTP1,ENO1,SRC,EFNA5,SLC2A5
GSTP1,RAC1,LRBA
GSTP1,ENO1,AKT1,VHL
GSTP1,PRDX1,PRNP
GSTP1,UBC,WWP1
GSTP1,PRDX1,CDH1,ITGA6
GSTP1,UBC,TAB2
GSTP1,UBC,GNB2,RGS6
GSTP1,ENO1,NTRK1,PTPN9,RXFP3
GSTP1,ENO1,BTF3,LILRB4
GSTP1,ENO1,CFTR,CLCA1
GSTP1,UBC,UBE2D2,RNF146
GSTP1,MTPN,HNRNPH1,SCUBE3
GSTP1,MAPK8,STAT3,ICOS,MC5R
GSTP1,RAC1,LGR4
GSTP1,ENO1,HDAC4,WASHC2C
GSTP1,UBC,ARRB2,APLNR
GSTP1,ENO1,SRC,EFNA5
GSTP1,UBC,RHOA,HTR1A
GSTP1,ENO1,BAG3,SNX20
GSTP1,ENO1,AKT1,VHL
GSTP1,ENO1,AKT1,VHL
GSTP1,UBC,SHARPIN,SHANK1
GSTP1,ZBTB18,GNAI1,CNR1
GSTP1,ENO1,AKT1,VHL
GSTP1,ACTA2,MYH9
GSTP1,ENO1,AKT1,VHL,CAPNS2
GSTP1,RAC1,ATP11A
GSTP1,PRKN,DLG4,NLGN2
GSTP1,SOX2,SMARCD1,COL26A1
GSTP1,ACTA2,GNAO1,RIC8A
GSTP1,ENO1,FYN,RHOU
GSTP1,UBC,GRB2,TBC1D3G
GSTP1,ENO1,HSP90B1,LDLR
GSTP1,LGALS3,CLEC7A
GSTP1,RAC1,ADIPOR1
GSTP1,ENO1,AKT1,VHL
GSTP1,ENO1,DHX30,PRR3
GSTP1,RAC1,FMNL1
GSTP1,UBC,EGFR,GABRA2
GSTP1,ENO1,GSK3B,ACSBG1
GSTP1,UBC,RAD23B,RSC1A1
GSTP1,ENO1,FYN,RHOU,WNT6
GSTP1,MTPN,REL,ACTN3
GSTP1,CTSB,CSTA,KISS1R
GSTP1,UBC,ATP5F1A,ABCA2
GSTP1,RAC1,RAB9A,INPP5B
GSTP1,UBC,FZR1,RGS11
GSTP1,ENO1,SRC,EFNA5
GSTP1,UBC,TNFRSF1A
GSTP1,PRKN,CAMK2A,PDE4A
GSTP1,SOX2,SLC2A1
GSTP1,ENO1,KRAS,ACTR10,CNGA3
GSTP1,RAC1,USH1C,CDHR2
GSTP1,ENO1,GSK3B,ACSBG1
GSTP1,UBC,LNX1,SAT1
GSTP1,ENO1,HSPA9,AQP12B,AQP10
GSTP1,ENO1,FYN,RHOU
GSTP1,MAPK8,HRAS,RGS12
GSTP1,PRDX1,CDH1,ITGA6,RPE65
GSTP1,MAP3K5,STK11,MUC7
GSTP1,ZBTB18,SERBP1,RPL36A-HNRNPH2
GSTP1,ENO1,AKT1,VHL
GSTP1,TRIM6,MYH7,LIMS1
GSTP1,PRDX1,COPS6,BFSP2
GSTP1,ENO1,HTT,SLC25A11
GSTP1,ENO1,CFTR,CLCA1
GSTP1,ENO1,SMC3,PLIN4
GSTP1,ENO1,SMC3,PLIN4,IL27RA
GSTP1,ENO1,GSK3B,ACSBG1
GSTP1,UBC,HLTF
GSTP1,MTPN,PTPN11,SLAMF6
GSTP1,PRDX1,MACROH2A1,CGAS
GSTP1,UBC,PPP1CA
GSTP1,UBC,GRB2,TBC1D3G
GSTP1,MTPN,DNAJB5,RBPJL,CACNB4
GSTP1,ENO1,MYC,CECR2,IGDCC4
GSTP1,ZBTB18,GNAI2,RGS13
GSTP1,ENO1,MAP3K7,THBS3,PCDH15
GSTP1,ENO1,AKT1,VHL
GSTP1,ENO1,HSP90B1,LDLR
GSTP1,UBC,ACTA1,CLDN20
GSTP1,ENO1,FYN,RHOU
GSTP1,UBC,FZR1,RGS11
GSTP1,ENO1,AKT1,VHL,SLC44A1
GSTP1,PRDX1,RHOC,SLC30A5
GSTP1,ENO1,GSK3B,ACSBG1
GSTP1,UBC,CDK2,NOBOX,MS4A14
GSTP1,ENO1,AKT1,VHL
GSTP1,UBC,EGFR,GABRA2
GSTP1,FOXC1,FLNA
GSTP1,ENO1,MAPK13,EIF5B,ATP7B
GSTP1,MAPK8,VRK2,CYP2C18
GSTP1,ENO1,FYN,RHOU
GSTP1,RAC1,VAMP3
GSTP1,PRDX1,RHOC,SLC30A5
GSTP1,RAC1,SLC7A5
GSTP1,UBC,GNB2,RGS6
GSTP1,UBC
GSTP1,ENO1,FYN,RHOU
GSTP1,MTPN,RPS28,CCDC124
GSTP1,ENO1,CFTR,CLCA1
GSTP1,MAP3K5,APP,APBA1
GSTP1,ACTA2,CGN,SLC39A3
GSTP1,PRDX1,VCP,LRRC15
GSTP1,COX4I1,COA6
GSTP1,ENO1,AKT1,VHL
GSTP1,MAP3K5,RAF1,ETS2
GSTP1,FOXC1,FLNA,PHLDB2
GSTP1,ENO1,ALDOA,GLO1
GSTP1,MAPK8,ANKRD28,AGPAT2
GSTP1,UBC,LNX1,SAT1
GSTP1,RAC1,ANK3,CHL1,CNTN6
GSTP1,ENO1,TXNDC12,YTHDC1
GSTP1,PRDX1,CUL3
GSTP1,UBC,AGO2,SLC7A9
GSTP1,UBC,EGFR,GABRA2
GSTP1,UBC,ARRB2,APLNR
GSTP1,UBC,EGFR,GABRA2
GSTP1,UBC,UCHL1,CD163
GSTP1,ENO1,MYC,CECR2,ABCC9
GSTP1,ENO1,NEDD4,SCN1A
GSTP1,ENO1,UBQLN2,TRAFD1,ATP1B4
GSTP1,ENO1,AKT1,VHL
GSTP1,ENO1,HTT,SLC25A11
GSTP1,ENO1,SRC,EFNA5
GSTP1,ENO1,ZNF16,EPB42
GSTP1,ENO1,NTRK1,PTPN9,CATSPER1
GSTP1,UBC,BSG,SLC16A13,XKR3
GSTP1,ENO1,SMC3,PLIN4
GSTP1,PRDX1,CDH1,ITGA6
GSTP1,ENO1,GSK3B,ACSBG1
GSTP1,MTPN,REL,ACTN3
GSTP1,MAPK8,STAT3,ICOS
GSTP1,ENO1,GSK3B,ACSBG1
GSTP1,MAPK8,HRAS,RGS12
GSTP1,ENO1,YWHAB,PIK3R4,SELP
GSTP1,ENO1,SRC,EFNA5
GSTP1,PRKN,SEPTIN5
GSTP1,ENO1,AKT1,VHL
GSTP1,ENO1,AKT1,VHL
GSTP1,PRDX1,CDH1,ITGA6
GSTP1,ENO1,SRC,EFNA5
GSTP1,PRDX1,HSPA8,VPS4B
GSTP1,UBC,CHP1,SLC9A3
GSTP1,UBC,GRB2,TBC1D3G
GSTP1,ZBTB18,DNAJB4
GSTP1,ENO1,AKT1,VHL
GSTP1,FOXC1,PPP2R2D,GPC5
GSTP1,ENO1,NEDD4,SCN1A
GSTP1,MTPN,HNRNPH1,SCUBE3
GSTP1,RAC1,PTPRS
GSTP1,ENO1,AKT1,VHL
GSTP1,ENO1,HSP90B1,LDLR
GSTP1,MTPN,PTPN11,SLAMF6
GSTP1,MAPK8,WWOX,CEACAM6
GSTP1,MAP3K5,PRKAA2,PLEKHN1
GSTP1,PRDX1,HSPA8,VPS4B
GSTP1,MTPN,SHC1,CD22
GSTP1,ENO1,AKT1,VHL
GSTP1,ENO1,GSK3B,ACSBG1
GSTP1,ENO1,SRC,EFNA5,PDE6C
GSTP1,ZBTB18,GNB1,MC2R
GSTP1,ENO1,SRC,EFNA5,GLRA3
GSTP1,ENO1,AKT1,VHL
GSTP1,ENO1,HTT,SLC25A11
GSTP1,PRDX1,HSPA8,VPS4B
GSTP1,RAC1,ELMO1
GSTP1,ENO1,GSK3B,ACSBG1
GSTP1,ENO1,FYN,RHOU,RTN4RL2
GSTP1,UBC,FZR1,RGS11
GSTP1,ENO1,SMC3,PLIN4
GSTP1,UBC,APPBP2,CLCN1
GSTP1,ENO1,ENDOD1,SLC34A2,SLC38A6
GSTP1,ENO1,DHX30,PRR3
GSTP1,UBC,SKP1,BOC
GSTP1,SOX2,RAE1,KLRK1,HCST
GSTP1,ANXA5,SNRPB2,SNUPN
GSTP1,SOX2,TUBB8,CACNG8
GSTP1,ENO1,HSP90B1,LDLR
GSTP1,ENO1,CFTR,CLCA1
GSTP1,ENO1,SRC,EFNA5
GSTP1,UBC,SDCBP
GSTP1,MAP3K5,ERN1,PCDHGB5
GSTP1,ENO1,SMC3,PLIN4
GSTP1,MAPK8,OSBP2
GSTP1,RAC1,ABCB10,SLC22A2
GSTP1,PRDX1,RHOC,SLC30A5
GSTP1,ENO1,NTRK1,PTPN9,GFRA2
GSTP1,ENO1,AKT1,VHL
GSTP1,ENO1,GSK3B,ACSBG1
GSTP1,ENO1,HDAC4,WASHC2C
GSTP1,RAC1,PLXNB2,SEMA4A
GSTP1,ENO1,MYC,CECR2,ADM,RAMP2
GSTP1,ENO1,SRC,EFNA5
GSTP1,ENO1,MYC,CECR2,BORCS5
GSTP1,RAC1,KIRREL1,CCKBR
GSTP1,MAP3K5,APP,APBA1
GSTP1,PRKN,DLG1,CACNG2
GSTP1,ENO1,PLEKHA4,MTERF4,PIEZO1
GSTP1,UBC,MALT1,CARD14
GSTP1,ENO1,HSP90B1,LDLR
GSTP1,ENO1,HTT,SLC25A11
GSTP1,MAP3K5,ERN1,PCDHGB5
GSTP1,UBC,NFKBIA
GSTP1,PRDX1,VCP,LRRC15
GSTP1,ENO1,AKT1,VHL
GSTP1,PRDX1,VCP,LRRC15
GSTP1,ENO1,AKT1,VHL
GSTP1,UBC,RHOA,HTR1A
GSTP1,MTPN,REL,ACTN3
GSTP1,ENO1,MYC,CECR2,PXDNL
GSTP1,PRDX1,VCP,LRRC15
GSTP1,UBC,EGFR,GABRA2
GSTP1,ENO1,CEP192,PRRC2A
GSTP1,ACTA2,RHOF,ASIC1
GSTP1,ENO1,AKT1,VHL
GSTP1,MTPN,ATP6V1A,ATP6V1D
GSTP1,UBC,GRB2,TBC1D3G
GSTP1,ENO1,SRC,EFNA5
GSTP1,MAP3K5,TRAF4,ZC3H12C,TNFSF4
GSTP1,UBC,SUMO1,HIPK3
GSTP1,MTPN,ATP6V1A,ATP6V1D
GSTP1,ENO1,AKT1,VHL,PTGER1
GSTP1,PRKN,RANBP2,OPN1LW
GSTP1,MAP3K5,JAK2,AGTR1
GSTP1,RAC1,RAP1B
GSTP1,PRDX1,VCP,LRRC15
GSTP1,ENO1,CEP192,PRRC2A
GSTP1,ACTA2,FSCN1,PLXNB3
GSTP1,ENO1,AKT1,VHL
GSTP1,ENO1,AKT1,VHL
GSTP1,UBC,RHOA,HTR1A
GSTP1,RAC1,PTPRF,PCDHAC1
GSTP1,ENO1,DES,MTM1
GSTP1,UBC,AXIN1
GSTP1,PRKN,DLG1,CACNG2
GSTP1,ZBTB18,GNB1,MC2R,ADCYAP1,ADCYAP1R1
GSTP1,PRDX1,PRDX4,A1BG
GSTP1,PRDX1,IRF3,STING1
GSTP1,LGALS3,IL13RA2,TMEM219
GSTP1,FOXC1,GATA3,ZNF703,CD8B
GSTP1,ENO1,BAG3,SNX20
GSTP1,ENO1,SRC,EFNA5,C5AR2
GSTP1,UBC,SMURF1
GSTP1,SOX2,YES1
GSTP1,ENO1,HLA-DRB1,PRF1
GSTP1,LGALS3,IL31RA
GSTP1,ENO1,SRC,EFNA5
GSTP1,ENO1,QRICH1
GSTP1,UBC,CDKN2A,VAMP1
GSTP1,PRDX1,CAT,SCP2,APCDD1
GSTP1,MAPK8,HRAS,RGS12
GSTP1,PRKN,DLG4,NLGN2
GSTP1,UBC,ARRB2,APLNR
GSTP1,RAC1,EPHB4,PCDHGA6
GSTP1,UBC,SMC1A,GRM3
GSTP1,COX4I1,ATP5PO
GSTP1,PRDX1,RHOC
GSTP1,ENO1,FYN,RHOU
GSTP1,ENO1,MAP3K7,THBS3,P2RY1
GSTP1,PRDX1,VCAM1
GSTP1,RAC1,RAP1B,PLPPR1
GSTP1,RAC1,NF1
GSTP1,RAC1,PPP1CC,PDE6B
GSTP1,RAC1,ABCC5
GSTP1,SOX2,CTTN
GSTP1,RAC1,ABCB10,SLC22A2
GSTP1,ZBTB18,CD109
GSTP1,ENO1,AKT1,VHL
GSTP1,ENO1,PPIA,BACE1
GSTP1,RAC1,CALM3,IQCG,SYT9
GSTP1,ENO1,FYN,RHOU
GSTP1,COX5A,SLC25A13
GSTP1,UBC,STX3,SYTL4
GSTP1,LGALS3,ECE1
GSTP1,RAC1,DSG4
GSTP1,UBC,MAVS,TLR1
GSTP1,UBC,RHOT2,CNR2
GSTP1,ACTA2,RHOF,ASIC1
GSTP1,ENO1,HSP90B1,LDLR
GSTP1,ENO1,AKT1,VHL
GSTP1,RAC1,RALBP1
GSTP1,UBC,EGFR,GABRA2
GSTP1,RAC1,NF2,IQCJ-SCHIP1
GSTP1,ENO1,NTRK1,PTPN9,CATSPER1,CACNA1I,CATSPER2
GSTP1,ENO1,ENDOD1,SLC34A2
GSTP1,ENO1,AKT1,VHL
GSTP1,ENO1,FYN,RHOU
GSTP1,UBC,LNX1,SAT1
GSTP1,ENO1,GSK3B,ACSBG1
GSTP1,ENO1,EFTUD2,MRRF,CLCA2
GSTP1,ENO1,AKT1,VHL
GSTP1,ENO1,AKT1,VHL
GSTP1,ACTA2,SPTAN1,ATP8B3
GSTP1,UBC,RHOA,HTR1A
GSTP1,PRDX1,TNF,TMPRSS2
GSTP1,RAC1,MAP2K1
GSTP1,ENO1,AKT1,VHL
GSTP1,FOXC1,FLNA,PHLDB2
GSTP1,PRDX1,VCP,LRRC15
GSTP1,ENO1,SRC,EFNA5
GSTP1,PRDX1,ALDH3A1
GSTP1,ENO1,FYN,RHOU
GSTP1,ENO1,FYN,RHOU
GSTP1,UBC,MYO6
GSTP1,ENO1,BAG3,SNX20
GSTP1,UBC,FBXO7,FGF10
GSTP1,ENO1,DHX30,PRR3
GSTP1,UBC,PSEN1,APH1A
GSTP1,ENO1,YAP1,RNF187,OR3A1
GSTP1,MAPK8,PXN,PARVB
GSTP1,PRDX1,VCP,LRRC15
GSTP1,ENO1,FYN,RHOU
GSTP1,ENO1,AKT1,VHL
GSTP1,ENO1,BCAP31,MOSPD2
GSTP1,ENO1,MAP3K7,THBS3,ABHD17B
GSTP1,MTPN,RPS28,CCDC124
GSTP1,RAC1,ATP13A1,SLC10A6
GSTP1,PRKN,PICK1,ASIC2
GSTP1,UBC,AP2B1,AP1S3,ATRN
GSTP1,ENO1,AKT1,VHL
GSTP1,UBC,UBE2D3
GSTP1,ENO1,HTT,SLC25A11
GSTP1,RAC1,CTNND1
GSTP1,MTPN,DSTYK,CD226
GSTP1,UBC,WWP1,PI4K2A
GSTP1,ENO1,DHX15,AGGF1,PCDHGA10
GSTP1,ENO1,DHX30,PRR3
GSTP1,UBC,AP2M1
GSTP1,ZBTB18,GNAI1,CNR1
GSTP1,ENO1,FYN,RHOU
GSTP1,UBC,ARRB2,APLNR
GSTP1,RAC1,ITGB1,ITGA8
GSTP1,ZBTB18,EEPD1
GSTP1,UBC,SGTA,CDH15
GSTP1,UBC,EEF1A2,SLC13A5
GSTP1,UBC,EGFR,GABRA2
GSTP1,UBC,EPN2
GSTP1,ENO1,CEP192,PRRC2A
GSTP1,ENO1,KRAS,ACTR10,SLC17A2
GSTP1,ENO1,AKT1,VHL
GSTP1,ENO1,HNRNPM,DNAJC25,CPNE1
GSTP1,UBC,OSBPL8,IFNLR1
GSTP1,UBC,EGFR,GABRA2
GSTP1,ENO1,CEP192,PRRC2A
GSTP1,MTPN,PTPN11,SLAMF6
GSTP1,ENO1,AKT1,VHL
GSTP1,RAC1,CXCR4,AVPR1A
GSTP1,PRKN,DDX3X
GSTP1,MTPN,REL,ACTN3
GSTP1,UBC,GRB2,TBC1D3G
GSTP1,PRDX1,CDH1,ITGA6
GSTP1,SOX2,HDAC3
GSTP1,UBC,FBXO7,FGF10
GSTP1,MAP3K5,APP,APBA1
GSTP1,PRKN,DLG1,CACNG2
GSTP1,ENO1,CFTR,CLCA1
GSTP1,PRDX1,PRNP,PLK3,CNTN5
GSTP1,UBC,ABRAXAS2,IFNAR1
GSTP1,UBC,AP2A1
GSTP1,MAPK8,HRAS,RGS12
GSTP1,RAC1,STX4
GSTP1,PRKN,PICK1,ASIC2
GSTP1,ZBTB18,SNAP23,STX19
GSTP1,ENO1,BCAP31,MOSPD2
GSTP1,RAC1,GMIP
GSTP1,ENO1,FYN,RHOU
GSTP1,PRDX1,COPS6,BFSP2
GSTP1,ENO1,AKT1,VHL
GSTP1,ENO1,OBSL1,NIFK,SLC26A11
GSTP1,RAC1,STOM,STOML1
GSTP1,ENO1,SRC,EFNA5
GSTP1,CTSB,CST3
GSTP1,UBC,CHP1,SLC9A3
GSTP1,RAC1,HDAC7,UBL3
GSTP1,MAPK8,HRAS,RGS12
GSTP1,MAPK8,APBB1
GSTP1,ENO1,GSK3B,ACSBG1
GSTP1,MTPN,ATP6V1A,ATP6V1D
GSTP1,UBC,EGFR,GABRA2
GSTP1,UBC,UCHL1,CD163
GSTP1,DUX4,C1QBP
GSTP1,MTPN,REL,ACTN3
GSTP1,ENO1,NEDD4,SCN1A
GSTP1,ENO1,AKT1,VHL,GNAT2
GSTP1,ACY1,RAB4A,SLC9A7
GSTP1,ENO1,SRC,EFNA5
GSTP1,RAC1,PTPRF,PCDHAC1,SLC39A11
GSTP1,MAP3K5,APP,APBA1
GSTP1,MAP3K5,PRKAA2,PLEKHN1
GSTP1,ENO1,MAP3K7,THBS3,NPC1
GSTP1,UBC,SKP1,BOC
GSTP1,MAPK8,NR3C1,CLPTM1L,SYNGR1
GSTP1,RAC1,TIAM1
GSTP1,MAP3K5,STK11,MUC7
GSTP1,RAC1,SLC7A1
GSTP1,RAC1,ARHGAP5
GSTP1,MAP3K5,APP,APBA1
GSTP1,MTPN,ATP6V1A,ATP6V1D
GSTP1,ENO1,SRC,EFNA5
GSTP1,ENO1,AKT1,VHL
GSTP1,MTPN,ATP6V1A,ATP6V1D
GSTP1,ENO1,FYN,RHOU
GSTP1,UBC,ARRB2,APLNR
GSTP1,MTPN,PTPN11,SLAMF6
GSTP1,ENO1,HTT,SLC25A11
GSTP1,MAPK8,HRAS,RGS12,SLC6A20
GSTP1,RAC1,VANGL1
GSTP1,UBC,LNX1,SAT1,SLC43A2
GSTP1,LGALS3,SCARA3,SLC39A1
GSTP1,RAC1,ROR2
GSTP1,PRKN,HSPA2,DXO
GSTP1,UBC,FZR1,RGS11
GSTP1,ZBTB18,GNB1,MC2R
GSTP1,UBC,GNB2,RGS6
GSTP1,SOX2,JAG1
GSTP1,PRDX1,HSPA8,VPS4B
GSTP1,ENO1,AKT1,VHL
GSTP1,ZBTB18,GNAI2,RGS13
GSTP1,COX4I1,JAK3,IL7R
GSTP1,ACTA2,SPTAN1,ATP8B3
GSTP1,ENO1,AKT1,VHL
GSTP1,SOX2,ZMYM2,C8A
GSTP1,ENO1,NEDD4,SCN1A
GSTP1,MAP3K5,MAP2K7,MAP3K12,SLC19A2
GSTP1,MTPN,HNRNPH1,SCUBE3
GSTP1,ZBTB18,SNAP23
GSTP1,UBC,APPBP2,CLCN1
GSTP1,ACY1,RAB4A,SLC9A7
GSTP1,UBC,RHOT2,CNR2
GSTP1,ENO1,HSP90B1,LDLR
GSTP1,ENO1,OBSL1,NIFK,MARCO
GSTP1,ENO1,KANK1,PLCD3
GSTP1,UBC,FGFR1,FLRT1
GSTP1,ZBTB18,GNAI1,CNR1
GSTP1,UBC,AMFR,OR4N2
GSTP1,MAP3K5,SFN,CYP26C1,MDGA1
GSTP1,PRDX1,CDH1,ITGA6,CDH24
GSTP1,ENO1,BTF3,LILRB4
GSTP1,ENO1,MYC,CECR2,ADAM32
GSTP1,PRDX1,MACROH2A1,CGAS
GSTP1,MTPN,RPS28,CCDC124
GSTP1,ENO1,FYN,RHOU
GSTP1,UBC,SGTA,CDH15
GSTP1,ENO1,HDAC4,WASHC2C
GSTP1,UBC,RNF216,TIRAP,TNFSF9
GSTP1,ENO1,HTT,SLC25A11
GSTP1,SOX2,PAK2
GSTP1,ENO1,FYN,RHOU
GSTP1,ENO1,FYN,RHOU
GSTP1,UBC,FBXO7,FGF10
GSTP1,UBC,EEF1A2,SLC13A5
GSTP1,ENO1,FYN,RHOU
GSTP1,MAPK8,NR3C1,CLPTM1L,CNGB1
GSTP1,PRDX1,VCP,LRRC15
GSTP1,PRKN,SH3GL3,ADRB3
GSTP1,UBC,RHOA,HTR1A
GSTP1,RAC1,TMX1,TMEM179B
GSTP1,RAC1,OLR1
GSTP1,ENO1,FYN,RHOU
GSTP1,UBC,GRB2,TBC1D3G
GSTP1,TAGLN,FKBP1A,TRPC3
GSTP1,UBC,CAV1,ADCY5
GSTP1,ENO1,DHX30,PRR3
GSTP1,GABPB1,IL16
GSTP1,ENO1,FYN,RHOU,CD1D
GSTP1,ENO1,GSK3B,ACSBG1
GSTP1,UBC,TAX1BP1,PLPP4
GSTP1,ZBTB18,GNAI1,CNR1
GSTP1,ENO1,AKT1,VHL
GSTP1,ENO1,SUMO3,USPL1,VLDLR
GSTP1,UBC,RHOA,HTR1A
GSTP1,ENO1,SRC,EFNA5
GSTP1,ENO1,GSK3B,ACSBG1
GSTP1,ENO1,SRC,EFNA5
GSTP1,UBC,EGFR,GABRA2
GSTP1,ENO1,GSK3B,ACSBG1
GSTP1,COX4I1,JAK3
GSTP1,ENO1,TXNDC12,YTHDC1
GSTP1,ENO1,AKT1,VHL
GSTP1,UBC,RNF5,ERLIN2
GSTP1,UBC,EEF1A2,SLC13A5
GSTP1,UBC,TRIM32,PDE9A
GSTP1,ENO1,FYN,RHOU
GSTP1,ENO1,BCL6,PRDM1,PTCH2
GSTP1,ENO1,GSK3B,ACSBG1
GSTP1,DUX4,CAPN2
GSTP1,RAC1,USH1C
GSTP1,UBC,PSEN1,APH1A
GSTP1,ENO1,FYN,RHOU
GSTP1,RAC1,SLC30A1
GSTP1,PRKN,SNCA,MT2A,GPM6B
GSTP1,ENO1,AKT1,VHL
GSTP1,RAC1,LGR4,SLC27A1
GSTP1,MAPK8,HRAS
GSTP1,RAC1,ECT2,GNAL
GSTP1,ENO1,BAG3,SNX20
GSTP1,ENO1,AKT1,VHL
GSTP1,MTPN,HNRNPH1,SCUBE3,CHRNG
GSTP1,ENO1,GSK3B,ACSBG1
GSTP1,ENO1,GSK3B,ACSBG1
GSTP1,ENO1,HTT,SLC25A11
GSTP1,ENO1,FYN,RHOU,GRID2
GSTP1,ENO1,FYN,RHOU,MUC17
GSTP1,RAC1,GNB4,FZD10
GSTP1,LGALS3,ABCC2
GSTP1,SOX2,S100A16
GSTP1,ENO1,BAG3,SNX20
GSTP1,ENO1,BAG3,SNX20
GSTP1,RAC1,VAMP2,SYPL1
GSTP1,LGALS3,ABCC4,SLC30A2
GSTP1,PRDX1,CDH1,ITGA6
GSTP1,UBC,EEF1A2,SLC13A5
GSTP1,RAC1,PKP2
GSTP1,ENO1,SRC,EFNA5
GSTP1,UBC,GRB2,TBC1D3G
GSTP1,RAC1,EPHA5
GSTP1,PRDX1,HSPA8,VPS4B
GSTP1,UBC,RHOA,HTR1A
GSTP1,PRDX1,HSPA8,VPS4B
GSTP1,FANCC,POR,CYP1A2,ABCA5
GSTP1,MAPK8,WWOX,CEACAM6
GSTP1,TAGLN,JAK1,IL20RB
GSTP1,ENO1,AKT1,VHL
GSTP1,MTPN,PTPN11,SLAMF6
GSTP1,PRDX1,TNF,TMPRSS2
GSTP1,RAC1,FMN2
GSTP1,UBC,FZR1,RGS11
GSTP1,PRKN,DLG1,CACNG2
GSTP1,ENO1,FYN,RHOU
GSTP1,ENO1,AKT1,VHL
GSTP1,ENO1,AKT1,VHL
GSTP1,COX4I1,JAK3,IL7R,TSLP,CRLF2
GSTP1,PRDX1,VCP,LRRC15
GSTP1,ENO1,DHX30,PRR3
GSTP1,ENO1,EEF2
GSTP1,ENO1,HSP90B1,LDLR,KCNK16
GSTP1,ENO1,CD4
GSTP1,RAC1,COBL
GSTP1,COX4I1,RALB
GSTP1,TAGLN,JAK1,IL20RB
GSTP1,ENO1,AKT1,VHL
GSTP1,RAC1,SCFD1
GSTP1,ENO1,HTT,SLC25A11
GSTP1,PRDX1,VCP,LRRC15
GSTP1,CTSB,ANXA7,SMPD1
GSTP1,ENO1,COPS5,SENP6,TVP23B,YIPF1
GSTP1,PRDX1,TNF,TMPRSS2,CSPG5
GSTP1,ENO1,AKT1,VHL
GSTP1,RAC1,FLNB
GSTP1,UBC,CYLD
GSTP1,ENO1,BAG3,SNX20
GSTP1,ENO1,HSP90B1,LDLR
GSTP1,ACTA2,RHOF
GSTP1,TKT,ENO2
GSTP1,PRKN,PICK1,ASIC2,JAM2
GSTP1,UBC,EGFR,GABRA2
GSTP1,UBC,EGFR,GABRA2
GSTP1,ENO1,FYN,RHOU
GSTP1,ENO1,BCAP31,MOSPD2
GSTP1,UBC,SKP1,BOC
GSTP1,ENO1,PPIA,BACE1
GSTP1,PRDX1,CDH1,ITGA6
GSTP1,PRDX1,HSPA8,VPS4B
GSTP1,ENO1,AKT1,VHL
GSTP1,ENO1,HTT,SLC25A11
GSTP1,PRDX2,UBB,SLC14A1
GSTP1,ENO1,FYN,RHOU
GSTP1,MAPK8,HRAS,RGS12,SLC6A19
GSTP1,ENO1,SRC
GSTP1,ENO1,NPM1,MRPL39,PRTG
GSTP1,CTSB,ACTN1,PLEK
GSTP1,ENO1,CEP192,PRRC2A
GSTP1,PRDX1,VCP,LRRC15
GSTP1,ENO1,AKT1,VHL
GSTP1,RAC1,ARF5
GSTP1,ENO1,AKT1,VHL
GSTP1,RAC1,USH1C,CDHR2,LHFPL5
GSTP1,ENO1,SRC,EFNA5
GSTP1,ENO1,BCAP31,MOSPD2
GSTP1,PRDX1,HSPA8,VPS4B
GSTP1,ENO1,GSK3B,ACSBG1
GSTP1,MAPK8,WWOX,CEACAM6
GSTP1,GABPB1,E2F1,RASGEF1B
GSTP1,PRDX1,CDH1,ITGA6
GSTP1,ZBTB18,GNAI1,CNR1
GSTP1,RAC1,SYK,SIRPB1
GSTP1,ENO1,GSK3B,ACSBG1
GSTP1,UBC,FGFR1,FLRT1
GSTP1,ENO1,GSK3B,ACSBG1,BTN1A1
GSTP1,PRKN,DLG4,NLGN2
GSTP1,UBC,EEF1A2,SLC13A5
GSTP1,MTPN,PIP4K2A
GSTP1,PRDX1,TNF,TMPRSS2
GSTP1,RAC1,DMPK
GSTP1,ENO1,TXNDC12,YTHDC1
GSTP1,PRDX1,IRF3,STING1
GSTP1,ZBTB18,GNAI1
GSTP1,MAP3K5,STK11,MUC7
GSTP1,MAP3K5,APP,APBA1
GSTP1,UBC,SHARPIN,SHANK1
GSTP1,ENO1,AKT1,VHL,CDH17
GSTP1,ENO1,HLA-DRB1,PRF1
GSTP1,MAP3K5,STK11,MUC7
GSTP1,ENO1,GSK3B,ACSBG1,HLA-DOA
GSTP1,UBC,NEDD4L,SLC22A11
GSTP1,ENO1,HLA-DRB1,PRF1
GSTP1,ENO1,FYN,RHOU
GSTP1,RAC1,IQGAP1
GSTP1,ENO1,FYN,RHOU
GSTP1,RAC1,ATP13A1,SLC10A6
GSTP1,ENO1,SRC,EFNA5
GSTP1,ENO1,FBXO25,TBX5,CLEC5A
GSTP1,ENO1,YWHAB,PIK3R4,SLC46A1
GSTP1,ZBTB18,GNAI1,CNR1
GSTP1,PRKN,HSPA6,LRRC8E
GSTP1,ENO1,FYN,RHOU
GSTP1,RAC1,CXCR4,AVPR1A
GSTP1,SOX2,RAE1,KLRK1,RAET1L
GSTP1,CTSB,ACTN1,PLEK
GSTP1,UBC,CHP1,SLC9A3
GSTP1,ENO1,AKT1,VHL
GSTP1,RAC1,PLEKHG4
GSTP1,UBC,SLC38A5
GSTP1,ENO1,AKT1,VHL
GSTP1,ENO1,SRC,EFNA5
GSTP1,PRKN,DIRAS2
GSTP1,ENO1,SMC3,PLIN4
GSTP1,ENO1,AKT1,VHL
GSTP1,ENO1,GSK3B,ACSBG1
GSTP1,RAC1,ARHGEF25
GSTP1,ENO1,LRRK2,ZC3H15,CNNM1
GSTP1,UBC,SKP1,BOC
GSTP1,FOXC1,PPP2R2D,GPC5
GSTP1,RAC1,BAIAP2,EPS8L1
GSTP1,MAPK8,STAT3,ICOS,MC3R
GSTP1,TKT,PIR,ADK
GSTP1,UBC,ARRB2,APLNR
GSTP1,CTSB,S100A10
GSTP1,ENO1,CFTR,CLCA1
GSTP1,RAC1,MFF,RHBDL1
GSTP1,PRKN,CSK
GSTP1,ENO1,SRC,EFNA5
GSTP1,MAP3K5,RAF1,ETS2
GSTP1,GABPB1,KIF5B,DTNB
GSTP1,ENO1,HTT,SLC25A11,JPH2
GSTP1,PRKN,PICK1,ASIC2
GSTP1,ENO1,MAPK13,EIF5B,ACHE
GSTP1,RAC1,NUMB
GSTP1,ENO1,MYC,CECR2,CC2D1A
GSTP1,UBC,PSEN1,APH1A
GSTP1,ACTA2,GNAO1,RIC8A
GSTP1,ENO1,HSP90B1,LDLR
GSTP1,FOXC1,WDR1
GSTP1,ENO1,DHX30,PRR3
GSTP1,RAC1,SYK,SIRPB1
GSTP1,ENO1,ALDOA,GLO1
GSTP1,ENO1,SRC,EFNA5
GSTP1,RAC1,ARHGEF40
GSTP1,ZBTB18,GNAI1,CNR1
GSTP1,ACTA2,MYO1C
GSTP1,ENO1,CFTR,CLCA1
GSTP1,UBC,CAV1,ADCY5
GSTP1,ENO1,UBQLN2,TRAFD1,SMPDL3B
GSTP1,ENO1,GSK3B,ACSBG1
GSTP1,UBC,GRB2,TBC1D3G
GSTP1,UBC,EGFR,GABRA2
GSTP1,TKT,FABP5
GSTP1,LGALS3,CD58
GSTP1,UBC,AGO2,SLC7A9
GSTP1,ENO1,SMC3,PLIN4
GSTP1,ACTA2,RND3,SEMA4F
GSTP1,ENO1,AKT1,VHL,CHRNA5
GSTP1,FOXD4,PPP4C
GSTP1,ENO1,MAPT
GSTP1,ENO1,FYN,RHOU
GSTP1,ENO1,FYN
GSTP1,MTPN,REL,ACTN3
GSTP1,UBC,ZAP70,CD3G
GSTP1,ZBTB18,GNB1,MC2R
GSTP1,ENO1,SMC3,PLIN4
GSTP1,PRDX1,RAC2
GSTP1,MAPK8,VRK2,CYP2C18
GSTP1,ENO1,HSP90B1,LDLR,TREML2
GSTP1,ENO1,FYN,RHOU,TSPAN7
GSTP1,ENO1,AKT1,VHL
GSTP1,ENO1,AKT1,VHL,MYD88
GSTP1,ENO1,SRC,EFNA5
GSTP1,SPR,AHCYL1,SLC4A4
GSTP1,PRKN,AFDN
GSTP1,UBC,GRB2,TBC1D3G
GSTP1,ENO1,KRAS,ACTR10,RAB19
GSTP1,ANXA5,PLS3
GSTP1,MAP3K5,TRAF7
GSTP1,MTPN,RPS28,CCDC124
GSTP1,RAC1,CXCR4,AVPR1A
GSTP1,PRDX1,VCP,LRRC15
GSTP1,ENO1,FYN,RHOU,PCDHGA4
GSTP1,ENO1,HDAC4,WASHC2C
GSTP1,ENO1,GPI,PARP14,LRRC8B
GSTP1,MTPN,DSTYK,CD226
GSTP1,ENO1,CEP192,PRRC2A
GSTP1,ENO1,DHX30,PRR3
GSTP1,MAPK8,STAT3,ICOS
GSTP1,UBC,GNB2,RGS6
GSTP1,UBC,BSG,SLC16A13
GSTP1,UBC,RHOA,HTR1A
GSTP1,ZBTB18,GNAI1,CNR1
GSTP1,MTPN,RPS28,CCDC124
GSTP1,ENO1,FYN,RHOU
GSTP1,ZBTB18,GNB1,MC2R
GSTP1,SOX2,EHD4
GSTP1,UBC,ATP1A1
GSTP1,ENO1,FYN,RHOU
GSTP1,PRDX1,UBE3A,ATP1A4
GSTP1,MTPN,ATP6V1A,ATP6V1D
GSTP1,UBC,KDR,ANOS1
GSTP1,ENO1,AKT1,VHL,AGTR2
GSTP1,MTPN,PIP4K2C
GSTP1,PRDX1,UBL4A,ERP27,CYP2C8
GSTP1,ENO1,YWHAZ,ANKRD18A,EFR3B
GSTP1,ENO1,KRAS,ACTR10,SLC2A9
GSTP1,PRDX1,VCP,LRRC15
GSTP1,ENO1,BAG3,SNX20
GSTP1,UBC,HGS,EGFL7,ADAM21
GSTP1,UBC,UBE2N,ZNRF3
GSTP1,UBC,MDM2
GSTP1,RAC1,FNBP1L
GSTP1,MTPN,RPS28,CCDC124
GSTP1,ENO1,BTF3
GSTP1,ENO1,GSK3B,ACSBG1
GSTP1,ZBTB18,RRAS2,RGL3
GSTP1,ENO1,CEP192,PRRC2A
GSTP1,ENO1,NTRK1,PTPN9,LILRB3
GSTP1,ENO1,NTRK1,PTPN9,FXYD6
GSTP1,ACTA2,CAP2
GSTP1,ENO1,HSPA9,AQP12B,NEU1
GSTP1,ENO1,GSK3B,ACSBG1
GSTP1,ENO1,AKT1,VHL
GSTP1,UBC,CASP8,NLRC4
GSTP1,MTPN,HNRNPH1,SCUBE3
GSTP1,RAC1,SLC25A4
GSTP1,RAC1,PTPN1,C1orf210
GSTP1,SOX2,MTA2,FSHR
GSTP1,ENO1,GSK3B,ACSBG1
GSTP1,UBC,RHOA,HTR1A
GSTP1,ACTA2,MYH11,C4BPA
GSTP1,ENO1,PPIB,PRH1,UGT8
GSTP1,ENO1,FYN,RHOU
GSTP1,RAC1,STX6,ABCA6,ABCA8
GSTP1,ENO1,SRC,EFNA5
GSTP1,ENO1,KRT17,PRSS56,MUC2
GSTP1,ACO2,RHOQ
GSTP1,MAP3K5,TRAF6
GSTP1,RAC1,PTPRF,PCDHAC1
GSTP1,RAC1,TMTC3,TRHDE
GSTP1,UBC,BSG
GSTP1,ENO1,FYN,RHOU,DRP2
GSTP1,UBC,ATP5F1A,ABCA2
GSTP1,UBC,GRB2,TBC1D3G
GSTP1,ANXA5,SNRPB2,SNUPN
GSTP1,UBC,ARRB2,APLNR
GSTP1,ENO1,BAG3,SNX20
GSTP1,ENO1,HTT,SLC25A11
GSTP1,ENO1,BAG3,SNX20
GSTP1,UBC,XIAP,CASP4
GSTP1,RAC1,DOCK1,ARL4A
GSTP1,SOX2,ITIH4
GSTP1,PRDX1,TNF,TMPRSS2
GSTP1,PRDX1,VCP,LRRC15
GSTP1,PRDX1,VCP,LRRC15
GSTP1,MAP3K5,JAK2,AGTR1
GSTP1,ENO1,CFTR,CLCA1
GSTP1,UBC,UBE2D2,RNF146
GSTP1,SOX2,CHD9,FGG
GSTP1,MAPK8,HRAS,RGS12
GSTP1,GSTT2B,SIRT2
GSTP1,ENO1,HSPA9,AQP12B,GCA
GSTP1,ENO1,GSK3B,ACSBG1
GSTP1,MAPK8,MSN,SELPLG
GSTP1,MAP3K5,APP,APBA1
GSTP1,PRDX1,IRF3,STING1
GSTP1,CTSB,ACTN1
GSTP1,UBC,EGFR,GABRA2
GSTP1,ENO1,NEDD4,SCN1A
GSTP1,PRDX1,HSPA8,VPS4B
GSTP1,PRDX1,IRF3,STING1
GSTP1,ENO1,BCAP31,MOSPD2
GSTP1,ENO1,AKT1,VHL
GSTP1,PRDX1,CDH1,ITGA6
GSTP1,RAC1,GEM
GSTP1,UBC,GRB2,TBC1D3G
GSTP1,UBC,SKP1,BOC
GSTP1,ENO1,IPO4,HAT1,CDAN1
GSTP1,ENO1,BAG3,SNX20
GSTP1,ENO1,DHX30,PRR3
GSTP1,MTPN,HNRNPH1,SCUBE3
GSTP1,UBC,ARRB2,APLNR
GSTP1,UBC,EEF1A2,SLC13A5
GSTP1,UBC,EGFR,GABRA2
GSTP1,UBC,PODXL,SELL
GSTP1,UBC,AMFR,OR4N2
GSTP1,ENO1,HLA-DRB1,PRF1
GSTP1,ENO1,CFTR,CLCA1
GSTP1,ENO1,AKT1,VHL
GSTP1,UBC,FBXO7,FGF10
GSTP1,ENO1,ZP2
GSTP1,UBC,FASN,SLC34A3
GSTP1,UBC,STAMBP
GSTP1,PRDX1,HSPA8,VPS4B
GSTP1,ENO1,AKT1,VHL
GSTP1,ENO1,PSMA3,EIF1B,CD1E
GSTP1,RAC1,STXBP3
GSTP1,RAC1,RAB9A
GSTP1,PRDX1,HSPA8,VPS4B
GSTP1,UBC,RHOA,HTR1A
GSTP1,RAC1,NIBAN2
GSTP1,ENO1,PPIA,BACE1
GSTP1,PRDX2,UBB,SLC14A1
GSTP1,ENO1,CEP192,PRRC2A
GSTP1,UBC,CDKN2A,VAMP1
GSTP1,ENO1,SRC,EFNA5
GSTP1,RAC1,TGFBR1,TGFB3
GSTP1,ENO1,ZNF16,EPB42
GSTP1,UBC,SUMO1,HIPK3
GSTP1,UBC,EGFR,GABRA2
GSTP1,UBC,SUMO1,HIPK3
GSTP1,ENO1,SRC,EFNA5
GSTP1,ENO1,AKT1,VHL
GSTP1,ENO1,AKT1,VHL
GSTP1,FOXC1,MECP2,GAMT,CRHR2
GSTP1,UBC,FLOT1
GSTP1,SOX2,ABCC3
GSTP1,ENO1,AKT1,VHL
GSTP1,MAP3K5,STK11,MUC7
GSTP1,SOX2,TUBB2A,IL12RB1
GSTP1,ZBTB18,GNB1,MC2R
GSTP1,ENO1,ENDOD1,SLC34A2,TSPO2
GSTP1,ZNF518A,BRD2,SPAM1
GSTP1,ENO1,SRC,EFNA5
GSTP1,ENO1,ENDOD1,SLC34A2
GSTP1,RAC1,LLGL1
GSTP1,ENO1,GSK3B,ACSBG1
GSTP1,ENO1,SRC,EFNA5
GSTP1,ENO1,BTF3,LILRB4
GSTP1,ENO1,CEP192,PRRC2A
GSTP1,ENO1,CEP192,PRRC2A
GSTP1,ENO1,QRICH1,FOXJ2,AMACR
GSTP1,MTPN,MPP2
GSTP1,MAP3K5,STK11,MUC7
GSTP1,MTPN,RPS28,CCDC124
GSTP1,PRDX1,HSPA8,VPS4B
GSTP1,RAC1,DAAM1
GSTP1,ENO1,AKT1,VHL
GSTP1,RAC1,PREX2
GSTP1,UBC,CDKN2A,VAMP1
GSTP1,ENO1,FYN,RHOU
GSTP1,ENO1,FYN,RHOU
GSTP1,ENO1,KRAS,ACTR10,PLA2G4C
GSTP1,ENO1,NTRK1,PTPN9,SLC8A1
GSTP1,UBC,APPBP2,CLCN1
GSTP1,PRDX1,CDH1,ITGA6
GSTP1,RAC1,ABI1,EPS8L3
GSTP1,UBC,HSPA5,LOC102723407,SLC3A1
GSTP1,UBC,ARRB2,APLNR,LRP12,NMRK2
GSTP1,MTPN,PTPN11,SLAMF6,FPGT,NLN
GSTP1,ENO1,UBQLN2,TRAFD1,SLC15A4
GSTP1,SOX2,LSM3,LSM10,NAA35
GSTP1,PRDX1,HSPA8,VPS4B
GSTP1,RAC1,FNBP1
GSTP1,PRDX1,HSPA8,VPS4B
GSTP1,RAC1,OCLN
GSTP1,MAPK8,PXN
GSTP1,RAC1,SYK,SIRPB1
GSTP1,FOXC1,RBMX,PCDHB14
GSTP1,ENO1,HDAC4,WASHC2C
GSTP1,ENO1,GSK3B,ACSBG1
GSTP1,ENO1,SRC,EFNA5
GSTP1,UBC,LNX1,SAT1
GSTP1,RAC1,CLDN3
GSTP1,SOX2,BTNL2
GSTP1,RAC1,ATP13A1,SLC10A6
GSTP1,UBC,EGFR,GABRA2
GSTP1,ENO1,HSP90B1,LDLR,DUOX2
GSTP1,UBC,MAVS,TLR1
GSTP1,RAC1,LRRC8A
GSTP1,UBC,HSPA5,LOC102723407,SLC39A8
GSTP1,UBC,PML,ANKRD2,FCMR
GSTP1,ENO1,AKT1,VHL
GSTP1,ENO1,PLEKHA4,MTERF4,HTR3E
GSTP1,ENO1,NEDD4,SCN1A
GSTP1,ZBTB18,RRAS2
GSTP1,MTPN,ATP6V1A,ATP6V1D
GSTP1,UBC,UBE2D2,RNF146
GSTP1,UBC,MTOR,CFP,NCR1
GSTP1,PRKN,OPA1,MIGA1
GSTP1,ENO1,CCDC8
GSTP1,ENO1,HSP90B1,LDLR
GSTP1,ENO1,FYN,RHOU
GSTP1,ENO1,CCT7,LRRC10,CD40LG
GSTP1,ENO1,FYN,RHOU,TYROBP,TREM1
