HMGB1,CDK2,MYH9,CUZD1,OR2K2
HMGB1,CDK1,PTPN1,MUSK
HMGB1,MAP3K7,SOCS3,IL6ST,CNTFR
HMGB1,TERF2IP,PRX
HMGB1,UBE2N,PJA2
HMGB1,HSPA8,WDR6
HMGB1,NTRK1,APP
HMGB1,SMARCA2,PRMT5,COPRS
HMGB1,HSPA8,SGTA,CDH15
HMGB1,DNM2,DRD2,TRPC5
HMGB1,AGER,FGFR1,HTR1A
HMGB1,ATP2A1,ZW10,KNTC1
HMGB1,HTT,SYT12
HMGB1,FN1,CD163
HMGB1,CDK2,CDH1,ITGA6
HMGB1,HSPA8,NPEPPS,GBP1
HMGB1,VCP,MGST3,AQP10,LYVE1
HMGB1,DNM2,RAB7A,ERLIN2
HMGB1,NFKB1,FASLG,MPP4
HMGB1,SMARCA2,GSK3B,ACSBG1
HMGB1,HSPA8,NOXO1
HMGB1,RAC1,AMIGO2
HMGB1,HSPA8,CLTA
HMGB1,FN1,CX3CL1
HMGB1,RELA,CD69
HMGB1,HSPA8,ATXN3
HMGB1,RAC1,CEMIP2
HMGB1,CDK1,KRT18,PSTPIP2
HMGB1,CDK1,FZR1,RGS11
HMGB1,MYCN,DSC1
HMGB1,LARP7,FLNA,PHLDB2
HMGB1,RAC1,VAV3
HMGB1,DNM2,DNM3,SLC2A12
HMGB1,CDK1,PRC1,PDZD2
HMGB1,CDK1,BAG3,PRRG2
HMGB1,HSPA5,APBB1,SLAMF7
HMGB1,HSPA8,CUL3,LRFN2
HMGB1,SRSF1,GNAI2,CXCR1
HMGB1,RELA,ICAM1
HMGB1,COIL,LNX1,GPR142
HMGB1,CDK1,PTPN1,MUSK
HMGB1,FN1,TIMD4
HMGB1,CDK1,PTPN6,LILRB4
HMGB1,PRNP,PPP3CB,KSR2
HMGB1,CBX3,BRD4,MESD
HMGB1,AGER,FGFR1,HTR1A
HMGB1,CDK1,APLP2,GRIN1,GRIN3A
HMGB1,CDK1,PPP1CC,PDE6B
HMGB1,SMARCA2,RAP1A,RAPGEF3
HMGB1,CDK1,CSNK2A1
HMGB1,CDK1,FYN,SLC4A8
HMGB1,CDK1,PRDX1,RAB4B
HMGB1,CDK2,REL,SLC6A12
HMGB1,AGER,FGFR1,HTR1A,ADGRL3,TENM2
HMGB1,YY1,ATP2C1
HMGB1,TERF2IP,AP2B1,LDLRAP1
HMGB1,ASB2,DCUN1D3
HMGB1,TLR4,TBK1,NEDD9
HMGB1,CDK1,PTPN6,LILRB4
HMGB1,PRNP,FHL1
HMGB1,CTNNB1,CDH3
HMGB1,CDK2,REL,SLC6A12,STOML3
HMGB1,NTRK1,GAA,LARGE1
HMGB1,BCAR1,PRAM1
HMGB1,LARP7,CDK16
HMGB1,CDK1,JAK3,IL7R
HMGB1,CDK1,PTPN6,LILRB4
HMGB1,HSPA5,ISLR,GPC3
HMGB1,PRKCZ,MARK2
HMGB1,HUWE1,AHNAK2
HMGB1,PRKCZ,AJUBA
HMGB1,LARP7,TUBB8,CACNG8
HMGB1,RBFOX3,KIF20A,C4BPA
HMGB1,NTRK1,GNB1,MC2R
HMGB1,UBE2I,KLF3,ATP10B
HMGB1,CDK1,PRKAR2A,PALM2AKAP2
HMGB1,CDK1,PTPN6,LILRB4
HMGB1,ATP2A1,ITM2B,CACNA2D1
HMGB1,AGER,KRAS
HMGB1,CDK2,PODXL,SELL
HMGB1,CDK1,DUSP22
HMGB1,MAPK1,PDE4D
HMGB1,MAP3K7,SOCS7
HMGB1,PRNP,DLG4
HMGB1,HTT,SYT6,SYT10
HMGB1,TLR4,SRC,EFNA5
HMGB1,TLR4,TBK1,NEDD9
HMGB1,CDK2,HRAS,RGS12
HMGB1,CDK1,MATR3,MYOF
HMGB1,CDK1,SREBF1,ENDOD1,ACKR2
HMGB1,MYC,FRMD6
HMGB1,RAC1,HSD17B10
HMGB1,PRNP,ADRB2
HMGB1,NTRK1,GNB1,MC2R
HMGB1,AGER,S100A4,WDFY3
HMGB1,POTEE,PLEKHA7,ADA
HMGB1,ATP2A1,SLC10A7
HMGB1,NTRK1,TNK2
HMGB1,SMARCA2,ARID1B
HMGB1,XPC,UBC,PHPT1
HMGB1,ARGLU1,GPR22
HMGB1,CDK2,ATP2A3,SLC26A4
HMGB1,HOXC6,TGFB1,PTCH1
HMGB1,ATF7IP,ARL14EP
HMGB1,HSPA8,GRB7
HMGB1,CDK1,KRT18,PSTPIP2
HMGB1,MAPK1,LCK
HMGB1,LARP7,SF3B4,PRMT9,P2RX1
HMGB1,PTPN2,TMED10,SPPL3
HMGB1,LARP7,PIP5K1A
HMGB1,CDK2,LRRK2,LMF2,CNNM4
HMGB1,CDK1,BAG3,PRRG2
HMGB1,NTRK1,GNB1,MC2R
HMGB1,HSPA8,JAK2,CCR2
HMGB1,CDK1,FYN,SLC4A8
HMGB1,MAP2K1,ITGA3
HMGB1,CTNNB1,MPDZ,OR1D2
HMGB1,BCAR1,SPTAN1
HMGB1,MAP3K7,TNF,ZAN
HMGB1,XPC,UBC,PHPT1
HMGB1,AGER,S100A4,WDFY3
HMGB1,MAP2K1,BMPR1A,IGDCC4
HMGB1,MAP3K7,CALM3,SCTR
HMGB1,NTRK1,GNB1
HMGB1,NTRK1,TJP1,CLDN6
HMGB1,NTRK1,SEZ6L2
HMGB1,CDK1,TSC1
HMGB1,MECP2,SGK1
HMGB1,TLR4,BTK,GP6
HMGB1,HSPA5,ABCC6
HMGB1,MAP3K7,TRAF2,TMC8
HMGB1,VCP,F7
HMGB1,TLR4,TRAF6,EDA2R
HMGB1,UBE2E3,SIAH1,GDPD5
HMGB1,MAP2K1,ERBB2,DDR1
HMGB1,LARP7,PSMB5,CLP1,GLDC
HMGB1,VCP,SVIP
HMGB1,CDK1,ECT2,GNAL
HMGB1,HSPA5,ASGR1
HMGB1,HUWE1,CTSD,PSAP,SLC30A10
HMGB1,MAP3K7,PARK7
HMGB1,TLR4,TRAF3,TNFRSF17
HMGB1,CDK2,CSTA,CTSF
HMGB1,RELA,MUC3A
HMGB1,AGER,KRAS,ACTR10,HJV
HMGB1,PDIA3,ADAM17,LRRC3
HMGB1,TLR4,TRAF6,EDA2R
HMGB1,CDK1,DLG1,CACNG2
HMGB1,PDIA3,EPHA10
HMGB1,HSPA5,HNRNPA1L2,CATIP
HMGB1,MYC,IL4R
HMGB1,AGER,IRAK4
HMGB1,CDK1,ECT2,GNAL
HMGB1,CDK2,CDH1,ITGA6
HMGB1,KLF8,MRPS18B,TRARG1
HMGB1,AGER,FGFR1,HTR1A
HMGB1,CDK1,DLG1,CACNG2
HMGB1,TLR4,SIGLEC9,TLR1
HMGB1,UBE2E3,RCBTB2,PLA2G6
HMGB1,YY1,NOTCH1
HMGB1,RAG1,UBE2C
HMGB1,DNM2,AMIGO1,PROM2
HMGB1,BCAR1,SPTAN1,SPTBN5
HMGB1,DNM2,SNX9
HMGB1,BCAR1,DOK7
HMGB1,SMARCA2,PBRM1,CEACAM7
HMGB1,PRNP,PLP1
HMGB1,AGER,FGFR1
HMGB1,CTNNB1,RND1,PCDHGA5
HMGB1,NTRK1,GNB1,MC2R
HMGB1,PDIA3,DNAJC5
HMGB1,CTNNB1,PECAM1
HMGB1,CDK1,UQCRFS1,APOO,GPR42
HMGB1,DNM2
HMGB1,CDK1,APLP2,GRIN1
HMGB1,MAPK1,TULP3
HMGB1,HSPA8,KCNV2
HMGB1,CDK1,FZR1,RGS11
HMGB1,CDK1,PIK3C2A
HMGB1,LARP7,TUBB8,CACNG8
HMGB1,RAC1,ACSL3
HMGB1,CTNNB1,PTH1R
HMGB1,SIRT1,ZBTB38,ALX1,OR52L1
HMGB1,CTNNB1,RAC3,SLC9A6
HMGB1,CDK1,CDKN1B,LRCH4
HMGB1,CDK2,REL,SLC6A12
HMGB1,MYCN,CSNK1G3
HMGB1,UBE2N,EPHA6
HMGB1,HSPA8,PLD2
HMGB1,PRNP,FGA
HMGB1,TERF2IP,CPNE2
HMGB1,TLR4,SRC,EFNA5
HMGB1,LARP7,TUBB8,CACNG8
HMGB1,HSPA8,HLA-DRB1,PRF1
HMGB1,CDK1,JUP,DSG3
HMGB1,HOXC6,TGFB1,PTCH1
HMGB1,SRSF3,S100A9,NCF2
HMGB1,DDX23,DISC1,PRTG
HMGB1,CTNNB1,USP6NL
HMGB1,HSPA5,ASGR2
HMGB1,CDK2,HSP90B1,LDLR
HMGB1,CTNNB1,WWTR1
HMGB1,TLR4,MYD88,LRRFIP1
HMGB1,MAPK1,SHANK3,SYT5
HMGB1,H3-3B,FGF2,FGFBP1
HMGB1,CDK2,ARF4,SDCBP2
HMGB1,TLR4,SYK,CSF3R
HMGB1,ATP2A1,ZW10,KNTC1
HMGB1,PARP1,THBD
HMGB1,TLR4,IRAK1
HMGB1,TLR4,HSPD1
HMGB1,TLR4,SRC,EFNA5
HMGB1,TLR4,TRAF6,EDA2R
HMGB1,C1QA,NLGN3,PSG4
HMGB1,LARP7,IRS4
HMGB1,NFKB1,HSD17B8
HMGB1,ATP2A1,TMX3
HMGB1,CDK1,PRKAR2A,PALM2AKAP2
HMGB1,RAC1,ROCK2
HMGB1,VCP,CD3D
HMGB1,TLR4,SRC,EFNA5
HMGB1,AGER,KRAS,ACTR10,CPNE5
HMGB1,CDK1,RPS27A,SMKR1,WDPCP
HMGB1,MAP2K1,NUFIP1,SLC12A5
HMGB1,XPC,UBC,PHPT1
HMGB1,RAC1,PTPRM
HMGB1,ARGLU1,AAMP
HMGB1,CDK2,ATP2A3,SLC26A4
HMGB1,HTT,MPP1
HMGB1,HSPA5,PROZ,OR52W1
HMGB1,HSPA5,TRAFD1,ALG10B
HMGB1,HTT,LSAMP
HMGB1,CDK1,DLG1,CACNG2
HMGB1,NTRK1,DSC2
HMGB1,CDK1,DLG1,CACNG2
HMGB1,BCAR1,CRK
HMGB1,NTRK1,PTPRS,GPC2
HMGB1,HMGB2,USP14
HMGB1,MYC,ITGA7
HMGB1,HUWE1,ZBTB33,CHRNB1
HMGB1,NTRK1,GAA,LARGE1
HMGB1,NTRK1,IRS2
HMGB1,MAP2K1,ARRB2,GPR55,LRP12
HMGB1,CDK1,ARID4A
HMGB1,TLR4,SRC,EFNA5
HMGB1,HOXB1,NR3C1,CLPTM1L,CNGB1,CNGA1
HMGB1,LARP7,HNRNPF
HMGB1,NTRK1,PIK3CA
HMGB1,HSPA5,MIA3,ADAM30
HMGB1,RB1,HDAC11
HMGB1,CDK1,FZR1,RGS11
HMGB1,TERF2IP,ARL4D
HMGB1,CDK2,UBB,SLC14A1
HMGB1,HMGB2,KTN1,SLC16A7
HMGB1,COIL,LNX1,GPR142
HMGB1,CDK1,PTPN1,MUSK,SLC26A9
HMGB1,MAP3K7,SOCS3,IL6ST,EBI3
HMGB1,TLR4,SRC,EFNA5
HMGB1,FOS,ARFGAP1,ARF1
HMGB1,MAP3K7,RDX,ICAM2
HMGB1,MAP3K7,CALM3,SCTR
HMGB1,HSPA8,AKT1,THEM4
HMGB1,POTEE,PLEKHA7,ADA
HMGB1,SMARCA2,GSK3B,ACSBG1
HMGB1,CDK1,CTDSPL2,CPNE8
HMGB1,CDK1,CKAP5
HMGB1,CDK1,ECT2,GNAL
HMGB1,MAP2K1,TGFBR2,MYADM
HMGB1,BCAR1,CIP2A
HMGB1,XPC,XRCC5
HMGB1,RELA,B2M,MR1
HMGB1,LARP7,PIP5K1C
HMGB1,TLR4,SYK,CSF3R
HMGB1,TLR4,MYD88,LRRFIP1
HMGB1,HSPA8,COPE,SLC35A1
HMGB1,AGER,S100A4,WDFY3
HMGB1,DNM2,STX11,SCNN1D
HMGB1,VCP,AVPR2
HMGB1,MAP3K7,VDAC1
HMGB1,AGER,FPR1
HMGB1,LARP7,HNRNPH1,SCUBE3
HMGB1,BCAR1,MANSC4
HMGB1,HSPA8,AKT1
HMGB1,MAP3K7,PPP5C
HMGB1,CDK2,REL,SLC6A12
HMGB1,RELA,B2M,MR1
HMGB1,MAP3K7,CALM3,SCTR
HMGB1,HSPA8,CUL3,LRFN2
HMGB1,CDK1,PRKAR2A,PALM2AKAP2
HMGB1,DNM2,STX11,SCNN1D
HMGB1,PRKCZ,AKT2,FAT3
HMGB1,TERF2IP,OGT
HMGB1,TLR4,SRC,EFNA5
HMGB1,CDK1,ODF2,TJP2
HMGB1,C1QA,PLXNA2
HMGB1,CDK1,UCHL1,ADRA2B
HMGB1,MAP3K7,CANX,ATP11C
HMGB1,TLR4,SRC,EFNA5
HMGB1,NTRK1,SORT1
HMGB1,POTEE,PRTN3
HMGB1,HSPA8,AXL
HMGB1,KLF8,MRPS18B,TRARG1
HMGB1,CTNNB1,RAE1,KLRK1
HMGB1,TP53,ACSL4
HMGB1,TLR4,SRC,EFNA5,SGCD
HMGB1,HSPA8,LRRC40,KCTD3
HMGB1,EP300,SELE
HMGB1,LARP7,DSG1
HMGB1,TLR4,SRC,EFNA5
HMGB1,NTRK1,APP,SLC40A1
HMGB1,DNM2,ITSN2
HMGB1,CDK2,RACK1,ACHE
HMGB1,HSPA8,LAMP2
HMGB1,CDK2,PPP2CA
HMGB1,CDK2,REL,SLC6A12
HMGB1,SMARCA2,ARID2
HMGB1,LARP7,TRIM21,TRPM2
HMGB1,NTRK1,CAV1,LPAR4
HMGB1,PRKCZ,EPB41L4B
HMGB1,VCP,HM13
HMGB1,MAP3K7,BTRC,PRLR
HMGB1,CDK1,RAF1
HMGB1,SRSF3,SRSF7,TFPI
HMGB1,DNM2,PIK3R1,GABRA3
HMGB1,TLR4,SRC,EFNA5
HMGB1,CDK1,BAG3,PRRG2
HMGB1,UBE2I,CHMP5
HMGB1,RAC1,VANGL2
HMGB1,C1QA,NLGN3,PSG4
HMGB1,CDK1,RAF1,MRAS
HMGB1,MAP3K7,PTPN3
HMGB1,CDK1,PPP1CC,PDE6B
HMGB1,TLR4,SYK,CSF3R
HMGB1,RAC1,LRP4
HMGB1,NTRK1,RHOBTB3,HTR7
HMGB1,COIL,PRMT8
HMGB1,CDK1,ODF2,TJP2
HMGB1,TLR4,SIGLEC11
HMGB1,CDK2,PODXL
HMGB1,CTNNB1,GJA1
HMGB1,TLR4,SRC,EFNA5
HMGB1,CDK1,ATP2A2,PGRMC1
HMGB1,LARP7,TUBB8,CACNG8
HMGB1,TLR4,TBK1,NEDD9
HMGB1,MAP3K7,CANX,ATP11C
HMGB1,TLR4,UBQLN1,FGF7,GABRA6
HMGB1,MAPK1,ZBTB42
HMGB1,NTRK1,DAB2IP
HMGB1,DYRK2,PATJ,HOMER2
HMGB1,HSPA8,VAMP2,PRKD3
HMGB1,CDK1,PRDX1,RAB4B
HMGB1,CDK1,ODF2,TJP2
HMGB1,TP53,UBE2B
HMGB1,CDK1,BAG3,PRRG2
HMGB1,KLF8,ATXN1,USP54,MGAM
HMGB1,NTRK1,GNAO1,RGS4
HMGB1,MAP3K7,ITCH
HMGB1,LARP7,PIP5K1B
HMGB1,TLR4,TRAF6,EDA2R
HMGB1,TLR4,TRAF6,EDA2R
HMGB1,CDK2,LRRK2,LMF2,HTR3B
HMGB1,MAP3K7,SOCS3,IL6ST
HMGB1,CDK1,KIF20B,VIRMA,ELAPOR2
HMGB1,MAP3K7,TRAF2,TMC8
HMGB1,CDK1,EPN1,EHD2
HMGB1,MAP3K7,RAB8A,RAB18
HMGB1,KLF8,MRPS18B,TRARG1
HMGB1,PRNP,RAB27B,SYTL3
HMGB1,UBE2I,TRIM23
HMGB1,SMARCA2,GSK3B,ACSBG1
HMGB1,FOS,MAPK9
HMGB1,UBE2N,ROR1
HMGB1,CDK1,ARF6,PCDHGB1
HMGB1,HSPA8,DNAJC16,MARCHF4,ABCA7
HMGB1,PDIA3,ZDHHC5
HMGB1,HSPA8,PTEN
HMGB1,MYC,DKK1,KREMEN1
HMGB1,NTRK1,GNB1,MC2R,RAMP1
HMGB1,TLR4,SRC,EFNA5,OR10H2
HMGB1,MAP3K7,CALM3,SCTR
HMGB1,FN1,TGFBI
HMGB1,HSPA8,BAG4
HMGB1,PPTC7,GNB2,RGS6
HMGB1,HSPA8,KIF5B,TRAK2
HMGB1,MAP2K1,BMPR1A,IGDCC4
HMGB1,CDK1,ARF6,PCDHGB1
HMGB1,HSPA8,CUL3,LRFN2
HMGB1,CDK1,ARF6,PCDHGB1
HMGB1,MAP3K7,STUB1,JOSD2,DGKH
HMGB1,TLR4,SYK,CSF3R
HMGB1,MAP3K7,RDX
HMGB1,CDK1,RAF1,MRAS
HMGB1,AGER,FGFR1,HTR1A
HMGB1,HSPA5,SEPTIN2
HMGB1,RAC1,ARHGAP15
HMGB1,CBX3,UNK,PNRC1,TMEM50B
HMGB1,TP53,PHB
HMGB1,CDK2,KAT2A,SLC44A2
HMGB1,CDK1,CDK13,ZNF2,MS4A10
HMGB1,CDK1,RAB11FIP3,RAB25
HMGB1,CDK2,LRRK2
HMGB1,HSPA8,HLA-DRB1,PRF1
HMGB1,NTRK1,ATP12A
HMGB1,MAP2K1,IRAK2
HMGB1,CDK2,ATP2A3,SLC26A4
HMGB1,CDK2,CDH1,ITGA6
HMGB1,CDK1,PTPN1,MUSK
HMGB1,HSPA5,ARHGAP39,KCNE3
HMGB1,TLR4,TBK1,NEDD9
HMGB1,CTNNB1,PTPRU
HMGB1,CDK1,TOP2A,PRKCG
HMGB1,CDK2,ATR,FAAP24,MICA
HMGB1,SRSF3,S100A9,NCF2
HMGB1,LARP7,FLNA,PHLDB2
HMGB1,NTRK1,RAB11A,ATP11B
HMGB1,CDK2,DST,TESC
HMGB1,CDK1,STIM1
HMGB1,AGER,FGFR1,HTR1A
HMGB1,NTRK1,APP,SLC40A1
HMGB1,PRNP,PTAFR
HMGB1,HSPA8,KCNA5
HMGB1,RPS6,TENT4B
HMGB1,UBE2N,RNF213,LAMP3
HMGB1,CENPA,BRPF1
HMGB1,HSPA8,AQP2,TM9SF2
HMGB1,AGER,FGFR1,HTR1A,ADGRL3
HMGB1,RAC1,RHEB
HMGB1,PPTC7,GNB2,RGS6
HMGB1,CDK1,NINL,RPGRIP1L
HMGB1,KRT7,CFTR
HMGB1,RBFOX3,TARDBP,PRRC2A,MMD
HMGB1,NTRK1,ITGAV
HMGB1,CDK1,NUP98,NUP35
HMGB1,MAP2K1,TGFBR2,MYADM
HMGB1,HMGB2,KTN1,SLC16A7
HMGB1,LARP7,SLC25A31
HMGB1,TXN,NCF4
HMGB1,CDK1,RAP1GAP,RAP1GAP2
HMGB1,RBFOX3,TARDBP,PRRC2A
HMGB1,AGER,S100A4,WDFY3
HMGB1,MAP3K7,CALM3,SCTR
HMGB1,CDK1,APLP2,GRIN1
HMGB1,CDK1,ARF6
HMGB1,CDK2,MYH8,KLHL9,KIRREL2
HMGB1,PDIA3,NHLRC2,ITGAX
HMGB1,LARP7,CDK14,GDE1
HMGB1,HSPA5,SEPTIN2,JPT2
HMGB1,TLR4,TRAF6,EDA2R
HMGB1,CDK1,NINL,RPGRIP1L
HMGB1,CBX3,DAXX,CHMP3
HMGB1,HSPA8,WWOX,CEACAM6
HMGB1,TLR4,SRC,EFNA5,SGCE
HMGB1,HOXB1,NR3C1,CLPTM1L,C8B
HMGB1,HMGB2,PRKCB,DRD3
HMGB1,MAP2K1,ITGA3,TSPAN12
HMGB1,HSPA8,CD207
HMGB1,DNM2,BSG,SLC16A13
HMGB1,RAC1,CDC42EP4
HMGB1,RAC1,OSMR
HMGB1,CDK1,SFN,CYP26C1,SLC16A3
HMGB1,DNM2,BSG,SLC16A13
HMGB1,POU5F1,TDGF1
HMGB1,KLF8,ANTXR1
HMGB1,SSRP1,ZNF687,PLCD4
HMGB1,TLR4,SRC,EFNA5
HMGB1,HSPA5,ALK
HMGB1,CDK1,CDC25B,AMHR2
HMGB1,RAC1,RAB23
HMGB1,RAC1,CXCR4
HMGB1,HOXC6,IGF1R,ADAMTS4,OR2M7
HMGB1,NTRK1,SHTN1,OR4E2
HMGB1,LARP7,SNRPD2,CRLF3
HMGB1,MAP3K7,MIB1
HMGB1,HUWE1,PTOV1
HMGB1,MYC,DKK1
HMGB1,MAP3K7,TNF
HMGB1,MAP3K7,LZTS2
HMGB1,NTRK1,CBL
HMGB1,HOXC6,TGFB1,PTCH1
HMGB1,RBFOX3,TARDBP,PRRC2A
HMGB1,PTPRZ1,MGAT5B,PLEKHM3
HMGB1,PLAT,SERPINB2
HMGB1,LARP7,ATP5F1B
HMGB1,ZNF24,PICK1
HMGB1,MAP3K7,CALM3,SCTR
HMGB1,CDK1,DLG1
HMGB1,SRSF3,CLK1,PDE9A
HMGB1,RAC1,CTNNAL1
HMGB1,HUWE1,ADRM1
HMGB1,TBP,COL26A1
HMGB1,FN1,MEP1A
HMGB1,AGER,FGFR1,HTR1A
HMGB1,CDK1,DLG1,CACNG2
HMGB1,HSPA8,WWOX,CEACAM6
HMGB1,LARP7,HSPA2,DXO
HMGB1,TLR4,NOX4
HMGB1,LARP7,DRG1
HMGB1,TLR4,BTK
HMGB1,CREBBP,POU2F3
HMGB1,CDK1,PRC1,PDZD2
HMGB1,NTRK1,ARHGEF11
HMGB1,DNM2,DRD2
HMGB1,CDK1,FYN,SLC4A8
HMGB1,CDK1,ABI1,EPS8L2
HMGB1,PDIA3,ADAM17,LRRC3
HMGB1,DNM2,RAB7A,ERLIN2
HMGB1,CBX3,PRKG1
HMGB1,RAC1,MELK
HMGB1,RB1,ITGA10
HMGB1,HSPA8,CPS1
HMGB1,PRKCZ,FEZ1
HMGB1,CDK1,RAF1,MRAS
HMGB1,TLR4,SIGLEC9
HMGB1,AGER,FPR2
HMGB1,CDK1,DLG1,CACNG2
HMGB1,MAP2K1,PTPRJ
HMGB1,HMGB2,H2BC8,CCDC25
HMGB1,XPC,UBC,PHPT1
HMGB1,IFITM3,RTN3
HMGB1,UBE2E3,UBAP2L,CDV3
HMGB1,CDK1,DLG1,CACNG2
HMGB1,HMGB2,RPL38,RIC8A
HMGB1,CCNDBP1,CDKN2A,VAMP1
HMGB1,AGER,RHOA,BET1,KLRF1
HMGB1,CDK1,AURKA,IFNLR1
HMGB1,DYRK2,PATJ
HMGB1,HSPA5,SPTBN1
HMGB1,HSPA5,APBB1,SLAMF7
HMGB1,CTNNB1,ANK3
HMGB1,TLR4,SYK,CSF3R
HMGB1,NTRK1,BCR
HMGB1,TLR4,SRC,EFNA5
HMGB1,YY1,NEDD4L,SLC22A11
HMGB1,CDK1,FYN,SLC4A8
HMGB1,RBFOX3,KIF20A,C4BPA
HMGB1,MAP3K7,CALM3,SCTR,CHRM3
HMGB1,TLR4,UBQLN1,FGF7,DCXR
HMGB1,CCNDBP1,CDKN2A,VAMP1
HMGB1,AGER,FGFR1,HTR1A
HMGB1,LARP7,DDOST,TMED9,TMED1
HMGB1,TLR4,SYK,CSF3R,CD300C
HMGB1,BCAR1,GNAT1
HMGB1,PTPN2,ITGA1
HMGB1,RAC1,MELK,STK16
HMGB1,CCNDBP1,CDKN2A,VAMP1
HMGB1,CDK1,BAG3,PRRG2
HMGB1,RAC1,STX6
HMGB1,CDK2,ATP2A3,SLC26A4
HMGB1,CDK1,PRKAR2A,PALM2AKAP2
HMGB1,CDK1,JAK3,IL7R
HMGB1,CDK2,LIN37,TESMIN,OR4X2
HMGB1,HSPA8,CUL3,LRFN2
HMGB1,PDIA3,BACE1
HMGB1,POU5F1,NR2F2,CNNM2
HMGB1,CDK1,FYN,SLC4A8
HMGB1,DNM2,STX11
HMGB1,HSPA8,FGD5
HMGB1,LARP7,KRT9,AQP7
HMGB1,MAP3K7,TRAF3IP2,IL17RC
HMGB1,HSPA8,DNAJA4,PSCA
HMGB1,MAPK1,SHANK3,SYT5
HMGB1,DNM2,BSG,SLC16A13
HMGB1,CDK1,CLIP1,CLASP2
HMGB1,CDK1,APLP2
HMGB1,CCNDBP1,DAPK1
HMGB1,XPC,UBC,PHPT1
HMGB1,HSPA8,GNA13,GNG3
HMGB1,LARP7,DDX24,PSKH1
HMGB1,TLR4,SRC,EFNA5
HMGB1,MYC,CDH13
HMGB1,TLR4,MYD88,LRRFIP1
HMGB1,NTRK1,VPS35,WNT5B
HMGB1,BCAR1,RAP2C
HMGB1,MAP3K7,CALM3,SCTR
HMGB1,RELA,ALCAM
HMGB1,HTT,SYT6
HMGB1,CDK1,PBK,IL1R2
HMGB1,RELA,B2M
HMGB1,CDK2,HSP90B1,LDLR
HMGB1,DNM2,CD2AP,ARHGAP18,NPHS2
HMGB1,KLF8,MRPS18B,TRARG1
HMGB1,NTRK1,NOTCH3
HMGB1,HSPA5,EPS15L1
HMGB1,HOXC6,TGFB1,PTCH1
HMGB1,AGER,RHOA,BET1,GRAMD2A
HMGB1,AGER,IRAK4,TNFRSF13B
HMGB1,VCP,TMPRSS13
HMGB1,MAP3K7,CALM3,SCTR,DOC2B
HMGB1,HSPA5,TMTC3,CHRND
HMGB1,CDK2,STMN1,DTNA
HMGB1,XPC,CHD1L,NT5E
HMGB1,CBX3,ZMYM2,C8A
HMGB1,DNM2,DRD2,TRPC5
HMGB1,HSPA8,SGTA,CDH15,SLC23A2
HMGB1,SRSF3,PHB1
HMGB1,HTT,AOC3
HMGB1,CDK1,BAG3,PRRG2
HMGB1,NTRK1,NCK1
HMGB1,NTRK1,GNAI3,RGS8
HMGB1,TLR4,TRAF3,TNFRSF17
HMGB1,POTEE,CXADR
HMGB1,LARP7,EEF1A2,SLC13A5
HMGB1,PPTC7,GNB2,RGS6
HMGB1,PDIA3,BCAP31
HMGB1,LARP7,HSPA2,DXO
HMGB1,CDK1,KRT18,PSTPIP2
HMGB1,MAPK1,SPHK1
HMGB1,MSH2,HLA-DPB1
HMGB1,TLE5,MEOX2,RECK
HMGB1,RELA,B2M,MR1
HMGB1,KLF8,CTBP2,TSHZ3
HMGB1,CDK1,DLG1,CACNG2
HMGB1,SMARCA2,MDM2,SLC14A2
HMGB1,HSPA8,DNAJB6,AQP8
HMGB1,AGER,S100A4,WDFY3
HMGB1,MAP3K7,CANX,ATP11C
HMGB1,CTNNB1,RAE1,KLRK1,ULBP2
HMGB1,NTRK1,CBL,MYCBPAP
HMGB1,DYRK2,EPHA2,EFNA4
HMGB1,IFITM3,AQP6
HMGB1,HSPA8,ATP10A
HMGB1,SMARCD1,NECAB2
HMGB1,PTPRZ1
HMGB1,CCNDBP1,AQP1,SLC39A2
HMGB1,CDK2,DYRK1B,TROAP,BEST3
HMGB1,MAP3K7,TNF,ZAN
HMGB1,NTRK1,GNB1,MC2R
HMGB1,HSPA8,PARD3
HMGB1,MAP3K7,CLIC1,SEPHS1
HMGB1,NTRK1,BAIAP2
HMGB1,EIF1,EIF5
HMGB1,TLR4,SRC,EFNA5
HMGB1,CENPA,DNMT3A,PCDHA4
HMGB1,CDK1,BAG3,PRRG2
HMGB1,MAP3K7,CLIC1
HMGB1,MAP2K1,ARRB2,GPR55
HMGB1,LARP7,EPRS1
HMGB1,AGER,DIAPH1
HMGB1,HOXD9,ESR1
HMGB1,HSPA8,GNA13,GNG3
HMGB1,MAPK1,PPP1R9B
HMGB1,HSPA8,AQP2,TM9SF2
HMGB1,DNM2,PACSIN3
HMGB1,LARP7,AMOT,TCHP
HMGB1,RAC1,ARHGDIG
HMGB1,HSPA5,LRRC32
HMGB1,SRSF3,S100A9,NCF2
HMGB1,MAP3K7,MDH2,BLVRB
HMGB1,HOXC6,TGFB1,PTCH1
HMGB1,AGER,S100A4,WDFY3
HMGB1,RAC1,ROBO1,ROBO4
HMGB1,SMARCA2,GSK3B,ACSBG1
HMGB1,TP53,AIFM2
HMGB1,MAP3K7,IKBKG,PSG11
HMGB1,BCAR1,ANXA1
HMGB1,AGER,GRB2
HMGB1,PDIA3,CLU,LRP1B
HMGB1,NTRK1,AGK,SLC39A14
HMGB1,SMARCA2,YAP1,PIEZO2
HMGB1,NTRK1,CAV1,LPAR4
HMGB1,TLR4,SRC,EFNA5
HMGB1,CDK2,LIMCH1,FRMPD2
HMGB1,ATP2A1,FRAS1
HMGB1,CDK2,ACTL6A,SCARB2
HMGB1,CDK1,ECT2,GNAL
HMGB1,CDK1,NUP98,NUP35
HMGB1,HSPA5,TMTC3,CHRND
HMGB1,HSPA5,SYNE2,COL23A1
HMGB1,PDIA3,NHLRC2,ITGAX
HMGB1,HSPA8,CUL3,LRFN2
HMGB1,MAP3K7,RAB8A,RAB18
HMGB1,MAP3K7,RAB8A,RAB18
HMGB1,CDK2,DAPK3,GRIN3B
HMGB1,CDK1,PPP3CA
HMGB1,LARP7,AMOT
HMGB1,DYRK2,ANKRD28,AGPAT2
HMGB1,CDK1,KRT18,PSTPIP2
HMGB1,HSPA8,KCNC4
HMGB1,MAP3K7,CALM3,SCTR
HMGB1,HSPA5,TCTN2,GRID1
HMGB1,MAP3K7,RAB8A,RAB18
HMGB1,RAC1,SLC7A1,SLC22A18
HMGB1,DDX23,UTP20
HMGB1,HSPA8,WWOX,CEACAM6
HMGB1,H4C6,ATP1A2
HMGB1,RAC1,BMPR2
HMGB1,CDK2,TCOF1,AK4,TTC7B
HMGB1,PRKCZ,PARD6B
HMGB1,HSPA5,STOML2
HMGB1,TLR4,SRC,EFNA5
HMGB1,SIRT1,DUSP15
HMGB1,POTEE,VAPA
HMGB1,CDK1,ARF6,PCDHGB1
HMGB1,HSPA8,CSDE1,ARHGEF39
HMGB1,RAC1,STXBP5
HMGB1,BCAR1,LEMD2,KCNA10
HMGB1,H3C1,RPL36A
HMGB1,NTRK1,GNB1,MC2R
HMGB1,TLR4,SRC,EFNA5,RAPSN
HMGB1,NTRK1,SHC4
HMGB1,CDK1,COPS5,SHISA5,TVP23B,YIPF1
HMGB1,PRNP,DLG2
HMGB1,MAP3K7,MDH2,BLVRB
HMGB1,TLR4,SRC,EFNA5
HMGB1,CDK1,MATR3,MYOF
HMGB1,MYCN,SLC16A1
HMGB1,SRSF1,ANKRD27,RAB32,RAB38
HMGB1,LARP7,EEF1A2,SLC13A5
HMGB1,HUWE1,GPI,PARP14
HMGB1,TLR4,TRAF6,EDA2R
HMGB1,HTT,MTUS1
HMGB1,MAP3K7,CALM3,SCTR,RIMBP2
HMGB1,CENPA,MBD1,TENM1
HMGB1,SMARCA2,WWP2,ARRDC4,BAIAP2L2
HMGB1,CDK1,RAF1,MRAS
HMGB1,CENPA,IPO5,DSCAML1
HMGB1,SIRT1,CRTC1
HMGB1,LARP7,SLC25A5
HMGB1,HTT,MPP1,GYPC
HMGB1,AGER,S100A4,WDFY3
HMGB1,KRT7,CFTR,CLCA1
HMGB1,CDK2,ACTG1
HMGB1,UBE2E3,RNF166,C11orf24
HMGB1,HOXC6,TGFB1,PTCH1
HMGB1,CDK1,ECT2,GNAL,SLC16A8
HMGB1,RAC1,STOM
HMGB1,PRKCZ,PAK1
HMGB1,MAP2K1,ARRB2,GPR55
HMGB1,HSPA8,DNAJB4,P2RX6
HMGB1,CREBBP,IFNAR2
HMGB1,UBE2I,FAS
HMGB1,MECP2,GRIA2
HMGB1,LARP7,PRPF40A,PRSS12
HMGB1,CTNNB1,CDH7
HMGB1,CDK1,PRKAR2A,PALM2AKAP2
HMGB1,DNM2,PACSIN1
HMGB1,IFITM3,RTN3,NDRG4
HMGB1,NTRK1,GNB1,MC2R
HMGB1,CDK1,MAP4
HMGB1,SMARCD1,COL1A2,KCNIP4
HMGB1,CDK1,PBK,IL1R2,MICB
HMGB1,CTNNB1,CLDN2
HMGB1,AGER,FPR1,GNG2
HMGB1,RAC1,NF2
HMGB1,CDK2,REL,SLC6A12
HMGB1,CDK1,JUP,DSG3
HMGB1,UBE2E3,RNF114
HMGB1,TLR4,SYK,CSF3R
HMGB1,HOXC6,IGF1R,ADAMTS4,OR6T1
HMGB1,CDK2,STMN1,DTNA
HMGB1,HSPA8,MCM7,TRIM16
HMGB1,KRT7,CFTR,CLCA1
HMGB1,MAP3K7,STAT3,DLK2,PDCD1,PDCD1LG2
HMGB1,CDK1,ODF2,TJP2
HMGB1,HSPA5,PLOD1,COL25A1
HMGB1,TLR4,SYK,CSF3R,CD300LD
HMGB1,RAC1,EHBP1
HMGB1,DNM2,SORBS1
HMGB1,AGER,FPR2,SLC29A1
HMGB1,TLR4,LY96
HMGB1,SIRT1,KCNA4
HMGB1,EP300,CAV3
HMGB1,HSPA8,CUL3,LRFN2
HMGB1,LARP7,SRPK2,CHRNA5,LYPD1
HMGB1,CTNNB1,LRP5
HMGB1,HSPA5,AMFR,OR4N2
HMGB1,NTRK1,NUMBL,TMC5
HMGB1,CENPA,PDS5A
HMGB1,MAP3K7,CALM3,SCTR
HMGB1,MAPK1,ETV6
HMGB1,UBE2E3,ZNRF2
HMGB1,MYCN,DYNLL2
HMGB1,VCP,ATG9A,SLC44A5
HMGB1,MAPK1,TNS2
HMGB1,CENPA,CENPH,LRRC55
HMGB1,MYC,HLA-B
HMGB1,CDK1,PRC1
HMGB1,SMARCA2,WWP2,ARRDC4
HMGB1,HSPA8,RBSN
HMGB1,DNM2,VAV1
HMGB1,SRSF3,CLK1,PDE9A
HMGB1,HSPA8,SNX20
HMGB1,CTNNB1,BOC,IHH
HMGB1,NTRK1,RAB11A,ATP11B
HMGB1,TLR4,ADIPOR1,SLC22A16
HMGB1,TLR4,SRC,EFNA5
HMGB1,CCNDBP1,CDKN2A,VAMP1
HMGB1,DYRK2,EPHA2,EFNA4
HMGB1,HTT,NAPA
HMGB1,MAP3K7,TNF,ZAN
HMGB1,HOXC6,TGFB1
HMGB1,HSPA5
HMGB1,RIPK4,GPSM3
HMGB1,AGER,FGFR1,HTR1A
HMGB1,CDK1,BAG3,PRRG2
HMGB1,RPS12,RHOBTB2
HMGB1,PRKCZ,LLGL2
HMGB1,MAP2K1,ARRB2
HMGB1,CDK1,ARF6,PCDHGB1
HMGB1,CDK1,AURKA,IFNLR1
HMGB1,AGER,IRAK4,TNFRSF13B
HMGB1,HSPA5,CTSG
HMGB1,CDK1,BAG3,PRRG2
HMGB1,HSPA8
HMGB1,CDK2,ATP2A3,SLC26A4
HMGB1,CTNNB1,KANK1
HMGB1,NTRK1,GNB1,MC2R
HMGB1,MAP2K1,ARRB2,GPR55
HMGB1,DNM2,DRD2,TRPC5
HMGB1,MAP2K1,BMPR1A,IGDCC4
HMGB1,CDK1,CASP8,APAF1,CACNA2D2
HMGB1,CCNDBP1,AMPD2,ARL6
HMGB1,CDK2,TCOF1,AK4,TTC7A
HMGB1,TLR4,UBQLN1
HMGB1,PPTC7,GNB2,RGS6
HMGB1,DNM2,CD2AP
HMGB1,BECN1,DAB2
HMGB1,HSPA8,DPYSL2
HMGB1,ATP2A1,ANO8
HMGB1,TLR4,TBK1,NEDD9
HMGB1,MAP2K1,BRAF
HMGB1,LARP7,DDX24,PSKH1
HMGB1,MAP3K7,TLR3
HMGB1,HSPA8,NEK2,LRRC45
HMGB1,HDAC4,WASHC2C
HMGB1,CDK2,CDH1
HMGB1,C1QA,WNT5A
HMGB1,LARP7,DAP3,COL4A5,SLC10A4
HMGB1,CCNDBP1,ETAA1,FZD2
HMGB1,HMGB2,PRDX3
HMGB1,CDK2,YWHAH
HMGB1,TLR4,SRC,EFNA5
HMGB1,HSPA5,TCTN2,GRID1
HMGB1,TP53,KLF9
HMGB1,PRKCZ,ACTN4,RGS9
HMGB1,RIPK4,ENPP6
HMGB1,DLAT,TGOLN2
HMGB1,CDK1,FZR1,RGS11
HMGB1,CDK2,DAPK3,GRIN3B
HMGB1,CDK1,AURKA,IFNLR1
HMGB1,KLF8,MRPS18B,TRARG1
HMGB1,HMGB2,ROCK1
HMGB1,CTNNB1,MET
HMGB1,AGER,S100A4,WDFY3
HMGB1,MYC,IL4R,IL2RG
HMGB1,NTRK1,GNB1,MC2R
HMGB1,BIRC3,PDGFRB
HMGB1,NTRK1,VAPB
HMGB1,CDK1,FYN,SLC4A8
HMGB1,RIPK4,CADM1
HMGB1,SMARCA2,GSK3B
HMGB1,ASB1,CABP2
HMGB1,DNM2,RAB7A,ERLIN2
HMGB1,RAC1,SWAP70
HMGB1,RPS6,MAPKAP1
HMGB1,MAP2K1,RHOF,ASIC1
HMGB1,CDK1,CTDSPL2,CPNE8
HMGB1,CDK1,JUP
HMGB1,CDK1,UBQLN2
HMGB1,NTRK1,TJP1,CLDN6
HMGB1,DYRK2,EPHA2,EFNA4
HMGB1,KRT7,CFTR,CLCA1
HMGB1,CTNNB1,PTPRU,PCDHGC5
HMGB1,HSPA8,TRIM38,NLRP6
HMGB1,RPS6,IMP4
HMGB1,CDK1,KRT18,PSTPIP2
HMGB1,TLR4,SYK,CSF3R
HMGB1,FN1,FGB
HMGB1,NTRK1,TJP1
HMGB1,ATP2A1,ITPR2
HMGB1,CDK1,BAG3,PRRG2
HMGB1,AGER,EGFR,STIL,PAQR6
HMGB1,ATP2A1,ZW10,KNTC1
HMGB1,RAC1,IQGAP2
HMGB1,MYLK4,CAP1
HMGB1,XPC,UBC,PHPT1
HMGB1,AGER,IRAK4,TNFRSF13B
HMGB1,CDK1,UCHL1,ADRA2B
HMGB1,MAP3K7,CANX,ATP11C
HMGB1,KLF8,MRPS18B,TRARG1
HMGB1,ATP2A1,CYB5R1,PCDHA11
HMGB1,AGER,IRAK4,TNFRSF13B
HMGB1,PRNP,DLG3,GRIK5
HMGB1,KLF8,HBB,HBM,CELSR1
HMGB1,FN1,MEP1B
HMGB1,CDK1,BRCA1
HMGB1,PDIA3,ADAM17,LRRC3
HMGB1,DNM2,RHOU
HMGB1,NTRK1,NBEA
HMGB1,CDK2,STMN1,DTNA
HMGB1,CDK1,DLG1,CACNG2
HMGB1,NTRK1,CLGN,SLC22A5
HMGB1,SSRP1,ATP2B1
HMGB1,NTRK1,GNB1,MC2R
HMGB1,SRSF3,S100A9,NCF2,OMG
HMGB1,RAC1,SNAP47
HMGB1,TLR4,SRC,EFNA5
HMGB1,NTRK1,CDH2
HMGB1,PRKCZ,PARD6A
HMGB1,PRKCZ,ACTN4,RGS9
HMGB1,CDK2,HSP90AB1
HMGB1,CTNNB1,MPDZ,OR1D2
HMGB1,HSPA5,ROS1
HMGB1,CDK1,PRKAR2A,PALM2AKAP2
HMGB1,CDK1,ABI1,EPS8L2
HMGB1,HSPA5,AAK1
HMGB1,IFITM3
HMGB1,DNM2,PIK3R1,GABRA3
HMGB1,HMGB2,FBXO7,FGF10
HMGB1,AGER,S100A4,WDFY3
HMGB1,LARP7,EEF1A2,SLC13A5
HMGB1,KLF8,MRPS18B,TRARG1
HMGB1,RAC1,MCAM
HMGB1,SMARCA2,RAP1A,RAPGEF3
HMGB1,LARP7,DDX50
HMGB1,CDK2,REL,SLC6A12
HMGB1,DYRK2,UTRN
HMGB1,CDK1,PTPN6,LILRB4
HMGB1,YY1,FCER1A
HMGB1,YY1,NEDD4L,SLC22A11
HMGB1,HSPA8,ARFGAP2
HMGB1,HSPA8,GNA13
HMGB1,HUWE1,TRPA1
HMGB1,MAP2K1,RHOD
HMGB1,CTNNB1,GRIP1
HMGB1,CDK1,UCHL1,ADRA2B
HMGB1,CBX3,DAXX,CHMP3
HMGB1,SMARCA2,GSK3B,ACSBG1
HMGB1,HSPA8,RIPK1,CLIP3
HMGB1,CDK1,ARF6,PCDHGB1
HMGB1,TERF2IP,CIZ1
HMGB1,CDK1,FYN,SLC4A8,TYROBP,TREM1
HMGB1,CDK1,ARF6,PCDHGB1,GLRA2
HMGB1,CDK2,PPP1R12A
HMGB1,CDK2,CCT2,NPSR1
HMGB1,DNM2,AMIGO1,PROM2
HMGB1,MAP3K7,ATIC
HMGB1,CTNNB1,CDH6
HMGB1,TLR4,SRC,EFNA5
HMGB1,CCNDBP1,AQP1,SLC39A2
HMGB1,HSPA5,CFB
HMGB1,HSPA5,APBB1,SLAMF7
HMGB1,CREBBP,NFE2L2
HMGB1,CBX3,TRIM33,ZNF43,UNC79
HMGB1,DNM2,BSG,SLC16A13
HMGB1,KRT7,CFTR,CLCA1
HMGB1,NTRK1,GNB1,MC2R
HMGB1,HSPA8,RIPK1
HMGB1,MYC,ARF3
HMGB1,AGER,IRAK4,TNFRSF13B
HMGB1,CDK1,BAG3,PRRG2
HMGB1,XPC,UBC,PHPT1
HMGB1,MAP2K1,ERBB2
HMGB1,NTRK1,FRS2
HMGB1,RAC1,PLXNA1
HMGB1,TLR4,SRC,EFNA5,SLC9A3R2,OR52B2
HMGB1,HSPA8,SNCA
HMGB1,DNM2,RAB7A,ERLIN2
HMGB1,SRSF3,YBX1
HMGB1,DNM2,PSTPIP1
HMGB1,TLR4,SRC,EFNA5
HMGB1,POU5F1,RAB13
HMGB1,NTRK1,GNB1,MC2R
HMGB1,LARP7,EEF1A2,SLC13A5
HMGB1,HMGB2,FBXO7,FGF10
HMGB1,BECN1,DIRAS3
HMGB1,SSRP1,MPHOSPH8
HMGB1,AGER,RHOA,BET1,SLC22A1
HMGB1,MAPK1,LIMA1
HMGB1,HSPA8,AKT1,THEM4
HMGB1,HSPA8,DYNLL1
HMGB1,PPTC7,SSH1
HMGB1,CDK1,KHDRBS1,PTBP2,SYT13
HMGB1,TLR4,SRC,EFNA5
HMGB1,KLF8,MRPS18B,TRARG1
HMGB1,MECP2,GRIN2B
HMGB1,CDK1,REPS2
HMGB1,ZNF24,PPP1R16B
HMGB1,PRNP,MAG
HMGB1,TLR4,SRC,EFNA5
HMGB1,TLR4,SRC,EFNA5
HMGB1,LARP7,ATP5F1A
HMGB1,NTRK1,NCK1,NFASC
HMGB1,DNM2,STX11,SCNN1D
HMGB1,TLR4,SRC,EFNA5
HMGB1,CDK1,APLP2,GRIN1
HMGB1,NTRK1,RAB11A,ATP11B
HMGB1,COIL,LNX1,GPR142
HMGB1,MAPK1,GORASP2,MMP15
HMGB1,PRNP,DLG3,GRIK5
HMGB1,DDX23,PPIL2
HMGB1,NTRK1,PTPN13
HMGB1,TLR4,SRC,EFNA5
HMGB1,CDK2,SMC1A,GRM3
HMGB1,HDAC1,CLDN7
HMGB1,CDK1,BAG3,PRRG2
HMGB1,DNM2,GJB2,CNST
HMGB1,MAP3K7,RAB8A,RAB18
HMGB1,NTRK1,SLC3A2
HMGB1,MAP2K1,PTPN11,CD84
HMGB1,PSMA7,ITGA4
HMGB1,TLR4,TRAF6,EDA2R
HMGB1,NTRK1,PIK3C2B
HMGB1,NTRK1,LTF,SIRPG
HMGB1,HMGB2,KTN1,SLC16A7
HMGB1,CDK2,DST,TESC
HMGB1,CDK1,LIG1
HMGB1,CDK1,FZR1,RGS11
HMGB1,CTNNB1,PKP4
HMGB1,DNM2,RAB7A
HMGB1,LARP7,HNRNPH1,SCUBE3
HMGB1,HSPA8,AKT1,THEM4
HMGB1,WDR76,NRAS
HMGB1,HSPA8,TTC4,SLC27A6
HMGB1,LARP7,EEF1A2,SLC13A5
HMGB1,WDR76,PICALM
HMGB1,PRKCZ,MARK3
HMGB1,MAP3K7,CALM3,SCTR
HMGB1,CDK2,HRAS,RGS12
HMGB1,AGER,GRB2,CLNK,CBLB
HMGB1,RAC1,STX6,ABCA6
HMGB1,RAC1,ITGB8
HMGB1,TLR4,MYD88,LRRFIP1
HMGB1,NTRK1,ABCB1
HMGB1,XPC,UBC,PHPT1
HMGB1,RBFOX3,PRKAR1A,GPR161
HMGB1,LARP7,EEF1A2,SLC13A5
HMGB1,HMGB2,KTN1
HMGB1,ATP2A1,CYB5R1
HMGB1,CDK2,NTNG1
HMGB1,FN1,RAB35
HMGB1,AGER,KRAS,ACTR10,ADAM18
HMGB1,CTNNB1,RAB8B
HMGB1,DNM2,SNX33,FCHSD2
HMGB1,HSPA8,HDLBP
HMGB1,SMARCA2,RAP1A,RAPGEF3
HMGB1,MAP3K7,TKT
HMGB1,NTRK1,GNB1,MC2R
HMGB1,CDK1,ECT2,GNAL
HMGB1,HSPA5,NAAA,ENPP7
HMGB1,LARP7,SLC25A13,aspartic acid,GRIK3
HMGB1,NTRK1,DDR2
HMGB1,BIRC3,RALA
HMGB1,CTNNB1,LRP6
HMGB1,LARP7,KRT19,ARL4A
HMGB1,LARP7,AMOT,TCHP
HMGB1,ATP5IF1,ATP6V0C
HMGB1,MAPK1,PTPRE
HMGB1,SMARCA2,GSK3B,ACSBG1
HMGB1,KLF8,ANTXR1,GDF11,ATP8A1
HMGB1,TLR4,SRC,EFNA5
HMGB1,FN1,C4A
HMGB1,AGER,KRAS,ACTR10,CYTH4
HMGB1,LARP7,PPAN-P2RY11
HMGB1,CDK1,RUNX2,BMP2,RGMA
HMGB1,AGER,FGFR1,HTR1A
HMGB1,HMGB2,ROCK1,WASHC2A
HMGB1,PTPN2,STRA6
HMGB1,CDK1,PTPN6,LILRB4
HMGB1,ATP2A1,ALG10,DPEP1
HMGB1,HSPA5,NAAA,ENPP7
HMGB1,TLR4,SRC,EFNA5
HMGB1,SMARCA2,WWP2,ARRDC4
HMGB1,RAC1,RASGRF2
HMGB1,HSPA8,ATP13A2,CHRNB4
HMGB1,CDK1,ABI1,EPS8L2,VPS35L
HMGB1,KLF8,MRPS18B,TRARG1
HMGB1,MAPK1,TNFRSF25
HMGB1,CDK1,KPRP,KRTAP4-2,KCNS2
HMGB1,CTNNB1,CDH18
HMGB1,TP53,NOTCH4
HMGB1,PLG
HMGB1,PRNP,SYT1
HMGB1,MAP3K7,CALM3,SCTR
HMGB1,TLR4,SRC,EFNA5
HMGB1,MAPK1,DCC
HMGB1,CDK1,TOB2,CPEB3
HMGB1,TLR4,SIGLEC6,TLR8
HMGB1,LARP7,EPB42
HMGB1,MAPK1,MAPKAPK2,LSP1
HMGB1,MAP3K7,TMEM192,EVA1C,MBLAC2
HMGB1,HMGB2,FBXO7,FGF10
HMGB1,UBE2I,KCNIP3
HMGB1,PRKCZ,MAP1B
HMGB1,AGER,EGFR,STIL,KCNN3
HMGB1,MAPK1,CIITA,HLA-DOA
HMGB1,MYC,HLA-F,KIR3DL2
HMGB1,DLAT,TSG101
HMGB1,CDK1,NINL,RPGRIP1L
HMGB1,RAC1,TGFBR1
HMGB1,TLR4
HMGB1,HSPA8,DIP2A
HMGB1,HTT
HMGB1,HSPA8,DNAJC1
HMGB1,CDK1,KMT2E
HMGB1,LARP7,EEF1A2,SLC13A5
HMGB1,CDK2,PODXL,SELL
HMGB1,TLR4,SRC,EFNA5
HMGB1,HSPA8,DNAJB11,CDHR4
HMGB1,HSPA8,CALCOCO2,CHRDL1
HMGB1,MAP2K1,HSCB,MLEC
HMGB1,RAC1,MFF,RHBDL1
HMGB1,DDX23,PNN
HMGB1,KLF8,BIN1
HMGB1,HDAC4,RALGPS2
HMGB1,NTRK1,DOCK1
HMGB1,ZNF24,RGS3
HMGB1,PRNP,DLG3,GRIK5
HMGB1,ATP2A1,ATP2B4
HMGB1,NTRK1,GNB1,MC2R
HMGB1,KLF8,PHB2
HMGB1,CBX3,ZNF629,HNF4G,HAS2
HMGB1,DYRK2,SUMO1
HMGB1,CDK1,KRT18,PSTPIP2
HMGB1,TP53,MMP2
HMGB1,CDK2,CDK5
HMGB1,CDK1,AURKA,IFNLR1
HMGB1,FN1,SDC4
HMGB1,CDK2,HSP90B1,LDLR
HMGB1,RAC1,CARMIL1
HMGB1,RAC1,FASN
HMGB1,MAPK1,PTPN5,CLEC4G
HMGB1,KLF8,CTBP2,TSHZ3
HMGB1,AGER,FGFR1,HTR1A
HMGB1,BCAR1,SHROOM2
HMGB1,CDK2,ARF4,SDCBP2
HMGB1,MAP2K1,ITGA3,TSPAN12
HMGB1,IFITM3,RTN3,NDRG4
HMGB1,NTRK1,MAGED1
HMGB1,CDK1,ECT2,GNAL
HMGB1,LARP7,EEF1A2,SLC13A5
HMGB1,HSPA5,NAAA,ENPP7
HMGB1,NTRK1,ISLR2
HMGB1,AGER
HMGB1,C1QBP,C1QB,CR1
HMGB1,CDK2,UBB
HMGB1,CDK1,CTDSPL2,CPNE8
HMGB1,TLR4,SRC,EFNA5
HMGB1,CCNDBP1,AQP1,SLC39A2
HMGB1,CDK2,HRAS,RGS12
HMGB1,MAPK1,SHANK3
HMGB1,CTNNB1,ARVCF
HMGB1,CBX3,BRD4,MESD
HMGB1,NTRK1,GNB1,MC2R
HMGB1,MAP2K1,HSCB,MLEC
HMGB1,TLR4,TRAF3,TNFRSF17,CD70
HMGB1,CDK1,ABI1,EPS8L2
HMGB1,HTT,GRIK2
HMGB1,MAP3K7,MSN
HMGB1,RAC1,MFF,RHBDL1
HMGB1,HSPA8,MST1R
HMGB1,NTRK1,GNB1,MC2R
HMGB1,CTNNB1,AMOTL1
HMGB1,UBE2N,LTK
HMGB1,RAC1,KIRREL1
HMGB1,DYRK2,NOTCH2
HMGB1,CDK1,NUP98,NUP35
HMGB1,NTRK1,GNB1,MC2R
HMGB1,CDK1,SLBP,FEM1C,OR51B2
HMGB1,SRSF3,S100A9,NCF2
HMGB1,TLR4,SRC,EFNA5
HMGB1,HMGB2,SAMM50,SLC2A8
HMGB1,ATP2A1,DGAT1
HMGB1,MAP3K7,CALM3,SCTR
HMGB1,HSPA8,PARD3,JAM3
HMGB1,RELA,NOD2,OLFM4
HMGB1,TLR4,SRC,EFNA5
HMGB1,TLR4,SRC,EFNA5
HMGB1,AGER,FGFR1,HTR1A
HMGB1,ATP2A1,ITM2B,CACNA2D1
HMGB1,PRKCZ,PRKACA,PCSK7,PKD1L3
HMGB1,CDK2,MYH9,CUZD1,OR5F1
HMGB1,CDK1,DUSP21,ATP23
HMGB1,NTRK1,GOPC,CERCAM
HMGB1,DNM2,AMPH,REPS1
HMGB1,TLR4,SYK
HMGB1,NTRK1,ULK1,ATG101,RAB12
HMGB1,CTNNB1,EPHB2
HMGB1,RAC1
HMGB1,TLR4,SRC,EFNA5
HMGB1,RAC1,DOCK5
HMGB1,KLF8,MRPS18B,TRARG1
HMGB1,RAC1,ITGB5
HMGB1,MAPK1,STAB2
HMGB1,CDK2,CCT2,NPSR1
HMGB1,DNM2,RAB7A,ERLIN2
HMGB1,HMGB2,RPSA
HMGB1,NFKB1,FASLG
HMGB1,CDK1,NUCKS1,PRCP
HMGB1,LARP7,HNRNPH1,SCUBE3
HMGB1,ATP5IF1,CAV2
HMGB1,SMARCA2,ACTC1,NEXN
HMGB1,CDK1,BAG3,PRRG2
HMGB1,PRNP,GAD1
HMGB1,MAP3K7,CALM3,SCTR
HMGB1,HSPA8,KCNV1
HMGB1,MYC,SFRP1
HMGB1,NTRK1,ESYT2
HMGB1,KRT7,CFTR,CLCA1
HMGB1,RAC1,SLITRK4
HMGB1,TLR4,TRAF6,EDA2R
HMGB1,CDK1,BAG3,PRRG2
HMGB1,CDK1,PPP1CC,PDE6B
HMGB1,BCAR1,APPL1
HMGB1,TLR4,HSPA4,TRIAP1,SLC7A10
HMGB1,AGER,FGFR1,HTR1A
HMGB1,MAPK1,PTPN5,CLEC4G
HMGB1,NTRK1,GNB1,MC2R
HMGB1,NTRK1,CAV1,LPAR4
HMGB1,NTRK1,GNB1,MC2R
HMGB1,RAC1,MYO1E
HMGB1,MAP3K7,CALM3,SCTR
HMGB1,LARP7,CDK14,GDE1
HMGB1,MYC,HRG
HMGB1,MAP3K7,MDH2,BLVRB
HMGB1,PDIA3,DNAJB9,P2RX5
HMGB1,MAPK1,CIITA,HLA-DOA
HMGB1,CDK1,EEF1D,ABTB1
HMGB1,LARP7,HNRNPH1,SCUBE3
HMGB1,NTRK1,SCRIB
HMGB1,NTRK1,RGS19,CATSPER1,CACNA1I
HMGB1,CDK2,ATR,FAAP24,CD200R1,CD200
HMGB1,CDK2,HRAS,RGS12
HMGB1,NTRK1,VPS35,WNT5B
HMGB1,CDK2,CDH1,ITGA6
HMGB1,CDK1,NUP98,NUP35
HMGB1,MAP2K1,BMPR1A,IGDCC4
HMGB1,SMARCA2,PBRM1,CEACAM7
HMGB1,RAC1,TAOK3
HMGB1,SRSF3,S100A9,NCF2
HMGB1,AGER,FGFR1,HTR1A,SLC39A6
HMGB1,NTRK1,GNB1,MC2R
HMGB1,UBE2I,TDG
HMGB1,CDK2,MAP2K5,CAMK1G
HMGB1,RAC1,RAPGEF1
HMGB1,SRSF3,CLK1,PDE9A
HMGB1,MAP2K1,TGFBR2,MYADM
HMGB1,CDK2,CDH1,ITGA6
HMGB1,HSPA8,GNA13,GNG3
HMGB1,NTRK1,CAV1,LPAR4
HMGB1,MAP2K1,ITGA3,TSPAN12
HMGB1,CDK1,FYN,SLC4A8
HMGB1,CREBBP,PPARA,PAQR9
HMGB1,SMARCA2,YAP1,PIEZO2
HMGB1,DNM2,DRD2,TRPC5,ADORA2B
HMGB1,CDK1,KRT18,PSTPIP2
HMGB1,HSPA8,MAD1L1,KCNAB3
HMGB1,HUWE1,TFRC
HMGB1,TLR4,SRC,EFNA5
HMGB1,TLR4,TRAF3,TNFRSF17
HMGB1,HOXC6,TGFB1,PTCH1
HMGB1,NTRK1,ITGB1,ITGA8
HMGB1,FN1,COLQ
HMGB1,CDK1,PPP1CC,PDE6B
HMGB1,XPC,UBC,PHPT1
HMGB1,HSPA8,CUL3,LRFN2
HMGB1,NTRK1,ITGB1,ITGA8
HMGB1,PDIA3,HSPA13
HMGB1,MAP3K7,STAT3
HMGB1,PDIA3,DNAJC5,SLC32A1
HMGB1,NTRK1,KCNH2
HMGB1,CDK2,HRAS,RGS12
HMGB1,BECN1,RAB5A
HMGB1,MAP2K1,NUFIP1,SLC12A5
HMGB1,NTRK1,GOPC,CERCAM
HMGB1,CDK2,CBS,EHHADH,PAQR8
HMGB1,CDK1,MATR3,MYOF
HMGB1,MAP2K1,RHOF,ASIC1
HMGB1,LARP7,NSF
HMGB1,CDK2,REL,SLC6A12
HMGB1,SMARCA2,SDCBP,FZD3
HMGB1,LARP7,IFIT5
HMGB1,MYC,HLA-G
HMGB1,AGER,S100A4,WDFY3
HMGB1,HOXC6,TGFB1,PTCH1,PIK3R5
HMGB1,HSPA5,TNFRSF18,TNFSF18
HMGB1,CTNNB1,CDH12
HMGB1,XPC,UBC,PHPT1
HMGB1,HSPA8,AQP2,TM9SF2
HMGB1,POU5F1,THY1
HMGB1,CDK1,ARF6,PCDHGB1
HMGB1,XPC,UBC,PHPT1
HMGB1,CDK1,BAG3,PRRG2
HMGB1,KLF8,CTBP2,TSHZ3
HMGB1,HSPA8,KCND2,KCNIP1
HMGB1,HSPA5,MRC1
HMGB1,HSPA8,CUL3,LRFN2
HMGB1,MAPK1,ARHGAP45
HMGB1,PTPN2,TMED10,SPPL3
HMGB1,SMARCA2,YAP1,PIEZO2
HMGB1,MAPK1,BMF
HMGB1,TLR4,SIGIRR,PALM3
HMGB1,KLF8,MRPS18B,TRARG1
HMGB1,HSPA8,HLA-DRB1,PRF1
HMGB1,NTRK1,GNB1,MC2R
HMGB1,CTNNB1,EPHB2,PLA2G4C
HMGB1,HTT,NTM
HMGB1,RAC1,SYNJ2
HMGB1,NTRK1,LGR5
HMGB1,PRKCZ,PSEN1
HMGB1,BIRC3,JARID2,NPPA,NPR3
HMGB1,MAP2K1,ARRB2,GPR55
HMGB1,TAX1BP1,LDLRAD4,ZDHHC22
HMGB1,NTRK1,GNB1,MC2R
HMGB1,LARP7,HSPA2,DXO
HMGB1,SMARCA2,WWP2,ARRDC4
HMGB1,HSPA8,SLC12A2
HMGB1,NTRK1,SHC1
HMGB1,NTRK1,ARHGAP35
HMGB1,RIPK4,MADD
HMGB1,RAC1,USP6
HMGB1,RAC1,STX3
HMGB1,DNM2,ITSN1
HMGB1,RAC1,SLC12A7
HMGB1,HMGB2,KTN1,SLC16A7
HMGB1,CDK1,AR
HMGB1,VCP,CACNA1C
HMGB1,HSPA8,PARD3,JAM3
HMGB1,PRKCZ,ACTN4
HMGB1,WDR76,NRAS,PCDH18
HMGB1,PRNP,ATP6V1B2
HMGB1,HSPA5,PRSS21,OR14J1
HMGB1,RAC1,RAB5C
HMGB1,CDK1,FZR1,RGS11
HMGB1,CTNNB1,AFDN,NRXN2
HMGB1,TLR4,SRC,EFNA5
HMGB1,SMARCA2,SDCBP,FZD3
HMGB1,MAP3K7,FYB1,SKAP1
HMGB1,PRKCZ,AP2A2
HMGB1,CDK1,NUP98,NUP35
HMGB1,MAP2K1,RHOB
HMGB1,CDK1,CSNK2A1,OGDHL,LRP10
HMGB1,CDK2,ATP2A3,SLC26A4
HMGB1,CDK2,ATR,FAAP24,CD200R1
HMGB1,LARP7,STAU1
HMGB1,LARP7,AFF1,SLC16A6
HMGB1,CDK1,KRT18,PSTPIP2
HMGB1,KLF8,ANTXR1,GDF11,ATP8B4
HMGB1,WDR76,NRAS,PCDH18
HMGB1,NTRK1,UNC5B
HMGB1,HOXC6,TGFB1,PTCH1
HMGB1,CDK1,AURKA,IFNLR1
HMGB1,TLR4,SRC,EFNA5,LYNX1
HMGB1,AGER,FGFR1,HTR1A
HMGB1,H3C12,PSEN2
HMGB1,HSPA8,TLR9
HMGB1,CDK2,ARF4
HMGB1,LARP7,EEF1A2,SLC13A5
HMGB1,HSPA8,GAPDH,SLC4A3
HMGB1,TERF2IP,CPNE3
HMGB1,CDK2,REL,SLC6A12
HMGB1,AGER,S100A6
HMGB1,MAP3K7,CANX,ATP11C
HMGB1,MAP2K1,BMPR1A,IGDCC4
HMGB1,HOXD3,ITGA5
HMGB1,MAPK1,PTPN5
HMGB1,TLR4,SYK,CSF3R
HMGB1,SRSF3,S100A9,NCF2
HMGB1,RBFOX3,PRKAR1A,GPR161
HMGB1,CDK1,PTPN6,LILRB4
HMGB1,PDIA3,CLU,LRP1B
HMGB1,LARP7,UBA52
HMGB1,MYC,PCDHGA7
HMGB1,CDK2,HRAS,RGS12
HMGB1,RAC1,DOCK4
HMGB1,CDK1,DLG5
HMGB1,CDK1,AKAP12
HMGB1,CDK2,REL,SLC6A12
HMGB1,TAX1BP1,PLEKHN1
HMGB1,NTRK1,PTK7,BTNL8
HMGB1,TLR4,MYD88,LRRFIP1
HMGB1,HSPA8,PXN,PARVB
HMGB1,CDK1,BAG3,PRRG2
HMGB1,MYC,MUC5AC
HMGB1,CDK1,ARF6,PCDHGB1
HMGB1,RAC1,ARFIP2
HMGB1,DYRK2,PATJ,HOMER2
HMGB1,AGER,TIRAP
HMGB1,AGER,FGFR1,HTR1A
HMGB1,MAPK1,SLC9A1
HMGB1,IFITM3,RHOG,GPRC5C
HMGB1,DLAT,TGOLN2,SNX30
HMGB1,CDK2,REL,SLC6A12
HMGB1,RAC1,FZD6,TMPRSS12
HMGB1,CDK2,CDH1,ITGA6
HMGB1,HDAC4,INPP5E
HMGB1,CTNNB1,CDH8
HMGB1,CTNNB1,BOC,IHH
HMGB1,PDIA3,ADAM10
HMGB1,DNM2,SH3GL2,ADAM9
HMGB1,WDR76,FREM2
HMGB1,MAP3K7,IL17RA,IL17RE
HMGB1,HUWE1,GPI,PARP14
HMGB1,RAC1,SIPA1
HMGB1,HSPA5,SLC22A8
HMGB1,NTRK1,RAB11A,ATP11B
HMGB1,FN1
HMGB1,CDK1,PPP1CC,PDE6B
HMGB1,CTNNB1,MAGI1
HMGB1,RAC1,FCHO2
HMGB1,ARGLU1,SLITRK2
HMGB1,CTNNB1,LRP5,CAPRIN2
HMGB1,ATP2A1,ITPR3
HMGB1,DNM2,RAB7A,ERLIN2
HMGB1,HSPA8,KCND2,KCNIP1
HMGB1,CDK2,HSP90B1,LDLR,GABRG3
HMGB1,NFKB1,CD80
HMGB1,MAP2K1,HSCB,MLEC
HMGB1,RAC1,CXCR4,AVPR1A,CCR10
HMGB1,SRSF3,S100A9,NCF2
HMGB1,TERF2IP,NELFE
HMGB1,CDK1,YES1,SLC16A14
HMGB1,CDK1,MATR3,MYOF
HMGB1,CDK1,MLKL
HMGB1,HNF1A,UGT1A1
HMGB1,HMGB2,FBXO7,FGF10
HMGB1,HSPA8,TMPRSS5
HMGB1,NTRK1,ITGB1,ITGA8
HMGB1,PDIA3,CAPN1
HMGB1,CDK1,TES
HMGB1,CDK1,UCHL1,ADRA2B
HMGB1,NTRK1,INPPL1,SLC1A1,SLC1A4
HMGB1,HSPA8,GNA13,GNG3
HMGB1,MAP2K1,BMPR1A,IGDCC4
HMGB1,CTNNB1,NDRG1
HMGB1,CDK2,RACK1,ACHE
HMGB1,SMARCA2,SDCBP,FZD3
HMGB1,CDK1,DLG1,CACNG2
HMGB1,BCAR1,CIP2A,FZD10
HMGB1,HSPA5,TCTN2,GRID1
HMGB1,RAC1,MFF,RHBDL1
HMGB1,RAC1,ARHGAP17
HMGB1,PRNP,DLG2,NLGN1
HMGB1,HTT,MOG
HMGB1,HSPA8,CEP250,ENTHD1
HMGB1,UBE2N,ATP2B3
HMGB1,CTNNB1,APC
HMGB1,HSPA8,VAMP2,PRKD3
HMGB1,CTNNB1,GJA1,GJC1
HMGB1,PRNP,DLG4,FZD4
HMGB1,PMEPA1
HMGB1,TLR4,TRAF6,EDA2R
HMGB1,MAP2K1,ARRB2,GPR55
HMGB1,HSPA5,SIGLEC12
HMGB1,MAPK1,XPO6
HMGB1,NTRK1,GOPC,CERCAM
HMGB1,AGER,FGFR1,HTR1A
HMGB1,H3C1,CGAS
HMGB1,DNM2,RAB7A,ERLIN2
HMGB1,NTRK1,NCAM1,DGUOK,ROM1
HMGB1,HSPA8,RIPK2
HMGB1,MAP2K1,ARRB2,GPR55
HMGB1,DNM2,CD2AP,ARHGAP18
HMGB1,SMARCA2,SYT7
HMGB1,RAC1,EPHB4
HMGB1,HUWE1,FURIN
HMGB1,MAP3K7,IKBKG,PSG11
HMGB1,DYRK2,SUMO1,PCDH12
HMGB1,RAC1,SIPA1L3
HMGB1,CDK1,EXO1
HMGB1,WDR76,NID2
HMGB1,CDK1,NUP98,NUP35
HMGB1,CDK1,ATP2A2,PGRMC1
HMGB1,RAC1,USH1C,CDHR2
HMGB1,NTRK1,GNB1,MC2R
HMGB1,HSPA5,APBB1,SLAMF7
HMGB1,TLR4,TRAF6,EDA2R
HMGB1,MAPK1,DYNC1LI1
HMGB1,CDK1,FYN,SLC4A8
HMGB1,PRKCZ,PSEN1,TMBIM6
HMGB1,HSPA5,SIGLEC10
HMGB1,CDK2,GRK2,CCR4,AGTRAP
HMGB1,SMARCA2,SDCBP,FZD3
HMGB1,CDK1,PTPN6,LILRB4
HMGB1,HSPA8,RIPK1,CLIP3
HMGB1,RAC1,TMX1,TMEM179B
HMGB1,HSPA8,AKT1,THEM4
HMGB1,CDK2,RCC2
HMGB1,MAP3K7,CALM3,SCTR
HMGB1,HSPA5,GZMH,SPINT1
HMGB1,MAP2K1,BMPR1A,IGDCC4
HMGB1,CDK1,LYN
HMGB1,CBX3,TRIM33,ZNF43,NALF1
HMGB1,HSPA8,AKT1,THEM4
HMGB1,HSPA8,WWOX,CEACAM6
HMGB1,RAC1,SLC7A1,SLC22A18
HMGB1,CDK1,BAG3,PRRG2
HMGB1,SMARCA2,SDCBP,FZD3
HMGB1,FOS,HEPHL1
HMGB1,CDK1,BAG3,PRRG2
HMGB1,HTT,NEGR1
HMGB1,CTNNB1,RAC3
HMGB1,SRSF1,GNAI2
HMGB1,TLR4,SYK,CSF3R
HMGB1,NTRK1,RGS19
HMGB1,H3C1,FOLH1
HMGB1,MAPK1
HMGB1,RAC1,FLRT2,UNC5D
HMGB1,TLR4,UBQLN1,FGF7,CALN1
HMGB1,TLR4,SIGLEC6
HMGB1,POTEE,PAK4,TMPRSS11A
HMGB1,WDR76,NRAS,PCDH18
HMGB1,CDK1,ARF6,PCDHGB1
HMGB1,TLE5,MEOX2,RECK
HMGB1,CDK1,ARF6,PCDHGB1
HMGB1,TLR4,SRC,EFNA5
HMGB1,FOS,LRRC15
HMGB1,FOXC1,PPP2R2D,GPC5
HMGB1,CDK2,CORO1C,PHKB
HMGB1,IFITM3,RHOG
HMGB1,XPC,CHD1L
HMGB1,SMARCA2,RAP1A,RAPGEF3
HMGB1,WDR76,PICALM,ATP8B3
HMGB1,HUWE1,CYP2C9
HMGB1,RAC1,VAV2
HMGB1,RBFOX3,TARDBP,PRRC2A,GGT7
HMGB1,AGER,S100P,TEAD3,OR6C70
HMGB1,FN1,C3
HMGB1,CDK1,FYN,SLC4A8,TYROBP
HMGB1,ATP2A1,ATP9A
HMGB1,PRNP,DLG3,GRIK5
HMGB1,TLR4,SRC,EFNA5
HMGB1,CDK2,CCT2,NPSR1
HMGB1,HOXC6,TGFB1,PTCH1
HMGB1,HSPA8,NPEPPS,GBP1
HMGB1,TLR4,SRC,EFNA5
HMGB1,TLR4,SRC,EFNA5
HMGB1,PDIA3,NHLRC2,ITGAX
HMGB1,TLR4,TRAF3,TNFRSF17
HMGB1,NTRK1,GOPC
HMGB1,CTNNB1,PTPRK
HMGB1,XPC,UBC,PHPT1
HMGB1,PRKCZ,AQP9
HMGB1,CDK1,EEF1D,ABTB1
HMGB1,RAC1,MUC13
HMGB1,MAP3K7,FBXO42,RAB28
HMGB1,HMGB2,SAMM50,SLC2A8
HMGB1,TLR4,TRAF6,EDA2R
HMGB1,NTRK1,SH2B2
HMGB1,CDK1,VIM
HMGB1,LARP7,KRT19
HMGB1,TLR4,SRC,EFNA5,IL22RA1
HMGB1,NTRK1,GOPC,CERCAM
HMGB1,TLR4,SRC,EFNA5
HMGB1,TLR4,SRC,EFNA5,CELSR2
HMGB1,RAC1,NOSTRIN
HMGB1,CBX3,SUV39H1
HMGB1,NFKB1,RGS14
HMGB1,LARP7,EEF1A2,SLC13A5
HMGB1,TLR4,TBK1,NEDD9
HMGB1,SRSF1,ANKRD27
HMGB1,DNM2,RAB7A,ERLIN2
HMGB1,SMARCA2,ADD1
HMGB1,C1QA,WNT5A,WLS
HMGB1,HTT,GNAZ,IFITM1
HMGB1,TLR2,STX17
HMGB1,SMARCA2,SDCBP,FZD3,GRM4
HMGB1,SMARCA2,RAP1A,RAPGEF3,CLPTM1
HMGB1,MAPK1,ITGB6
HMGB1,BCAR1,HIP1R
HMGB1,MAP3K7,MDH2,BLVRB
HMGB1,NTRK1,SV2A
HMGB1,UBE2I,FADD
HMGB1,NTRK1,PIK3R3,PCDHB5
HMGB1,CDK2,S100A8
HMGB1,SIRT1,PPARGC1A,RNF34
HMGB1,TLR4,SRC,EFNA5
HMGB1,HSPA8,SGTA,CDH15
HMGB1,CCNDBP1,CDKN2A,VAMP1
HMGB1,HSPA8,RARA
HMGB1,HSPA8,CUL3,LRFN2
HMGB1,MAPK1,SCNN1G
HMGB1,CDK1,NINL,RPGRIP1L
HMGB1,CDK1,NUP98,NUP35
HMGB1,HSPA8,PRKCI
HMGB1,CDK1,DLG1,CACNG2
HMGB1,HSPA5,SYNE2,COL23A1
HMGB1,POTEE,PLEKHA7,ADA
HMGB1,MAP2K1,ITGA3,TSPAN12
HMGB1,DNM2,EPS15
HMGB1,PRKCZ,FAT1
HMGB1,MAP3K7,RAB8A,RAB18
HMGB1,TLR4,MYD88,LRRFIP1
HMGB1,MAP2K1,MAPK3
HMGB1,CDK1,HMGA1,KITLG
HMGB1,CTNNB1,RAC3,SLC9A6
HMGB1,HSPA5,TMTC3,CHRND
HMGB1,CBX3,ZMYM2,C8A
HMGB1,CDK1,ARF6,PCDHGB1
HMGB1,AGER,S100P,TEAD3,SERPINB10
HMGB1,CDK1,NUP98,NUP35
HMGB1,CDK1,ATP2A2,PGRMC1,PIP4P1
HMGB1,HSPA8,NCF1
HMGB1,NTRK1,GNB1,MC2R
HMGB1,HTT,EPB41
HMGB1,CTNNB1,CDH10
HMGB1,CENPA,POLE
HMGB1,PRNP,DLG2,NLGN1
HMGB1,H3C1,UIMC1,ATP8A2
HMGB1,RAC1,PAK5,DGLUCY,GPR45
HMGB1,NTRK1,GNB1,MC2R
HMGB1,HSPA8,GABARAP
HMGB1,PRKCZ,VHL
HMGB1,TLR4,SRC,EFNA5
HMGB1,MAP3K7
HMGB1,MYC,HLA-E
HMGB1,MAP3K7,IL17RA,IL17RE
HMGB1,CDK1,KRT18,PSTPIP2
HMGB1,RBFOX3,KIF20A,C4BPA
HMGB1,UBE2E3,UBAP2L,CDV3
HMGB1,HSPA8,CUL3,LRFN2
HMGB1,NTRK1,GNAI3
HMGB1,CDK1,BAG3,PRRG2
HMGB1,AGER,FPR1,GNG2
HMGB1,RAC1,MFF,RHBDL1
HMGB1,CDK1,ARF6,PCDHGB1,IPCEF1
HMGB1,CDK1,PRKAR2A
HMGB1,CDK1,DLG1,CACNG2
HMGB1,TLR4,SMAD3,LRCH1,C4B
HMGB1,RAC1,MTNR1A
HMGB1,SMARCA2,NHERF2
HMGB1,CTNNB1,DSC3
HMGB1,CDK1,PTPN6,LILRB4
HMGB1,CDK1,ARF6,PCDHGB1
HMGB1,PLG,RAP2A
HMGB1,TLR4,SRC,EFNA5
HMGB1,RBFOX3,KIF20A,C4BPA
HMGB1,RB1,DGKZ
HMGB1,NTRK1,NCAM1
HMGB1,LARP7,HCK
HMGB1,HSPA8,GNA13,GNG3
HMGB1,CDK2,STMN1,DTNA
HMGB1,NTRK1,DSG2
HMGB1,CDK1,JAK3,IL7R
HMGB1,CDK1,PPP1CC,PDE6B
HMGB1,PTPN2,KDR
HMGB1,CDK1,MATR3,MYOF
HMGB1,LARP7,HNRNPH1,SCUBE3
HMGB1,NTRK1,PDGFRA
HMGB1,NTRK1,GNB1,MC2R
HMGB1,HSPA8,WWOX,CEACAM6
HMGB1,MAPK1,PARVA
HMGB1,TLR4,SRC,EFNA5,SLC9A3R2
HMGB1,AGER,EGFR
HMGB1,CDK2,ARF4,SDCBP2
HMGB1,RAC1,DLGAP4
HMGB1,RAC1,MINK1,AVPR1B
HMGB1,CENPA,DDX31,OPRPN,SLC5A4
HMGB1,MECP2,DLL1
HMGB1,NTRK1,ITGB1
HMGB1,APEX1,NAE1
HMGB1,COIL,ANKS1B
HMGB1,MYC,TXK
HMGB1,PRNP,DLG3
HMGB1,CBX3,ZMYM4,LYPD6B
HMGB1,CDK1,BAG3,PRRG2
HMGB1,HMGB2,ROCK1,WASHC2A
HMGB1,CDK2,HRAS,RGS12
HMGB1,RAC1,PLEKHA1
HMGB1,TLR4,TRAF6,EDA2R
HMGB1,CDK1,PLEC
HMGB1,DYRK2,ANKRD28,AGPAT2
HMGB1,HTT,TXNDC11,DUOX2,DUOXA2
HMGB1,CDK1,FYN,SLC4A8
HMGB1,UBE2I,RNF151,SCARA5
HMGB1,CDK1,HMGA1,KITLG
HMGB1,RPS6,XRN1
HMGB1,CDK2,EIF4A3,CLNS1A
HMGB1,RPS6,NFX1
HMGB1,MAP2K1,IRS1
HMGB1,NTRK1,WASL
HMGB1,SMARCA2,SDCBP,FZD3
HMGB1,HSPA8,CUL3,LRFN2
HMGB1,UBE2I,CARD9
HMGB1,LARP7,DDOST
HMGB1,CDK1,FYN,SLC4A8
HMGB1,MAP3K7,TNF,ZAN
HMGB1,HDAC4,PTPA
HMGB1,TLR2
HMGB1,CDK1,NUP98,NUP35
HMGB1,CTNNB1,CTNNA1
HMGB1,PRKCZ,PRKCA
HMGB1,CDK2,HRAS,RGS12
HMGB1,NTRK1,APP,SLC40A1
HMGB1,TLR4,SRC,EFNA5,ZDHHC20
HMGB1,CDK2,HRAS,RGS12
HMGB1,CDK2,HRAS,RGS12
HMGB1,SRSF3,TAP1,TAP2,SLC5A6
HMGB1,CCNDBP1,AQP1,SLC39A2
HMGB1,NTRK1,GNB1,MC2R
HMGB1,CDK1,PRC1,PDZD2
HMGB1,MYC,MYCBP2
HMGB1,HSPA8,SLC12A3
HMGB1,MAP2K1,PSMD10
HMGB1,MAP3K7,TRAF4
HMGB1,HSPA8,JAK2,CCR2
HMGB1,MAP3K7,EZR,TBC1D10A
HMGB1,LARP7,TUBA1A
HMGB1,PDIA3,SOS2
HMGB1,HSPA8,SH2D3A,GSDMA
HMGB1,PDIA3,DNAJC5,SLC32A1
HMGB1,TLR4,MYD88,LRRFIP1
HMGB1,LARP7,HSPA2
HMGB1,POTEE,PLEKHA7,ADA
HMGB1,NTRK1,GOPC,CERCAM
HMGB1,ATP2A1,ANO10
HMGB1,LARP7,DNAJC9
HMGB1,MAP3K7,MDH2,BLVRB
HMGB1,LARP7,PSMD7,UBAC1
HMGB1,XPC
HMGB1,MAP2K1,BMPR1A,IGDCC4
HMGB1,XPC,CHD1L,NT5E
HMGB1,PRNP,COMT,SLC35A4,SLC13A4
HMGB1,LARP7,YTHDC1
HMGB1,TLR4,SRC,EFNA5
HMGB1,SMARCA2,GSK3B,ACSBG1
HMGB1,CDK1,ECT2,GNAL
HMGB1,CDK2,NTNG1,MUC5B
HMGB1,RAC1,OCRL
HMGB1,PRNP,DLG4,FZD4
HMGB1,MAP3K7,VRK2,CACNG7
HMGB1,CENPA,IPO7,RP2
HMGB1,CDK1,MARCKS
HMGB1,RELA,GPC6
HMGB1,TLR4,SRC,EFNA5
HMGB1,CBX3,TNKS1BP1
HMGB1,TLR4,SRC,EFNA5
HMGB1,HSPA8,SGTA,CDH15
HMGB1,DNM2,DRD2,TRPC5
HMGB1,NTRK1,GNAO1
HMGB1,HUWE1,RTN4,PLEKHF2,GPBP1
HMGB1,CTNNB1,GPC1
HMGB1,RAC1,ROBO1
HMGB1,PRNP,SYN2
HMGB1,RAC1,SLC7A2
HMGB1,CDK1,ARF6,PCDHGB1
HMGB1,HSPA5,PLOD1,COL25A1
HMGB1,NTRK1,GNB1,MC2R
HMGB1,TLR4,SRC,EFNA5
HMGB1,HSPA8,CUL3,LRFN2
HMGB1,CDK1,RAF1,MRAS
HMGB1,HSPA8,SNAP25
HMGB1,CDK1,DLG1,CACNG2
HMGB1,CDK1,AURKA,IFNLR1
HMGB1,PRNP,DLG3,GRIK5
HMGB1,RAC1,STOM,STOML1
HMGB1,NTRK1,ITGB1,ITGA8
HMGB1,TLR4,SRC,EFNA5,SLC2A5
HMGB1,HOXC6,TGFB1,PTCH1
HMGB1,PRKCZ,GRM5
HMGB1,RAC1,LRBA
HMGB1,CDK1,RAF1,MRAS
HMGB1,PRNP
HMGB1,SRSF1,WWP1
HMGB1,CDK1,YES1,SLC16A14
HMGB1,MAP3K7,TAB2
HMGB1,PPTC7,GNB2,RGS6
HMGB1,NTRK1,GNAS,RIC8B
HMGB1,HSPA5,NCEH1
HMGB1,LARP7,LGALS3BP,CD209
HMGB1,NTRK1,XPR1
HMGB1,LARP7,HNRNPH1,SCUBE3
HMGB1,CDK1,FOXO1,TRIM47,MC5R
HMGB1,HSPA5,LGR4
HMGB1,TLR4,SRC,EFNA5
HMGB1,CTNNB1,ERBB3
HMGB1,DNM2,SHANK1
HMGB1,NTRK1,GNB1,MC2R
HMGB1,HSPA8,AKT1,THEM4
HMGB1,CDK2,MYH9
HMGB1,PDIA3,CAPN1,CAPNS2
HMGB1,RAC1,ATP11A
HMGB1,CTNNB1,MAGI2,DLGAP3
HMGB1,PRNP,HOMER1
HMGB1,HOXC6,TGFB1,PTCH1
HMGB1,AGER,FGFR1,HTR1A
HMGB1,HSPA5,TMC6
HMGB1,TLR2,CLEC7A
HMGB1,TLR4,ADIPOR1
HMGB1,HUWE1,ZBTB33,CHRNB1
HMGB1,RAC1,FMNL1
HMGB1,SMARCA2,GSK3B,ACSBG1
HMGB1,HSPA8,RCCD1
HMGB1,MYCN,MANSC1,SLC39A3
HMGB1,HSPA8,PRKCE
HMGB1,CDK2,REL,SLC6A12
HMGB1,MAP3K7,TNFRSF1A
HMGB1,MAP3K7,IL17RD
HMGB1,NFKB1,COMMD4
HMGB1,PDIA3,SLC2A1
HMGB1,AGER,KRAS,ACTR10,CNGA3
HMGB1,MAP3K7,CDH23,PCDH15
HMGB1,SMARCA2,GSK3B,ACSBG1
HMGB1,VCP,MGST3,AQP10
HMGB1,CDK2,HRAS,RGS12
HMGB1,CDK2,CDH1,ITGA6,RPE65
HMGB1,HMGB2,SERBP1,RPL36A-HNRNPH2
HMGB1,DNM2,LYPD6
HMGB1,NTRK1,SH2B1
HMGB1,HTT,ASPH
HMGB1,BECN1,SNX4
HMGB1,CTNNB1,MAGI2
HMGB1,HSPA8,KCNA5,CD320
HMGB1,LARP7,CLTB
HMGB1,HOXC6,IGF1R,ADAMTS4,IL27RA
HMGB1,SMARCA2,GSK3B,ACSBG1
HMGB1,CENPA,HLTF
HMGB1,CDK1,PPP1CA
HMGB1,TLR4,TBK1,NEDD9
HMGB1,MAP2K1,BMPR1A,IGDCC4
HMGB1,MAP3K7,CDH23,PCDH15
HMGB1,UBE2E3,RNF43
HMGB1,HSPA5,CD48
HMGB1,MAP3K7,TGM2
HMGB1,CDK1,ARF6,PCDHGB1
HMGB1,HOXD3,ITGA5,CD81,SLC44A1
HMGB1,MAPK1,LRRC4
HMGB1,NTRK1,LTF,SIRPG
HMGB1,ATP5IF1,GUCY2C
HMGB1,NTRK1,SHC3
HMGB1,LARP7,FLNA
HMGB1,RAC1,VAMP3
HMGB1,MAP2K1,SLC7A5
HMGB1,HSPA8,GNA13,GNG3
HMGB1,XPC,UBC
HMGB1,KRT7,GOLGA4
HMGB1,CDK1,BAG3,PRRG2
HMGB1,KRT7,CFTR,CLCA1
HMGB1,MYCN,MANSC1,SLC39A3
HMGB1,CTNNB1,EPHB2,PLA2G4C
HMGB1,VCP,TBC1D10B
HMGB1,PRKCZ,COX4I1,COA6
HMGB1,AGER,S100A4,WDFY3
HMGB1,CREBBP,ETS2
HMGB1,LARP7,FLNA,PHLDB2
HMGB1,DYRK2,ANKRD28,AGPAT2
HMGB1,TLR4,MYD88,LRRFIP1
HMGB1,NTRK1,ANK2,CHL1,CNTN6
HMGB1,HSPA8,CUL3
HMGB1,AGER,FGFR1,HTR1A
HMGB1,CENPA,IPO5,DSCAML1
HMGB1,MAP2K1,ARRB2,GPR55
HMGB1,CDK1,UCHL1,ADRA2B
HMGB1,NTRK1,ATP1A3,ATP1B4
HMGB1,TLR4,SRC,EFNA5
HMGB1,SMARCA2,SDCBP,FZD3
HMGB1,CCNDBP1,AQP1
HMGB1,SMARCA2,SDCBP,FZD3
HMGB1,NTRK1,RGS19,CATSPER1
HMGB1,XPC,CHD1L,NT5E
HMGB1,HTT,ADD3
HMGB1,CDK2,CDH1,ITGA6
HMGB1,CDK2,HRAS,RGS12
HMGB1,CDK1,PRDX1,RAB4B
HMGB1,NTRK1,SPTLC1,ORMDL3
HMGB1,TLR4,SRC,EFNA5
HMGB1,PRKCZ,COX4I1,COA6
HMGB1,CDK2,CDH1,ITGA6
HMGB1,TLR4,SRC,EFNA5
HMGB1,ATP2A1,CHP1,SLC9A2
HMGB1,HSPA8,DNAJB4
HMGB1,FOXC1,PPP2R2D,GPC5
HMGB1,LARP7,PIP5K1C,TLN2
HMGB1,NTRK1,PTPRS
HMGB1,RELA,B2M,MR1
HMGB1,CCNDBP1,CDKN2A,VAMP1
HMGB1,AGER,S100A4,WDFY3
HMGB1,TLR4,SIGLEC7
HMGB1,HSPA8,WWOX,CEACAM6
HMGB1,HSPA8,COLEC12
HMGB1,CDK1,FZR1,RGS11
HMGB1,CDK2,CROCC
HMGB1,TLR4,SRC,EFNA5,PDE6C
HMGB1,HSPA8,GNA13,GNG3
HMGB1,TLR4,SRC,EFNA5,GLRA3
HMGB1,HTT,SLC25A11
HMGB1,HSPA8,ATXN10
HMGB1,HSPA8,CUL3,LRFN2
HMGB1,RAC1,ELMO1
HMGB1,POTEE,ANLN,RTN4RL2
HMGB1,RBFOX3,SLC38A6
HMGB1,CTNNB1,RAE1,KLRK1,HCST
HMGB1,TLR4,TRAF3,TNFRSF17
HMGB1,HSPA8,KCNQ4
HMGB1,LARP7,CDK14
HMGB1,CTNNB1,TAX1BP3
HMGB1,NFKB1,CEP112
HMGB1,KLF8,CTBP2,TSHZ3
HMGB1,TLR4,SRC,EFNA5
HMGB1,TLR4,TBK1,NEDD9
HMGB1,RBFOX3,TARDBP,PRRC2A
HMGB1,KRT7,CFTR,CLCA1
HMGB1,SMARCA2,SDCBP
HMGB1,HSPA5,ERN1,PCDHGB5
HMGB1,TLR4,MYD88,LRRFIP1
HMGB1,CDK1,OSBP2
HMGB1,RAC1,ABCB10,SLC22A2
HMGB1,CDK1,ARF6,PCDHGB1
HMGB1,CDK2,CEBPB,APOBEC3G,RAMP2
HMGB1,TLR4,SRC,EFNA5
HMGB1,LARP7,PUF60,BORCS5
HMGB1,MAPK1,PPP1R9B,CCKBR
HMGB1,CDK1,APLP2,GRIN1
HMGB1,KRT7,CFTR,CLCA1
HMGB1,CDK1,DLG1,CACNG2
HMGB1,ATP2A1,PIEZO1
HMGB1,CBX3,PCGF1,CARD14
HMGB1,MAP3K7,NFKBIA
HMGB1,PDIA3,CD1B
HMGB1,MAP3K7,PRKCQ
HMGB1,CDK2,REL,SLC6A12
HMGB1,CDK1,CTDSPL2,CPNE8
HMGB1,COIL,RHOBTB1,PXDNL
HMGB1,CDK1,CDC25B,AMHR2
HMGB1,BIRC3,TRAF1,LRRN1
HMGB1,MAPK1,EXOC7
HMGB1,TLR4,SRC,EFNA5
HMGB1,TLR4,TRAF3,TNFRSF17,TNFSF4
HMGB1,HSPA8,JAK2,CCR2
HMGB1,HMGB2,GFI1B
HMGB1,MAP2K1,BMPR1A,IGDCC4
HMGB1,MYLK4,RAP1B
HMGB1,HSPA8,MST1R,PLXNB3
HMGB1,BCAR1,APPL1,ADIPOR2
HMGB1,LHX4,LDB2
HMGB1,KLF8,MRPS18B,TRARG1
HMGB1,CTNNB1,AXIN1
HMGB1,CDK1,DLG1,CACNG2
HMGB1,MAP3K7,CALM3,SCTR,ADCYAP1,ADCYAP1R1
HMGB1,DNM2,TYK2
HMGB1,PRKCZ,PRDX4,A1BG
HMGB1,HSPA5,TCTN2,GRID1
HMGB1,CDK2,GATA3,ZNF703,CD8B
HMGB1,HOXB1,NR3C1,CLPTM1L,C5AR2
HMGB1,VCP,SMURF1
HMGB1,CDK1,YES1
HMGB1,AGER,S100A4,WDFY3
HMGB1,SMARCA2,YAP1,PIEZO2
HMGB1,CDK1,APLP2,GRIN1
HMGB1,SUPT16H,QRICH1
HMGB1,CCNDBP1,CDKN2A,VAMP1
HMGB1,LARP7,KRT1,TLCD4,APCDD1
HMGB1,HSPA8,CUL3,LRFN2
HMGB1,CDK2,ATP2A3,SLC26A4
HMGB1,MYCN,PCDHB2
HMGB1,PRNP,DLG4,FZD4
HMGB1,MAP2K1,ARRB2,GPR55
HMGB1,SMARCA2,SDCBP,FZD3
HMGB1,ATP5IF1,ATP5PO
HMGB1,CTNNB1,CDON
HMGB1,PLG,SERPINE1
HMGB1,CDK2,RHOC
HMGB1,RBFOX3,KIF20A,C4BPA
HMGB1,TLR4,MYD88,LRRFIP1
HMGB1,HSPA5,VCAM1
HMGB1,HSPA5,IFI6
HMGB1,BIRC3,NF1
HMGB1,CDK1,PPP1CC,PDE6B
HMGB1,RAC1,ABCC5
HMGB1,DNM2,CTTN
HMGB1,YY1,ATP2C1,KCNK1
HMGB1,TLR4,TBK1,NEDD9
HMGB1,MAP3K7,CALM3,SCTR,SYT9
HMGB1,TLR4,SRC,EFNA5
HMGB1,LARP7,SLC25A13
HMGB1,CDK2,ING5,VAMP5
HMGB1,LARP7,EEF1A1
HMGB1,FOS,DSG4
HMGB1,DNM2,MAVS,SERINC5
HMGB1,CDK1,MLKL,CNR2
HMGB1,MAP2K1,RHOF,ASIC1
HMGB1,CDK2,HSP90B1,LDLR
HMGB1,RAC1,RALBP1
HMGB1,NTRK1,RGS19,CATSPER1,CACNA1I,CATSPER2
HMGB1,HOXC6,TGFB1,PTCH1
HMGB1,MAP3K7,SMAD7
HMGB1,RELA,ABCA1
HMGB1,CTNNB1,RHOJ
HMGB1,DNM2,DNM3
HMGB1,LARP7,PRPF3,ZGPAT
HMGB1,COIL,LNX1,GPR142
HMGB1,HMGB2,RPS21,CLCA2
HMGB1,AGER,S100A4,WDFY3
HMGB1,AGER,S100A4,WDFY3
HMGB1,BCAR1,SPTAN1,SPTBN5
HMGB1,AGER,FGFR1,HTR1A
HMGB1,MAP2K1
HMGB1,LARP7,FLNA,PHLDB2
HMGB1,VCP,LRIG1
HMGB1,TXN,ALDH3A1
HMGB1,NTRK1,MYO6
HMGB1,CTNNB1,RND1
HMGB1,PRKCZ,PSEN1,TMBIM6
HMGB1,CTNNB1,MPDZ,OR1D2
HMGB1,HSPA8,PXN,PARVB
HMGB1,TLR4,TRAF6,EDA2R
HMGB1,CDK1,FYN,SLC4A8
HMGB1,LARP7,EEF1A2,SLC13A5
HMGB1,ZNF24,PICK1,ASIC2
HMGB1,TLE5,MEOX2,RECK
HMGB1,POTEE,PLEKHA7,ADA,ATRN
HMGB1,BIRC3,UBE2D3
HMGB1,NTRK1,CTNND1
HMGB1,HSPA8,AP2M1
HMGB1,YY1,ARRB1,NTSR1
HMGB1,TERF2IP,ARL4C
HMGB1,DDX23,RRP12
HMGB1,MAP2K1,ARRB2,GPR55
HMGB1,HSPA8,ZBTB18,EEPD1
HMGB1,HSPA8,SGTA,CDH15
HMGB1,MYC,HLA-F
HMGB1,SRSF3,S100A9,NCF2
HMGB1,KLF8,BCORL1
HMGB1,AGER,FGFR1,HTR1A
HMGB1,PLG,F2R
HMGB1,AGER,KRAS,ACTR10,SLC17A2
HMGB1,HOXD3,ITGA5,CD81
HMGB1,HOXB3,FBLN5,MAGEA3,CPNE1
HMGB1,BCAR1,PTPRH
HMGB1,MAP2K1,PTPN11,CD84
HMGB1,RAC1,CXCR4,AVPR1A
HMGB1,CDK1,DDX3X
HMGB1,CDK2,REL,SLC6A12
HMGB1,MAP3K7,IL17RA,IL17RE
HMGB1,HSPA8,HDAC3
HMGB1,CDK1,PRC1,PDZD2
HMGB1,CDK1,DLG1,CACNG2
HMGB1,CDK1,DLG1,CACNG2
HMGB1,KRT7,CFTR,CLCA1
HMGB1,PRNP,APLP1,CNTN5
HMGB1,HSPA8,GAPDH,SLC4A3
HMGB1,NTRK1,AP2A1
HMGB1,CDK2,HRAS,RGS12
HMGB1,DNM2,GJB2,CNST
HMGB1,RAC1,STX4
HMGB1,ZNF24,PICK1,ASIC2
HMGB1,DNM2,STX19
HMGB1,RAC1,GMIP
HMGB1,CDK1,BAG3,PRRG2
HMGB1,ATP2A1,CHP1,SLC9A2
HMGB1,SMARCA2,ACTC1,NEXN
HMGB1,HSPA5,APBB1
HMGB1,CDK1,UCHL1,ADRA2B
HMGB1,C1QBP
HMGB1,HSPA8,CUL3,LRFN2
HMGB1,NTRK1,GAA
HMGB1,DLAT,TGOLN2,SNX30
HMGB1,TLR4,SRC,EFNA5
HMGB1,NTRK1,PTPRF,LRTM1,SLC39A11
HMGB1,CENPA,DNMT3A,PCDHA4
HMGB1,MAP2K1,PLAU
HMGB1,CTNNB1,CORO1B
HMGB1,CDK2,ATP2A3,SLC26A4
HMGB1,CTNNB1,BOC
HMGB1,CDK1,AURKA,IFNLR1
HMGB1,HOXB1,NR3C1,CLPTM1L,SYNGR1
HMGB1,PRKCZ,TIAM1
HMGB1,RAC1,SLC7A1
HMGB1,RAC1,ARHGAP5
HMGB1,CTNNB1,FHIT
HMGB1,TLR4,TRAF6,EDA2R
HMGB1,HUWE1,EPB41L3
HMGB1,MAP2K1,ARRB2,GPR55
HMGB1,MAP2K1,PTPN11,CD84
HMGB1,CDK1,PPP1CC,PDE6B
HMGB1,CDK2,HRAS,RGS12,SLC6A20
HMGB1,RAC1,VANGL1
HMGB1,CDK1,KPRP,KRTAP4-2,SLC43A2
HMGB1,CDK1,ROR2
HMGB1,LARP7,HSPA2,DXO
HMGB1,NTRK1,GNB1,MC2R
HMGB1,LARP7,RANBP9
HMGB1,RAC1,JAG1
HMGB1,HSPA5,ASTL
HMGB1,NTRK1,GNAS,RIC8B
HMGB1,CDK1,JAK3,IL7R
HMGB1,SMARCA2,YAP1,PIEZO2
HMGB1,CDK1,KRT18,PSTPIP2
HMGB1,TLR4,TRAF6,EDA2R
HMGB1,WDR76,PICALM,ATP8B3
HMGB1,CDK1,FZR1,RGS11
HMGB1,CBX3,ZMYM2,C8A
HMGB1,LARP7,SRPK2,CHRNA5
HMGB1,TLE1,TBX20,SLC19A2
HMGB1,HSPA5,ITM2C
HMGB1,LARP7,HNRNPH1,SCUBE3
HMGB1,SRSF1,SNAP23
HMGB1,NTRK1,RAB11A,ATP11B
HMGB1,CDK1,ODF2,TJP2
HMGB1,MAP3K7,SKIL,PLCD3
HMGB1,AGER,FGFR1,HTR1A
HMGB1,NTRK1,GNB1,MC2R
HMGB1,HSPA5,AMFR,OR4N2
HMGB1,CDK1,ABI1,EPS8L2
HMGB1,PRNP,COMT
HMGB1,HSPA8,HCFC2
HMGB1,CTNNB1,CTNNA3,CDH24
HMGB1,KLF8,ST13,F2
HMGB1,RAC1,RAB5C,RAB3GAP2
HMGB1,TLR4,TBK1,NEDD9
HMGB1,PDIA3,PAK2
HMGB1,LARP7,EEF1A2,SLC13A5
HMGB1,PRKCZ,PRKACB
HMGB1,HOXB1,NR3C1,CLPTM1L,CNGB1
HMGB1,DNM2,SH3GL1,ADRB3
HMGB1,RAC1,TMX1,TMEM179B
HMGB1,RAC1,OLR1
HMGB1,SMARCA2,MDM2,SLC14A2
HMGB1,TLR4,BTK,GP6
HMGB1,CDK1,NINL,RPGRIP1L
HMGB1,HSPA8,BMX
HMGB1,CDK1,IL16
HMGB1,NTRK1,PTPRC,CD1D
HMGB1,SMARCA2,SDCBP,FZD3
HMGB1,SMARCA2,GSK3B,ACSBG1
HMGB1,TAX1BP1,PLPP4
HMGB1,NTRK1,GNAI3,RGS8
HMGB1,FOS,BCL3
HMGB1,PRNP,DMD
HMGB1,CTNNB1,HIC1,VLDLR
HMGB1,HSPA5,APBB1,SLAMF7
HMGB1,TLR4,SRC,EFNA5
HMGB1,MAPK1,SCNN1B
HMGB1,HMGB2,SAMM50,SLC2A8
HMGB1,HTT,SLC1A2
HMGB1,YY1,F9
HMGB1,TLR4,SYK,CSF3R
HMGB1,RELA,DAPP1
HMGB1,CDK1,ARF6,PCDHGB1
HMGB1,CTNNB1,AXIN2
HMGB1,CDK1,JAK3
HMGB1,PRNP,TXNDC12,GABRQ
HMGB1,HSPA8,AKT1,THEM4
HMGB1,DNM2,RAB7A,ERLIN2
HMGB1,LARP7,EEF1A2,SLC13A5
HMGB1,SMARCA2,SDCBP,FZD3
HMGB1,NTRK1,LPCAT1
HMGB1,CDK1,NME1,STRAP,PTCH2
HMGB1,MAP2K1,HSCB,MLEC
HMGB1,MAPK1,CAPN2
HMGB1,RAC1,USH1C
HMGB1,PRKCZ,PSEN1,TMBIM6
HMGB1,CDK1,FYN,SLC4A8
HMGB1,RAC1,SLC30A1
HMGB1,CDK1,PRC1,PDZD2
HMGB1,CBX3,PRKG1,PDE5A,GPM6B
HMGB1,HSPA5,LGR4,SLC27A1
HMGB1,CDK2,HRAS
HMGB1,CDK1,ECT2,GNAL
HMGB1,PRKCZ,GRB14
HMGB1,UBE2N,CHMP4C
HMGB1,NTRK1,NGFR
HMGB1,DNM2,CD2AP,ARHGAP18
HMGB1,CDK1,GATA2,NOTCH2NLA,CHRNG
HMGB1,SMARCA2,GSK3B,ACSBG1
HMGB1,TLR4,TRAF6,EDA2R
HMGB1,UBE2N,EPM2A
HMGB1,NTRK1,GOPC,CERCAM
HMGB1,RBFOX3,KIF20A,C4BPA
HMGB1,HSPA8,GNA13,GNG3
HMGB1,NFKB1,ABCC2
HMGB1,TP53,S100A16
HMGB1,HSPA8,CYP2W1
HMGB1,CDK1,BAG3,PRRG2
HMGB1,CDK1,ARF6,PCDHGB1
HMGB1,CDK2,CDH1,ITGA6
HMGB1,LARP7,EEF1A2,SLC13A5
HMGB1,CTNNB1,PKP2
HMGB1,TLR4,SRC,EFNA5
HMGB1,CTNNB1,EPHA5
HMGB1,CDK1,ODF2,TJP2
HMGB1,MAP3K7,CALM3,SCTR
HMGB1,CDK1,MATR3,MYOF
HMGB1,KLF8,HBB,HBM,ABCA5
HMGB1,AGER,FGFR1,HTR1A
HMGB1,RAC1,FMN2
HMGB1,KLF8,SOX5,SOX11
HMGB1,CDK1,DLG1,CACNG2
HMGB1,CDK1,JAK3,IL7R,TSLP,CRLF2
HMGB1,CDK2,EEF2
HMGB1,PLAT,CD4
HMGB1,NTRK1,AGK,SLC39A14
HMGB1,RAC1,COBL
HMGB1,MAPK1,RALB
HMGB1,HOXC6,TGFB1,PTCH1
HMGB1,RAC1,SCFD1
HMGB1,HSPA5,PRSS21
HMGB1,VCP,TDP1
HMGB1,CDK1,COPS5,SHISA5,TVP23B,YIPF1
HMGB1,MAP3K7,CALM3,SCTR,CSPG5
HMGB1,MAP2K1,HSCB,MLEC
HMGB1,RAC1,FLNB
HMGB1,HOXC6,TGFB1,PTCH1
HMGB1,MAP3K7,CYLD
HMGB1,CDK2,HSP90B1,LDLR
HMGB1,IFITM3,AQP3
HMGB1,MAP2K1,RHOF
HMGB1,NTRK1,ENO2
HMGB1,HSPA8,PARD3,JAM3,JAM2
HMGB1,CDK1,DLG1,CACNG2
HMGB1,ATP5IF1,SH2D3C,ADK
HMGB1,TLR4,TRAF3,TNFRSF17
HMGB1,COIL,RHOBTB1
HMGB1,CDK2,CDH1,ITGA6
HMGB1,HTT,PPL
HMGB1,MAP3K7,PLEKHG4B
HMGB1,CDK1,DLG1,CACNG2
HMGB1,CDK1,RAB5B
HMGB1,CDK2,HRAS,RGS12,SLC6A19
HMGB1,TLR4,SRC
HMGB1,DDX23,DISC1,PRTG
HMGB1,HSPA8,CEP250,ENTHD1
HMGB1,AGER,S100A4,WDFY3
HMGB1,SMARCA2,TERT
HMGB1,RAC1,ARF5
HMGB1,TLE5,MEOX2,RECK
HMGB1,MAP3K7,CDH23,PCDH15,LHFPL5
HMGB1,ATP2A1,ITM2B
HMGB1,TLR4,SRC,EFNA5
HMGB1,CBX3,POLD3,HLA-DQB1
HMGB1,KLF8,CTBP2,TSHZ3
HMGB1,TERF2IP,AP2B1,LDLRAP1
HMGB1,NTRK1,GNB1,MC2R
HMGB1,TLR4,SYK,CSF3R
HMGB1,AGER,FGFR1,HTR1A
HMGB1,CBX3,CHD8,MAFG,BTN1A1
HMGB1,MAP2K1,HSCB,MLEC
HMGB1,PRNP,DLG4,FZD4
HMGB1,NTRK1,PTPRR
HMGB1,HSPA8,KCND2
HMGB1,LARP7,EEF1A2,SLC13A5
HMGB1,YY1,PIP4K2A
HMGB1,MAP3K7,TNF,ZAN
HMGB1,RAC1,DMPK
HMGB1,CDK2,TLN1
HMGB1,TLR4,TBK1,NEDD9
HMGB1,NTRK1,PTPRG,CNTN3
HMGB1,CDK2,HRAS,RGS12
HMGB1,CDK1,ATP2A2,PGRMC1
HMGB1,LARP7,CCNT2
HMGB1,MAPK1,GABRR1
HMGB1,HNF1A,CDH17
HMGB1,HSPA8,HLA-DRB1,PRF1
HMGB1,POTEE,ANLN,RTN4RL2
HMGB1,MAPK1,CIITA,HLA-DOA
HMGB1,YY1,NEDD4L,SLC22A11
HMGB1,TLR4,SRC,EFNA5
HMGB1,CDK1,IQGAP1
HMGB1,DNM2,AMIGO1,PROM2
HMGB1,RAC1,ATP13A1,SLC10A6
HMGB1,TLR4,SRC,EFNA5
HMGB1,CDK2,CSTA,CTSF
HMGB1,CDK1,EXO1,SLC46A1
HMGB1,NTRK1,GNB1,MC2R
HMGB1,KLF8,SOX5,SOX11
HMGB1,KRT7,COG3
HMGB1,UBE2N,MYLIP
HMGB1,CTNNB1,LRP6,WNT3
HMGB1,TLR4,SRC,EFNA5
HMGB1,RAC1,CXCR4,AVPR1A
HMGB1,CTNNB1,RAE1,KLRK1,RAET1L
HMGB1,ATP2A1,CHP1,SLC9A2
HMGB1,EP300,ZYX
HMGB1,RAC1,PLEKHG4
HMGB1,XPC,UBC,PHPT1
HMGB1,NTRK1,GNAS
HMGB1,CDK1,ABI1,EPS8L2
HMGB1,HSPA8,DIRAS2
HMGB1,MAPK1,MAFA
HMGB1,RAC1,ARHGEF25
HMGB1,TLE5,MEOX2,RECK
HMGB1,CDK2,LRRK2,LMF2,CNNM1
HMGB1,CDK1,ABI1,EPS8L2
HMGB1,CDK1,FOXO1,TRIM47,MC3R
HMGB1,ATP5IF1,SH2D3C,ADK
HMGB1,KLF8,MRPS18B,TRARG1
HMGB1,DNM2,CD2AP,ARHGAP18
HMGB1,PLG,S100A10
HMGB1,RAC1,MFF,RHBDL1
HMGB1,HSPA8,LRFN4
HMGB1,CDK1,CSK
HMGB1,TLR4,SRC,EFNA5
HMGB1,CDK1,RAF1,MRAS
HMGB1,HOXC6,TGFB1,PTCH1
HMGB1,HTT,TMTC1,JPH2
HMGB1,XPC,UBC,PHPT1
HMGB1,CDK2,RACK1,ACHE
HMGB1,RBFOX3,TARDBP,PRRC2A
HMGB1,MAP2K1,BMPR1A
HMGB1,PRKCZ,NUMB
HMGB1,CDK1,CC2D1A
HMGB1,PRKCZ,PSEN1,TMBIM6
HMGB1,NTRK1,GNAI3,RGS8
HMGB1,DNM2,RAB7A,ERLIN2
HMGB1,POTEE,WDR1
HMGB1,CDK2,HSP90B1,LDLR
HMGB1,CDK1,EPN1,EHD2
HMGB1,AGER,FGFR1,HTR1A
HMGB1,TLR4,SYK,CSF3R
HMGB1,TLR4,SRC,EFNA5
HMGB1,RAC1,ARHGEF40
HMGB1,MAP3K7,MDH2,BLVRB
HMGB1,DNM2,MYO1C
HMGB1,DNM2,DRD2,TRPC5
HMGB1,TLR4,TBK1,NEDD9
HMGB1,DNM2,MAVS,SERINC5
HMGB1,SRSF1,FABP5
HMGB1,NTRK1,ANK2
HMGB1,CTNNB1,RND3,SEMA4F
HMGB1,LARP7,SRPK2,CHRNA5
HMGB1,TLR4,PPP4C
HMGB1,SRSF3,MAPT
HMGB1,EP300,CD2
HMGB1,CDK1,FYN
HMGB1,HSPA8,CSNK1D
HMGB1,TLR4,SYK,CSF3R
HMGB1,XPC,UBC,PHPT1
HMGB1,CDK2,ATP2A3,SLC26A4
HMGB1,H3C1,STAG1
HMGB1,POTEE,RAC2
HMGB1,MAP3K7,VRK2,CACNG7
HMGB1,HSPA8,AXL,TREML2
HMGB1,RIPK4,HAVCR2,TSPAN7
HMGB1,UBE2I,PDZK1
HMGB1,TLR4,MYD88
HMGB1,VCP,VIL1
HMGB1,HSPA8,DNAJC13
HMGB1,MAPK1,TIAL1,AOC1
HMGB1,CTNNB1,AFDN
HMGB1,NFKB1,PLS3
HMGB1,RIPK4,TRAF7
HMGB1,HDAC4,DCLK1
HMGB1,CDK2,ATP2A3,SLC26A4
HMGB1,CDK1,CDK7
HMGB1,PPTC7,GNB2,RGS6
HMGB1,DNM2,BSG,SLC16A13
HMGB1,NTRK1,ATP7A
HMGB1,MAP2K1,ERBB2,DDR1
HMGB1,NTRK1,GNB1,MC2R
HMGB1,CTNNB1,CDH9
HMGB1,MAP2K1,BMPR1A,IGDCC4
HMGB1,NTRK1,ATP1A3
HMGB1,SMARCA2,SDCBP,FZD3
HMGB1,MYLK4,ATP1A1
HMGB1,TLR4,SRC,EFNA5
HMGB1,H4C6,ATP1A4
HMGB1,HMGB2,RPS15,ATP6V1D
HMGB1,AGER,FGFR1,HTR1A
HMGB1,CDK1,ATP2A2,PGRMC1,CYP2C8
HMGB1,CDK1,BAG3,PRRG2
HMGB1,WDR76,EGFL7,ADAM21
HMGB1,UBE2N,ZNRF3
HMGB1,SMARCA2,MDM2
HMGB1,DNM2,FNBP1L
HMGB1,HSPA8,BTF3
HMGB1,CDK1,PTPN6,LILRB4
HMGB1,NTRK1,ATP12A,FXYD6
HMGB1,VCP,MGST3,AQP10
HMGB1,HSPA8,AKT1,THEM4
HMGB1,TLR4,TBK1,NEDD9
HMGB1,LARP7,HNRNPH1,SCUBE3
HMGB1,PRNP,SGIP1
HMGB1,LARP7,SLC25A4
HMGB1,CDK1,PTPN1,MUSK
HMGB1,HDAC1,FSHR
HMGB1,HMGB2,PRKCB,DRD3
HMGB1,MYC,NPR1
HMGB1,CDK1,PRDX1,RAB4B
HMGB1,CDK1,NINL,RPGRIP1L
HMGB1,PLG,CCR1
HMGB1,RBFOX3,KIF20A,C4BPA
HMGB1,HOXB1,NR3C1,CLPTM1L,UGT8
HMGB1,PDIA3,NHLRC2,ITGAX
HMGB1,PRNP,NOS1
HMGB1,RAC1,STX6,ABCA6,ABCA8
HMGB1,TLR4,SRC,EFNA5
HMGB1,PLAT,CD4,CD82
HMGB1,HTT,EPB41L1
HMGB1,PDIA3,DNAJC5,SLC32A1
HMGB1,SMARCA2,YAP1,PIEZO2
HMGB1,CTNNB1,RHOQ
HMGB1,SMARCA2,YAP1,PIEZO2
HMGB1,TLR4,TRAF6
HMGB1,HSPA5,TMTC3,CHRND
HMGB1,DNM2,BSG
HMGB1,TERF2IP,PRX,DRP2
HMGB1,CBX3,PRDM10,CHMP6
HMGB1,CDK2,ATP2A3,SLC26A4
HMGB1,CDK2,CORO1C,PHKB
HMGB1,MAP2K1,ARRB2,GPR55
HMGB1,CDK1,BAG3,PRRG2
HMGB1,HTT,STX1B
HMGB1,LARP7,KRT19,ARL4A
HMGB1,FN1,ITIH4
HMGB1,CDK2,ATP2A3,SLC26A4
HMGB1,FN1,APOA1
HMGB1,KRT7,CFTR,CLCA1
HMGB1,CDK2,HRAS,RGS12
HMGB1,FN1,FGG
HMGB1,RAC1,RAB5C,RAB3GAP2
HMGB1,CDK2,HRAS,RGS12
HMGB1,HSPA5,PLD6,CHRNA3
HMGB1,CDK1,SIRT2
HMGB1,MAP3K7,TRAF2,TMC8
HMGB1,CDK1,DLG1,CACNG2
HMGB1,PRNP,ACTN1
HMGB1,HMGB2,PRKCB,DRD3
HMGB1,CDK2,CDH1,ITGA6
HMGB1,RAC1,GEM
HMGB1,CENPA,ASF1B,CDAN1
HMGB1,VCP,KARS1
HMGB1,CDK1,BAG3,PRRG2
HMGB1,CBX3,STAG2,SIGLECL1
HMGB1,CDK2,ATP2A3,SLC26A4
HMGB1,MAP2K1,ARRB2,GPR55
HMGB1,LARP7,EEF1A2,SLC13A5
HMGB1,CDK2,PODXL,SELL
HMGB1,HSPA5,AMFR,OR4N2
HMGB1,MAP3K7,VRK2,CACNG7
HMGB1,TLR4,TRAF3,TNFRSF17
HMGB1,HSPA8,CUL3,LRFN2
HMGB1,CDK1,KRT18,PSTPIP2
HMGB1,MAP3K7,CANX,ATP11C
HMGB1,HMGB2,FBXO7,FGF10
HMGB1,TLR4,SRC,EFNA5
HMGB1,CDK1,NUP98,NUP35
HMGB1,RAC1,STXBP3
HMGB1,CDK1,ATP2A2,PGRMC1
HMGB1,RAC1,RAB9A
HMGB1,PDIA3,CLU,LRP1B
HMGB1,HSPA8,OSBPL7
HMGB1,AGER,KRAS,ACTR10,STS
HMGB1,NTRK1,NIBAN2
HMGB1,CDK2,UBB,SLC14A1
HMGB1,RBFOX3,TARDBP,PRRC2A
HMGB1,CDK1,FZR1,RGS11
HMGB1,MAP3K7,TRAF2,TMC8
HMGB1,MAP2K1,TGFBR2,MYADM
HMGB1,CDK1,TOP2A,PRKCG
HMGB1,CREBBP,HIPK3
HMGB1,C1QA,WNT5A,WLS
HMGB1,HSPA5,PCDHA10
HMGB1,HMGB2,PRKCB,DRD3
HMGB1,TLR4,SRC,EFNA5
HMGB1,NTRK1,ABCC3
HMGB1,CCNDBP1,NAIF1
HMGB1,MECP2,CRH,CRHR2
HMGB1,TLR4,TRAF6,EDA2R
HMGB1,UBE2I,STX1A
HMGB1,NTRK1,GNB1,MC2R
HMGB1,CDK2,PGR
HMGB1,CDK1,NUP98,NUP35
HMGB1,CDK2,GRK2
HMGB1,CBX3,BRD2,SPAM1
HMGB1,TLR4,SRC,EFNA5
HMGB1,HSPA8,AGPAT3
HMGB1,PRKCZ,LLGL1
HMGB1,CDK1,UCHL1,ADRA2B
HMGB1,TLR4,SRC,EFNA5
HMGB1,TLR4,HSPD1,LARS2,AMACR
HMGB1,MAPK1,MPP2
HMGB1,CDK2,NTNG1,MUC5B
HMGB1,TLR4,TBK1,NEDD9
HMGB1,RPS6,CCDC124
HMGB1,MAP3K7,DAAM1
HMGB1,RAC1,PREX2
HMGB1,HSPA8,MCM7,TRIM16
HMGB1,DNM2,SH3KBP1
HMGB1,MAPK1,LIFR
HMGB1,CDK1,TOB2,CPEB3
HMGB1,CTNNB1,EPHB2,PLA2G4C
HMGB1,MAP3K7,MIB2
HMGB1,CDK2,CDH1,ITGA6
HMGB1,CDK1,ABI1,EPS8L2
HMGB1,SMARCA2,SDCBP,FZD3
HMGB1,HSPA8,COPE,SLC35A1
HMGB1,MAP2K1,TGFBR2
HMGB1,MAP2K1,ARRB2,GPR55,LRP12,NMRK2
HMGB1,H3C1,ZNF691,FPGT,NLN
HMGB1,LARP7,LSM2,DNAAF11,NAA35
HMGB1,DNM2,FNBP1
HMGB1,HSPA8,VPS4B
HMGB1,RELA,GPC4
HMGB1,DNM2,OCLN
HMGB1,HSPA8,PXN
HMGB1,TLR4,SYK,CSF3R
HMGB1,SRSF3,TRA2B,PCDHB14
HMGB1,SMARCA2,GSK3B,ACSBG1
HMGB1,TLR4,SRC,EFNA5
HMGB1,RAC1,CLDN3
HMGB1,ATP2A1,ENTPD2
HMGB1,NTRK1,INPPL1,SLC1A1
HMGB1,CDK1,ODF2,TJP2
HMGB1,HTT,TXNDC11,DUOX2
HMGB1,RAC1,LRRC8A
HMGB1,TLR4,SRC,EFNA5
HMGB1,TP53,ANKRD2,FCMR
HMGB1,TLR4,TRAF6,EDA2R
HMGB1,CDK2,ATP2A3,SLC26A4
HMGB1,HOXC6,TGFB1,PTCH1
HMGB1,CDK2,RRAS2
HMGB1,HMGB2,SAMM50,SLC2A8
HMGB1,LARP7,TRIP13,CFP,NCR1
HMGB1,SMARCA2,SDCBP,FZD3
HMGB1,CDK1,CCDC8
HMGB1,CDK1,CCT7,RFPL1,CD40LG
HMGB1,CDK1,FYN,SLC4A8,TYROBP,TREM1
HMGB1,LARP7,PRPF3,ZGPAT
HMGB1,MAP2K1,LAMTOR2
HMGB1,CDK1,AURKA,IFNLR1
HMGB1,MAP3K7,LMBR1L
HMGB1,RAC1,RAPH1
HMGB1,HUWE1,RTN4
HMGB1,NTRK1,GNB1,MC2R
HMGB1,SMARCA2,SDCBP,FZD3
HMGB1,BCAR1,FMNL3
HMGB1,CTNNB1,LRP5,CAPRIN2
HMGB1,CDK1,SAMHD1
HMGB1,NTRK1,CAV1
HMGB1,NTRK1,GNB1,MC2R
HMGB1,RAC1,RELT
HMGB1,RELA,TRIP6
HMGB1,KLF8,MRPS18B,TRARG1
HMGB1,PTPRZ1,PTN
HMGB1,HSPA8,AKT1,THEM4
HMGB1,C1QA,NLGN3
HMGB1,TLR4,SRC,EFNA5
HMGB1,CCNDBP1,IMP3
HMGB1,ATP5IF1,SH2D3C,ADK
HMGB1,NTRK1,LPCAT2
HMGB1,NTRK1,NCSTN
HMGB1,CDK1,FYN,SLC4A8
HMGB1,RELA,B2M,MR1
HMGB1,HSPA8,KCND2,KCNIP1
HMGB1,MAP3K7,CDH23,PCDH15
HMGB1,LARP7,DCTN2,MARCKSL1
HMGB1,TLR4,TRAF6,EDA2R
HMGB1,MAP3K7,FYB1
HMGB1,LARP7,EEF1A2,SLC13A5
HMGB1,TP53,IL6,IL6R
HMGB1,CDK1,BAG3,PRRG2
HMGB1,CDK1,FYN,SLC4A8
HMGB1,DNM2,MAVS,SERINC5
HMGB1,PDIA3,CAPN1,CAPNS2
HMGB1,AGER,EGFR,STIL,SLC16A2
HMGB1,MAP3K7,OPTN,KHNYN,NTRK3
HMGB1,CTNNB1,MPDZ
HMGB1,CBX3,LIN54,SPINT2
HMGB1,CDK1,BAG3,PRRG2
HMGB1,NTRK1,PLXNA4
HMGB1,PTPN2,TMED10
HMGB1,MAP3K7,ENO1
HMGB1,RAC1,YKT6
HMGB1,SRSF3,S100A9,NCF2
HMGB1,PLG,PLGRKT
HMGB1,CDK1,PTPN6,LILRB4
HMGB1,CDK2,INSR
HMGB1,CTNNB1,LRP5,CAPRIN2
HMGB1,LARP7,EEF1A2,SLC13A5
HMGB1,RAC1,DOCK3
HMGB1,LARP7,TRIM21,TRPM2
HMGB1,RELA,NOD2
HMGB1,HOXD3,ITGA5,CD81
HMGB1,CDK1,PRKAR2A,PALM2AKAP2
HMGB1,RPS6,METAP2
HMGB1,PTPRZ1,PIK3CD
HMGB1,GTF2A1,ATP6V1C1
HMGB1,SMARCA2,MDM2,SLC14A2
HMGB1,HSPA5,ISLR,GPC3
HMGB1,LARP7,SRPK1
HMGB1,CCNDBP1,CDKN2A,VAMP1
HMGB1,YY1,NEDD4L,SLC22A11
HMGB1,UBE2N,HERC2
HMGB1,PRNP,PPP3CB
HMGB1,MYCN,DSC1,CDSN
HMGB1,AGER,FPR2,SLC29A1
HMGB1,PLAT,SERPINB6
HMGB1,KRT7,PHLPP1
HMGB1,LARP7,HNRNPH1,SCUBE3
HMGB1,HSPA8,JAK2
HMGB1,CDK1,PPP1CC,PDE6B
HMGB1,CDK1,RPS3
HMGB1,CDK1,SREBF1,ENDOD1,SLC31A2
HMGB1,LARP7,OASL,TMEM63B
HMGB1,KRT7,CFTR,CLCA1
HMGB1,MYC,SLC7A4
HMGB1,CDK2,NTNG1,MUC5B
HMGB1,HSPA5,PRDM16,BTBD17
HMGB1,EIF1,CD74
HMGB1,YY1,NEDD4L,SLC22A11
HMGB1,DDX23,CERK
HMGB1,MAP2K1,ARRB2,GPR55
HMGB1,HSPA8,SH2D3A,GSDMA
HMGB1,TLR4,SRC,EFNA5
HMGB1,NTRK1,GOPC,CERCAM,CNGA4
HMGB1,RELA,B2M,MR1
HMGB1,CTNNB1,PKP3
HMGB1,HSPA8,HLA-DRB1,PRF1
HMGB1,DNM2,GJB2
HMGB1,LARP7,DCTN2,MARCKSL1
HMGB1,HSPA8,COP1,PNPLA2
HMGB1,TERF2IP,DBNL
HMGB1,SMARCA2,GSK3B,ACSBG1
HMGB1,BCAR1,BAIAP2L1
HMGB1,LARP7,HSPA2,DXO
HMGB1,TLR4,SRC,EFNA5
HMGB1,CDK1,EPN1
HMGB1,AGER,FGFR1,HTR1A
HMGB1,DNM2,RAB7A,ERLIN2
HMGB1,HSPA8,ILK
HMGB1,CDK1,JAK3,IL7R
HMGB1,MAP3K7,CANX,ATP11C
HMGB1,HTT,OPCML
HMGB1,TLR4,TBK1,NEDD9
HMGB1,CDK1,PTPN6,LILRB4
HMGB1,DNM2,AMIGO1,PROM2
HMGB1,NTRK1
HMGB1,AGER,EGFR,STIL,LY86,CD180
HMGB1,ZNF24,PICK1,ASIC2
HMGB1,NTRK1,SOS1
HMGB1,PRKCZ,ADD2
HMGB1,HTT,SLC6A1
HMGB1,TLR4,F2RL1
HMGB1,CDK1,PLEKHA4,MTERF4,HAUS7
HMGB1,RAC1,SLC7A11
HMGB1,MYC,HLA-C
HMGB1,TLR4,SRC,EFNA5
HMGB1,HOXC6,TGFB1,PTCH1
HMGB1,HTT,GFAP,KCNF1
HMGB1,TLR4,SIGIRR
HMGB1,HSPA5,DHH,HHIP
HMGB1,NTRK1,PTPRC
HMGB1,HSPA8,CEMIP,CFC1
HMGB1,TERF2IP,RIF1
HMGB1,MAP3K7,SKIL,PLCD3
HMGB1,RAC1,KIF14,RAB3D
HMGB1,CDK1,PTPN6,LILRB4
HMGB1,HSPA5,ERN1,PCDHGB5
HMGB1,RAC1,OSBPL3
HMGB1,AGER,FGFR1,HTR1A
HMGB1,UBE2N,MERTK
HMGB1,YY1,ARRB1,NTSR1
HMGB1,CDK1,FZR1,RGS11
HMGB1,SMARCA2,GSK3B,ACSBG1
HMGB1,PRKCZ,PRKACA,PCSK7,DUOXA1
HMGB1,XPC,UBC,PHPT1
HMGB1,LARP7,CEP192,PCDHB15
HMGB1,HSPA5,DHH
HMGB1,CDK1,DLG1,CACNG2
HMGB1,CBX3,ATRX,XKRX
HMGB1,CDK1,ARF6,PCDHGB1
HMGB1,CDK2,HRAS,RGS12
HMGB1,HOXB1,SEL1L3,UPK2
HMGB1,HSPA8,SGTA,CDH15
HMGB1,HSPA8,RASA1
HMGB1,PDIA3,NHLRC2,ITGAX
HMGB1,TLR2,ACVR2A
HMGB1,CDK1,PPP1CC,PDE6B
HMGB1,KLF8,MRPS18B,TRARG1
HMGB1,CDK2,REL,SLC6A12
HMGB1,XPC,UBC,PHPT1
HMGB1,CTNNB1,MAGI3
HMGB1,KRT7,CFTR,CLCA1
HMGB1,CDK2,NTNG1,MUC5B
HMGB1,KLF8,MRPS18B,TRARG1
HMGB1,NTRK1,PTPRF
HMGB1,CDK1,FANCG
HMGB1,CDK1,RAF1,MRAS
HMGB1,CDK1,JAK3,IL7R
HMGB1,RAC1,PAK3
HMGB1,LARP7,FLG
HMGB1,TLR4,UBQLN1,FGF7,CDHR3
HMGB1,HSPA8,AQP2
HMGB1,DNM2,AMPH
HMGB1,HSPA5,LRRC32,ERVMER34-1
HMGB1,CDK1,NINL,RPGRIP1L
HMGB1,DNM2,PIK3R1
HMGB1,CDK1,DLG1,CACNG2
HMGB1,CTNNB1,EPHA8
HMGB1,LARP7,SCN1A,SCN1B
HMGB1,AGER,S100A4,WDFY3
HMGB1,KLF8,MRPS18B,TRARG1
HMGB1,HOXB1,NR3C1,CLPTM1L,HYAL3
HMGB1,NTRK1,ITGB1,ITGA8
HMGB1,CDK2,CSTA,CTSF
HMGB1,CDK2,HRAS,RGS12
HMGB1,RAC1,MCF2L
HMGB1,HOXC6,IGF1R
HMGB1,KLF8,NEDD4
HMGB1,CENPA,GTF3C2,RASGEF1A
HMGB1,RAC1,RAB5C,RAB3GAP2
HMGB1,CDK2,EIF4A3,CLNS1A
HMGB1,AGER,S100P,TEAD3,SLC12A4
HMGB1,HDAC4,EFEMP2,SLC16A5
HMGB1,RELA,APBA2
HMGB1,CDK1,JAK3,IL7R
HMGB1,HOXC6,TGFB1,PTCH1
HMGB1,LHX4,ZNF354C,CBLIF,CUBN
HMGB1,HSPA8,HLA-DRB1,PRF1
HMGB1,RBFOX3,KIF20A,C4BPA
HMGB1,HSPA8,HLA-DRB1,PRF1
HMGB1,C1QA,NLGN3,PSG4
HMGB1,CDK2,AHNAK
HMGB1,MAP3K7,PDPK1
HMGB1,RAC1,CARMIL2
HMGB1,CDK2,SYNPO
HMGB1,CDK1,AURKA,IFNLR1
HMGB1,HSPA8,SNX1,TMEM87A
HMGB1,MAP3K7,CARD11
HMGB1,PDIA3,GRN
HMGB1,CTNNB1,MYO1B
HMGB1,NTRK1,PTK7
HMGB1,BCAR1,CASK
HMGB1,MAPK1,PTPN5,CLEC4G
HMGB1,CDK1,ECT2,GNAL
HMGB1,HDAC4,EFEMP2,SLC16A5
HMGB1,RAC1,PKN2
HMGB1,UBE2E3,ARRDC1
HMGB1,CTNNB1,PPM1A
HMGB1,CTNNB1,DLGAP1
HMGB1,HMGB2,PRKCB,DRD3
HMGB1,CDK1,ECT2,GNAL
HMGB1,CTNNB1,TYRO3
HMGB1,SMARCA2,RAP1A,RAPGEF3
HMGB1,CBX3,DAXX,CHMP3
HMGB1,TLR4,SRC,EFNA5
HMGB1,NTRK1,GNB1,MC2R
HMGB1,CDK2,CDH1,ITGA6
HMGB1,HSPA8,KIF5B,TRAK2
HMGB1,POTEE,PLEKHA7,ADA
HMGB1,HMGB2,PRKCB
HMGB1,POTEE,CHMP4B
HMGB1,MAP2K1,RHOF,ASIC1
HMGB1,UBE2E3,MID2,SYT17
HMGB1,TLR4,TBK1,NEDD9
HMGB1,CDK1,JUP,DSG3
HMGB1,DNM2,ITSN2,GPNMB
HMGB1,CDK1,FGR
HMGB1,NTRK1,GNB1,MC2R
HMGB1,HSPA8,PXN,PARVB
HMGB1,MAP3K7,PCDHA8
HMGB1,NTRK1,ENAH
HMGB1,HOXC6,TGFB1,PTCH1
HMGB1,SMARCA4,PALS2
HMGB1,CDK1,PTPN1,MUSK
HMGB1,TLR4,SRC,EFNA5
HMGB1,CDK1,AURKA,IFNLR1
HMGB1,BCAR1,CDC42BPB
HMGB1,LARP7,MRPL44
HMGB1,CDK1,ATP2A2,PGRMC1
HMGB1,CDK2,HRAS,RGS12
HMGB1,CDK1,BAG3,PRRG2
HMGB1,HSPA5,TNFRSF18
HMGB1,ATP2A1,GOLM1
HMGB1,HSPA8,AKT1,THEM4
HMGB1,HTT,KCNAB2
HMGB1,CDK2,CDH1,ITGA6
HMGB1,MYC,HLA-G,KIR2DL4
HMGB1,HSPA8,HLA-DRB1
HMGB1,CDK2,SND1,MGLL
HMGB1,MAP2K1,ERBB2,DDR1
HMGB1,RAC1,MICAL3
HMGB1,CTNNB1,MYO5B,TBC1D30
HMGB1,HSPA8,DNAJB11,CDHR4
HMGB1,HSPA5,KLK3
HMGB1,LARP7,TUBB8,CACNG8
HMGB1,DYRK2,GAPVD1
HMGB1,LARP7,PRPF3,ZGPAT
HMGB1,PRNP,RAB27B,SYTL3
HMGB1,CDK2,REL,SLC6A12
HMGB1,PDIA3,MELTF
HMGB1,CDK1,DSP
HMGB1,HSPA8,HLA-DRB5
HMGB1,COIL,RHOBTB1,PXDNL
HMGB1,RBFOX3,KIF20A,C4BPA
HMGB1,CDK1,DLG1,CACNG2
HMGB1,CDK2,REL,SLC6A12
HMGB1,DNM2,RAB7A,ERLIN2
HMGB1,TBP,CRCP
HMGB1,TLR4,HSPD1,LARS2,ADGRG6
HMGB1,MAP3K7,CALM3,SCTR
HMGB1,CTNNB1,RAE1,KLRK1,RAET1G
HMGB1,RAC1,ARHGAP21
HMGB1,CBX3,ATE1,GPA33
HMGB1,CDK1,BAG3,PRRG2
HMGB1,KLF8,CTBP2,TSHZ3
HMGB1,BCAR1,COPB1
HMGB1,PRKCZ,NOS3
HMGB1,BIRC3,ANXA2
HMGB1,COIL,LNX1,GPR142
HMGB1,MECP2,RELN
HMGB1,TLR4,SYK,CSF3R
HMGB1,HSPA8,RNF5
HMGB1,AGER,IRAK4,TNFRSF13B
HMGB1,HSPA5,SLC7A8
HMGB1,HSPA8,CUL3,LRFN2
HMGB1,HTT,SIRPA
HMGB1,CDK1,NINL,RPGRIP1L
HMGB1,CTNNB1,RND3,SEMA4F
HMGB1,YY1,AGO2,SLC7A9
HMGB1,CDK1,PLEKHA4
HMGB1,MAP3K7,RAB8A,RAB18
HMGB1,AGER,KRAS,ACTR10,CNGA3,CNGB3
HMGB1,MAP2K1,BMPR1A,IGDCC4
HMGB1,NTRK1,PIK3CB
HMGB1,CTNNB1,LRP2
HMGB1,CDK1,YES1,SLC16A14
HMGB1,RELA,B2M,MR1
HMGB1,CDK1,ODF2,TJP2
HMGB1,CDK1,BAG3,PRRG2
HMGB1,CTNNB1,CDH11
HMGB1,CDK1,ARF6,PCDHGB1
HMGB1,HSPA5,NRROS
HMGB1,MAP3K7,RAB8A,RAB18
HMGB1,RAC1,TMX1,TMEM179B,SLC47A1
HMGB1,HSPA5,APBB1,SLAMF7
HMGB1,CTNNB1,MAGI2,DLGAP3
HMGB1,RIPK4,FTO
HMGB1,CDK2,ACTL6A
HMGB1,DNM2,PIK3R1,GABRA3
HMGB1,POTEE,CALD1
HMGB1,CTNNB1,MPDZ,OR1D2
HMGB1,CDK1,BAG3,PRRG2
HMGB1,PRKCZ,JAK1
HMGB1,CDK2,HRAS,RGS12
HMGB1,PRKCZ,MBP
HMGB1,HSPA5,MAGT1
HMGB1,TP53,PPP1R13B
HMGB1,HSPA8,CSDE1,ARHGEF39
HMGB1,MAP2K1,TRIB3
HMGB1,CTNNB1,CDH5
HMGB1,NTRK1,GOPC,CERCAM
HMGB1,LARP7,CDK18,CA4
HMGB1,HSPA8,COPE,SLC35A1
HMGB1,AGER,FGFR1,HTR1A
HMGB1,UBE2N,MARCHF7
HMGB1,TLR4,MYD88,LRRFIP1
HMGB1,NTRK1,GNB1,MC2R
HMGB1,KLF8,MRPS18B,TRARG1
HMGB1,HSPA8,GNA13,GNG3
HMGB1,RBFOX3,KIF20A,C4BPA
HMGB1,TLR4,SRC,EFNA5
HMGB1,HOXC6,TGFB1,PTCH1
HMGB1,HSPA8,DNAJB11,CDHR4
HMGB1,TLR4,SRC,EFNA5
HMGB1,MAP3K7,CALM3,SCTR
HMGB1,HSPA8,GAPDH,SLC4A3
HMGB1,APEX1,SLC5A5
HMGB1,CDK1,YES1,SLC16A14
HMGB1,XPC,UBC,PHPT1
HMGB1,HSPA8,NPEPPS,GBP1
HMGB1,PRNP,L1CAM
HMGB1,TERF2IP,AP2B1
HMGB1,CDK1,APLP2,GRIN1
HMGB1,CTNNB1,HINT1
HMGB1,YY1,ATP6V1A
HMGB1,HSPA5,MIA3,ADAM30
HMGB1,BECN1,RAB39A
HMGB1,TLR2,CLEC4M
HMGB1,AGER,KRAS,ACTR10,S1PR4
HMGB1,HMGB2,ROCK1,WASHC2A
HMGB1,MAPK1,HMMR
HMGB1,CTNNB1,PECAM1,CD38
HMGB1,SMARCA2,SMURF2
HMGB1,TLR4,SRC,EFNA5
HMGB1,CDK1,TOB2,CPEB3
HMGB1,CDK1,KRT18,PSTPIP2
HMGB1,CDK1,BAG3,PRRG2
HMGB1,NTRK1,UNC5C
HMGB1,LARP7,MRPL58
HMGB1,HSPA8,ABCG2
HMGB1,BCAR1,NISCH
HMGB1,RIPK4,PRKCD
HMGB1,NTRK1,PTPRO
HMGB1,RBFOX3,KIF20A,C4BPA
HMGB1,CTNNB1,VCL
HMGB1,RAC1,ARHGAP33
HMGB1,RAC1,PREX1
HMGB1,CTNNB1
HMGB1,CDK1,LYN,NKAPL,SLC10A1
HMGB1,NTRK1,ASPSCR1
HMGB1,NTRK1,GNB1,MC2R
HMGB1,ZNF24,PICK1,ASIC2
HMGB1,CCNDBP1,AQP1,SLC39A2
HMGB1,LARP7,EWSR1
HMGB1,NTRK1,GNB1,MC2R
HMGB1,CDK1,ECT2,GNAL
HMGB1,TLR4,F2RL1,CYP2S1,TPRA1
HMGB1,C1QA,WNT5A,WLS,WNT7B
HMGB1,TLR4,SRC,EFNA5
HMGB1,TLR4,SYK,CSF3R
HMGB1,SMARCA2,RAP1A
HMGB1,CCNDBP1,CDKN2A,VAMP1
HMGB1,PRKCZ,AKT2
HMGB1,UBE2E3,ZNRF1
HMGB1,CDK1,SQSTM1,SESN1,PCDHA3
HMGB1,RAC1,ADCY9
HMGB1,MAP3K7,IL17RA,IL17RE
HMGB1,HSPA8,PXN,PARVB
HMGB1,KLF8,PRDM2,HMOX1,CYBRD1
HMGB1,CDK1,ECT2,GNAL
HMGB1,KLF8,MRPS18B,TRARG1
HMGB1,CDK2,HRAS,RGS12
HMGB1,HSPA5,PALLD
HMGB1,HSPA5,APBB1,SLAMF7
HMGB1,CTNNB1,RND2
HMGB1,CDK1,BAG3,PRRG2
HMGB1,CDK2,HRAS,RGS12
HMGB1,CDK1,FZR1,RGS11
HMGB1,SRSF3,S100A9
HMGB1,CDK1,AURKA,IFNLR1
HMGB1,ATP2A1,GBA2
HMGB1,CDK1,ODF2,TJP2
HMGB1,TLR4,SRC,EFNA5
HMGB1,DNM2,SNX33
HMGB1,DNM2,GRAP
HMGB1,BIRC3,PIM1
HMGB1,WDR76,EGFL7,ADAM21
HMGB1,NTRK1,RAB11A,ATP11B
HMGB1,MAPK1,GORASP2,MMP15
HMGB1,CDK1,RAF1,MRAS
HMGB1,RAC1,SLC7A6
HMGB1,CTNNB1,ERBIN
HMGB1,SSRP1,ACIN1
HMGB1,TLR4,SRC,EFNA5
HMGB1,CDK2,ACTB
HMGB1,CDK1,FZR1,RGS11
HMGB1,MYC,KIAA0319
HMGB1,DNM2,SNX18,LAG3
HMGB1,CDK1,DLG1,CACNG2
HMGB1,AGER,KRAS,ACTR10,PRLHR
HMGB1,YY1,ARRB1,NTSR1
HMGB1,HSPA5,NAAA,ENPP7
HMGB1,MAP2K1,BMPR1A,IGDCC4
HMGB1,NTRK1,GNB1,MC2R
HMGB1,NTRK1,PTPRG
HMGB1,MAP3K7,MAPK8IP1
HMGB1,RAC1,USH1C,CDHR2
HMGB1,RAC1,NF2,IQCJ-SCHIP1
HMGB1,CDK1,APLP2,GRIN1
HMGB1,HSPA8,GAPDH,SLC4A3
HMGB1,HSPA8,GNA13,GNG3
HMGB1,HSPA8,AXL,TREML2
HMGB1,CDK1,GORASP1,TMED3,TP53I13
HMGB1,NTRK1,GOPC,CERCAM
HMGB1,NTRK1,RET
HMGB1,RBFOX3,KIF20A,C4BPA
HMGB1,CTNNB1,AFDN,NRXN2
HMGB1,CDK1,CTDSPL2,CPNE8
HMGB1,HOXD9,ESR1,SPECC1,TPSG1
HMGB1,RBFOX3,KIF20A,C4BPA
HMGB1,DNM2,GRAP2
HMGB1,MAP2K1,LAMTOR3
HMGB1,PTPRZ1,ITGB3
HMGB1,SIRT1,TOPBP1
HMGB1,ARGLU1,JPH3
HMGB1,HSPA5,AMFR,OR4N2,CCR8
HMGB1,HSPA8,JAK2,CCR2
HMGB1,HSPA5,HAX1,ABCC4
HMGB1,LARP7,SPATA13,DIRAS1
HMGB1,CDK2,HRAS,RGS12
HMGB1,CREBBP,STAT2
HMGB1,HSPA5,ISLR,GPC3
HMGB1,BCAR1,APPL1,ADIPOR2
HMGB1,HSPA8,GAPDH
HMGB1,RIPK4,ACVR2B
HMGB1,CDK1,NUMA1
HMGB1,DNM2,DRD2,TRPC5
HMGB1,COIL,LNX1,GPR142
HMGB1,CDK2,YWHAG,SNX24,LRRN4
HMGB1,RAC1,ATP13A1,SLC10A6
HMGB1,YY1,TNFRSF10B
HMGB1,RAC1,CDC42SE2
HMGB1,NTRK1,PTPRB,NRCAM
HMGB1,CDK2,LNX2
HMGB1,MAPK1,SLC2A4
HMGB1,ATP2A1,HMGCR,SLC24A3
HMGB1,RAC1,FLRT2
HMGB1,HSPA8,PTK6
HMGB1,HSPA8,KIF5B,TRAK2
HMGB1,CDK1,PTPN1,MUSK
HMGB1,HSPA8,USP19,ECEL1
HMGB1,RAC1,CXCR4,AVPR1A
HMGB1,LARP7,SLC25A3
HMGB1,HTT,GNAZ
HMGB1,TLR4,F2RL1,CYP2S1,ADGRE2
HMGB1,CTNNB1,PTH1R,SLC34A1
HMGB1,AGER,S100A12
HMGB1,RAC1,DOCK8
HMGB1,MAP3K7,STAT3,DLK2,PDCD1
HMGB1,CDK1,ODF2,TJP2
HMGB1,LARP7,STAU2
HMGB1,LARP7,DDX24,PSKH1
HMGB1,HSPA8,RAPGEF6
HMGB1,YY1,ARRB1
HMGB1,DDX23,PNISR
HMGB1,RAC1,SEMA6D
HMGB1,NTRK1,PLXNB2
HMGB1,CDK1,ATP2A2,PGRMC1
HMGB1,CDK1,LYN,NKAPL,RAET1E
HMGB1,CDK1,BAG3,PRRG2
HMGB1,NTRK1,NCK1,NFASC
HMGB1,MAP2K1,ADCY1
HMGB1,MAP3K7,CANX,ATP11C
HMGB1,SMARCA2,SLC35G1
HMGB1,HSPA8,NOX5
HMGB1,XPC,UBC,PHPT1
HMGB1,HMGB2,PRKCB,DRD3
HMGB1,DLAT,SDHB
HMGB1,CTCFL,PRKAR2B
HMGB1,TLR4,SRC,EFNA5
HMGB1,TLR4,SRC,EFNA5
HMGB1,HTT,CNTN1
HMGB1,CDK1,PTPN1,MUSK,ATP4B
HMGB1,KLF8,MRPS18B,TRARG1
HMGB1,DNM2,PTK2
HMGB1,TLR4,SRC,EFNA5
HMGB1,CDK1,RPS27A
HMGB1,LARP7,EEF1A2,SLC13A5
HMGB1,MAP3K7,CANX,ATP11C
HMGB1,PRKCZ,PRKACA
HMGB1,LARP7,IRS4,MTNR1B
HMGB1,SMARCA2,ZMAT3
HMGB1,HOXB1,AK2,TELO2,GP2
HMGB1,FOS,CEBPE
HMGB1,RPS12,RHOV
HMGB1,MAP3K7,TNF,ZAN
HMGB1,RAC1,DENND4C
HMGB1,MAP3K7,PCDHB6
HMGB1,CDK1,PTPN6,LILRB4
HMGB1,TLR4,SRC,EFNA5
HMGB1,NTRK1,CCDC88A
HMGB1,RAC1,NECTIN3
HMGB1,CDK2,UBB,SLC14A1
HMGB1,CDK2,HRAS,RGS12
HMGB1,CTNNB1,PTH1R,SLC34A1
HMGB1,CDK1,FYN,SLC4A8
HMGB1,HSPA8,CUL3,LRFN2
HMGB1,PDIA3,CTSB,AMBP
HMGB1,CDK1,ARF6,PCDHGB1
HMGB1,NTRK1,PLCG1
HMGB1,MYC,SPARC
HMGB1,PRKCZ,PSEN1,TMBIM6
HMGB1,TP53,NLRC4
HMGB1,FOS,NCOA1
HMGB1,PRKCZ,PSEN1,TMBIM6
HMGB1,LARP7,CDK18,CA4
HMGB1,ATP2A1,ITPR1
HMGB1,H3C1,ING2
HMGB1,DYRK2,EIF4A2,SLC16A9
HMGB1,ATF7IP,MACF1
HMGB1,RAC1,TOM1
HMGB1,CREBBP,TACC2
HMGB1,ATP2A1,ZW10,KNTC1
HMGB1,CDK1,KRT18,PSTPIP2
HMGB1,HUWE1,BAP1
HMGB1,DLAT,TGOLN2,SNX30,MCOLN3
HMGB1,CDK2,UBB,SLC14A1
HMGB1,PRKCZ
HMGB1,HTT,SYT2
HMGB1,RAC1,DOCK2
HMGB1,HSPA8,GNA13,GNG3
HMGB1,CBX3,DAXX,CHMP3
HMGB1,TLR4,TBK1,NEDD9
HMGB1,CTNNB1,LRP8
HMGB1,LARP7,RRAS
HMGB1,CDK1,CTDSPL2,CPNE8
HMGB1,CDK1,PRC1,PDZD2
HMGB1,TP53,FNTA
HMGB1,CBX3,ATRX,XKRX
HMGB1,DYRK2,EPHA2
HMGB1,TLR4,SYK,CSF3R
HMGB1,CDK1,FYN,SLC4A8
HMGB1,PDIA3,ADAM17
HMGB1,ATP2A1,CHP1
HMGB1,CBX3,BRD2,SPAM1
HMGB1,TLR4,TRAF6,EDA2R
HMGB1,HSPA8,STXBP1
HMGB1,MAP3K7,GOT2
HMGB1,TLR4,SRC,EFNA5
HMGB1,RPS6,RPL36AL
HMGB1,PTPN2,GHR
HMGB1,MAP3K7,CUL1
HMGB1,PTPN2,KDR,PLXND1
HMGB1,PPTC7,GNB2,RGS6
HMGB1,HMGB2,KTN1,SLC16A7
HMGB1,TLR4,SRC,EFNA5
HMGB1,MYCN,TGM1
HMGB1,CDK1,FZR1,RGS11
HMGB1,TLR4,UBQLN1,FGF7,GABRA4
HMGB1,PPTC7,GNB2
HMGB1,PRNP,DLG4,FZD4
HMGB1,SMARCA2,GSK3B,ACSBG1
HMGB1,HSPA8,CNOT2
HMGB1,DNM2,RAB7A,ERLIN2
HMGB1,RAC1,MTMR1
HMGB1,CDK1,HSP90AA1
HMGB1,CTNNB1,RND3
HMGB1,CTNNB1,EPHA7
HMGB1,RAC1,STX7
HMGB1,KLF8,MRPS18B,TRARG1
HMGB1,PRNP,MYLK
HMGB1,HSPA8,CEMIP
HMGB1,MAP3K7,CALM3
HMGB1,AGER,FPR2,SLC29A1
HMGB1,RAC1,SLITRK5
HMGB1,TLR4,SYK,CSF3R
HMGB1,CBX3,ZMYM2,C8A
HMGB1,HSPA5,SURF4
HMGB1,LARP7,EEF1A2,SLC13A5
HMGB1,TLR4,SRC,EFNA5
HMGB1,NTRK1,PTPRB
HMGB1,TAX1BP1,LITAF
HMGB1,ATP2A1,ZW10,KNTC1
HMGB1,BIRC3,CASP1
HMGB1,CDK1,BAG3,PRRG2
HMGB1,PDIA3,CLU,LRP1B
HMGB1,NFKB1,ALPI
HMGB1,NTRK1,PIK3R3,PCDHB5
HMGB1,HSPA5,SEPTIN2,JPT2
HMGB1,CDK2,PRKCH
HMGB1,SMARCA2,RAP1A,RAPGEF3
HMGB1,TLR4,SMAD3
HMGB1,HSPA5,B3GNT3
HMGB1,HOXB1,NR3C1,CLPTM1L,SERPINA12
HMGB1,TLR4,SYK,CSF3R
HMGB1,BCAR1,SPIRE1
HMGB1,TLR4,TRAF6,EDA2R
HMGB1,MAP3K7,TAB3
HMGB1,CDK1,ATP2A2
HMGB1,BIRC3,LTBR,TNFSF14
HMGB1,CDK1,BUB1,TBC1D2
HMGB1,HSPA8,GNA13,GNG3
HMGB1,LARP7,CDK14,GDE1
HMGB1,HSPA8,PPP6R3
HMGB1,XPC,UBC,PHPT1
HMGB1,NTRK1,GNAI3,RGS8
HMGB1,CDK1,MLKL,CNR2,GPR18
HMGB1,LARP7,FLNA,PHLDB2
HMGB1,HUWE1,ENTREP1
HMGB1,PRKCZ,PARD6G
HMGB1,DNM2,DRD2,TRPC5
HMGB1,HSPA5,RAB14
HMGB1,TLR4,SYK,CSF3R
HMGB1,CDK2,YWHAG,SNX24,ABHD6
HMGB1,HSPA8,AQP2,TM9SF2
HMGB1,HDAC4,CACYBP,ITPRIP
HMGB1,TLR4,TRAF6,EDA2R
HMGB1,LARP7,ACTA2,ZNF433,KCNMB1
HMGB1,TLR4,SRC,EFNA5
HMGB1,DYRK2,ANKRD28,AGPAT2
HMGB1,PDIA3,DNAJB9,P2RX5
HMGB1,NTRK1,ABCC1
HMGB1,CBX3,ZNF451,MUCL1
HMGB1,HTT,RAB4A,SLC9A7
HMGB1,ATP5IF1,RRP8
HMGB1,MYC,MUC5AC,SLC5A1
HMGB1,HSPA8,GRB10
HMGB1,RELA,CSNK1G1
HMGB1,NTRK1,LTF
HMGB1,CDK1,KHDRBS1,PTBP2,NPDC1
HMGB1,MAP3K7,EZR
HMGB1,RPS12,RHOH
HMGB1,TLR4,TBK1,NEDD9
HMGB1,CDK1,NUP98,NUP35
HMGB1,RAC1,FZD6
HMGB1,SMARCA2,GSK3B,ACSBG1
HMGB1,HOXC6,TGFB1,PTCH1
HMGB1,DNM2,SNX18
HMGB1,NTRK1,GNB1,MC2R
HMGB1,FOS,S100A3
HMGB1,LARP7,AMOT,TCHP
HMGB1,KLF8,MRPS18B,TRARG1
HMGB1,SRSF1,VASN
HMGB1,AGER,KRAS,ACTR10,PALM
HMGB1,PRNP,DLG4,FZD4
HMGB1,DDX23,NKTR
HMGB1,CDK2,RACK1,ACHE
HMGB1,HSPA8,F12
HMGB1,DNM2,DNM1
HMGB1,CDK2,CORO1C,PHKB
HMGB1,MAP3K7,EZR,TBC1D10A
HMGB1,HSPA8,KCNA5,CD320
HMGB1,SMARCA2,SDCBP,FZD3,GPR17
HMGB1,MAP2K1,TGFBR2,MYADM
HMGB1,HSPA5,SREBF2,TBC1D20,ASIC4
HMGB1,AGER,FGFR1,HTR1A
HMGB1,CDK1,ODF2,TJP2
HMGB1,CDK2,CDH1,ITGA6
HMGB1,NFKB1,GLUL
HMGB1,TLR4,SYK,CSF3R
HMGB1,MYLK4,PDIA6
HMGB1,H4C6,CRB2
HMGB1,AGER,S100A4,WDFY3
HMGB1,HSPA8,JAK2,CCR2
HMGB1,SRSF3,S100A9,NCF2
HMGB1,UBE2I,MGRN1
HMGB1,RAC1,SNAP29
HMGB1,MYC,HLA-A
HMGB1,PRNP,GPM6A
HMGB1,MAP2K1,HSCB,MLEC
HMGB1,TLR4,SYK,CSF3R
HMGB1,AGER,RHOA
HMGB1,CDK2,TCOF1,AK4,EFR3A
HMGB1,CREBBP,ALOX15
HMGB1,NTRK1,ATP1A3,ATP1B4
HMGB1,HSPA8,VAMP2
HMGB1,CDK1,PBK,IL1R2
HMGB1,TLR4,TICAM2
HMGB1,IL2RA
HMGB1,DNM2,STX19,STXBP5L
HMGB1,CTNNB1,VEZT
HMGB1,MAP3K7,IL17RA
HMGB1,MAP2K1,HSCB,MLEC
HMGB1,XPC,UBC,PHPT1
HMGB1,PRNP,APLP1
HMGB1,CDK1,ODF2,TJP2
HMGB1,CDK1,KRT18,PSTPIP2
HMGB1,PRNP,DLG2,NLGN1
HMGB1,HTT,LANCL1
HMGB1,TLR4,IRAK1,PTGES3,JTB
HMGB1,CDK1,NINL,RPGRIP1L
HMGB1,DNM2,BSG,SLC16A13
HMGB1,DNM2,PACSIN2
HMGB1,NTRK1,CLGN,SLC22A5
HMGB1,BIRC3,LTBR
HMGB1,PRNP,RAB27B
HMGB1,HUWE1,ZBTB33
HMGB1,CDK1,PPP1CC,PDE6B
HMGB1,CDK1,TUBB,HJURP,IL12RB2
HMGB1,LARP7,SCN1A
HMGB1,HSPA8,CSDE1
HMGB1,MAP3K7,CALM3,SCTR
HMGB1,CDK1,FYN,SLC4A8
HMGB1,HSPA8,KLC2
HMGB1,HSPA5,TCTN2,GRID1
HMGB1,MAP3K7,RAB8A
HMGB1,CDK2,CDH1,ITGA6
HMGB1,HOXC6,TGFB1,PTCH1
HMGB1,DNM2,SH3GL2
HMGB1,ATP2A1,TMEM97
HMGB1,RAC1,KIAA1549
HMGB1,XPC,CHD1L,NT5E
HMGB1,SMARCA2,WWP2,ARRDC4
HMGB1,TLR4,SRC,EFNA5
HMGB1,CDK1,PRDX1,RAB4B
HMGB1,PTPN2
HMGB1,NFKB1,VPS4A
HMGB1,HSPA8,DNAJB6,AQP8
HMGB1,CTNNB1,FERMT2
HMGB1,TLR4,SRC,EFNA5
