MLH1,ACTG1,CAPZB,PKN2,MYOT
MLH1,ACTG1,HSP90AB1,GNAI2
MLH1,HSPA8,RAB7A,GNG5,SLC26A9
MLH1,UBC,LNX1,GPR142
MLH1,HSPA8,SRC,EFNA5
MLH1,ACTG1,LRRK2,ZC3H15,ADAM11
MLH1,ACTG1,RIPK3,ZSCAN20,ARF1
MLH1,HSPA8,STAT1,AGAP3,EBI3
MLH1,ACTG1,RIPK1,CLIP3
MLH1,ACTG1,IKBKB,PSG1
MLH1,UBC,NEDD4L,SLC22A11
MLH1,HSPA8,AKT1,CYTH1
MLH1,ACTG1,RIPK1,CLIP3
MLH1,HSPA8,GSK3B,ACSBG1
MLH1,MRE11,CD6
MLH1,PPP2CB,TGFBR2,MYADM
MLH1,UBC,EGFR,EGF
MLH1,ACTG1,LARP7,EPB42
MLH1,ACTG1,HSP90AB1,GNAI2
MLH1,ACTG1,GRB2,PTPRE
MLH1,HSPA8,TRAF6,TNFRSF13B
MLH1,RFC1,XRCC5
MLH1,ACTG1,RELA,ASB9,MR1
MLH1,UBC,PIP5K1C
MLH1,HSPA8,FYN,SLC4A8
MLH1,HSPA8,COPE,SLC35A1
MLH1,ACTG1,CTTN,EXOC8
MLH1,ACTG1,REL,LNPEP
MLH1,HSPA8,CHD1L,NT5E
MLH1,ACTG1,DLG5,AGRN
MLH1,ACTG1,DCTN1,HAUS6,CD226
MLH1,UBC,VDAC1
MLH1,HSPA8,AKT1
MLH1,HSPA8,PPP5C
MLH1,ACTG1,IKBKB,PSG1
MLH1,ACTG1,REL,LNPEP
MLH1,ACTG1,RELA,ASB9,KIR2DL1
MLH1,ACTG1,BRD4,CCNT2
MLH1,HSPA8,PRKAR1A,GPR161
MLH1,ACTG1,PSMA3,EIF1B,SCNN1D
MLH1,PPP2CB,AKT2,FAT3
MLH1,HSPA8,NPRL2,LAMTOR2
MLH1,ACTG1,MAPT,APOE
MLH1,ACTG1,CTNNB1,PTPRU
MLH1,ACTG1,CTNNB1,PTPRU
MLH1,HSPA8,SRC,EFNA5
MLH1,HSPA8,PXN,PARVB
MLH1,UBC,MTOR,RHEBL1
MLH1,HSPA8,ACTB,DTNA
MLH1,HSPA8,AXL
MLH1,ACTG1,MAPT,APOE
MLH1,UBC,MRPS7,MRPL42
MLH1,ACTG1,IGF2BP3,PTBP1,KLRK1
MLH1,HMGB1,CDK1,FANCG
MLH1,HSPA8,FYN,SLC4A8
MLH1,ACTG1,HSP90AB1,GNAI2
MLH1,ACTG1,LRRK2,ZC3H15,SGCD
MLH1,HSPA8,LRRC40,KCTD3
MLH1,HSPA8,SNAP25,SYT3
MLH1,HSPA8,SRC,EFNA5
MLH1,HSPA8,JUN,CEBPE
MLH1,HMGB1,PLAT,SERPINB2
MLH1,HSPA8,RNF5,ERLIN2
MLH1,HSPA8,SNCA,DMTN
MLH1,UBC,ITSN2
MLH1,HSPA8,LAMP2
MLH1,ACTG1,LARP7,EPB42
MLH1,HSPA8,PPP2CA
MLH1,UBC,TRIM21,TRPM2
MLH1,ACTG1,REL,LNPEP
MLH1,HSPA8,JAK2,GHR
MLH1,UBC,CAV1,ADCY5
MLH1,HSPA8,RAF1
MLH1,ACTG1,H3C12,TPR,TFPI
MLH1,HSPA8,MATR3,MYOF
MLH1,ACTG1,PSMD14,ASPSCR1
MLH1,HSPA8,BAG3,PRRG2
MLH1,HSPA8,SUMO2,SERPINB6
MLH1,ACTG1,CHD3,KRT84,SYTL5
MLH1,HSPA8,RAF1,GRM1
MLH1,HSPA8,DNAJC16,MARCHF4,SLC22A13
MLH1,ACTG1,CTTN,EXOC8
MLH1,HSPA8,FYN,SLC4A8
MLH1,UBC,RAC1,DENND4C
MLH1,ACTG1,RIPK3,ZSCAN20,HTR7
MLH1,UBC,PODXL
MLH1,HSPA8,SRC,EFNA5
MLH1,ACTG1,LRRK2,ZC3H15,OR1C1
MLH1,ACTG1,RELA,ASB9,CACNG8
MLH1,ACTG1,LRRK2,ZC3H15,TAS1R2
MLH1,ACTG1,GRB2,PTPRE
MLH1,UBC,UBQLN1,FGF7,GABRA6
MLH1,ACTG1,RIPK1,CLIP3
MLH1,HSPA8,MAPK3,ZBTB42
MLH1,HSPA8,BAG3,PRRG2
MLH1,HSPA8,JUN,CEBPE
MLH1,UBC,UBE2B
MLH1,HSPA8,AQP2,TM9SF2,GPR42,MGAM
MLH1,ACTG1,MAPT,APOE
MLH1,ACTG1,HSP90AB1,GNAI2,RGS4
MLH1,ACTG1,BRD4,CCNT2
MLH1,UBC,ITCH
MLH1,ACTG1,LARP7,EPB42
MLH1,ACTG1,CTNNB1,PTPRU
MLH1,HSPA8,TRAF6,TNFRSF13B
MLH1,ACTG1,LRRK2,ZC3H15,HTR3B
MLH1,PPP3CC,IL6,IL6ST
MLH1,UBC,TRAF1,TNFRSF13C
MLH1,ACTG1,PTPRR,PTCD3
MLH1,ACTG1,PSMD14,ASPSCR1
MLH1,UBC,MRPS7,MRPL42
MLH1,UBC,TRIM23
MLH1,HSPA8,GSK3B,ACSBG1
MLH1,ACTG1,BRD4,CCNT2
MLH1,HSPA8,ACTB,DTNA
MLH1,ACTG1,ANLN,RPS7,CYTH3
MLH1,ACTG1,HSP90AB1,GNAI2
MLH1,HSPA8,DNAJC16,MARCHF4,ABCA7
MLH1,HSPA8,PTEN
MLH1,ACTG1,POU5F1,RBM17,KREMEN1
MLH1,ACTG1,VIM,WHRN,OR1D5
MLH1,ACTG1,RIPK3,ZSCAN20,CALCRL,RAMP1
MLH1,ACTG1,HRAS,PTAR1,OR10H2
MLH1,HSPA8,HNRNPD,SLC30A5
MLH1,PPP3CC,CALM3,TRPV6
MLH1,HSPA8,FN1,FGA
MLH1,HSPA8,BAG4
MLH1,UBC,GNB2,RGS6
MLH1,ACTG1,CAPZB,PKN2
MLH1,HSPA8,CUL3,LRFN2
MLH1,ACTG1,H3C12,TPR,SULF2
MLH1,PPP2CB,SLMAP
MLH1,HSPA8,STUB1,EIPR1,DGKH
MLH1,UBC,ZAP70,CD3G
MLH1,ACTG1,MAP1LC3B,TBC1D25,CTSZ
MLH1,HSPA8,RAF1,GRM1
MLH1,ACTG1,GRB2,PTPRE
MLH1,ACTG1,WWP2,ARRDC1
MLH1,MSH6,UNK,PNRC1,TMEM50B
MLH1,ACTG1,H3C12,TPR,SLC44A2
MLH1,RFC1,H2BC21,ATP2B3
MLH1,ACTG1,ABI2,NCKAP1L
MLH1,ACTG1,DCTN1,HAUS6,MS4A10
MLH1,HSPA8,JAK2,GHR
MLH1,ACTG1,HSP90AB1,GNAI2
MLH1,UBC,MTOR,RHEBL1
MLH1,ACTG1,NR3C1,ZFX,TSPAN15
MLH1,ACTG1,HSP90AB1,GNAI2
MLH1,ACTG1,LRRK2
MLH1,HSPA8,HLA-DRB1,PRF1
MLH1,HSPA8,HLA-DRB1,PRF1
MLH1,ACTG1,CAPZB,PKN2,PIGN
MLH1,ACTG1,HSP90AB1,GNAI2
MLH1,ACTG1,HSP90AB1,GNAI2
MLH1,ACTG1,CTNNB1,PTPRU
MLH1,ACTG1,PLEKHA4,MTERF4,KCNE3
MLH1,ACTG1,CCT2,RDH8
MLH1,HMGB1,ATP5IF1,GUCY2C
MLH1,HSPA8,RACK1,GNG2
MLH1,UBC,PSMB3,NCR3LG1,MICA
MLH1,HSPA8,SRC,EFNA5
MLH1,ACTG1,UBL4A,TRAF4
MLH1,HSPA8,GSK3B,ACSBG1
MLH1,UBC,LNX1,GPR142
MLH1,UBC,FASN,SLC34A3
MLH1,ACTG1,FLNA,PHLDB2
MLH1,HSPA8,SRC,EFNA5
MLH1,ACTG1,HSP90AB1,GNAI2,CA9
MLH1,ACTG1,HSP90AB1,GNAI2
MLH1,UBC,MACF1,TESC
MLH1,UBC,ARRB2,APLNR
MLH1,ACTG1,HSP90AB1,GNAI2
MLH1,HSPA8,RACK1,GNG2
MLH1,ACTG1,REL,LNPEP,LAMP3
MLH1,HSPA8,KCNA5
MLH1,ACTG1,KRAS,AP4S1,ADGRL3
MLH1,UBC,GNB2,RGS6
MLH1,HSPA8,CFTR
MLH1,HSPA8,TARDBP,EMC6,MMD
MLH1,RFC1,BRD2,SPAM1
MLH1,HSPA8,JUN,CEBPE
MLH1,ACTG1,IKBKB,PSG1
MLH1,HSPA8,AKT1,CYTH1
MLH1,ACTG1,HSP90AB1,GNAI2
MLH1,ACTG1,LARP7,EPB42
MLH1,ACTG1,HSP90AB1,GNAI2,AQP5
MLH1,HSPA8,HLA-DRB1,PRF1
MLH1,PPP3CC,CALM3,TRPV6
MLH1,HSPA8,CUL3,LRFN2,KIRREL2
MLH1,HSPA8,MAPK3,ZBTB42
MLH1,ACTG1,RELA,ASB9,ITGAX
MLH1,ACTG1,IKBKB,PSG1
MLH1,HSPA8,FN1,FGA
MLH1,ACTG1,LARP7,EPB42
MLH1,ACTG1,PSMD14,ASPSCR1
MLH1,UBC,NEDD4,LAPTM4B
MLH1,HSPA8,SRC,EFNA5,SGCE
MLH1,ACTG1,NR3C1,ZFX,C8B
MLH1,ACTG1,NR3C1,ZFX,TSPAN4
MLH1,HSPA8,CD207
MLH1,ACTG1,ACO2,GPD1L
MLH1,UBC,RAC1,DENND4C
MLH1,UBC,MRPS7,MRPL42
MLH1,UBC,BSG,SLC16A13
MLH1,ACTG1,MNS1,CFAP276,SLC16A3
MLH1,UBC,ANTXR1
MLH1,ACTG1,NR3C1,ZFX,PLCD4
MLH1,RAD23B,STAT6,PARP14
MLH1,ACTG1,HTT,HADHA,NAA38,NAA35
MLH1,ACTG1,HSP90AB1,GNAI2
MLH1,ACTG1,HSP90AB1,GNAI2
MLH1,HSPA8,PRMT5,COPRS
MLH1,HSPA8,SMC3,PLIN4,OR2M7
MLH1,ACTG1,DISC1,CRYAB,OR4E2
MLH1,HSPA8,SNRPD2,CRLF3
MLH1,ACTG1,GRB2,PTPRE
MLH1,HSPA8,AQP2,TM9SF2
MLH1,UBC,MIB1
MLH1,UBC,CBL
MLH1,UBC,FASN,SLC34A3
MLH1,HSPA8,CTCF,MRPS28,PLEKHM3
MLH1,HMGB1,PLAT,SERPINB2
MLH1,HSPA8,ATP5F1B
MLH1,PPP3CC,CALM3,TRPV6
MLH1,HSPA8,TRAF6,TNFRSF13B
MLH1,ACTG1,LARP7,EPB42
MLH1,UBC,ADRM1
MLH1,HSPA8,FN1,FGA
MLH1,ACTG1,HSP90AB1,GNAI2,EFNB3
MLH1,ACTG1,CAPZA1,WASHC2A
MLH1,HSPA8,MAPK14,STAB2
MLH1,ACTG1,CTNNB1,PTPRU
MLH1,ACTG1,GSN
MLH1,UBC,DRG1
MLH1,ACTG1,HSP90AB1,GNAI2
MLH1,UBC,TRAF1,TNFRSF13C
MLH1,ACTG1,GRB2,PTPRE
MLH1,HSPA8,FYN,SLC4A8
MLH1,ACTG1,GRB2,PTPRE
MLH1,HSPA8,GSK3B,ACSBG1
MLH1,ACTG1,HSP90AB1,GNAI2
MLH1,HSPA8,RAB7A,GNG5
MLH1,UBC,USP5,CACNA1H
MLH1,ACTG1,HSP90AB1,GNAI2
MLH1,RFC1,H2BC21,ATP2B3
MLH1,ACTG1,BRD4,CCNT2
MLH1,ACTG1,GRB2,PTPRE,LRRC52
MLH1,UBC,FLT3
MLH1,HSPA8,CPS1
MLH1,HSPA8,RAF1,GRM1
MLH1,HSPA8,PRKCZ,FEZ1
MLH1,ACTG1,LARP7,EPB42
MLH1,ACTG1,BRD4,CCNT2
MLH1,UBC,ANKRD13D
MLH1,HSPA8,VSIG8,IL31RA
MLH1,ACTG1,WWP2,ARRDC1
MLH1,HSPA8,AP2M1,REPS1
MLH1,ACTG1,CAPZB,PKN2,CDV3
MLH1,ACTG1,PRKN,ZFAND4,KCNC1
MLH1,HSPA8,GNA13,GNG3
MLH1,UBC,EGFR,EGF
MLH1,ACTG1,INF2,NACC2,KLRF1
MLH1,HSPA8,FN1,FGA
MLH1,ACTG1,SPTBN1
MLH1,INO80,APBB1,SLAMF7
MLH1,HSPA8,YES1,NCSTN
MLH1,UBC,BCR
MLH1,HSPA8,SRC,EFNA5
MLH1,HSPA8,H3C13,SLITRK3
MLH1,UBC,NEDD4L,SLC22A11
MLH1,HSPA8,FYN,SLC4A8
MLH1,PPP3CC,CALM3,TRPV6,CHRM3
MLH1,ACTG1,CTTN,EXOC8
MLH1,ACTG1,HSP90AB1,GNAI2,DCXR
MLH1,UBC,RABEP1,KCNH1
MLH1,ACTG1,IKBKE,AZI2,TMED1
MLH1,ACTG1,FLNA,PHLDB2,FCER1G,CD300C
MLH1,ACTG1,GRB2,PTPRE
MLH1,ACTG1,RELA,ASB9,FCER2
MLH1,ACTG1,CTTN,EXOC8
MLH1,HMGB1,PTPN2,ITGA1
MLH1,ACTG1,PLEKHA4,MTERF4,STK16
MLH1,ACTG1,VIM,WHRN
MLH1,ACTG1,REL,LNPEP
MLH1,ACTG1,FLNA,PHLDB2
MLH1,HSPA8,MAVS,PRKAR2A,PALM2AKAP2
MLH1,ACTG1,LIMA1,LYN
MLH1,ACTG1,WWP2,ARRDC1
MLH1,HSPA8,HSPA9,ADCK5,OR4X2
MLH1,HSPA8,CUL3,LRFN2
MLH1,ACTG1,NR3C1,ZFX,CNNM2
MLH1,HSPA8,KLC2,CHRNA9
MLH1,HSPA8,FGD5
MLH1,HSPA8,SNAP25,SYT3
MLH1,ACTG1,IKBKB,PSG1
MLH1,ACTG1,LRRK2,ZC3H15,AQP7
MLH1,HSPA8,DNAJA4,PSCA
MLH1,ACTG1,FLNA,PHLDB2,ADGRL1
MLH1,UBC,MRPS7,MRPL42
MLH1,UBC,BSG,SLC16A13
MLH1,ACTG1,HSP90AB1,GNAI2
MLH1,UBC,UBE2D2,RNF146
MLH1,ACTG1,CAPZA2,MYPN,OR51E2
MLH1,ACTG1,LARP7,EPB42
MLH1,ACTG1,LIMA1,LYN
MLH1,HSPA8,GNA13,GNG3
MLH1,ACTG1,HSP90AB1,GNAI2
MLH1,HSPA8,RPS6KA3,HTR2A
MLH1,HSPA8,YES1,NCSTN
MLH1,ACTG1,LIMA1,LYN
MLH1,PPP3CC,CALM3,TRPV6
MLH1,PPP2CB,STRN3
MLH1,PPP2CB,PPP2R2D,GPC5
MLH1,ACTG1,SPTBN1,SPTA1
MLH1,UBC,ARRB2,APLNR,NPHS2
MLH1,UBC,MRPS7,MRPL42
MLH1,ACTG1,HRAS,PTAR1,OSBPL1A
MLH1,HSPA8,TMPO,PXMP2,GRAMD2A
MLH1,UBC,EPS15L1
MLH1,PPP3CC,CALM3,TRPV6,DOC2B
MLH1,HSPA8,TRAF6,TNFRSF13B
MLH1,ACTG1,NR3C1,ZFX,HTR3A
MLH1,HSPA8,STMN1,ATP6V1H
MLH1,ACTG1,BRD4,CCNT2
MLH1,ACTG1,CTNNB1,PTPRU
MLH1,UBC,ARRB2,APLNR
MLH1,HSPA8,SGTA,CDH15,SLC23A2
MLH1,UBC,GGA1,LRP10
MLH1,PPP2CB,HDAC7,UBL3
MLH1,HSPA8,PHB1
MLH1,HSPA8,BAG3,PRRG2
MLH1,ACTG1,RIPK3,ZSCAN20,RGS8
MLH1,ACTG1,CYFIP1,PCDH10
MLH1,PPP3CC,PPP3R1,CABP2
MLH1,HSPA8,CUL3,LRFN2
MLH1,ACTG1,BRD4,CCNT2
MLH1,HMGB1,CDK1,FANCG
MLH1,UBC,GNB2,RGS6
MLH1,ACTG1,HSP90AB1,GNAI2
MLH1,ACTG1,SPHK1
MLH1,HSPA8,OPA1,MIGA1
MLH1,MSH2,HLA-DPB1
MLH1,HSPA8,RARA,FLOT2
MLH1,ACTG1,HSP90AB1,GNAI2
MLH1,ACTG1,HSP90AB1,GNAI2
MLH1,ACTG1,RELA,ASB9,CD1C
MLH1,ACTG1,PRKN,ZFAND4,KCNJ4
MLH1,HSPA8,DNAJB6,AQP8
MLH1,UBC,BSG,SLC16A13
MLH1,ACTG1,IGF2BP3,PTBP1,KLRK1,RAET1L
MLH1,MSH2,EPHA2,ARHGEF5
MLH1,UBC,CBL,CD33
MLH1,HSPA8,SLC35B2,AQP6
MLH1,HSPA8,ATP10A
MLH1,ACTG1,BRD4,CCNT2
MLH1,ACTG1,HSP90AB1,GNAI2
MLH1,ACTG1,EEF1A2,SLC13A5
MLH1,HSPA8,MAPK14,STAB2
MLH1,HMGB1,PTPRZ1
MLH1,ACTG1,REL,LNPEP,SLC39A2
MLH1,ACTG1,RIPK3,ZSCAN20,ZAN
MLH1,UBC,UBE2R2,GSC2,BEST3
MLH1,HSPA8,PARD3
MLH1,ACTG1,RIPK3,ZSCAN20,GNG13
MLH1,ACTG1,LRRK2,ZC3H15,SEPHS1
MLH1,ACTG1,UBL4A,TRAF4
MLH1,ACTG1,BAIAP2
MLH1,HSPA8,SRC,EFNA5
MLH1,HSPA8,BAG3,PRRG2
MLH1,HSPA8,KCND2,KCNIP1
MLH1,ACTG1,GRB2,PTPRE
MLH1,MSH2,HLA-DPB1,HLA-DPA1
MLH1,UBC,ARRB2,APLNR
MLH1,ACTG1,HSP90AB1,GNAI2
MLH1,HSPA8,ESR1
MLH1,HSPA8,EPRS1
MLH1,ACTG1,HSP90AB1,GNAI2
MLH1,HSPA8,GNA13,GNG3
MLH1,HSPA8,AQP2,TM9SF2
MLH1,HSPA8,HNRNPD,SLC30A5
MLH1,HSPA8,PACSIN3
MLH1,ACTG1,CTTN,EXOC8
MLH1,ACTG1,RIPK3,ZSCAN20,CNTNAP3
MLH1,ACTG1,LRRK2,ZC3H15,BLVRB
MLH1,HSPA8,JUN,CEBPE
MLH1,HSPA8,JAK2,GHR
MLH1,ACTG1,CCDC8,SLIT2,ROBO4
MLH1,UBC,AGO2,SLC7A9
MLH1,HSPA8,GSK3B,ACSBG1
MLH1,HSPA8,IKBKG,LTBR
MLH1,HSPA8,MAPK14,STAB2
MLH1,ACTG1,LIMA1,LYN,CSMD3
MLH1,ACTG1,HSP90AB1,GNAI2
MLH1,ACTG1,GRB2
MLH1,HSPA8,SMC3,PLIN4
MLH1,ACTG1,ANXA1
MLH1,ACTG1,GRB2,PTPRE
MLH1,ACTG1,NR3C1,ZFX,C9
MLH1,ACTG1,NR3C1,ZFX,SLC39A14
MLH1,ACTG1,GRB2,PTPRE
MLH1,HSPA8,AP2M1,REPS1
MLH1,UBC,CAV1,ADCY5
MLH1,HSPA8,MAPK14,STAB2
MLH1,HSPA8,YAP1,PIEZO2
MLH1,ACTG1,KRAS,AP4S1,SNX15
MLH1,HSPA8,HLA-DRB1,PRF1
MLH1,ACTG1,RIPK3,ZSCAN20,CALCRL,RAMP1
MLH1,ACTG1,CDH1,RPS10-NUDT3,FRMPD2
MLH1,ACTG1,BRD4,CCNT2
MLH1,HSPA8,GABARAPL2,DOK7
MLH1,ACTG1,NR3C1,ZFX,ZACN
MLH1,UBC,SYNE2,COL23A1
MLH1,ACTG1,PRKN,ZFAND4,PIGR
MLH1,HSPA8,CUL3,LRFN2
MLH1,HSPA8,HNRNPD,SLC30A5
MLH1,ACTG1,ANLN,RPS7,RILPL1
MLH1,ACTG1,LIMA1,LYN,PAWR
MLH1,PPP3CB,PPP3CA
MLH1,UBC,AMOT
MLH1,HSPA8,KCNC4
MLH1,HSPA8,SLC35B2,AQP6,SCAMP5
MLH1,UBC,EGFR,EGF
MLH1,HSPA8,JUN,CEBPE
MLH1,ACTG1,BRD4,CCNT2
MLH1,HSPA8,DNAJB5,CACNA1A
MLH1,ACTG1,HSPA5,LOC102723407,GRID1
MLH1,ACTG1,HRAS,PTAR1,SLC22A18
MLH1,ACTG1,HSP90AB1,GNAI2
MLH1,HSPA8,FKBP5,PI4KA,TTC7B
MLH1,HSPA8,SRC,EFNA5
MLH1,ACTG1,LARP7,EPB42
MLH1,ACTG1,HSP90AB1,GNAI2
MLH1,HSPA8,CSDE1,ARHGEF39
MLH1,ACTG1,ANLN,RPS7,ATP8B2
MLH1,HSPA8,SNAP25,SYT3
MLH1,ACTG1,HRAS,PTAR1,VMP1
MLH1,ACTG1,HTT,HADHA,KCNA10
MLH1,ACTG1,RIPK3,ZSCAN20,GHRHR
MLH1,ACTG1,RBX1,FBXO9,RAPSN
MLH1,ACTG1,GRB2,PTPRE
MLH1,HSPA8,COPS5,SHISA5,TVP23B,YIPF1
MLH1,ACTG1,BRD4,CCNT2
MLH1,HSPA8,SRC,EFNA5
MLH1,HSPA8,MATR3,MYOF
MLH1,ACTG1,BRD4,CCNT2
MLH1,RAD23B,STAT6,PARP14
MLH1,HSPA8,DNAJB5,CACNA1A,RIMBP2
MLH1,ACTG1,SPTBN1,SPTA1
MLH1,INO80,APBB1,SLAMF7
MLH1,HSPA8,RAF1,GRM1
MLH1,ACTG1,H3C12,TPR,DSCAML1
MLH1,ACTG1,GRB2,PTPRE
MLH1,ACTG1,CYFIP2,ABI3,BAIAP2L2
MLH1,HSPA8,CFTR,CLCA1
MLH1,HSPA8,SLC25A5
MLH1,ACTG1,HTT,HADHA,GYPC
MLH1,HMGB1,CDK1,FANCG
MLH1,ACTG1
MLH1,ACTG1,HRAS,PTAR1,C11orf24
MLH1,HSPA8,MAPK3,ZBTB42
MLH1,ACTG1,LIMA1,LYN,SLC16A8
MLH1,ACTG1,HSP90AB1,GNAI2
MLH1,ACTG1,UBL4A,TRAF4
MLH1,ACTG1,GRB2,PTPRE
MLH1,HSPA8,JAK2,GHR
MLH1,ACTG1,WWP2,ARRDC1
MLH1,PPP2CB,PAK1
MLH1,UBC,ARRB2,APLNR
MLH1,ACTG1,HSP90AB1,GNAI2
MLH1,HSPA8,LIMK2,SLC31A1
MLH1,RAD23B,PPIL3,PRSS12
MLH1,HSPA8,PACSIN1
MLH1,ACTG1,CTNNB1,PTPRU
MLH1,HSPA8,PRKAR1A,GPR161
MLH1,HSPA8,TMPO,PXMP2,SLC30A3
MLH1,ACTG1,RELB,CTSL
MLH1,ACTG1,CAPZB,PKN2
MLH1,ACTG1,SMARCC1,SAMD9,KCNIP4
MLH1,RFC1,ATRX,SKA3,MICB
MLH1,ACTG1,HSP90AB1,GNAI2
MLH1,ACTG1,CTNNB1,PTPRU
MLH1,HSPA8,MAPK14,STAB2
MLH1,ACTG1,REL,LNPEP
MLH1,ACTG1,REL,LNPEP
MLH1,UBC,RNF114
MLH1,ACTG1,FLNA,PHLDB2,SIRPB1
MLH1,ACTG1,DISC1,CRYAB,OR6T1
MLH1,HSPA8,ACTB,DTNA
MLH1,HSPA8,CFTR,CLCA1
MLH1,HSPA8,HIF1A,EGLN1,PDCD1,PDCD1LG2
MLH1,ACTG1,BRD4,CCNT2
MLH1,UBC,LNX1,GPR142
MLH1,ACTG1,GRB2,PTPRE
MLH1,ACTG1,NR3C1,ZFX,COL25A1
MLH1,ACTG1,FLNA,PHLDB2,FCER1G,CD300C
MLH1,ACTG1,BRD4,CCNT2
MLH1,ACTG1,HSP90AB1,GNAI2
MLH1,ACTG1,HSP90AB1,GNAI2
MLH1,ACTG1,VCL,FERMT2
MLH1,ACTG1,RIPK3,ZSCAN20,KCNJ3
MLH1,HSPA8,NOXO1,CYBA
MLH1,ACTG1,CTTN,EXOC8
MLH1,ACTG1,HSP90AB1,GNAI2
MLH1,ACTG1,LARP7,EPB42
MLH1,HSPA8,SH2D3A,GSDMA
MLH1,ACTG1,LRRK2,ZC3H15,CHRNA5,LYPD1
MLH1,ACTG1,CTNNB1,PTPRU
MLH1,ACTG1,RIPK1,CLIP3
MLH1,ACTG1,BRD4,CCNT2
MLH1,UBC,AMFR,OR4N2
MLH1,ACTG1,CDH1,RPS10-NUDT3,TMC5
MLH1,ACTG1,HRAS,PTAR1,OSBPL2
MLH1,RFC1,PDS5A
MLH1,HSPA8,MAPK3,ZBTB42
MLH1,HSPA8,RARA,FLOT2
MLH1,PPP3CC,CALM3,TRPV6
MLH1,ACTG1,HSP90AB1,GNAI2
MLH1,ACTG1,MAP1LC3B,TBC1D25,SLC44A5
MLH1,UBC,TAPBP,HLA-B
MLH1,ACTG1,BRD4,CCNT2,LRRC55
MLH1,ACTG1,WWP2,ARRDC1
MLH1,HSPA8,RBSN
MLH1,ACTG1,GRB2,PTPRE
MLH1,ACTG1,FLNA,PHLDB2
MLH1,ACTG1,CTTN,EXOC8
MLH1,HSPA8,SNX20
MLH1,ACTG1,CTNNB1,PTPRU,IHH
MLH1,RFC1,H3C1,FOLH1
MLH1,ACTG1,WASL,ITSN1
MLH1,ACTG1,HSP90AB1,GNAI2
MLH1,HSPA8,YES1,NCSTN
MLH1,ACTG1,PSMD14,ASPSCR1
MLH1,ACTG1,LRRK2,ZC3H15,SLC22A16
MLH1,HSPA8,SRC,EFNA5
MLH1,ACTG1,GRB2,PTPRE,SNTG2
MLH1,HSPA8,LAMP2,SLC2A13
MLH1,ACTG1,CTTN,EXOC8
MLH1,HSPA8,FKBP5,PI4KA
MLH1,ACTG1,PSMD14,ASPSCR1
MLH1,MSH2,EPHA2,ARHGEF5
MLH1,ACTG1,DCTN1,HAUS6,GUCY2F
MLH1,HSPA8,SUMO2,SERPINB6
MLH1,ACTG1,GRB2,PTPRE
MLH1,ACTG1,HSPA5
MLH1,ACTG1,GRB2,PTPRE
MLH1,ACTG1,BRD4,CCNT2
MLH1,ACTG1,WWP2,ARRDC1
MLH1,HSPA8,BAG3,PRRG2
MLH1,ACTG1,MAPT,APOE
MLH1,HSPA8,FYN,SLC4A8
MLH1,ACTG1,RHOBTB2
MLH1,UBC,ARRB2
MLH1,HSPA8,BAG3,PRRG2
MLH1,HSPA8
MLH1,HSPA8,RNF5,ERLIN2
MLH1,ACTG1,RIPK3,ZSCAN20,GPR139
MLH1,UBC,CHP1,SLC9A2
MLH1,HSPA8,FYN,SLC4A8
MLH1,HSPA8,AKT1,CYTH1
MLH1,ACTG1,ANLN,RPS7,RTKN2
MLH1,ACTG1,RIPK3,ZSCAN20,CNR1
MLH1,ACTG1,HSP90AB1,GNAI2
MLH1,HSPA8,FKBP5,PI4KA,TTC7A
MLH1,UBC,UBQLN1
MLH1,ACTG1,LARP7,EPB42
MLH1,UBC,GNB2,RGS6
MLH1,UBC,EGFR,EGF
MLH1,HSPA8,DPYSL2
MLH1,UBC,PSEN1,APH1A
MLH1,HSPA8,TBK1,EXOC7
MLH1,HSPA8,BRAF
MLH1,ACTG1,HSP90AB1,GNAI2,PCDHGA9
MLH1,ACTG1,RIPK1,CLIP3
MLH1,HSPA8,NEK2,LRRC45
MLH1,ACTG1,CAPZA1,WASHC2A
MLH1,ACTG1,CDH1
MLH1,ACTG1,UBL4A,TRAF4,COL4A5,SLC10A4
MLH1,ACTG1,HSP90AB1,GNAI2
MLH1,UBC,PRDX3
MLH1,ACTG1,RELA,ASB9,FZD2
MLH1,ACTG1,EEF1A2,SLC13A5
MLH1,HSPA8,YWHAH
MLH1,HSPA8,SRC,EFNA5
MLH1,ACTG1,DCTN1,HAUS6,LIM2
MLH1,INO80,KLF9
MLH1,ACTG1,GRB2,PTPRE
MLH1,ACTG1,LIMA1,LYN,RGS9
MLH1,ACTG1,CAPZA1,WASHC2A
MLH1,UBC,EGFR,EGF
MLH1,ACTG1,LIMA1,LYN,GRIN3B
MLH1,UBC,MRPS7,MRPL42
MLH1,ACTG1,RIPK3,ZSCAN20,ADGRD1
MLH1,ACTG1,HSP90AB1,GNAI2
MLH1,ACTG1,RELA,ASB9,IL2RG
MLH1,HSPA8,SNCA,DMTN
MLH1,ACTG1,HSP90AB1,GNAI2
MLH1,HSPA8,FYN,SLC4A8
MLH1,HSPA8,GSK3B
MLH1,PPP3CC,PPP3R1,CABP2
MLH1,UBC,FBXO7,FGF10
MLH1,HSPA8,RAB7A,GNG5
MLH1,HSPA8,AXL,TREML2
MLH1,ACTG1,MAPT,APOE
MLH1,HSPA8,CSDE1,ARHGEF39
MLH1,RFC1,H3C1,FOLH1
MLH1,HSPA8,UBQLN2
MLH1,HSPA8,ATP13A2,KLRC3
MLH1,HSPA8,JAK2,GHR
MLH1,HSPA8,HCK,FRS3
MLH1,HSPA8,CFTR,CLCA1
MLH1,ACTG1,CDH1,RPS10-NUDT3,CLDN6
MLH1,MSH2,EPHA2,ARHGEF5
MLH1,ACTG1,ZNF598,LTBP1,PCDHGC5
MLH1,HSPA8,TRIM38,NLRP6
MLH1,HSPA8,GSK3B,ACSBG1
MLH1,HSPA8,MAPK14,STAB2
MLH1,ACTG1,GRB2,PTPRE
MLH1,HSPA8,CHI3L1,CD55
MLH1,ACTG1,HSP90AB1,GNAI2
MLH1,HSPA8,BAG3,PRRG2
MLH1,HSPA8,GSK3B,ACSBG1,PAQR6
MLH1,ACTG1,HSP90AB1,GNAI2
MLH1,ACTG1,BRD4,CCNT2
MLH1,ACTG1,ACTR1B,SCYL1,KNTC1
MLH1,ACTG1,CAP1
MLH1,UBC,EPN3
MLH1,ACTG1,UBL4A,TRAF4
MLH1,UBC,RAPGEF2
MLH1,UBC,UCHL1,ADRA2B
MLH1,ACTG1,RIPK1,CLIP3
MLH1,HSPA8,ACTB,DTNA,PCDHA11
MLH1,UBC,LNX1,GPR142
MLH1,HSPA8,HBB,HBM,CELSR1
MLH1,ACTG1,GRB2,PTPRE
MLH1,ACTG1,RELA,ASB9,CD8A
MLH1,HSPA8,NTRK1,PLXNA4
MLH1,HSPA8,FN1,FGA
MLH1,UBC,BRCA1
MLH1,ACTG1,KIAA1522,PKMYT1,LRRC3
MLH1,HSPA8,HNRNPD,SLC30A5
MLH1,RFC1,RPA1,OBSCN
MLH1,HSPA8,FYN,SLC4A8
MLH1,ACTG1,PRKN,ZFAND4,ADGRA2
MLH1,HSPA8,DNAJA1,CLGN,ADAM2
MLH1,HMGB1,PLAT,SERPINB2
MLH1,ACTG1,RIPK3,ZSCAN20,S1PR5
MLH1,PPP3CB,DDX39A,SHPK,OMG
MLH1,HSPA8,AXL,TREML2
MLH1,HSPA8,PARD3,JAM3
MLH1,ACTG1,LIMA1,LYN,IGSF8
MLH1,ACTG1,HSP90AB1
MLH1,ACTG1,WASF1,MPDZ,OR2AG1
MLH1,ACTG1,CYFIP1,PCDH10
MLH1,ACTG1,BRD4,CCNT2
MLH1,ACTG1,HTT,HADHA,GABRA3
MLH1,HMGB1,IFITM3
MLH1,UBC,FBXO7,FGF10
MLH1,ACTG1,HSP90AB1,GNAI2
MLH1,ACTG1,CCT2,RDH8
MLH1,ACTG1,NR3C1,ZFX,CACNB1
MLH1,ACTG1,LIMA1,LYN,RAPGEF3
MLH1,ACTG1,REL,LNPEP
MLH1,HSPA8,GNA13,GNG3
MLH1,ACTG1,BRD4,CCNT2
MLH1,ACTG1,NR3C1,ZFX,SLAMF6
MLH1,HSPA8,JUN,CEBPE
MLH1,HSPA8,SRC,EFNA5
MLH1,HSPA8,GNA13
MLH1,UBC,NEDD4L,SLC22A11
MLH1,HSPA8,ARFGAP2
MLH1,ACTG1,CAPZB,PKN2
MLH1,ACTG1,HSP90AB1,GNAI2
MLH1,UBC,UCHL1,ADRA2B
MLH1,HSPA8,GSK3B,ACSBG1
MLH1,ACTG1,RIPK1,CLIP3
MLH1,ACTG1,HSP90AB1,GNAI2
MLH1,HSPA8,AKT1,CYTH1
MLH1,HSPA8,RAF1,GRM1
MLH1,ACTG1,VIM,WHRN
MLH1,HSPA8,FYN,SLC4A8,TYROBP,TREM1
MLH1,HSPA8,GARS1,RO60,GLRA2
MLH1,HSPA8,PPP1R12A
MLH1,HSPA8,CFTR,CLCA1
MLH1,ACTG1,CCT2,RDH8
MLH1,HSPA8,SRC,EFNA5
MLH1,ACTG1,ACO2,GPD1L
MLH1,ACTG1,CTNNB1,PTPRU
MLH1,ACTG1,BRD4,CCNT2
MLH1,ACTG1,SPTBN1,SPTA1
MLH1,UBC,MTOR,RHEBL1
MLH1,UBC,NFE2L2
MLH1,INO80,APBB1,SLAMF7
MLH1,PPP3CC,CALM3,TRPV6,UNC79
MLH1,HSPA8,CFTR,CLCA1
MLH1,UBC,RAC1,DENND4C
MLH1,ACTG1,CAPZA1,WASHC2A
MLH1,ACTG1,RIPK1
MLH1,ACTG1,RIPK3,ZSCAN20,HTR1E
MLH1,HSPA8,YES1,NCSTN
MLH1,HSPA8,BAG3,PRRG2
MLH1,ACTG1,GRB2,PTPRE
MLH1,UBC,ANKRD13B
MLH1,PPP2CB,ERBB2
MLH1,ACTG1,RELA,ASB9,CPNE6
MLH1,ACTG1,GRB2,PTPRE
MLH1,ACTG1,HSP90AB1,GNAI2
MLH1,ACTG1,CYFIP1,PCDH10
MLH1,ACTG1,FLNA,PHLDB2
MLH1,ACTG1,HRAS,PTAR1,SLC9A3R2,OR52B2
MLH1,ACTG1,CTNNB1,PTPRU
MLH1,HSPA8,SNCA
MLH1,UBC,LNX1,GPR142
MLH1,HSPA8,RNF5,ERLIN2
MLH1,PCNA,YBX1
MLH1,ACTG1,CAPZB,PKN2
MLH1,ACTG1,WASL,ITSN1
MLH1,HSPA8,SRC,EFNA5
MLH1,ACTG1,CAPZB,PKN2
MLH1,ACTG1,RIPK3,ZSCAN20,GCGR
MLH1,UBC,FBXO7,FGF10
MLH1,ACTG1,FMN2,OCLN
MLH1,HSPA8,RHOA,LUM,SLC22A1
MLH1,ACTG1,LIMA1
MLH1,HSPA8,AKT1,CYTH1
MLH1,ACTG1,GRB2,PTPRE
MLH1,HSPA8,DYNLL1
MLH1,ACTG1,DSTN,S100A9
MLH1,HSPA8,STXBP1,PHTF2,SYT13
MLH1,ACTG1,SPTAN1,GRIN2B
MLH1,ACTG1,GRB2,PTPRE
MLH1,HSPA8,FYN,SLC4A8
MLH1,HSPA8,TAB1,PCDHGB4
MLH1,HSPA8,SRC,EFNA5
MLH1,HSPA8,SRC,EFNA5
MLH1,HSPA8,SNCA,DMTN
MLH1,HSPA8,ATP5F1A
MLH1,HSPA8,SRC,EFNA5
MLH1,HSPA8,SNAP25,SYT3
MLH1,HSPA8,COP1,APBA3
MLH1,HSPA8,VSIG8,IL31RA
MLH1,ACTG1,HSP90AB1,GNAI2
MLH1,UBC,LNX1,GPR142
MLH1,ACTG1,HSP90AB1,GNAI2
MLH1,ACTG1,LIMA1,LYN
MLH1,ACTG1,PRKN,ZFAND4,GRIK5
MLH1,HSPA8,SRC,EFNA5
MLH1,ACTG1,BRD4,CCNT2
MLH1,ACTG1,IQGAP1,MYL4,CHRNA4
MLH1,ACTG1,MAP1LC3B,TBC1D25,CNST
MLH1,HSPA8,BAG3,PRRG2
MLH1,ACTG1,NR3C1,ZFX,INPP5B
MLH1,HSPA8,ABL2,CD84
MLH1,HSPA8,TRAF6,TNFRSF13B
MLH1,PPP3CC,CALM3,TRPV6
MLH1,ACTG1,GRB2,PTPRE
MLH1,ACTG1,DISC1,CRYAB,SIRPG
MLH1,PPP2CB,ELF1,CD68
MLH1,ACTG1,LIMA1,LYN,CHRNA1
MLH1,MRE11,LIG1
MLH1,HSPA8,FYN,SLC4A8
MLH1,ACTG1,LARP7,EPB42
MLH1,ACTG1,ACO2,GPD1L
MLH1,HSPA8,RAB7A
MLH1,ACTG1,HSP90AB1,GNAI2
MLH1,HSPA8,BAG3,PRRG2
MLH1,ACTG1,NR3C1,ZFX,C1QTNF5
MLH1,HSPA8,OPA1,MIGA1
MLH1,HSPA8,AKT1,CYTH1
MLH1,PPP2CB,NRAS
MLH1,PPP2CB,MARK3
MLH1,PPP3CC,CALM3,TRPV6
MLH1,ACTG1,BRD4,CCNT2
MLH1,ACTG1,WASL,ITSN1
MLH1,ACTG1,HSP90AB1,GNAI2,CD28
MLH1,ACTG1,GRB2,PTPRE,CBLB
MLH1,ACTG1,HTT,HADHA,ABCA6
MLH1,ACTG1,BRD4,CCNT2
MLH1,ACTG1,LRRK2,ZC3H15,PLPP2
MLH1,ACTG1,HSP90AB1,GNAI2
MLH1,HSPA8,PRKAR1A,GPR161
MLH1,UBC,PJA1,DGKD
MLH1,ACTG1,HSP90AB1,GNAI2
MLH1,ACTG1,CAPZB,PKN2
MLH1,HSPA8,ACTB,DTNA
MLH1,ACTG1,WWP2,ARRDC1
MLH1,ACTG1,DCTN1,HAUS6,ITGAD
MLH1,HSPA8,FN1,FGA
MLH1,ACTG1,HSP90AB1,GNAI2
MLH1,HSPA8,FN1,FGA
MLH1,ACTG1,HRAS,PTAR1,ADAM18
MLH1,ACTG1,WASL,ITSN1
MLH1,HSPA8,HDLBP
MLH1,ACTG1,GRB2,PTPRE
MLH1,ACTG1,LIMA1,LYN,RAPGEF4
MLH1,ACTG1,RIPK3,ZSCAN20,GALR2
MLH1,ACTG1,NR3C1,ZFX,ENPP7
MLH1,HSPA8,GOT2,GLRX,GRIK3
MLH1,HSPA8,SRC,EFNA5
MLH1,PPP2CB,RALA
MLH1,HSPA8,OPA1,MIGA1
MLH1,HSPA8,MAPK3,ZBTB42
MLH1,HSPA8,SNCA,DMTN
MLH1,ACTG1,GRB2,PTPRE
MLH1,ACTG1,UBL4A,TRAF4
MLH1,ACTG1,GRB2,PTPRE
MLH1,HSPA8,DNAJC16,MARCHF4,ATP8A1
MLH1,HSPA8,GSK3B,ACSBG1
MLH1,ACTG1,HSP90AB1,GNAI2
MLH1,ACTG1,BRD4,CCNT2
MLH1,HSPA8,SRC,EFNA5
MLH1,UBC,TRIM32,PDE9A
MLH1,ACTG1,HSP90AB1,GNAI2
MLH1,HSPA8,NTRK1,PLXNA4
MLH1,ACTG1,ACTR10,ZNF574,CYTH4
MLH1,ACTG1,BRD4,CCNT2
MLH1,ACTG1,CTTN,EXOC8
MLH1,HSPA8,BMPR1A,BMP2,RGMA
MLH1,HSPA8,RPS6KA3,HTR2A
MLH1,HSPA8,JAK2,GHR
MLH1,UBC,EGFR,EGF
MLH1,ACTG1,LRRK2,ZC3H15,ENTPD6
MLH1,ACTG1,PLEKHA4,MTERF4,DPEP1
MLH1,HSPA8,SNAP25,SYT3
MLH1,ACTG1,CAPZB,PKN2
MLH1,ACTG1,LARP7,EPB42
MLH1,HSPA8,ATP13A2,KLRC3
MLH1,HSPA8,CUL3,LRFN2
MLH1,ACTG1,PSMD14,ASPSCR1
MLH1,ACTG1,ANLN,RPS7,ADH1C
MLH1,UBC,UBE2D2,RNF146
MLH1,ACTG1,CTNNB1,PTPRU
MLH1,UBC,MRPS7,MRPL42
MLH1,ACTG1,LIMA1,LYN
MLH1,HSPA8,MAPK14,STAB2
MLH1,PMS1,HSPA12B,NOTCH2NLC,KCNS2
MLH1,ACTG1,RIPK1,CLIP3
MLH1,ACTG1,CTNNB1,PTPRU
MLH1,HMGB1,PLG
MLH1,HSPA8,SNAP25,SYT3
MLH1,UBC,GNB2,RGS6
MLH1,HSPA8,SRC,EFNA5
MLH1,ACTG1,CTNNB1,PTPRU,CPEB3
MLH1,ACTG1,BRD4,CCNT2
MLH1,UBC,RNF216,TLR8
MLH1,ACTG1,LARP7,EPB42
MLH1,ACTG1,REL,LNPEP
MLH1,ACTG1,HSP90AB1,GNAI2
MLH1,ACTG1,NR3C1,ZFX,HAS3
MLH1,ACTG1,VIM,WHRN,LSP1
MLH1,ACTG1,DCTN1,HAUS6,CD226,MBLAC2
MLH1,ACTG1,WASL,ITSN1
MLH1,HSPA8,ACTB,DTNA
MLH1,HSPA8,MAVS,PRKAR2A
MLH1,ACTG1,VIM,WHRN
MLH1,HSPA8,CSNK2A1,OGDHL,KCNN3
MLH1,HMGB1,MYC,CDR2,KIR3DL2
MLH1,UBC,TSG101
MLH1,HSPA8,JAK2,GHR
MLH1,ACTG1,DSTN,S100A9
MLH1,HSPA8,TLR4
MLH1,HSPA8,DIP2A
MLH1,ACTG1,HTT
MLH1,ACTG1,LARP7,EPB42
MLH1,HSPA8,DNAJC1
MLH1,ACTG1,CAPZB,PKN2
MLH1,UBC,PODXL,SELL
MLH1,ACTG1,FLNA,PHLDB2
MLH1,RAD23B,HSCB,MLEC
MLH1,ACTG1,BIN1
MLH1,HSPA8,TUBB4B,PRCP
MLH1,ACTG1,GRB2,PTPRE
MLH1,ACTG1,DISC1,CRYAB,SLC9C1
MLH1,ACTG1,REL,LNPEP
MLH1,ACTG1,REL,LNPEP
MLH1,ACTG1,RIPK3,ZSCAN20,TACR1
MLH1,UBC,CDK17,CCNYL1
MLH1,PPP2CB,CDK18,CA4
MLH1,ACTG1,PSMD14,ASPSCR1
MLH1,UBC,SUMO1
MLH1,ACTG1,IKBKB,PSG1
MLH1,ACTG1,PLEKHA4,MTERF4,HNF4G,HAS2
MLH1,ACTG1,REL,LNPEP
MLH1,PCNA,CDK5
MLH1,HSPA8,FN1,FGA
MLH1,ACTG1,CTNNB1,PTPRU
MLH1,ACTG1,PRKN,ZFAND4,GABRA1
MLH1,UBC,CASP8,GSDMD
MLH1,HSPA8,FN1,FGA
MLH1,ACTG1,CAPZB,PKN2
MLH1,UBC,FASN
MLH1,UBC,PTPN5,CLEC4G
MLH1,HSPA8,SUMO2,SERPINB6
MLH1,ACTG1,RELB,CTSL
MLH1,ACTG1,BRD4,CCNT2
MLH1,MSH2,EPHA2,ARHGEF5
MLH1,ACTG1,HSP90AB1,GNAI2
MLH1,ACTG1,PSMD14,ASPSCR1
MLH1,HSPA8,TMPO,PXMP2,NDRG4
MLH1,ACTG1,FLNA,PHLDB2,GNAL
MLH1,HSPA8,NTRK1,PLXNA4
MLH1,HMGB1,AGER
MLH1,ACTG1,CAPZB,PKN2
MLH1,ACTG1,MAPT,APOE,CR1
MLH1,RAD23B,UBB
MLH1,HSPA8,SRC,EFNA5
MLH1,ACTG1,HSP90AB1,GNAI2
MLH1,ACTG1,HOOK3,FAM9C,SLC15A2
MLH1,ACTG1,CAPZB,PKN2
MLH1,ACTG1,FLNA,PHLDB2
MLH1,HSPA8,IPO7,RP2
MLH1,HSPA8,FYN,SLC4A8
MLH1,ACTG1,BRD4,CCNT2
MLH1,RAD23B,HSCB,MLEC
MLH1,ACTG1,RIPK3,ZSCAN20,CALCRL
MLH1,UBC,RHOT2,CNR2
MLH1,UBC,TRAF1,TNFRSF13C,CD70
MLH1,ACTG1,ABI2,NCKAP1L
MLH1,ACTG1,HSP90AB1,GNAI2
MLH1,UBC,PSEN1,APH1A
MLH1,UBC,NEDD4,LAPTM4B
MLH1,HSPA8,RAB7A,GNG5
MLH1,ACTG1,YWHAQ,API5,RHBDL1
MLH1,ACTG1,HSP90AB1,GNAI2
MLH1,HSPA8,MST1R
MLH1,ACTG1,RIPK3,ZSCAN20,BDKRB1
MLH1,HSPA8,COPS5,SHISA5,OR51B2
MLH1,ACTG1,HSP90AB1,GNAI2
MLH1,MSH2,EPHA2,ARHGEF5
MLH1,ACTG1,GRB2,PTPRE
MLH1,UBC,RHOT2,CNR2
MLH1,HSPA8,SRC,EFNA5
MLH1,UBC,RABEP1,KCNH1
MLH1,MSH2,HLA-DPB1,HLA-DPA1
MLH1,HSPA8,PARD3,JAM3
MLH1,ACTG1,HSP90AB1,GNAI2
MLH1,ACTG1,HSP90AB1,GNAI2,OLFM4
MLH1,HSPA8,SRC,EFNA5
MLH1,ACTG1,GRB2,PTPRE
MLH1,HSPA8,ACTB,DTNA
MLH1,ACTG1,HSP90AB1,GNAI2
MLH1,UBC,MTOR,RHEBL1
MLH1,ACTG1,MAP1LC3B,TBC1D25,CACNA2D1
MLH1,HSPA8,BMPR1A,BMP2,ULBP1
MLH1,RFC1,H3C1,FOLH1
MLH1,HSPA8,JUN,CEBPE
MLH1,ACTG1,HSP90AB1,GNAI2,PKD2L1,PKD1L3
MLH1,ACTG1,MYH9,WFDC2,OR5F1
MLH1,ACTG1,LRRK2,ZC3H15,SEMA4G
MLH1,HSPA8,AP2M1,REPS1
MLH1,HSPA8,IGF1R,ADAMTS4,ATP23
MLH1,ACTG1,FLNA,PHLDB2
MLH1,UBC,ULK1,ATG101,RAB12
MLH1,UBC,RAC1
MLH1,ACTG1,UBL4A,TRAF4
MLH1,ACTG1,GRB2,PTPRE
MLH1,UBC,NEDD4,LAPTM4B
MLH1,HSPA8,MAPK14,STAB2
MLH1,ACTG1,HSP90AB1,GNAI2
MLH1,HSPA8,RAB7A,GNG5
MLH1,HSPA8,TUBB4B,PRCP
MLH1,UBC,ACTC1,NEXN
MLH1,HSPA8,AKT1,CYTH1
MLH1,ACTG1,RIPK1,CLIP3
MLH1,PPP3CC,CALM3,TRPV6
MLH1,HSPA8,KCNV1
MLH1,HSPA8,CFTR,CLCA1
MLH1,ACTG1,CTTN,EXOC8
MLH1,HSPA8,BAG3,PRRG2
MLH1,HSPA8,GNA13,GNG3
MLH1,UBC,PTPN5,CLEC4G
MLH1,ACTG1,GRB2,PTPRE
MLH1,ACTG1,RIPK3,ZSCAN20,NMUR1
MLH1,UBC,CAV1,ADCY5
MLH1,PPP3CC,HGFAC,SPINT1
MLH1,ACTG1,RIPK3,ZSCAN20,ADGRF1
MLH1,ACTG1,HSP90AB1,GNAI2,GDE1
MLH1,ACTG1,LRRK2,ZC3H15,P2RX5
MLH1,ACTG1,MAPT,APOE
MLH1,UBC,EGFR,EGF
MLH1,ACTG1,EEF1A2,SLC13A5
MLH1,ACTG1,DLG5,AGRN
MLH1,ACTG1,CTNNB1,PTPRU
MLH1,ACTG1,MAPK6,ZNF813,CATSPER1,CACNA1I
MLH1,UBC,PSMB3,NCR3LG1,CD200R1,CD200
MLH1,HSPA8,HNRNPD,SLC30A5
MLH1,ACTG1,CAPZB,PKN2
MLH1,UBC,RAC1,DENND4C
MLH1,ACTG1,H3C12,TPR,S100A13
MLH1,UBC,EGFR,EGF,SLC39A6
MLH1,RAD23B,TDG
MLH1,ACTG1,RIPK3,ZSCAN20,NPY4R2
MLH1,ACTG1,CAPZB,PKN2
MLH1,HSPA8,MAP2K5,CAMK1G
MLH1,ACTG1,GRB2,PTPRE
MLH1,UBC,TRIM32,PDE9A
MLH1,PPP2CB,TGFBR2,MYADM
MLH1,HSPA8,GNA13,GNG3
MLH1,UBC,CAV1,ADCY5
MLH1,ACTG1,HSP90AB1,GNAI2
MLH1,ACTG1,MAPT,APOE
MLH1,ACTG1,NR3C1,ZFX,TSPAN14
MLH1,ACTG1,RELA,ASB9,PAQR9
MLH1,HSPA8,YAP1,PIEZO2
MLH1,PPP3CC,CALM3,TRPV6,ADORA2B
MLH1,HSPA8,RAB7A,GNG5
MLH1,ACTG1,RELA,ASB9,ORAI3
MLH1,UBC,TRAF1,TNFRSF13C
MLH1,ACTG1,LIMA1,LYN,ITGA2
MLH1,UBC,MTOR,RHEBL1
MLH1,ACTG1,RIPK3,ZSCAN20,RGS7
MLH1,HSPA8,CUL3,LRFN2
MLH1,ACTG1,CDH1,RPS10-NUDT3,ITGA9
MLH1,HSPA8,FN1,FGA
MLH1,HSPA8,RAF1,GRM1
MLH1,HSPA8,CUL3,LRFN2
MLH1,ACTG1,CCDC8,SLIT2,SLC17A8
MLH1,HSPA8,TXNIP,HSPA13
MLH1,ACTG1,HSP90AB1,GNAI2
MLH1,ACTG1,RUVBL2,TTI1,SLC12A5
MLH1,ACTG1,PLEKHA4,MTERF4,SSTR5
MLH1,HSPA8,MATR3,MYOF
MLH1,PMS2,NSF
MLH1,ACTG1,REL,LNPEP
MLH1,ACTG1,SPTAN1,GRIN2B
MLH1,ACTG1,HRAS,PTAR1,PIK3R5
MLH1,ACTG1,HSPA5,LOC102723407,TNFSF18
MLH1,ACTG1,CTNNB1,PTPRU
MLH1,ACTG1,BRD4,CCNT2
MLH1,HSPA8,PXN,PARVB
MLH1,ACTG1,CTNNB1,PTPRU
MLH1,HSPA8,AQP2,TM9SF2
MLH1,ACTG1,HSP90AB1,GNAI2
MLH1,ACTG1,HSP90AB1,GNAI2
MLH1,HSPA8,KLC2,CHRNA9
MLH1,HSPA8,BAG3,PRRG2
MLH1,UBC,CAV1,ADCY5
MLH1,ACTG1,HSP90AB1,GNAI2
MLH1,HSPA8,KCND2,KCNIP1
MLH1,ACTG1,RELA,ASB9,ABCA12
MLH1,HSPA8,CUL3,LRFN2
MLH1,HSPA8,YAP1,PIEZO2
MLH1,UBC,MTOR,RHEBL1
MLH1,HSPA8,HLA-DRB1,PRF1
MLH1,ACTG1,HSP90AB1,GNAI2
MLH1,UBC,CAV1,ADCY5
MLH1,HSPA8,MAPK14,STAB2
MLH1,ACTG1,RIPK3,ZSCAN20,NPY1R
MLH1,ACTG1,BRD4,CCNT2
MLH1,HSPA8,NTRK1,PLXNA4
MLH1,UBC,PSEN1
MLH1,ACTG1,PRKN,ZFAND4,FRMD7
MLH1,ACTG1,IKBKB,PSG1
MLH1,ACTG1,HSP90AB1,GNAI2,NPPA,NPR3
MLH1,HSPA8,SNRPD2,CRLF3
MLH1,UBC,ARRB2,APLNR
MLH1,HMGB1,CDK1,FANCG
MLH1,HSPA8,TAX1BP1,CCNQ,ZDHHC22
MLH1,ACTG1,RIPK3,ZSCAN20,S1PR3
MLH1,ACTG1,WWP2,ARRDC1
MLH1,HSPA8,SLC12A2
MLH1,HSPA8,SRC,EFNA5
MLH1,UBC,USP6
MLH1,UBC,NEDD4,LAPTM4B
MLH1,ACTG1,WASL,ITSN1
MLH1,UBC,STX3
MLH1,UBC,TRIM32,PDE9A
MLH1,ACTG1,HSP90AB1,GNAI2
MLH1,ACTG1,DLG5,AGRN
MLH1,HSPA8,AR
MLH1,HSPA8,CFTR,CLCA1
MLH1,UBC,RAC1,DENND4C
MLH1,HSPA8,PARD3,JAM3
MLH1,ACTG1,LIMA1,LYN
MLH1,PPP2CB,NRAS,PCDH18
MLH1,MSH2,ATP6V1B2
MLH1,ACTG1,H4C6,CENPL,OR14J1
MLH1,ACTG1,PRKN,ZFAND4,NRXN2
MLH1,ACTG1,CTTN,EXOC8
MLH1,ACTG1,BRD4,CCNT2
MLH1,ACTG1,HSP90AB1,GNAI2
MLH1,ACTG1,REL,LNPEP
MLH1,ACTG1,GRB2,PTPRE,SKAP1
MLH1,ACTG1,FLNA,PHLDB2
MLH1,UBC,AP2A2
MLH1,HSPA8,LIMK2,SLC31A1
MLH1,ACTG1,GRB2,PTPRE
MLH1,UBC,GGA1,LRP10
MLH1,UBC,PSMB3,NCR3LG1,CD200R1
MLH1,RFC1,RPA1,OBSCN
MLH1,ACTG1,CAPZB,PKN2
MLH1,CBY2,ERC1,SLC16A6
MLH1,ACTG1,GRB2,PTPRE
MLH1,HSPA8,DNAJC16,MARCHF4,ATP8B4
MLH1,PPP2CB,NRAS,PCDH18
MLH1,ACTG1,PSMD14,ASPSCR1
MLH1,HSPA8,SRC,EFNA5,LYNX1
MLH1,ACTG1,TLR9
MLH1,ACTG1,GRB2,PTPRE
MLH1,ACTG1,EEF1A2,SLC13A5
MLH1,ACTG1,HSP90AB1,GNAI2
MLH1,ACTG1,REL,LNPEP
MLH1,RFC1,H3C1,FOLH1
MLH1,UBC,EGFR,EGF
MLH1,ACTG1,CTNNB1,PTPRU
MLH1,UBC,PTPN5
MLH1,HSPA8,PRKAR1A,GPR161
MLH1,UBC,EGFR,EGF
MLH1,ACTG1,SPTBN1,SPTA1
MLH1,RFC1,BRD2,SPAM1
MLH1,ACTG1,GRB2,PTPRE,CD300LF
MLH1,ACTG1,YWHAZ,TNS1,CHMP7
MLH1,HSPA8,MAPK14,STAB2
MLH1,ACTG1,FLNA,PHLDB2
MLH1,UBC,UBA52
MLH1,UBC,MTOR,RHEBL1
MLH1,ACTG1,GRB2,PTPRE
MLH1,ACTG1,DLG5
MLH1,ACTG1,REL,LNPEP
MLH1,CBY2,PLEKHN1
MLH1,HSPA8,PRKAR1A,GPR161
MLH1,UBC,MRPS7,MRPL42
MLH1,PPP3CB,PTK7,BTNL8
MLH1,HSPA8,PARD3,JAM3
MLH1,HSPA8,SNAP25,SYT3
MLH1,ACTG1,HSP90AB1,GNAI2,SLC30A2
MLH1,HSPA8,BAG3,PRRG2
MLH1,HSPA8,PXN,PARVB
MLH1,ACTG1,LIMA1,LYN,PSG6
MLH1,ACTG1,HSP90AB1,GNAI2
MLH1,HSPA8,AKT1,CYTH1
MLH1,ACTG1,KRAS,AP4S1,NTN4
MLH1,ACTG1,HSP90AB1,GNAI2
MLH1,HSPA8,SUMO2,SERPINB6
MLH1,ACTG1,PRKN,ZFAND4,GPRC5C
MLH1,HSPA8,COP1,APBA3
MLH1,ACTG1,HRAS,PTAR1,TMPRSS12
MLH1,ACTG1,WWP2,ARRDC1
MLH1,ACTG1,CTTN,EXOC8
MLH1,ACTG1,CTNNB1,PTPRU
MLH1,HSPA8,PACSIN3,ADAM9
MLH1,ACTG1,FLNA,PHLDB2,FCER1G,CD300C
MLH1,ACTG1,BRD4,CCNT2
MLH1,HSPA8,SGTA,CDH15
MLH1,HSPA8,FN1
MLH1,HSPA8,FYN,SLC4A8
MLH1,ACTG1,HSP90AB1,GNAI2
MLH1,HSPA8,VSIG8,IL31RA
MLH1,UBC,FCHO2
MLH1,HSPA8,RAB7A,GNG5
MLH1,ACTG1,PSMD14,ASPSCR1
MLH1,ACTG1,SPTBN1,SPTA1
MLH1,ACTG1,MAPT,APOE
MLH1,HSPA8,KCND2,KCNIP1
MLH1,ACTG1,PRKN,ZFAND4,GABRA1,GABRG3
MLH1,ACTG1,RELA,ASB9,CXCL12,CCR10
MLH1,HSPA8,VCP,RNF103,ZNF804A
MLH1,ACTG1,BRD4,CCNT2
MLH1,ACTG1,MAPT,APOE
MLH1,HSPA8,OPA1,MIGA1
MLH1,ACTG1,HSP90AB1,GNAI2
MLH1,UBC,SYNE2,COL23A1
MLH1,HSPA8,YES1,NCSTN
MLH1,HSPA8,MATR3,MYOF
MLH1,HSPA8,SGTA,CDH15
MLH1,HSPA8,TTC1,GNA15
MLH1,ACTG1,PSMD14,ASPSCR1
MLH1,HSPA8,TMPRSS5
MLH1,ACTG1,CDH1,RPS10-NUDT3,TNFSF13B
MLH1,ACTG1,LARP7,EPB42
MLH1,UBC,UCHL1,ADRA2B
MLH1,UBC,INPPL1,PLIN5,SLC1A4
MLH1,HSPA8,GNA13,GNG3
MLH1,ACTG1,LARP7,EPB42
MLH1,RFC1,H2BC21,ATP2B3
MLH1,UBC,TRIM32,PDE9A
MLH1,HSPA8,RACK1,GNG2
MLH1,ACTG1,VIM,WHRN
MLH1,ACTG1,HSP90AB1,GNAI2
MLH1,UBC,LNX1,GPR142
MLH1,ACTG1,RIPK3,ZSCAN20,FZD10
MLH1,ACTG1,PSMD14,ASPSCR1
MLH1,ACTG1,YWHAQ,API5,GPR152
MLH1,ACTG1,GRB2,PTPRE
MLH1,ACTG1,PSMD14,ASPSCR1
MLH1,RFC1,H2BC21,ATP2B3
MLH1,ACTG1,HSP90AB1,GNAI2
MLH1,HSPA8,BAG3,PRRG2
MLH1,ACTG1,MAP1LC3B,TBC1D25,GJC1
MLH1,HSPA8,ABL2,CD84
MLH1,ACTG1,PRKN,ZFAND4,NLGN4X
MLH1,ACTG1,UBL4A,TRAF4
MLH1,PPP3CC,PMEPA1
MLH1,UBC,ARRB2,APLNR
MLH1,HSPA8,TRAF6,TNFRSF13B
MLH1,ACTG1,PLEKHA4,MTERF4,CLCN3
MLH1,ACTG1,ACO2,GPD1L
MLH1,HSPA8,RAB7A,GNG5
MLH1,HSPA8,MAPK14,STAB2
MLH1,ACTG1,HRAS,PTAR1,PRPH2,ROM1
MLH1,ACTG1,LARP7,EPB42
MLH1,ACTG1,RIPK2
MLH1,UBC,ARRB2,APLNR
MLH1,ACTG1,CAPZB,PKN2
MLH1,ACTG1,RIPK1,CLIP3
MLH1,EXO1
MLH1,HSPA8,SGTA,CDH15
MLH1,ACTG1,RIPK3,ZSCAN20,CX3CR1
MLH1,INO80,APBB1,SLAMF7
MLH1,ACTG1,LARP7,EPB42
MLH1,HSPA8,TRAF6,TNFRSF13B
MLH1,HSPA8,NTRK1,PLXNA4
MLH1,ACTG1,WWP2,ARRDC1
MLH1,HSPA8,FYN,SLC4A8
MLH1,UBC,PSEN1,APH1A
MLH1,HSPA8,JAK2,GHR,AGTRAP
MLH1,HSPA8,TUBB3,KLRC1
MLH1,ACTG1,CAPZB,PKN2
MLH1,ACTG1,HSP90AB1,GNAI2
MLH1,ACTG1,RIPK1,CLIP3
MLH1,ACTG1,LRRK2,ZC3H15,TMEM179B
MLH1,HSPA8,JAK2,GHR
MLH1,HSPA8,AP2M1,REPS1
MLH1,HSPA8,AKT1,CYTH1
MLH1,HSPA8,CUL3,LRFN2
MLH1,ACTG1,CAPZB,PKN2
MLH1,HSPA8,RAB7A,GNG5
MLH1,PPP3CC,CALM3,TRPV6
MLH1,PPP3CC,HGFAC,SPINT1
MLH1,ACTG1,GRB2,PTPRE
MLH1,ACTG1,LIMA1,LYN
MLH1,UBC,OTUD3,GNAT3
MLH1,PPP3CC,CALM3,TRPV6,NALF1
MLH1,HSPA8,AKT1,CYTH1
MLH1,ACTG1,DSTN,S100A9
MLH1,ACTG1,CCDC8,SLIT2,SPPL2B
MLH1,ACTG1,HSP90AB1,GNAI2
MLH1,HSPA8,BAG3,PRRG2
MLH1,UBC,BSG,SLC16A13
MLH1,UBC,TRIM36
MLH1,ACTG1,HSP90AB1,GNAI2
MLH1,RFC1,H3C1,FOLH1
MLH1,ACTG1,YWHAZ,TNS1,CALN1
MLH1,ACTG1,HSP90AB1,GNAI2
MLH1,HMGB1,MAPK1
MLH1,ACTG1,KRAS,AP4S1,UNC5D
MLH1,ACTG1,GRB2,PTPRE
MLH1,ACTG1,HSP90AB1,GNAI2,TMPRSS11A
MLH1,PPP2CB,NRAS,PCDH18
MLH1,HSPA8,SH2D3A,GSDMA
MLH1,ACTG1,CAPZB,PKN2
MLH1,ACTG1,GRB2,PTPRE
MLH1,HSPA8,SRC,EFNA5
MLH1,PPP2CB,PPP2R2D,GPC5
MLH1,HSPA8,FYN,SLC4A8
MLH1,UBC,EGFR,EGF
MLH1,HSPA8,CHD1L
MLH1,ACTG1,LIMA1,LYN,RAPGEF5
MLH1,HSPA8,TARDBP,EMC6,GGT7
MLH1,ACTG1,VIM,WHRN,OR6C70
MLH1,ACTG1,GRB2,PTPRE
MLH1,ACTG1,MAPT,APOE
MLH1,HSPA8,FYN,SLC4A8,TYROBP
MLH1,UBC,PSEN1,APH1A
MLH1,HSPA8,RAB7A,GNG5
MLH1,HSPA8,SRC,EFNA5
MLH1,ACTG1,CDH1,RPS10-NUDT3,SLC20A1
MLH1,ACTG1,CCT2,RDH8
MLH1,HSPA8,SNAP25,SYT3
MLH1,ACTG1,GRB2,PTPRE
MLH1,HSPA8,CDC34,ZNRF1
MLH1,ACTG1,GRB2,PTPRE
MLH1,ACTG1,HSP90AB1,GNAI2,GFRAL
MLH1,ACTG1,BRD4,CCNT2
MLH1,ACTG1,BRD4,CCNT2
MLH1,CBY2,ZZZ3,CDH19
MLH1,ACTG1,VIM,WHRN
MLH1,ACTG1,HSP90AB1,GNAI2
MLH1,ACTG1,HSP90AB1,GNAI2,PKD2L1
MLH1,UBC,RAC1,DENND4C
MLH1,HSPA8,SRC,EFNA5
MLH1,UBC,TRAF1,TNFRSF13C
MLH1,ACTG1,HSP90AB1,GNAI2
MLH1,ACTG1,LARP7,EPB42
MLH1,ACTG1,BRD4,CCNT2
MLH1,HSPA8,PRKCZ,FEZ1
MLH1,UBC,EEF1D,ITGA7
MLH1,ACTG1,PLEKHA4,MTERF4,RAB28
MLH1,ACTG1,GRB2,PTPRE
MLH1,HSPA8,TRAF6,TNFRSF13B
MLH1,ACTG1,VIM
MLH1,ACTG1,RBX1,FBXO9,IL22RA1
MLH1,ACTG1,CDH1,RPS10-NUDT3,SCN2B
MLH1,ACTG1,PLEKHA4,MTERF4,CXCR3
MLH1,ACTG1,HSP90AB1,GNAI2
MLH1,HSPA8,SRC,EFNA5,CELSR2
MLH1,ACTG1,PSMD14,ASPSCR1
MLH1,HSPA8,FYN,SLC4A8
MLH1,HSPA8,RAB7A,GNG5
MLH1,RFC1,H2BC21,ATP2B3
MLH1,ACTG1,HTT,HADHA,IFITM1
MLH1,ACTG1,GRB2,PTPRE
MLH1,HSPA8,AP2M1,REPS1
MLH1,HSPA8,GOT2,GLRX,GRM4
MLH1,ACTG1,BRD4,CCNT2
MLH1,ACTG1,FLNA,PHLDB2
MLH1,UBC,USP30,KLRC4,CLPTM1
MLH1,UBC,HIP1R
MLH1,ACTG1,FLNA,PHLDB2
MLH1,HSPA8,ATP13A2,KLRC3
MLH1,ACTG1,GRB2,PTPRE
MLH1,ACTG1,CTNNB1,PTPRU
MLH1,UBC,MRPS7,MRPL42
MLH1,ACTG1,HSP90AB1,GNAI2
MLH1,ACTG1,CDC37,NCOA5,EFNA3
MLH1,ACTG1,REL,LNPEP
MLH1,ACTG1,FADD
MLH1,HSPA8,MAPK14,STAB2
MLH1,HSPA8,SRC,EFNA5
MLH1,HSPA8,SRC,EFNA5
MLH1,ACTG1,HTT,HADHA,PCDHB5
MLH1,ACTG1,RELA,ASB9,RNF34
MLH1,HSPA8,SRC,EFNA5
MLH1,ACTG1,LARP7,EPB42
MLH1,HSPA8,SGTA,CDH15
MLH1,HSPA8,RARA
MLH1,HSPA8,CUL3,LRFN2
MLH1,ACTG1,WWP2,ARRDC1
MLH1,HSPA8,PRKCI
MLH1,ACTG1,PRKN,ZFAND4,KCNJ6
MLH1,HSPA8,KCNA5,KCNAB1
MLH1,ACTG1,HSP90AB1,GNAI2
MLH1,UBC,EGFR,EGF
MLH1,UBC,SYNE2,COL23A1
MLH1,ACTG1,NR3C1,ZFX,TSPAN5
MLH1,ACTG1,MTFR2,SLC2A12
MLH1,UBC,EGFR,EGF
MLH1,HSPA8,EPS15
MLH1,UBC,EGFR,EGF
MLH1,ACTG1,HSP90AB1,GNAI2
MLH1,ACTG1,LRRK2,ZC3H15,TLR10
MLH1,HSPA8,MAPK3
MLH1,ACTG1,GRB2,PTPRE,KITLG
MLH1,HSPA8,JUN,CEBPE
MLH1,ACTG1,NR3C1,ZFX,CHRND
MLH1,ACTG1,LARP7,EPB42
MLH1,HSPA8,SUMO2,SERPINB6
MLH1,ACTG1,VIM,WHRN,SERPINB10
MLH1,ACTG1,CDC37,NCOA5,PCDHA12
MLH1,HSPA8,ACTB,DTNA,PIP4P1
MLH1,HSPA8,YES1,NCSTN
MLH1,ACTG1,HSP90AB1,GNAI2
MLH1,ACTG1,RELA,ASB9,TFR2
MLH1,HSPA8,NCF1
MLH1,ACTG1,RIPK3,ZSCAN20,GNG11
MLH1,ACTG1,GRB2,PTPRE
MLH1,HSPA8,POLE
MLH1,ACTG1,CTNNB1,PTPRU
MLH1,ACTG1,ANLN,RPS7,PCDH19
MLH1,ACTG1,PRKN,ZFAND4,NLGN1
MLH1,ACTG1,HTT,HADHA,DGLUCY,GPR45
MLH1,ACTG1,HSP90AB1,GNAI2
MLH1,ACTG1,RIPK3,ZSCAN20,GIPR
MLH1,HSPA8,GABARAP
MLH1,UBC,RAC1,DENND4C
MLH1,HSPA8,SUGT1,LRRC8B
MLH1,ACTG1,HSP90AB1,GNAI2
MLH1,HSPA8,OPA1,MIGA1
MLH1,ACTG1,GRB2,PTPRE
MLH1,ACTG1,MAP3K7
MLH1,ACTG1,CAPZB,PKN2
MLH1,ACTG1,HSP90AB1,GNAI2
MLH1,ACTG1,BRD4,CCNT2
MLH1,ACTG1,CDK2,KLF10,LANCL2
MLH1,ACTG1,MAP3K7,SKIL,IL17RE
MLH1,HSPA8,ATP13A2,KLRC3
MLH1,HSPA8,ACTB,DTNA
MLH1,ACTG1,BRD4,CCNT2
MLH1,HSPA8,CUL3,LRFN2
MLH1,HSPA8,BAG3,PRRG2
MLH1,HSPA8,RACK1,GNG2
MLH1,PPP3CC,HGFAC,SPINT1
MLH1,HSPA8,AKT1,CYTH1,IPCEF1
MLH1,HSPA8,ACTB,DTNA
MLH1,RFC1,RPA1,OBSCN
MLH1,HSPA8,JUN,CEBPE
MLH1,HSPA8,CFTR,CLCA1
MLH1,HSPA8,MAVS,PRKAR2A
MLH1,ACTG1,MAPT,APOE,C4B
MLH1,ACTG1,HSP90AB1,GNAI2,KCNJ12
MLH1,ACTG1,BRD4,CCNT2
MLH1,HSPA8,IRS4,MTNR1B
MLH1,ACTG1,HSP90AB1,GNAI2,IL2RB
MLH1,ACTG1,WWP2,ARRDC1
MLH1,ACTG1,HSP90AB1,GNAI2
MLH1,ACTG1,CAPZA2,MYPN
MLH1,ACTG1,HSP90AB1,GNAI2
MLH1,ACTG1,LRRK2,ZC3H15,TUSC3
MLH1,ACTG1,HSP90AB1,GNAI2
MLH1,ACTG1,HSP90AB1,GNAI2
MLH1,ACTG1,HSP90AB1,GNAI2
MLH1,UBC,RHOT2,CNR2
MLH1,HSPA8,HCK
MLH1,HSPA8,GNA13,GNG3
MLH1,ACTG1,HSP90AB1,GNAI2
MLH1,HSPA8,HNRNPD,SLC30A5
MLH1,HSPA8,STMN1,ATP6V1H
MLH1,UBC,TAPBP,HLA-B
MLH1,HSPA8,JAK2,GHR
MLH1,UBC,KDR
MLH1,HSPA8,MAVS,PRKAR2A
MLH1,HSPA8,BAG3,PRRG2
MLH1,HSPA8,SNAP25,SYT3
MLH1,ACTG1,HSP90AA1,EIF2S1,SV2B
MLH1,ACTG1,HSP90AB1,GNAI2
MLH1,ACTG1,GRB2,PTPRE
MLH1,ACTG1,RIPK3,ZSCAN20,LTB4R
MLH1,UBC,EGFR
MLH1,ACTG1,HRAS,PTAR1,SLC9A3R2
MLH1,HSPA8,TANK,SDCBP2
MLH1,HSPA8,CUL3,LRFN2
MLH1,ACTG1,WASL,ITSN1
MLH1,ACTG1,H4C6,CENPL,OPRPN,SLC5A4
MLH1,UBC,EGFR,EGF
MLH1,HSPA8,MAPK3,ZBTB42
MLH1,ACTG1,GRB2,PTPRE
MLH1,UBC,ANKS1B
MLH1,ACTG1,H3C12,TPR,LYPD6B
MLH1,PCNA,RHOF,ASIC1
MLH1,UBC,UBE2E1,ROBO3
MLH1,ACTG1,HTT,HADHA,DUOX2,DUOXA2
MLH1,UBC,PLEC
MLH1,UBC,RNF151,SCARA5
MLH1,ACTG1,HSP90AB1,GNAI2
MLH1,UBC,NFX1
MLH1,ACTG1,UBL4A,TRAF4
MLH1,UBC,MRPS7,MRPL42
MLH1,UBC,IRS1
MLH1,ACTG1,WASL
MLH1,HSPA8,HLA-DRB1,PRF1
MLH1,ACTG1,BRD4,CCNT2
MLH1,HSPA8,CUL3,LRFN2
MLH1,ACTG1,LARP7,EPB42
MLH1,ACTG1,PSMD14,ASPSCR1
MLH1,HSPA8,HNRNPD,SLC30A5
MLH1,HSPA8,FYN,SLC4A8
MLH1,ACTG1,UBL4A,TRAF4
MLH1,PPP2CB,PTPA
MLH1,HMGB1,TLR2
MLH1,HSPA8,CHD1L,NT5E
MLH1,HSPA8,DNAJB6,AQP8
MLH1,ACTG1,PLD1
MLH1,ACTG1,UBL4A,TRAF4
MLH1,HSPA8,SRC,EFNA5,ZDHHC20
MLH1,HSPA8,LIMK2,SLC31A1,SLC5A6
MLH1,ACTG1,YWHAQ,API5,FCRL5
MLH1,HSPA8,HCK,FRS3
MLH1,ACTG1,LIMA1,LYN
MLH1,ACTG1,RIPK3,ZSCAN20,HTR1F
MLH1,UBC,TRAF1,TNFRSF13C
MLH1,ACTG1,CAPZB,PKN2
MLH1,ACTG1,LARP7,EPB42
MLH1,HSPA8,TUBB4B,PRCP
MLH1,HSPA8,SLC12A3
MLH1,UBC,PSMD10
MLH1,ACTG1,UBL4A,TRAF4
MLH1,UBC,FASN,SLC34A3
MLH1,ACTG1,GRB2,PTPRE
MLH1,HSPA8,JAK2,GHR
MLH1,HSPA8,TUBA1A
MLH1,ACTG1,GRB2,PTPRE
MLH1,ACTG1,PSMD14,ASPSCR1
MLH1,HSPA8,SH2D3A,GSDMA
MLH1,UBC,RAC1,DENND4C
MLH1,ACTG1,CCDC8,SLIT2,SLC32A1
MLH1,ACTG1,LARP7,EPB42
MLH1,ACTG1,PSMD14,ASPSCR1
MLH1,ACTG1,PLEKHA4,MTERF4,CERCAM
MLH1,ACTG1,HSP90AB1,GNAI2
MLH1,ACTG1,GRB2,PTPRE
MLH1,ACTG1,IKBKB,PSG1
MLH1,HSPA8,DNAJC9
MLH1,ACTG1,HSP90AB1,GNAI2
MLH1,HSPA8,PSMD4,UBAC1
MLH1,UBC,XPC
MLH1,ACTG1,RELA,ASB9,SLC35A4,SLC13A4
MLH1,HSPA8,FYN,SLC4A8
MLH1,HSPA8,SUMO2,SERPINB6
MLH1,ACTG1,LARP7,EPB42
MLH1,HSPA8,SRC,EFNA5
MLH1,HMGB1,CDK1,FANCG
MLH1,ACTG1,PRKN,ZFAND4,KCNA1
MLH1,HSPA8,SUMO2,SERPINB6
MLH1,ACTG1,GRB2,PTPRE
MLH1,ACTG1,HRAS,PTAR1,CHRNB2
MLH1,HSPA8,IPO7,RP2
MLH1,HSPA8,AP2M1,REPS1
MLH1,HSPA8,YES1,NCSTN
MLH1,HSPA8,SRC,EFNA5
MLH1,ACTG1,CAPZA1,WASHC2A
MLH1,HSPA8,MAPK14,STAB2
MLH1,ACTG1,HSP90AB1,GNAI2,ADCY2
MLH1,HSPA8,SGTA,CDH15
MLH1,ACTG1,HSP90AB1,GNAI2
MLH1,UBC,AREL1,PCDHGC4
MLH1,PPP3CC,CALM3,TRPV6
MLH1,UBC,UBE2Z,RNF139,GPBP1
MLH1,ACTG1,REL,LNPEP
MLH1,ACTG1,CTTN,EXOC8
MLH1,UBC,PTPN5,CLEC4G
MLH1,ACTG1,RIPK3,ZSCAN20,ADGRG5
MLH1,HSPA8,CUL3,LRFN2
MLH1,HSPA8,SNAP25
MLH1,ACTG1,PRKN,ZFAND4,ADGRA3
MLH1,HSPA8,MAPK14,STAB2
MLH1,ACTG1,RUVBL2,TTI1,STOML1
MLH1,ACTG1,HSP90AB1,GNAI2
MLH1,ACTG1,HSP90AB1,GNAI2
MLH1,ACTG1,UBL4A,TRAF4
MLH1,HSPA8,VSIG8,IL31RA
MLH1,HSPA8,SRC,EFNA5,SLC2A5
MLH1,HSPA8,RAF1,GRM1
MLH1,HMGB1,PRNP
MLH1,UBC,WWP1
MLH1,ACTG1,PSMD14,ASPSCR1
MLH1,UBC,GNB2,RGS6
MLH1,UBC,TAB2
MLH1,HSPA8,MAPK14,STAB2
MLH1,ACTG1,LRRK2,ZC3H15,RXFP3
MLH1,ACTG1,HSP90AB1,GNAI2
MLH1,UBC,UBE2D2,RNF146
MLH1,HSPA8,RAB7A,GNG5
MLH1,ACTG1,RIPK3,ZSCAN20,POMC,MC3R
MLH1,ACTG1,MAPT,APOE
MLH1,ACTG1,BRD4,CCNT2
MLH1,HSPA8,BAG3,PRRG2
MLH1,ACTG1,HSP90AB1,GNAI2
MLH1,HSPA8,SNCA,DMTN
MLH1,ACTG1,HSP90AB1,GNAI2
MLH1,ACTG1,MYH9
MLH1,ACTG1,RIPK3,ZSCAN20,CCKAR
MLH1,HSPA8,AKT1,CYTH1
MLH1,ACTG1,LRRK2,ZC3H15,CAPNS2
MLH1,ACTG1,PRKN,ZFAND4,DLGAP3
MLH1,HSPA8,CSDE1,ARHGEF39
MLH1,ACTG1,PSMD14,ASPSCR1
MLH1,ACTG1,CAPZB,PKN2
MLH1,HMGB1,PTPN2,ITGA1
MLH1,ACTG1,RIPK3,ZSCAN20,HTR1B
MLH1,ACTG1,GRB2,PTPRE
MLH1,ACTG1,EEF1A2,SLC13A5
MLH1,ACTG1,GRB2,PTPRE
MLH1,ACTG1,VIM,WHRN
MLH1,UBC,EGFR,EGF
MLH1,HSPA8,GSK3B,ACSBG1
MLH1,ACTG1,RELA,ASB9,CHRNB1
MLH1,ACTG1,LIMA1,LYN
MLH1,HSPA8,HNRNPD,SLC30A5
MLH1,RAD23B,RSC1A1
MLH1,HSPA8,RCCD1
MLH1,ACTG1,MAPT,APOE
MLH1,HSPA8,PRKCE
MLH1,ACTG1,IQGAP1,MYL4,WNT6
MLH1,ACTG1,REL,LNPEP
MLH1,UBC,TNFRSF1A
MLH1,RAD23B,COMMD4
MLH1,ACTG1,HSP90AB1,GNAI2
MLH1,ACTG1,KRAS,AP4S1,CNGA3
MLH1,HSPA8,GSK3B,ACSBG1
MLH1,UBC,LNX1,GPR142
MLH1,ACTG1,HRAS,PTAR1,AQP10
MLH1,HSPA8,MAPK3,ZBTB42
MLH1,ACTG1,BRD4,CCNT2
MLH1,ACTG1,CDH1,RPS10-NUDT3,RPE65
MLH1,ACTG1,HSP90AB1,GNAI2
MLH1,ACTG1,LRRK2,ZC3H15,RPL36A-HNRNPH2
MLH1,ACTG1,GRB2,PTPRE
MLH1,ACTG1,CTNNB1,PTPRU
MLH1,ACTG1,HSP90AB1,GNAI2
MLH1,HSPA8,CLTB
MLH1,ACTG1,DISC1,CRYAB,LRRC8C
MLH1,HSPA8,KCNA5,KCNAB1
MLH1,HSPA8,SMC3,PLIN4,IL27RA
MLH1,HSPA8,GSK3B,ACSBG1
MLH1,HSPA8,HLTF
MLH1,ACTG1,VIM,WHRN
MLH1,ACTG1,GRB2,PTPRE
MLH1,HSPA8,PPP1CA
MLH1,HSPA8,SNAP25,SYT3,CACNB4
MLH1,HSPA8,AXL,TREML2
MLH1,ACTG1,HSP90AB1,GNAI2,RGS13
MLH1,ACTG1,MAP3K7,SKIL,PCDH15
MLH1,HSPA8,GSK3B,ACSBG1
MLH1,HSPA8,AKT1,CYTH1
MLH1,HSPA8,TUBB3,KLRC1
MLH1,ACTG1,CDH1,RPS10-NUDT3,SLC44A1
MLH1,HSPA8,MAPK3,ZBTB42
MLH1,ACTG1,HSP90AB1,GNAI2
MLH1,ACTG1,CDK2,KLF10,MS4A14
MLH1,HMGB1,ATP5IF1,GUCY2C
MLH1,ACTG1,LARP7,EPB42
MLH1,UBC,EGFR,EGF
MLH1,ACTG1,FLNA
MLH1,PCNA,GOLGA1,ATP7B
MLH1,HSPA8,SRC,EFNA5
MLH1,ACTG1,LRRK2,ZC3H15,CYP2C18
MLH1,HSPA8,FYN,SLC4A8
MLH1,ACTG1,LARP7,EPB42
MLH1,HSPA8,GNA13,GNG3
MLH1,UBC
MLH1,ACTG1,PSMD14,ASPSCR1
MLH1,ACTG1,BRD4,CCNT2
MLH1,HSPA8,CFTR,CLCA1
MLH1,RFC1,H3C1,FOLH1
MLH1,ACTG1,UBL4A,TRAF4
MLH1,ACTG1,CDH1,RPS10-NUDT3,SLC39A3
MLH1,ACTG1,HTT,HADHA,COA6
MLH1,ACTG1,FLNA,PHLDB2
MLH1,MLH3,CDC14B,ANKRD50,AGPAT2
MLH1,ACTG1,LARP7,EPB42
MLH1,ACTG1,CDH1,RPS10-NUDT3,CHL1,CNTN6
MLH1,HSPA8,CUL3
MLH1,HSPA8,ACTB,DTNA
MLH1,UBC,UBE2E1,ROBO3
MLH1,UBC,AGO2,SLC7A9
MLH1,UBC,EGFR,EGF
MLH1,UBC,ARRB2,APLNR
MLH1,ACTG1,ANLN,RPS7,ABCC9
MLH1,ACTG1,PLEKHA4,MTERF4,ATP1B4
MLH1,UBC,NEDD4,LAPTM4B
MLH1,ACTG1,HSP90AB1,GNAI2
MLH1,ACTG1,REL,LNPEP
MLH1,HSPA8,SNCA,DMTN
MLH1,ACTG1,BRD4,CCNT2
MLH1,ACTG1,MAPK6,ZNF813,CATSPER1
MLH1,HSPA8,SLC35B2,AQP6,XKR3
MLH1,HSPA8,CHD1L,NT5E
MLH1,ACTG1,CTNNB1,PTPRU
MLH1,ACTG1,WASL,ITSN1
MLH1,ACTG1,HSP90AB1,GNAI2
MLH1,ACTG1,CTTN,EXOC8
MLH1,ACTG1,REL,LNPEP
MLH1,ACTG1,FLNA,PHLDB2,SELP
MLH1,HSPA8,HLA-DRB1,PRF1
MLH1,HSPA8,RARA,FLOT2
MLH1,HSPA8,SRC,EFNA5
MLH1,ACTG1,CAPZB,PKN2
MLH1,HSPA8,SRC,EFNA5
MLH1,ACTG1,CTTN,EXOC8
MLH1,ACTG1,CAPZA1,WASHC2A
MLH1,UBC,CHP1,SLC9A2
MLH1,ACTG1,GRB2,PTPRE
MLH1,PPP2CB,PPP2R2D,GPC5
MLH1,HSPA8,DNAJB4
MLH1,UBC,NEDD4,LAPTM4B
MLH1,UBC,PIP5K1C,TLN2
MLH1,HMGB1,CDK1,FANCG
MLH1,HSPA8,TRAF6,TNFRSF13B
MLH1,ACTG1,HSP90AB1,GNAI2
MLH1,ACTG1,HSP90AB1,GNAI2
MLH1,ACTG1,UBL4A,TRAF4
MLH1,HSPA8,COLEC12
MLH1,ACTG1,LARP7,EPB42
MLH1,HSPA8,ACTB,DTNA
MLH1,ACTG1,HSP90AB1,GNAI2
MLH1,ACTG1,BRD4,CCNT2
MLH1,ACTG1,IQGAP1,MYL4,PDE6C
MLH1,ACTG1,CTTN,EXOC8
MLH1,HSPA8,TUBB3,KLRC1
MLH1,UBC,PTPN14,LRFN1
MLH1,HSPA8,SRC,EFNA5,GLRA3
MLH1,HSPA8,GNA13,GNG3
MLH1,HSPA8,CUL3,LRFN2
MLH1,HSPA8,HCK,FRS3
MLH1,HSPA8,GSK3B,ACSBG1
MLH1,HSPA8,ATXN10
MLH1,ACTG1,CAPZA2,MYPN
MLH1,HMGB1,RBFOX3,SLC38A6
MLH1,ACTG1,IGF2BP3,PTBP1,KLRK1,RAET1L
MLH1,UBC,TRAF1,TNFRSF13C
MLH1,HSPA8,TUBB3,KLRC1
MLH1,HSPA8,CUL3,LRFN2
MLH1,HSPA8,KCNQ4
MLH1,ACTG1,HSP90AB1,GNAI2
MLH1,ACTG1,CTNNB1,PTPRU
MLH1,HSPA8,PARD3,JAM3
MLH1,HSPA8,MAVS,PRKAR2A
MLH1,HSPA8,SRC,EFNA5
MLH1,HSPA8,CFTR,CLCA1
MLH1,RFC1,H2BC21,ATP2B3
MLH1,UBC,SDCBP
MLH1,ACTG1,HSP90AA1,EIF2S1,PCDHGB5
MLH1,HSPA8,GSK3B,ACSBG1
MLH1,ACTG1,LRRK2,ZC3H15,SLC22A2
MLH1,ACTG1,CTTN,EXOC8
MLH1,ACTG1,HSP90AB1,GNAI2,GFRA2
MLH1,ACTG1,HSP90AB1,GNAI2
MLH1,ACTG1,HSP90AB1,GNAI2
MLH1,ACTG1,MAP1LC3B,TBC1D25,SEMA4A
MLH1,ACTG1,RELA,ASB9,ADM,RAMP2
MLH1,RAD23B,PUF60,BORCS5
MLH1,ACTG1,RIPK3,ZSCAN20,CCKBR
MLH1,UBC,MALT1,CARD14
MLH1,ACTG1,NFKBIA
MLH1,ACTG1,BRD4,CCNT2
MLH1,HSPA8,MAPK3,ZBTB42
MLH1,ACTG1,GRB2,PTPRE
MLH1,HSPA8,AKT1,CYTH1
MLH1,ACTG1,HSP90AB1,GNAI2
MLH1,ACTG1,HSP90AB1,GNAI2
MLH1,ACTG1,REL,LNPEP
MLH1,PPP2CB,NRAS,PCDH18
MLH1,ACTG1,HSP90AB1,GNAI2,PXDNL
MLH1,UBC,EGFR,EGF
MLH1,UBC,TRAF1,TNFRSF13C
MLH1,HSPA8,TBK1,EXOC7
MLH1,ACTG1,LARP7,EPB42
MLH1,ACTG1,LARP7,EPB42
MLH1,ACTG1,CAPZB,PKN2
MLH1,HSPA8,SRC,EFNA5
MLH1,ACTG1,GRB2,PTPRE
MLH1,ACTG1,HSP90AB1,GNAI2
MLH1,UBC,TRAF1,TNFRSF13C,TNFSF4
MLH1,ACTG1,HSP90AB1,GNAI2
MLH1,ACTG1,REL,LNPEP,PTGER1
MLH1,HSPA8,JAK2,GHR
MLH1,ACTG1,LIMA1,LYN
MLH1,HSPA8,RAB7A,GNG5
MLH1,HSPA8,RAB7A,GNG5
MLH1,HSPA8,MST1R,PLXNB3
MLH1,ACTG1,DLG5,AGRN
MLH1,ACTG1,HRAS,PTAR1,PCDHAC1
MLH1,ACTG1,DCTN1,HAUS6,DYSF
MLH1,UBC,RLIM,LDB2
MLH1,UBC,MRPS7,MRPL42
MLH1,UBC,AXIN1
MLH1,HSPA8,MAPK3,ZBTB42
MLH1,ACTG1,PRKN,ZFAND4,KCNJ2
MLH1,HSPA8,CSNK1E,ANKRD6,ADCYAP1,ADCYAP1R1
MLH1,HSPA8,SMC3,PLIN4
MLH1,ACTG1,GRB2,PTPRE
MLH1,ACTG1,HSP90AB1,GNAI2
MLH1,ACTG1,VCL,FERMT2
MLH1,PMS1,REV3L,A1BG
MLH1,ACTG1,MYH14,MOSPD2
MLH1,ACTG1,HSPA5,LOC102723407,TMEM219
MLH1,ACTG1,RELA,ASB9,CD8A,CD8B
MLH1,ACTG1,NR3C1,ZFX,C5AR2
MLH1,ACTG1,CAPZB,PKN2
MLH1,UBC,SMURF1
MLH1,HSPA8,YES1
MLH1,HSPA8,YAP1,PIEZO2
MLH1,HSPA8,VSIG8,IL31RA
MLH1,ACTG1,DISC1,CRYAB,KCNC3
MLH1,ACTG1,LRRK2,ZC3H15,MPO,APCDD1
MLH1,RFC1,BRD2,SPAM1
MLH1,ACTG1,MAPT,APOE
MLH1,HSPA8,CUL3,LRFN2
MLH1,ACTG1,PRKN,ZFAND4,ASIC3
MLH1,ACTG1,CDH1,RPS10-NUDT3,PCDHGA6
MLH1,UBC,ARRB2,APLNR
MLH1,HSPA8,SNCA,DMTN
MLH1,ACTG1,CTNNB1,PTPRU
MLH1,ACTG1,LRRFIP1
MLH1,ACTG1,CHD3,KRT84,ADCY4
MLH1,HSPA8,MAPK3,ZBTB42
MLH1,HSPA8,HCK,FRS3
MLH1,ACTG1,MAP1LC3B,TBC1D25,P2RY1
MLH1,ACTG1,HSP90AB1,GNAI2
MLH1,PPP2CB,TTC33,PLPPR1
MLH1,ACTG1,CTTN
MLH1,ACTG1,HSP90AB1,GNAI2
MLH1,ACTG1,PLEKHA4,MTERF4,KCNK1
MLH1,ACTG1,LARP7,EPB42
MLH1,HSPA8,DNAJB5,CACNA1A
MLH1,HSPA8,PRKCE,SERPINB9,SYT9
MLH1,HSPA8,YES1,NCSTN
MLH1,ACTG1,EEF1A1
MLH1,ACTG1,LRRK2,ZC3H15,ECE1
MLH1,ACTG1,LARP7,EPB42
MLH1,HSPA8,SNAP25,SYT3
MLH1,ACTG1,VIM,WHRN
MLH1,ACTG1,HSP90AB1,GNAI2
MLH1,HSPA8,MAVS,PRKAR2A
MLH1,UBC,RHOT2,CNR2
MLH1,PCNA,RHOF,ASIC1
MLH1,ACTG1,UBL4A,TRAF4
MLH1,ACTG1,BRD4,CCNT2
MLH1,ACTG1,GRB2,PTPRE
MLH1,ACTG1,LRRK2,ZC3H15,SLC34A2
MLH1,ACTG1,CAPZB,PKN2,SCHIP1
MLH1,ACTG1,MAPK6,ZNF813,CATSPER1,CACNA1I,CATSPER2
MLH1,ACTG1,GRB2,PTPRE
MLH1,UBC,LNX1,GPR142
MLH1,HSPA8,GSK3B,ACSBG1
MLH1,RAD23B,RPS21,CLCA2
MLH1,ACTG1,HSP90AB1,GNAI2,ULBP3
MLH1,HSPA8,HNRNPD,SLC30A5
MLH1,ACTG1,HSP90AB1,GNAI2
MLH1,ACTG1,IKBKB,PSG1
MLH1,HSPA8,MAP2K1
MLH1,ACTG1,SPTAN1,GRIN2B
MLH1,ACTG1,MAPT,APOE
MLH1,ACTG1,FLNA,PHLDB2
MLH1,ACTG1,GRB2,PTPRE
MLH1,UBC,MYO6
MLH1,UBC,FBXO7,FGF10
MLH1,UBC,PSEN1,APH1A
MLH1,ACTG1,WASF1,MPDZ,OR3A1
MLH1,HSPA8,PXN,PARVB
MLH1,HSPA8,TRAF6,TNFRSF13B
MLH1,ACTG1,MYH14,MOSPD2
MLH1,ACTG1,MAP1LC3B,TBC1D25,ABHD17B
MLH1,ACTG1,RIPK1,CLIP3,ATRN
MLH1,ACTG1,VCL,FERMT2
MLH1,ACTG1,IKBKB,PSG1
MLH1,HSPA8,JUN,CEBPE
MLH1,UBC,UBE2D3
MLH1,UBC,PSMB3,NCR3LG1
MLH1,ACTG1,HSP90AB1,GNAI2
MLH1,ACTG1,CDH1,RPS10-NUDT3,PCDHGA10
MLH1,ACTG1,UBL4A,TRAF4
MLH1,HSPA8,AP2M1
MLH1,ACTG1,RIPK3,ZSCAN20,NTSR1
MLH1,UBC,ARRB2,APLNR
MLH1,ACTG1,HSP90AB1,GNAI2
MLH1,HSPA8,SGTA,CDH15
MLH1,UBC,EPN2
MLH1,UBC,UBE2E1,ROBO3
MLH1,ACTG1,BRD4,CCNT2
MLH1,ACTG1,PLEKHA4,MTERF4,KCNK7
MLH1,ACTG1,MAGEA3,CPNE1
MLH1,ACTG1,KRAS,AP4S1,SLC17A2
MLH1,HSPA8,PXN,PARVB
MLH1,ACTG1,LARP7,EPB42
MLH1,HSPA8,AKT1,CYTH1
MLH1,HSPA8,SGTA,CDH15
MLH1,ACTG1,REL,LNPEP
MLH1,ACTG1,GRB2,PTPRE
MLH1,HSPA8,HDAC3
MLH1,ACTG1,BRD4,CCNT2
MLH1,UBC,FBXO7,FGF10
MLH1,ACTG1,PRKN,ZFAND4,ADGRA1
MLH1,HSPA8,CFTR,CLCA1
MLH1,ACTG1,VIM,WHRN,CNTN5
MLH1,UBC,AP2A1
MLH1,ACTG1,GRB2,PTPRE
MLH1,HSPA8,SNAP25,SYT3
MLH1,ACTG1,ANLN,RPS7,TSHR
MLH1,ACTG1,ANLN,RPS7,SLC26A11
MLH1,ACTG1,LARP7,EPB42
MLH1,HSPA8,BAG3,PRRG2
MLH1,ACTG1,HSP90AB1,GNAI2
MLH1,HSPA8,SRC,EFNA5
MLH1,ACTG1,LARP7,EPB42
MLH1,UBC,CHP1,SLC9A2
MLH1,PPP2CB,HDAC7,UBL3
MLH1,UBC,ACTC1,NEXN
MLH1,HSPA8,TRAF6,TNFRSF13B
MLH1,INO80,APBB1
MLH1,HSPA8,GSK3B,ACSBG1
MLH1,HMGB1,C1QBP
MLH1,ACTG1,REL,LNPEP
MLH1,HSPA8,CUL3,LRFN2
MLH1,ACTG1,DCTN1,HAUS6,SNX30
MLH1,ACTG1,CCT2,RDH8
MLH1,HSPA8,SRC,EFNA5
MLH1,ACTG1,CDH1,RPS10-NUDT3,PCDHB16,SLC39A11
MLH1,HSPA8,TUBB3,KLRC1
MLH1,ACTG1,CORO1B
MLH1,ACTG1,MAP1LC3B,TBC1D25,NPC1
MLH1,ACTG1,CTNNB1,PTPRU
MLH1,RFC1,RPA1,OBSCN
MLH1,ACTG1,NR3C1,ZFX,SYNGR1
MLH1,HSPA8,PXN,PARVB
MLH1,ACTG1,CTNNB1,PTPRU
MLH1,ACTG1,PSMD14,ASPSCR1
MLH1,UBC,EGFR,EGF
MLH1,HSPA8,TRAF6,TNFRSF13B
MLH1,HSPA8,HCK,FRS3
MLH1,ACTG1,HSP90AB1,GNAI2
MLH1,UBC,ARRB2,APLNR
MLH1,ACTG1,HSP90AB1,GNAI2
MLH1,ACTG1,HRAS,PTAR1,SLC6A20
MLH1,PMS1,HSPA12B,NOTCH2NLC,SLC43A2
MLH1,ACTG1,CAPZB,PKN2
MLH1,ACTG1,CDH1,RPS10-NUDT3,SLC39A1
MLH1,ACTG1,H3C12,TPR,DXO
MLH1,PPP3CB,ROR2
MLH1,HSPA8,RANBP9
MLH1,HSPA8,RARA,FLOT2
MLH1,ACTG1,CDH1,RPS10-NUDT3,SULF1
MLH1,HSPA8,CUL3,LRFN2
MLH1,ACTG1,BRD4,CCNT2
MLH1,ACTG1,HSP90AB1,GNAI2,RIC8B
MLH1,HSPA8,YAP1,PIEZO2
MLH1,ACTG1,SPTAN1,GRIN2B
MLH1,HSPA8,TRAF6,TNFRSF13B
MLH1,ACTG1,LARP7,EPB42
MLH1,ACTG1,H3C12,TPR,C8A
MLH1,UBC,MRPS7,MRPL42
MLH1,HSPA8,ACTB,DTNA
MLH1,RFC1,PDS5A,FOXI1,SLC19A2
MLH1,PPP2CB,TGFBR2,MYADM
MLH1,UBC,RHOT2,CNR2
MLH1,HSPA8,YES1,NCSTN
MLH1,ACTG1,RIPK3,ZSCAN20,HCRTR2
MLH1,UBC,AMFR,OR4N2
MLH1,ACTG1,EPS8L2
MLH1,HSPA8,HCFC2
MLH1,HSPA8,RPS6KA3,HTR2A
MLH1,ACTG1,CDK2,KLF10,MDGA1
MLH1,ACTG1,CDH1,RPS10-NUDT3,CDH24
MLH1,ACTG1,CDH1,RPS10-NUDT3,ADAM32
MLH1,ACTG1,LRRK2,ZC3H15,WARS2
MLH1,ACTG1,BRD4,CCNT2
MLH1,ACTG1,MAPT,APOE
MLH1,ACTG1,TLR9,DNAJC18,TNFSF9
MLH1,ACTG1,HSP90AB1,GNAI2
MLH1,HSPA8,MAPK3,ZBTB42
MLH1,HSPA8,SNRPD2,CRLF3
MLH1,ACTG1,NR3C1,ZFX,CNGB1
MLH1,RAD23B,SH3GL3,ADRB3
MLH1,ACTG1,HSP90AB1,GNAI2
MLH1,HSPA8,YES1,NCSTN
MLH1,ACTG1,GRB2,PTPRE
MLH1,BLM,MX1,TRPC7
MLH1,UBC,CAV1,ADCY5
MLH1,HSPA8,JUN,CEBPE
MLH1,HSPA8,BMX
MLH1,HSPA8,SUMO2,SERPINB6
MLH1,HSPA8,CUL3,LRFN2
MLH1,HSPA8,IL16
MLH1,ACTG1,RELA,ASB9,CD1D
MLH1,HSPA8,GSK3B,ACSBG1
MLH1,ACTG1,ACO2,GPD1L
MLH1,HSPA8,GSK3B,ACSBG1
MLH1,ACTG1,FLNA,PHLDB2
MLH1,INO80,APBB1,SLAMF7
MLH1,ACTG1,LRRK2,ZC3H15,VLDLR
MLH1,HSPA8,JAK2,GHR
MLH1,ACTG1,WWP2,ARRDC1
MLH1,ACTG1,PSMD14,ASPSCR1
MLH1,UBC,UBE2E1,ROBO3
MLH1,HSPA8,AXL,TREML2
MLH1,ACTG1,HSP90AB1,GNAI2
MLH1,ACTG1,TUBGCP6,TXNDC12,GABRQ
MLH1,PPP2CB,AXIN2
MLH1,HSPA8,RNF5,ERLIN2
MLH1,HSPA8,AKT1,CYTH1
MLH1,ACTG1,GRB2,PTPRE
MLH1,HSPA8,NME1,PRUNE1,PTCH2
MLH1,ACTG1,BRD4,CCNT2
MLH1,HSPA8,TAB1,PCDHGB4
MLH1,ACTG1,GRB2,PTPRE
MLH1,ACTG1,MAPT,APOE
MLH1,UBC,PSEN1,APH1A
MLH1,ACTG1,GRB2,PTPRE
MLH1,HSPA8,JAK2,GHR
MLH1,HSPA8,SNCA,DMTN,GPM6B
MLH1,ACTG1,YWHAZ,TNS1,SLC27A1
MLH1,ACTG1,HRAS
MLH1,ACTG1,HSP90AB1,GNAI2
MLH1,ACTG1,HSP90AB1,GNAI2,CHRNB3
MLH1,ACTG1,IKBKB,PSG1
MLH1,ACTG1,HSP90AB1,GNAI2
MLH1,PPP2CB,PKN3,PTGER3
MLH1,ACTG1,DSTN,S100A9
MLH1,ACTG1,SMARCD2,BCL7C,CHRNG
MLH1,HSPA8,GSK3B,ACSBG1
MLH1,ACTG1,ABI2,NCKAP1L
MLH1,ACTG1,PLEKHA4,MTERF4,GRID2
MLH1,ACTG1,ANLN,RPS7,MUC17
MLH1,HSPA8,GNA13,GNG3
MLH1,HSPA8,JUN,CEBPE
MLH1,HSPA8,SNAP25,SYT3
MLH1,HSPA8,CYP2W1
MLH1,ACTG1,GRB2,PTPRE
MLH1,HSPA8,MATR3,MYOF
MLH1,PPP3CC,CALM3,TRPV6
MLH1,ACTG1,CDC37,NCOA5,PCSK6
MLH1,HSPA8,RPL13A,CYP2E1,ABCA5
MLH1,HSPA8,HCK,FRS3
MLH1,ACTG1,CAPZB,PKN2,BTN2A1
MLH1,ACTG1,FMN2
MLH1,HSPA8,H3C13,SLITRK3
MLH1,ACTG1,CAPZB,PKN2
MLH1,ACTG1,IKBKB,PSG1
MLH1,ACTG1,HSP90AB1,GNAI2
MLH1,PPP2CB,NOTCH1,COL4A6,TSLP,CRLF2
MLH1,HSPA8,EEF2
MLH1,ACTG1,BRD4,CCNT2
MLH1,ACTG1,COBL
MLH1,ACTG1,RIPK1,CLIP3
MLH1,ACTG1,WWP2,ARRDC1
MLH1,ACTG1,HSP90AB1,GNAI2
MLH1,ACTG1,MAPT,APOE
MLH1,UBC,NEDD4L,SLC22A11,CSPG5
MLH1,HSPA8,COPS5,SHISA5,TVP23B,YIPF1
MLH1,HSPA8,RAF1,GRM1
MLH1,ACTG1,BRD4,CCNT2
MLH1,HSPA8,OPA1,MIGA1
MLH1,ACTG1,REL,LNPEP
MLH1,ACTG1,LIMA1,LYN
MLH1,UBC,CYLD
MLH1,RFC1,H3C1,FOLH1
MLH1,PCNA,RHOF
MLH1,HSPA8,PARD3,JAM3,JAM2
MLH1,ACTG1,HSP90AB1,GNAI2
MLH1,ACTG1,LIMA1,LYN,FCGR2B
MLH1,UBC,EGFR,EGF
MLH1,RFC1,H3C1,FOLH1
MLH1,ACTG1,FLNA,PHLDB2
MLH1,UBC,TRAF1,TNFRSF13C
MLH1,HSPA8,TAB1,PCDHGB4
MLH1,ACTG1,HSP90AB1,GNAI2
MLH1,ACTG1,GRB2,PTPRE
MLH1,HSPA8,BAG3,PRRG2
MLH1,ACTG1,HSP90AB1,GNAI2
MLH1,ACTG1,HSP90AB1,GNAI2
MLH1,ACTG1,GRB2,PTPRE
MLH1,RAD23B,UBB,SLC14A1
MLH1,ACTG1,HRAS,PTAR1,SLC6A19
MLH1,HMGB1,ATP5IF1,GUCY2C
MLH1,HSPA8,SRC
MLH1,ACTG1,CAPZB,PKN2
MLH1,CBY2,ACTN1,PLEK
MLH1,ACTG1,WWP2,ARRDC1
MLH1,ACTG1,MAPT,APOE
MLH1,ACTG1,CDH1,RPS10-NUDT3,TIP-LINK complex,LHFPL5
MLH1,HSPA8,JAK2,GHR
MLH1,HSPA8,MAPK14,STAB2
MLH1,ACTG1,HSP90AB1,GNAI2
MLH1,HSPA8,SNCA,DMTN
MLH1,HSPA8,ACTB,DTNA
MLH1,ACTG1,RIPK3,ZSCAN20,HTR5A
MLH1,ACTG1,MAP1LC3B,TBC1D25,BTN1A1
MLH1,ACTG1,PRKN,ZFAND4,ADGRB1
MLH1,ACTG1,PTPRR
MLH1,HSPA8,KCND2
MLH1,RAD23B,HSCB,MLEC
MLH1,HMGB1,PLAT,SERPINB2
MLH1,ACTG1,BRD4,CCNT2
MLH1,ACTG1,HSP90AB1,GNAI2
MLH1,ACTG1,REL,LNPEP
MLH1,ACTG1,VCL,FERMT2
MLH1,RFC1,H2BC21,ATP2B3
MLH1,ACTG1,UBL4A,TRAF4
MLH1,UBC,SHARPIN,ITGA2B
MLH1,ACTG1,BRD4,CCNT2
MLH1,HSPA8,FN1,FGA
MLH1,HSPA8,HLA-DRB1,PRF1
MLH1,ACTG1,CAPZB,PKN2,PSG7
MLH1,HSPA8,H1-4,FBP2
MLH1,ACTG1,CDKN2A,IMPDH1,HLA-DOA
MLH1,UBC,NEDD4L,SLC22A11
MLH1,ACTG1,HSP90AB1,GNAI2
MLH1,HSPA8,RAF1,GRM1
MLH1,HSPA8,SRC,EFNA5
MLH1,ACTG1,IQGAP1
MLH1,ACTG1,LRRK2,ZC3H15,SLC10A6
MLH1,HSPA8,SRC,EFNA5
MLH1,ACTG1,LRRK2,ZC3H15,CLEC5A
MLH1,EXO1,SLC46A1
MLH1,ACTG1,RIPK3,ZSCAN20,GHSR
MLH1,ACTG1,CDH1,RPS10-NUDT3,WNT3
MLH1,HSPA8,SRC,EFNA5
MLH1,ACTG1,RELA,ASB9,ADRA1A
MLH1,ACTG1,IGF2BP3,PTBP1,KLRK1,RAET1L
MLH1,CBY2,ACTN1,PLEK
MLH1,UBC,CHP1,SLC9A2
MLH1,HSPA8,MATR3,MYOF
MLH1,UBC,SLC38A5
MLH1,ACTG1,LARP7,EPB42
MLH1,ACTG1,BRD4,CCNT2
MLH1,ACTG1,ABI2,NCKAP1L
MLH1,HSPA8,MAVS,PRKAR2A
MLH1,HSPA8,DIRAS2
MLH1,ACTG1,HSP90AB1,GNAI2
MLH1,HSPA8,GSK3B,ACSBG1
MLH1,ACTG1,LRRK2,ZC3H15,CNNM1
MLH1,PPP2CB,PPP2R2D,GPC5
MLH1,ACTG1,RIPK3,ZSCAN20,POMC,MC3R
MLH1,ACTG1,ABI2,NCKAP1L
MLH1,UBC,ARRB2,APLNR
MLH1,ACTG1,COTL1,SH2D3C,ADK
MLH1,HSPA8,CFTR,CLCA1
MLH1,HSPA8,LRFN4
MLH1,ACTG1,CTNNB1,PTPRU
MLH1,HSPA8,CSK
MLH1,HSPA8,SRC,EFNA5
MLH1,HSPA8,RAF1,GRM1
MLH1,ACTG1,HTT,HADHA,JPH2
MLH1,HSPA8,JUN,CEBPE
MLH1,HSPA8,RACK1,GNG2
MLH1,HSPA8,BMPR1A
MLH1,ACTG1,MAPT,APOE
MLH1,ACTG1,BRD4,CCNT2
MLH1,ACTG1,REL,LNPEP
MLH1,ACTG1,RIPK3,ZSCAN20,RGS5
MLH1,HSPA8,DNAJB5,CACNA1A
MLH1,HSPA8,RAB7A,GNG5
MLH1,ACTG1,WDR1
MLH1,ACTG1,HSP90AB1,GNAI2
MLH1,HSPA8,ACTB,DTNA
MLH1,ACTG1,LARP7,EPB42
MLH1,HSPA8,SRC,EFNA5
MLH1,UBC,RAC1,DENND4C
MLH1,ACTG1,GRB2,PTPRE
MLH1,ACTG1,RIPK3,ZSCAN20,RGS18
MLH1,ACTG1,MYO1C
MLH1,UBC,CAV1,ADCY5
MLH1,ACTG1,CDC37,NCOA5,SMPDL3B
MLH1,HSPA8,GSK3B,ACSBG1
MLH1,ACTG1,GRB2,PTPRE
MLH1,ACTG1,IKBKB,PSG1
MLH1,UBC,EGFR,EGF
MLH1,ACTG1,LRRK2,ZC3H15,CHRNA5
MLH1,PPP2CB,PPP4C
MLH1,ACTG1,MAPT
MLH1,HSPA8,FYN,SLC4A8
MLH1,ACTG1,FLNA,PHLDB2
MLH1,UBC,ZAP70,CD3G
MLH1,HSPA8,FYN
MLH1,HSPA8,CSNK1D
MLH1,ACTG1,RIPK3,ZSCAN20,OXTR
MLH1,ACTG1,LRRK2,ZC3H15,CACNG7
MLH1,HSPA8,AXL,TREML2
MLH1,ACTG1,RIPK1,CLIP3
MLH1,ACTG1,WWP2,ARRDC1
MLH1,ACTG1,CCDC8,SLIT2,TSPAN7
MLH1,ACTG1,CAPZB,PKN2
MLH1,HSPA8,VSIG8,IL31RA
MLH1,HSPA8,DNAJC13
MLH1,ACTG1,WWP2,ARRDC1
MLH1,ACTG1,PPP1CB,PAPOLA,SLC4A4
MLH1,ACTG1,PLEKHA4,MTERF4,AOC1
MLH1,ACTG1,GRB2,PTPRE
MLH1,ACTG1,ANLN,RPS7,RAB19
MLH1,ACTG1,CAPZB,PKN2
MLH1,ACTG1,VCL,FERMT2
MLH1,ACTG1,RELA,ASB9,GRK3
MLH1,ACTG1,IQGAP1,MYL4,PCDHGA4
MLH1,HSPA8,MAPK14,STAB2
MLH1,HSPA8,CFTR,CLCA1
MLH1,HSPA8,CFTR,CLCA1
MLH1,HSPA8,SUGT1,LRRC8B
MLH1,ACTG1,DCTN1,HAUS6,EFNA2
MLH1,UBC,GNB2,RGS6
MLH1,RFC1,RPA1,OBSCN
MLH1,HSPA8,NTRK1,PLXNA4
MLH1,UBC,BSG,SLC16A13
MLH1,PPP2CB,PKN3,PTGER3
MLH1,ACTG1,LARP7,EPB42
MLH1,HSPA8,FYN,SLC4A8
MLH1,ACTG1,RIPK3,ZSCAN20,TRHR
MLH1,ACTG1,CTNNB1,PTPRU
MLH1,HSPA8,JUN,CEBPE
MLH1,UBC,ATP1A1
MLH1,ACTG1,SPTAN1,GRIN2B
MLH1,UBC,KDR,ANOS1
MLH1,ACTG1,HSP90AB1,GNAI2,AGTR2
MLH1,ACTG1,BRD4,CCNT2
MLH1,ACTG1,H3C12,TPR,EFR3B
MLH1,ACTG1,HRAS,PTAR1,SLC2A9
MLH1,ACTG1,UBL4A,TRAF4,CYP2C8
MLH1,UBC,UBE2N,ZNRF3
MLH1,HSPA8,RAF1,GRM1
MLH1,HSPA8,BAG3,PRRG2
MLH1,ACTG1,SMARCD1,PLAGL2,ADAM21
MLH1,UBC,MDM2
MLH1,ACTG1,BTF3
MLH1,PPP2CB,NRAS,PCDH18
MLH1,ACTG1,GRB2,PTPRE,LILRB3
MLH1,ACTG1,PLEKHA4,MTERF4,FXYD6
MLH1,ACTG1,CAP2
MLH1,ACTG1,HRAS,PTAR1,NEU1
MLH1,HSPA8,GSK3B,ACSBG1
MLH1,ACTG1,HSP90AB1,GNAI2
MLH1,HSPA8,AKT1,CYTH1
MLH1,UBC,CASP8,GSDMD
MLH1,HSPA8,MAPK3,ZBTB42
MLH1,HSPA8,JUN,CEBPE
MLH1,ACTG1,HSP90AB1,GNAI2
MLH1,ACTG1,GRB2,PTPRE
MLH1,ACTG1,CCT2,RDH8
MLH1,ACTG1,ANLN,RPS7,C4BPA
MLH1,ACTG1,NR3C1,ZFX,UGT8
MLH1,ACTG1,LARP7,EPB42
MLH1,ACTG1,CAPZB,PKN2
MLH1,ACTG1,HTT,HADHA,ABCA6,ABCA8
MLH1,ACTG1,RELA,ASB9,MUC2
MLH1,HSPA8,JAK2,GHR
MLH1,ACTG1,NR3C1,ZFX,CD82
MLH1,INO80,APBB1,SLAMF7
MLH1,ACTG1,ACO2,GPD1L
MLH1,HSPA8,YAP1,PIEZO2
MLH1,ACTG1,IKBKB,PSG1
MLH1,HSPA8,YAP1,PIEZO2
MLH1,ACTG1,LARP7,EPB42
MLH1,ACTG1,CDH1,RPS10-NUDT3,PCDHB16
MLH1,ACTG1,WWP2,ARRDC1
MLH1,HSPA8,TRAF6
MLH1,ACTG1,NR3C1,ZFX,HTR3C
MLH1,ACTG1,PSMD14,ASPSCR1
MLH1,RFC1,TERF2IP,ZNF414,DRP2
MLH1,UBC,BSG
MLH1,HMGB1,PLAT,SERPINB2
MLH1,ACTG1,GRB2,PTPRE
MLH1,HSPA8,SNRPD2,CRLF3
MLH1,UBC,ARRB2,APLNR
MLH1,HSPA8,BAG3,PRRG2
MLH1,ACTG1,DSTN,S100A9
MLH1,HSPA8,BAG3,PRRG2
MLH1,CBY2,GCC2,ARL4A
MLH1,ACTG1,GRB2,PTPRE
MLH1,ACTG1,BRD4,CCNT2
MLH1,HSPA8,CFTR,CLCA1
MLH1,HSPA8,JAK2,GHR
MLH1,HSPA8,KLC2,CHRNA9
MLH1,HSPA8,FN1,FGA
MLH1,ACTG1,LRRK2,ZC3H15,RAB3GAP2
MLH1,HSPA8,ACTB,DTNA
MLH1,HSPA8,CUL3,LRFN2
MLH1,HSPA8,SIRT2
MLH1,ACTG1,ALAS1,MTSS2,GCA
MLH1,CBY2,ACTN1
MLH1,UBC,EGFR,EGF
MLH1,HSPA8,RACK1,GNG2
MLH1,ACTG1,DLG5,AGRN
MLH1,ACTG1,CTNNB1,PTPRU
MLH1,ACTG1,GRB2,PTPRE
MLH1,BLM,ASF1A,CDAN1
MLH1,HSPA8,BAG3,PRRG2
MLH1,HSPA8,IPO7,RP2
MLH1,ACTG1,HSP90AB1,GNAI2,KCNN2
MLH1,UBC,ARRB2,APLNR
MLH1,UBC,EGFR,EGF
MLH1,ACTG1,HSP90AB1,GNAI2
MLH1,UBC,PODXL,SELL
MLH1,UBC,AMFR,OR4N2
MLH1,HSPA8,HLA-DRB1,PRF1
MLH1,HSPA8,CUL3,LRFN2
MLH1,HSPA8,CFTR,CLCA1
MLH1,ACTG1,ANLN,RPS7,ATP11C
MLH1,HSPA8,SRC,EFNA5
MLH1,ACTG1,HSP90AB1,GNAI2
MLH1,UBC,FBXO7,FGF10
MLH1,UBC,FASN,SLC34A3
MLH1,UBC,STAMBP
MLH1,ACTG1,LARP7,EPB42
MLH1,ACTG1,RELA,ASB9,CD1E
MLH1,HSPA8,OSBPL7
MLH1,ACTG1,KRAS,AP4S1,STS
MLH1,RAD23B,UBB,SLC14A1
MLH1,UBC,TRAF1,TNFRSF13C
MLH1,PPP2CB,TGFBR2,MYADM
MLH1,UBC,EGFR,EGF
MLH1,ACTG1,MAPT,APOE
MLH1,ACTG1,LRRK2,ZC3H15,WLS
MLH1,HSPA8,AKT1,CYTH1
MLH1,HSPA8,AR,TGIF1,CRHR2
MLH1,UBC,FLOT1
MLH1,HSPA8,TUBB3,KLRC1
MLH1,HSPA8,TRAF6,TNFRSF13B
MLH1,ACTG1,RIPK3,ZSCAN20,MC2R
MLH1,HSPA8,PGR
MLH1,HSPA8,SLC35B2,AQP6,TSPO2
MLH1,ACTG1,LARP7,EPB42
MLH1,ACTG1,BRD4,CCNT2
MLH1,ACTG1,BRD4,CCNT2
MLH1,HSPA8,MAPK3,ZBTB42
MLH1,HSPA8,LAMP2,SLC2A13
MLH1,ACTG1,VIM,WHRN
MLH1,RFC1,BRD2,SPAM1
MLH1,ACTG1,MAPT,APOE
MLH1,HSPA8,AGPAT3
MLH1,ACTG1,HSP90AB1,GNAI2
MLH1,HSPA8,SRC,EFNA5
MLH1,HSPA8,CFTR,CLCA1
MLH1,RFC1,RPA1,OBSCN
MLH1,ACTG1,ABI2,NCKAP1L,AMACR
MLH1,HSPA8,SUMO2,SERPINB6
MLH1,HSPA8,TBK1,EXOC7
MLH1,ACTG1,ARHGAP12,MUC5B
MLH1,ACTG1,IKBKB,PSG1
MLH1,HSPA8,YES1,NCSTN
MLH1,ACTG1,CDC37,NCOA5,PLA2G4C
MLH1,ACTG1,MAP1LC3B,TBC1D25,SLC8A1
MLH1,HSPA8,CUL3,LRFN2
MLH1,UBC,UBE2E1,ROBO3
MLH1,HSPA8,COPE,SLC35A1
MLH1,ACTG1,HSPA5,LOC102723407,SLC3A1
MLH1,UBC,ARRB2,APLNR,LRP12,NMRK2
MLH1,RFC1,H3C1,FOLH1,FPGT,NLN
MLH1,PPP2CB,TGFBR2
MLH1,ACTG1,LRRK2,ZC3H15,SLC15A4
MLH1,ACTG1,MYH14,MOSPD2
MLH1,HSPA8,CUL3,LRFN2
MLH1,ACTG1,HTT,HADHA,NAA38,NAA35
MLH1,ACTG1,HSP90AB1,GNAI2,GABBR2
MLH1,HSPA8,VPS4B
MLH1,PPP2CB,ANKLE2,BTN3A1
MLH1,HSPA8,PXN
MLH1,ACTG1,FMN2,OCLN
MLH1,ACTG1,FLNA,PHLDB2,MS4A2
MLH1,ACTG1,CCT2,RDH8
MLH1,HSPA8,GSK3B,ACSBG1
MLH1,HSPA8,MAPK14,STAB2
MLH1,UBC,EGFR,EGF
MLH1,ACTG1,HTT,HADHA,DUOX2
MLH1,ACTG1,CTNNB1,PTPRU
MLH1,PPP3CC,CALM3,TRPV6
MLH1,HSPA8,MAVS,PRKAR2A
MLH1,ACTG1,HSPA5,LOC102723407,SLC39A8
MLH1,CBY2,GCC2,ARL4A
MLH1,HSPA8,ACTB,DTNA
MLH1,ACTG1,MAPK6,ZNF813,FCMR
MLH1,HSPA8,TRAF6,TNFRSF13B
MLH1,ACTG1,PLEKHA4,MTERF4,HTR3E
MLH1,UBC,MTOR,RHEBL1
MLH1,ACTG1,ACO2,GPD1L
MLH1,ACTG1,LIMA1,LYN
MLH1,HSPA8,GDI2,RAB33A
MLH1,ACTG1,RELA,ASB9,SLC6A13
MLH1,UBC,UBE2D2,RNF146
MLH1,HSPA8,PRKAG1,SLC2A8
MLH1,UBC,MTOR,RHEBL1,NCR1
MLH1,HSPA8,OPA1,MIGA1
MLH1,ACTG1,CCDC8
MLH1,HSPA8,FYN,SLC4A8,TYROBP,TREM1
MLH1,ACTG1,CCT6A,IRF7,CD40LG
MLH1,ACTG1,CHD3,KRT84,ZGPAT
MLH1,HSPA8,SH2D3A,GSDMA
MLH1,ACTG1,UBL4A,TRAF4
MLH1,HSPA8,NPRL2,LAMTOR2
MLH1,ACTG1,HSP90AB1,GNAI2
MLH1,ACTG1,ABI2,NCKAP1L
MLH1,ACTG1,RIPK3,ZSCAN20,GPR52
MLH1,HMGB1,CDK1,FANCG
MLH1,ACTG1,GRB2,PTPRE
MLH1,ACTG1,CDH1,RPS10-NUDT3,CAPRIN2
MLH1,HSPA8,ACTB,DTNA
MLH1,UBC,CAV1
MLH1,HSPA8,AXL,TREML2
MLH1,ACTG1,RIPK3,ZSCAN20,CCR6
MLH1,UBC,MRPS7,MRPL42
MLH1,HSPA8,JUN,CEBPE,TNFRSF11B
MLH1,ACTG1,PRKN,ZFAND4,KIRREL3
MLH1,ACTG1,HSP90AB1,GNAI2
MLH1,HSPA8,AKT1,CYTH1
MLH1,HSPA8,GANAB,IDS,MANBA
MLH1,HSPA8,SRC,EFNA5
MLH1,HSPA8,NTRK1,PLXNA4
MLH1,HSPA8,YES1,NCSTN
MLH1,ACTG1,RELA,ASB9,HFE
MLH1,HSPA8,KCND2,KCNIP1
MLH1,ACTG1,BRD4,CCNT2
MLH1,ACTG1,EEF1A2,SLC13A5
MLH1,ACTG1,HSP90AB1,GNAI2
MLH1,ACTG1,GRB2,PTPRE
MLH1,ACTG1,HSP90AB1,GNAI2,KCNQ5
MLH1,PPP3CC,IL6,IL6ST
MLH1,HSPA8,FYN,SLC4A8
MLH1,HSPA8,MAVS,PRKAR2A
MLH1,ACTG1,CTTN,EXOC8
MLH1,ACTG1,WASF1,MPDZ
MLH1,RFC1,PDS5A,FOXI1,SLC16A2
MLH1,UBC,OPTN,KHNYN,NTRK3
MLH1,PPP3CC,HGFAC,SPINT1
MLH1,HSPA8,BAG3,PRRG2
MLH1,HSPA8,NTRK1,PLXNA4
MLH1,ACTG1,HSP90AB1,GNAI2
MLH1,ACTG1,UBL4A,TRAF4
MLH1,ACTG1,HSP90AB1,GNAI2,GFRA3
MLH1,HSPA8,SH2D3A,GSDMA
MLH1,ACTG1,HSP90AB1,GNAI2
MLH1,ACTG1,GRB2,PTPRE
MLH1,ACTG1,PSMD14,ASPSCR1
MLH1,HSPA8,GSK3B,ACSBG1
MLH1,ACTG1,BRD4,CCNT2,MMP16
MLH1,UBC,RNF144A
MLH1,ACTG1,HSP90AB1,GNAI2
MLH1,ACTG1,GRB2,PTPRE,TUB
MLH1,ACTG1,LIMA1,LYN
MLH1,ACTG1,HSPA5,LOC102723407,GPC3
MLH1,ACTG1,RIPK3,ZSCAN20,RGS10
MLH1,HSPA8,ACTB,DTNA
MLH1,UBC,NEDD4L,SLC22A11
MLH1,UBC,HERC2
MLH1,HSPA8,ACTB,DTNA
MLH1,ACTG1,LRRK2,ZC3H15,CDSN
MLH1,PPP3CB
MLH1,HSPA8,SUMO2,SERPINB6
MLH1,HSPA8,PHLPP1
MLH1,ACTG1,PSMD14,ASPSCR1
MLH1,HSPA8,JAK2
MLH1,ACTG1,CAPZA2,MYPN
MLH1,HSPA8,RPS3
MLH1,ACTG1,HSP90AB1,GNAI2
MLH1,ACTG1,LIMA1,LYN
MLH1,ACTG1,HDAC6,H2BC13,TNFSF11
MLH1,ACTG1,BRD4,CCNT2
MLH1,HSPA8,CFTR,CLCA1
MLH1,ACTG1,PLEKHA4,MTERF4,SLC31A2
MLH1,HSPA8,JUN,CEBPE
MLH1,ACTG1,HSPA5,LOC102723407,BTBD17
MLH1,PPP3CC,NFATC1,PLAUR
MLH1,UBC,ARRB2,APLNR
MLH1,UBC,NEDD4L,SLC22A11
MLH1,ACTG1,HSP90AB1,GNAI2
MLH1,HSPA8,SH2D3A,GSDMA
MLH1,HSPA8,GAK,RAB29
MLH1,HSPA8,AKT1,CYTH1
MLH1,HSPA8,VSIG8,IL31RA
MLH1,ACTG1,PLEKHA4,MTERF4,CLCN3,CNGA4
MLH1,HSPA8,HLA-DRB1,PRF1
MLH1,ACTG1,HSP90AB1,GNAI2,MC4R
MLH1,HSPA8,COP1,APBA3
MLH1,ACTG1,VIM,WHRN
MLH1,ACTG1,CAPZB,PKN2
MLH1,HSPA8,GSK3B,ACSBG1
MLH1,ACTG1,BAIAP2L1
MLH1,ACTG1,BRD4,CCNT2
MLH1,HSPA8,SRC,EFNA5
MLH1,UBC,EPN1
MLH1,ACTG1,POU5F1,RBM17,LRFN3
MLH1,HSPA8,RAB7A,GNG5
MLH1,HSPA8,ILK
MLH1,ACTG1,BRD4,CCNT2
MLH1,ACTG1,HSP90AB1,GNAI2
MLH1,HSPA8,NTRK1
MLH1,UBC,CBL,CD33
MLH1,HSPA8,MAPK14,STAB2
MLH1,UBC,EGFR,EGF,LY86,CD180
MLH1,UBC,EGFR,EGF
MLH1,UBC,UBE2E1,ROBO3
MLH1,ACTG1,PRKN,ZFAND4,ASIC2
MLH1,ACTG1,EPS8L2,SOS1
MLH1,HSPA8,PRKCZ,FEZ1
MLH1,ACTG1,SPTBN1,SPTA1
MLH1,ACTG1,PLEKHA4,MTERF4,HAUS7
MLH1,ACTG1,IKBKB,PSG1
MLH1,HSPA8,RAB7A,GNG5
MLH1,UBC,TAPBP,HLA-B
MLH1,HSPA8,RAB7A,GNG5
MLH1,HSPA8,SRC,EFNA5
MLH1,ACTG1,REL,LNPEP
MLH1,ACTG1,TUBGCP4,RPL38,KCNF1
MLH1,ACTG1,HSP90AB1,GNAI2
MLH1,ACTG1,DISC1,CRYAB,GCG
MLH1,ACTG1,CTNNB1,PTPRU
MLH1,HSPA8,BAG3,PRRG2
MLH1,HSPA8,CEMIP,CFC1
MLH1,BLM,RIF1
MLH1,ACTG1,LRRK2,ZC3H15,BTLA
MLH1,UBC,LNX1,GPR142
MLH1,ACTG1,BRD4,CCNT2
MLH1,ACTG1,RELA,ASB9,ACKR3
MLH1,ACTG1,HSP90AB1,GNAI2
MLH1,HSPA8,GSK3B,ACSBG1
MLH1,ACTG1,HSP90AB1,GNAI2,DUOX1,DUOXA1
MLH1,ACTG1,NR3C1,ZFX,RAB3B
MLH1,UBC,ANKRD13A
MLH1,HSPA8,GSK3B,ACSBG1
MLH1,ACTG1,HSP90AB1,GNAI2
MLH1,HSPA8,FYN,SLC4A8
MLH1,HSPA8,AKT1,CYTH1
MLH1,UBC,FANCI,UPK2
MLH1,ACTG1,LARP7,EPB42
MLH1,HSPA8,SGTA,CDH15
MLH1,ACTG1,GRB2,PTPRE
MLH1,HSPA8,RASA1
MLH1,ACTG1,LARP7,EPB42
MLH1,ACTG1,PRKN,ZFAND4,RASGRP2
MLH1,ACTG1,CAPZB,PKN2,TRARG1
MLH1,ACTG1,REL,LNPEP
MLH1,HSPA8,CFTR,CLCA1
MLH1,UBC,MRPS7,MRPL42
MLH1,HMGB1,CDK1,FANCG
MLH1,UBC,TRAF1,TNFRSF13C
MLH1,ACTG1,BRD4,CCNT2
MLH1,ACTG1,HSP90AB1,GNAI2
MLH1,ACTG1,HSP90AB1,GNAI2,SMPD2
MLH1,HSPA8,MAPK14,STAB2
MLH1,UBC,UBQLN1,FGF7,CDHR3
MLH1,ACTG1,HSP90AB1,GNAI2
MLH1,HSPA8,AQP2
MLH1,RFC1,H2BC21,ATP2B3
MLH1,UBC,AMPH
MLH1,ACTG1,KRAS,AP4S1,ERVMER34-1
MLH1,UBC,NEDD4,LAPTM4B
MLH1,ACTG1,CDH1,RPS10-NUDT3,SCN1B
MLH1,UBC,ZAP70
MLH1,ACTG1,NR3C1,ZFX,HYAL3
MLH1,ACTG1,TUBGCP4,RPL38,CTSF
MLH1,ACTG1,GRB2,PTPRE
MLH1,ACTG1,REL,LNPEP
MLH1,ACTG1,UBL4A,TRAF4,UNC5A
MLH1,HSPA8,IGF1R
MLH1,UBC,NEDD4
MLH1,ACTG1,H3C12,TPR,RASGEF1A
MLH1,HSPA8,BAG3,PRRG2
MLH1,HSPA8,ACTB,DTNA
MLH1,UBC,TRIP12,CELSR3
MLH1,HSPA8,PRMT5,COPRS
MLH1,ACTG1,REL,LNPEP,SLC12A4
MLH1,ACTG1,HSP90AB1,GNAI2
MLH1,RAD23B,UBB,SLC14A1
MLH1,ACTG1,ANLN,RPS7,LPP
MLH1,ACTG1,PLEKHA4,MTERF4,CBLIF,CUBN
MLH1,HSPA8,HLA-DRB1,PRF1
MLH1,ACTG1,GRB2,PTPRE
MLH1,HSPA8,SMC3,PLIN4
MLH1,UBC,UBR4,TRPV5
MLH1,HSPA8,HLA-DRB1,PRF1
MLH1,ACTG1,COBL,TMOD3,PLB1
MLH1,PMS1,AHNAK
MLH1,ACTG1,CAPZB,PKN2
MLH1,ACTG1,CAPZB,PKN2
MLH1,ACTG1,HSP90AB1,GNAI2
MLH1,PPP2CB,CARD11
MLH1,ACTG1,UBL4A,TRAF4
MLH1,HSPA8,MAPK3,ZBTB42
MLH1,ACTG1,SPTBN1,SPTA1
MLH1,HSPA8,TUBB3,KLRC1
MLH1,PPP3CB,PTK7
MLH1,ACTG1,CTNNB1,PTPRU
MLH1,ACTG1,RELA,ASB9,APOLD1
MLH1,HSPA8,SNCA,DMTN
MLH1,UBC,PTPN5,CLEC4G
MLH1,HSPA8,SUMO2,SERPINB6
MLH1,RFC1,ZNF263,MRPS18B,SLC16A5
MLH1,ACTG1,CAPZB,PKN2
MLH1,ACTG1,BRD4,CCNT2
MLH1,ACTG1,WWP2,ARRDC1
MLH1,ACTG1,MAPT,APOE
MLH1,ACTG1,CTNNB1,PTPRU
MLH1,HSPA8,JUN,CEBPE
MLH1,UBC,NEDD4,LAPTM4B
MLH1,HSPA8,TRAF6,TNFRSF13B
MLH1,ACTG1,VIM,WHRN
MLH1,PPP2CB,TGFBR2,MYADM
MLH1,ACTG1,HSP90AB1,GNAI2
MLH1,ACTG1,HSP90AB1,GNAI2,PTP4A3
MLH1,PPP2CB,PPP2R2D,GPC5
MLH1,ACTG1,WWP2,ARRDC1
MLH1,UBC,DAXX,USH1G
MLH1,HSPA8,SRC,EFNA5
MLH1,ACTG1,RIPK3,ZSCAN20,NPY2R
MLH1,HSPA8,IRS4,MTNR1B
MLH1,ACTG1,PRKN,ZFAND4,CYP2C19
MLH1,ACTG1,LRRK2,ZC3H15,SLC1A5
MLH1,UBC,PRKCB
MLH1,UBC,RAC1,DENND4C
MLH1,PCNA,RHOF,ASIC1
MLH1,ACTG1,CAPZB,PKN2
MLH1,ACTG1,LRRK2,ZC3H15,SYT17
MLH1,HSPA8,SNRPD2,CRLF3
MLH1,ACTG1,HSP90AB1,GNAI2
MLH1,HSPA8,MAPK14,STAB2
MLH1,ACTG1,HSP90AB1,GNAI2
MLH1,ACTG1,RIPK3,ZSCAN20,MRGPRD
MLH1,ACTG1,HSP90AB1,GNAI2,SMPD3
MLH1,ACTG1,PTPN12,PSTPIP2
MLH1,ACTG1,GRB2,PTPRE
MLH1,HSPA8,RAB7A,GNG5
MLH1,ACTG1,REL,LNPEP
MLH1,HSPA8,BAG3,PRRG2
MLH1,PPP3CC,CALM3,TRPV6
MLH1,ACTG1,HSP90AB1,GNAI2
MLH1,ACTG1,GRB2,PTPRE
MLH1,HSPA8,JAK2,GHR
MLH1,HSPA8,FYN,SLC4A8
MLH1,ACTG1,HSP90AB1,GNAI2,RXFP2
MLH1,HSPA8,AKT1,CYTH1
MLH1,HSPA8,HLA-DRB1
MLH1,HMGB1,MYC,CDR2,KIR2DL4
MLH1,ACTG1,LARP7,EPB42
MLH1,ACTG1,HSP90AB1,GNAI2,MGLL
MLH1,ACTG1,MAPT,APOE
MLH1,ACTG1,CTNNB1,PTPRU
MLH1,ACTG1,CAPZB,PKN2,TBC1D30
MLH1,HSPA8,BAG3,PRRG2
MLH1,ACTG1,ANLN,RPS7,SYTL3
MLH1,ACTG1,REL,LNPEP
MLH1,ACTG1,REL,LNPEP
MLH1,HSPA8,HLA-DRB5
MLH1,ACTG1,ANLN,RPS7,NSMF
MLH1,ACTG1,HSP90AB1,GNAI2,PRSS41
MLH1,HSPA8,BAG3,PRRG2
MLH1,ACTG1,BRD4,CCNT2
MLH1,ACTG1,PRKN,ZFAND4,DLGAP2
MLH1,ACTG1,REL,LNPEP
MLH1,ACTG1,LARP7,EPB42
MLH1,HSPA8,RAB7A,GNG5
MLH1,HSPA8,HSPD1,LARS2,ADGRG6
MLH1,UBC,BSG,SLC16A13
MLH1,ACTG1,GRB2,PTPRE
MLH1,ACTG1,IGF2BP3,PTBP1,KLRK1,RAET1L
MLH1,HSPA8,BAG3,PRRG2
MLH1,ACTG1,GRB2,PTPRE
MLH1,UBC,COPB1
MLH1,ACTG1,HSP90AB1,GNAI2
MLH1,ACTG1,CTNNB1,PTPRU
MLH1,UBC,LNX1,GPR142
MLH1,HSPA8,RAF1,GRM1
MLH1,HSPA8,RNF5
MLH1,ACTG1,REL,LNPEP
MLH1,ACTG1,HRAS,PTAR1,JAML
MLH1,HSPA8,CUL3,LRFN2
MLH1,ACTG1,CAPZB,PKN2,SEMA4F
MLH1,UBC,AGO2,SLC7A9
MLH1,ACTG1,PLEKHA4
MLH1,ACTG1,CTTN,EXOC8
MLH1,HSPA8,RAB7A,GNG5
MLH1,ACTG1,KRAS,AP4S1,CNGA3,CNGB3
MLH1,UBC,FASN,SLC34A3
MLH1,HSPA8,AKT1,CYTH1
MLH1,ACTG1,CTNNB1,PTPRU
MLH1,HSPA8,YES1,NCSTN
MLH1,ACTG1,RELA,ASB9,KIR2DL3
MLH1,ACTG1,CTNNB1,PTPRU
MLH1,UBC,USP4
MLH1,HSPA8,BAG3,PRRG2
MLH1,UBC,CASP8,GSDMD
MLH1,HSPA8,RPS6KA3,HTR2A
MLH1,ACTG1,LRRK2,ZC3H15,SLC22A2,SLC47A1
MLH1,INO80,APBB1,SLAMF7
MLH1,ACTG1,ACTL6A
MLH1,ACTG1,HSP90AB1,GNAI2
MLH1,HSPA8,SNX20,DIRAS1
MLH1,PPP2CB,NRAS,PCDH18
MLH1,ACTG1,LIMA1,LYN
MLH1,ACTG1,GRB2,PTPRE
MLH1,HSPA8,BAG3,PRRG2
MLH1,ACTG1,HSP90AB1,GNAI2
MLH1,HSPA8,CFTR,CLCA1
MLH1,ACTG1,BRD4,CCNT2
MLH1,HSPA8,SNCA,DMTN
MLH1,ACTG1,HSP90AB1,GNAI2,GFRA1
MLH1,PPP3CB,PPP1R13B
MLH1,HSPA8,CSDE1,ARHGEF39
MLH1,HSPA8,H1-4,FBP2
MLH1,ACTG1,CTNNB1,PTPRU
MLH1,HSPA8,H3C13,SLITRK3
MLH1,UBC,FASN,SLC34A3
MLH1,UBC,LNX1,GPR142
MLH1,PPP2CB,CDK18,CA4
MLH1,ACTG1,CAPZB,PKN2
MLH1,ACTG1,HTT,HADHA,QRFPR
MLH1,UBC,MARCHF7
MLH1,HSPA8,COPE,SLC35A1
MLH1,ACTG1,RIPK3,ZSCAN20,NMUR2
MLH1,HSPA8,GNA13,GNG3
MLH1,ACTG1,HSP90AB1,GNAI2
MLH1,HSPA8,JUN,CEBPE
MLH1,ACTG1,HSP90AB1,GNAI2
MLH1,HSPA8,CDC34,ZNRF1
MLH1,ACTG1,CTNNB1,PTPRU
MLH1,HSPA8,FYN,SLC4A8
MLH1,ACTG1,CDH1,RPS10-NUDT3,ADGRB3
MLH1,ACTG1,UBL4A,TRAF4
MLH1,ACTG1,RIPK3,ZSCAN20,LPL
MLH1,HSPA8,YES1,NCSTN
MLH1,HSPA8,SRC,EFNA5
MLH1,PPP3CC,CALM3,TRPV6
MLH1,HSPA8,YES1,NCSTN
MLH1,UBC,CBLC
MLH1,ACTG1,ANLN,RPS7,C3AR1
MLH1,ACTG1,CCT2,RDH8
MLH1,ACTG1,ACO2,GPD1L
MLH1,HSPA8,FN1,FGA
MLH1,UBC,AP2B1
MLH1,HSPA8,FYN,SLC4A8
MLH1,ACTG1,CAPZB,PKN2
MLH1,ACTG1,H4C6,CENPL,VNN2
MLH1,HMGB1,TLR2,CLEC4M
MLH1,ACTG1,CAPZB,PKN2
MLH1,ACTG1,HSP90AB1,GNAI2
MLH1,ACTG1,LRRK2,ZC3H15,S1PR4
MLH1,ACTG1,CAPZA1,WASHC2A
MLH1,UBC,SMURF2
MLH1,ACTG1,NR3C1,ZFX,CD38
MLH1,HSPA8,SRC,EFNA5
MLH1,HSPA8,NPRL2,LAMTOR2
MLH1,HSPA8,TUBB3,KLRC1
MLH1,HSPA8,ABCG2
MLH1,UBC,MRPS7,MRPL42
MLH1,PPP2CB,PRKCD
MLH1,ACTG1,HSP90AB1,GNAI2
MLH1,ACTG1,VCL
MLH1,HSPA8,FYN,SLC4A8
MLH1,ACTG1,EEF1A2,SLC13A5,SLC10A1
MLH1,ACTG1,PSMD14,ASPSCR1
MLH1,ACTG1,RIPK3,ZSCAN20,SSTR4
MLH1,ACTG1,CTNNB1
MLH1,HSPA8,AXL,TREML2
MLH1,ACTG1,CDH1,RPS10-NUDT3,PCDHGA11
MLH1,HSPA8,CUL3,LRFN2
MLH1,HSPA8,EWSR1
MLH1,ACTG1,RIPK3,ZSCAN20,GPR88
MLH1,HSPA8,LAMP2,SLC2A13
MLH1,ACTG1,IQGAP1,MYL4,SLC26A1
MLH1,ACTG1,GRB2,PTPRE
MLH1,ACTG1,HRAS,PTAR1,TPRA1
MLH1,HSPA8,TUBB4B,PRCP
MLH1,HSPA8,HCK,FRS3
MLH1,HSPA8,SRC,EFNA5
MLH1,ACTG1,LIMA1,LYN
MLH1,PPP2CB,AKT2
MLH1,HSPA8,CDC34,ZNRF1
MLH1,ACTG1,BIN1,RBM12,PCDHA3
MLH1,HSPA8,PXN,PARVB
MLH1,HSPA8,AKT1,CYTH1,CYBRD1
MLH1,UBC,MRPS7,MRPL42
MLH1,ACTG1,HSP90AB1,GNAI2
MLH1,UBC,TRIP12,CELSR3
MLH1,ACTG1,WWP2,ARRDC1
MLH1,HSPA8,SNAP25,SYT3,SV2C
MLH1,PPP3CB,RASSF2
MLH1,INO80,APBB1,SLAMF7
MLH1,ACTG1,DSTN,S100A9
MLH1,HSPA8,MAPK14,STAB2
MLH1,HSPA8,CFTR,CLCA1
MLH1,ACTG1,HSP90AB1,GNAI2
MLH1,ACTG1,CHD3,KRT84,ANGPT1
MLH1,ACTG1,REL,LNPEP
MLH1,ACTG1,HRAS,PTAR1,MMP15
MLH1,ACTG1,NR3C1,ZFX,ATP11B
MLH1,HSPA8,RAF1,GRM1
MLH1,HSPA8,ACTB
MLH1,ACTG1,H3C12,TPR,LAG3
MLH1,UBC,NEDD4,LAPTM4B
MLH1,ACTG1,HDAC6,H2BC13,PDE6G
MLH1,ACTG1,KRAS,AP4S1,PRLHR
MLH1,HSPA8,SMC3,PLIN4
MLH1,ACTG1,RIPK3,ZSCAN20,CCR5
MLH1,ACTG1,RIPK3,ZSCAN20,HTR4
MLH1,ACTG1,CTTN,EXOC8
MLH1,ACTG1,HSP90AB1,GNAI2
MLH1,ACTG1,HRAS,PTAR1,MIGA2
MLH1,ACTG1,UBL4A,TRAF4
MLH1,UBC,XIAP,CASP4
MLH1,HSPA8,AKT1,CYTH1
MLH1,ACTG1,MAPT,APOE
MLH1,ACTG1,CDH1,RPS10-NUDT3,CDHR2
MLH1,ACTG1,PPP1CB,PAPOLA,IQCJ-SCHIP1
MLH1,ACTG1,SPTAN1,GRIN2B
MLH1,HSPA8,GNA13,GNG3
MLH1,HSPA8,AXL,TREML2
MLH1,HSPA8,ATP13A2,KLRC3,TP53I13
MLH1,ACTG1,HSP90AB1,GNAI2
MLH1,ACTG1,PRKN,ZFAND4,NRXN3
MLH1,ACTG1,MAPT,APOE
MLH1,ACTG1,HSP90AB1,GNAI2
MLH1,ACTG1,YWHAZ,TNS1,TPSG1
MLH1,HSPA8,RARA,FLOT2
MLH1,HSPA8,CHI3L1,CD55
MLH1,ACTG1,FLNA,PHLDB2
MLH1,BLM,TOPBP1
MLH1,HSPA8,MAPK3,ZBTB42
MLH1,UBC,AMFR,OR4N2,CCR8
MLH1,ACTG1,CAPZB,PKN2,ABCC4
MLH1,HSPA8,JAK2,GHR
MLH1,HSPA8,AKT1,CYTH1
MLH1,HSPA8,SNX20,DIRAS1
MLH1,ACTG1,HSP90AB1,GNAI2
MLH1,ACTG1,RUVBL2,TTI1,ADIPOR2
MLH1,ACTG1,CTTN,EXOC8
MLH1,ACTG1,MRTFB,SVIL
MLH1,ACTG1,HSP90AB1,GNAI2
MLH1,HSPA8,GAPDH
MLH1,UBC,NUMA1
MLH1,UBC,LNX1,GPR142
MLH1,BLM,MX1,TRPC7
MLH1,ACTG1,HSP90AB1,GNAI2
MLH1,ACTG1,CAPZB,PKN2,GPBAR1
MLH1,ACTG1,BRD4,CCNT2
MLH1,ACTG1,HSP90AB1,GNAI2,NRCAM
MLH1,UBC,HMGCR,SLC24A3
MLH1,HSPA8,PTK6
MLH1,ACTG1,H3C12,TPR,CA14
MLH1,ACTG1,CTNNB1,PTPRU
MLH1,ACTG1,HSP90AB1,GNAI2
MLH1,HSPA8,USP19,ECEL1
MLH1,HSPA8,SLC25A3
MLH1,ACTG1,RELA,ASB9,AVPR1A
MLH1,HSPA8,TAB1,PCDHGB4
MLH1,ACTG1,NR3C1,ZFX,TSPAN15,ADGRE2
MLH1,ACTG1,KRAS,AP4S1,SLC34A1
MLH1,HSPA8,CHI3L1,CD55
MLH1,ACTG1,HSP90AB1,GNAI2
MLH1,HSPA8,HIF1A,EGLN1,PDCD1
MLH1,HSPA8,RAPGEF6
MLH1,HSPA8,LARP1,PSKH1
MLH1,ACTG1,PSMD14,ASPSCR1
MLH1,ACTG1,HSP90AB1,GNAI2
MLH1,ACTG1,GRB2,PTPRE
MLH1,HSPA8,SMC3,PLIN4
MLH1,UBC,MTOR,RHEBL1
MLH1,ACTG1,GRB2,PTPRE
MLH1,HSPA8,ACTB,DTNA
MLH1,ACTG1,FADD,BTG1,RAET1E
MLH1,HSPA8,BAG3,PRRG2
MLH1,ACTG1,KIAA1522,PKMYT1,NFASC
MLH1,UBC,EGFR,EGF
MLH1,ACTG1,LARP7,EPB42
MLH1,HSPA8,ACTB,DTNA
MLH1,HSPA8,SNRPD2,CRLF3
MLH1,HSPA8,NOX5
MLH1,UBC,PRAME
MLH1,UBC,ARRB2,APLNR
MLH1,UBC,FZR1,RGS11
MLH1,ACTG1,CTTN,EXOC8
MLH1,ACTG1,GRB2,PTPRE
MLH1,ACTG1,HSP90AB1,GNAI2,PLA2G4E
MLH1,ACTG1,BRD4,CCNT2
MLH1,ACTG1,KRAS,AP4S1,KCNJ10
MLH1,HSPA8,RAB7A,GNG5,ATP4B
MLH1,UBC,MRPS7,MRPL42
MLH1,ACTG1,BRD4,CCNT2
MLH1,HSPA8,RNF5,ERLIN2
MLH1,HSPA8,RPS27A
MLH1,HSPA8,IRS4,MTNR1B
MLH1,ACTG1,HSP90AB1,GNAI2
MLH1,ACTG1,HSP90AB1,GNAI2,GP2
MLH1,HSPA8,JUN,CEBPE
MLH1,ACTG1,CAPZB,PKN2
MLH1,ACTG1,LARP7,EPB42
MLH1,UBC,RAC1,DENND4C
MLH1,HSPA8,SRC,EFNA5
MLH1,HSPA8,HCK,FRS3
MLH1,HSPA8,CUL3,LRFN2
MLH1,RAD23B,UBB,SLC14A1
MLH1,ACTG1,GRB2,PTPRE
MLH1,HSPA8,CUL3,LRFN2
MLH1,UBC,FASN,SLC34A3
MLH1,HSPA8,FYN,SLC4A8
MLH1,ACTG1,GRB2,PTPRE
MLH1,ACTG1,SMARCD2,BCL7C,SLC23A1
MLH1,HSPA8,YES1,NCSTN
MLH1,ACTG1,PFN2,GEMIN2,REEP2
MLH1,HSPA8,PACSIN1,GAS7
MLH1,UBC,PSEN1,APH1A
MLH1,ACTG1,ACO2,GPD1L
MLH1,UBC,PSEN1,APH1A
MLH1,ACTG1,ANLN,RPS7,SLC16A9
MLH1,UBC,UBR4
MLH1,HSPA8,MAPK14,STAB2
MLH1,UBC,MACF1
MLH1,ACTG1,HSP90AB1,GNAI2
MLH1,HMGB1,PLAT,SERPINB2
MLH1,UBC,BAP1
MLH1,UBC,TOM1
MLH1,ACTG1,HSP90AB1,GNAI2,CLCN7,MCOLN3
MLH1,RAD23B,UBB,SLC14A1
MLH1,HSPA8,PRKCZ
MLH1,RFC1,H2BC21,ATP2B3
MLH1,ACTG1,LARP7,EPB42
MLH1,UBC,EGFR,EGF
MLH1,HSPA8,GNA13,GNG3
MLH1,PPP2CB,PPP2R5A
MLH1,ACTG1,RIPK1,CLIP3
MLH1,UBC,STAMBP,CHMP3
MLH1,ACTG1,CTNNB1,PTPRU
MLH1,ACTG1,GRB2,PTPRE
MLH1,HSPA8,YES1,NCSTN
MLH1,ACTG1,PSMD14,ASPSCR1
MLH1,MSH2,EPHA2
MLH1,RFC1,H3C1,FOLH1
MLH1,HSPA8,FYN,SLC4A8
MLH1,HSPA8,ACTB,DTNA
MLH1,HSPA8,MAPK14,STAB2
MLH1,UBC,CHP1
MLH1,ACTG1,BRD4,CCNT2
MLH1,RFC1,BRD2,SPAM1
MLH1,ACTG1,HSP90AB1,GNAI2,DUOX1
MLH1,HSPA8,SGTA,CDH15
MLH1,HSPA8,STXBP1
MLH1,INO80,APBB1,SLAMF7
MLH1,HSPA8,GOT2
MLH1,HSPA8,KLC2,CHRNA9
MLH1,ACTG1,POU5F1,RBM17,TECTA
MLH1,HSPA8,JAK2,GHR
MLH1,BLM,MX1,TRPC7
MLH1,RFC1,CUL1
MLH1,UBC,GNB2,RGS6
MLH1,UBC,KDR,ANOS1
MLH1,ACTG1,CTTN,EXOC8
MLH1,ACTG1,CAPZB,PKN2,SLC16A7
MLH1,ACTG1,HSP90AB1,GNAI2
MLH1,HSPA8,SRC,EFNA5
MLH1,UBC,EGFR,EGF
MLH1,HSPA8,DNAJB6,AQP8
MLH1,RFC1,H3C1,FOLH1
MLH1,ACTG1,BRD4,CCNT2
MLH1,HSPA8,MAPK14,STAB2
MLH1,UBC,UBQLN1,FGF7,GABRA4
MLH1,UBC,GNB2
MLH1,UBC,FLT3,FZD4
MLH1,HSPA8,GSK3B,ACSBG1
MLH1,HSPA8,CNOT2
MLH1,HSPA8,RBSN,RAB22A
MLH1,ACTG1,HSP90AA1
MLH1,ACTG1,RIPK1,CLIP3
MLH1,ACTG1,CAPZB,PKN2
MLH1,HSPA8,CUL3,LRFN2
MLH1,UBC,NEDD4,LAPTM4B
MLH1,ACTG1,HSP90AB1,GNAI2
MLH1,ACTG1,CAPZB,PKN2
MLH1,HSPA8,CEMIP
MLH1,PPP3CC,CALM3
MLH1,HSPA8,GSK3B,ACSBG1
MLH1,ACTG1,FLNA,PHLDB2,FCER1G
MLH1,ACTG1,RELA,ASB9,SERPINC1
MLH1,RFC1,BRD2,SPAM1
MLH1,MSH2,HLA-DPB1,HLA-DPA1
MLH1,HSPA8,AKT1,CYTH1
MLH1,ACTG1,CTNNB1,PTPRU
MLH1,ACTG1,EEF1A2,SLC13A5
MLH1,ACTG1,WWP2,ARRDC1
MLH1,HSPA8,MAPK3,ZBTB42
MLH1,ACTG1,LARP7,EPB42
MLH1,ACTG1,HTT,HADHA,TSPAN2
MLH1,ACTG1,ANLN,RPS7,JPT2
MLH1,ACTG1,HSP90AB1,GNAI2
MLH1,HSPA8,MAVS,PRKAR2A
MLH1,ACTG1,CAPZB,PKN2
MLH1,UBC,NEDD4,LAPTM4B
MLH1,ACTG1,HSP90AB1,GNAI2
MLH1,ACTG1,HSP90AB1,GNAI2
MLH1,ACTG1,NR3C1,ZFX,SERPINA12
MLH1,ACTG1,SPIRE1
MLH1,HSPA8,TRAF6,TNFRSF13B
MLH1,UBC,TAB3
MLH1,HSPA8,ATP2A2
MLH1,ACTG1,BRD4,CCNT2
MLH1,HSPA8,IKBKG,LTBR,TNFSF14
MLH1,PPP2CB,BUB1,TBC1D2
MLH1,HSPA8,GNA13,GNG3
MLH1,HSPA8,PPP6R3
MLH1,UBC,RHOT2,CNR2,GPR18
MLH1,ACTG1,RIPK3,ZSCAN20,RGS17
MLH1,ACTG1,FLNA,PHLDB2
MLH1,UBC,NEDD4,LAPTM4B
MLH1,UBC,EGFR,EGF
MLH1,ACTG1,MAP1LC3B,TBC1D25,PLPPR4
MLH1,ACTG1,RIPK3,ZSCAN20,PLXNA3
MLH1,ACTG1,GRB2,PTPRE
MLH1,ACTG1,FLNA,PHLDB2,IL15RA
MLH1,ACTG1,YWHAZ,TNS1,ABHD6
MLH1,ACTG1,GRB2,PTPRE
MLH1,HSPA8,AQP2,TM9SF2
MLH1,RFC1,CUL1,FBXO10,ITPRIP
MLH1,ACTG1,DCTN1,HAUS6,KCNMA1,KCNMB1
MLH1,HSPA8,SRC,EFNA5
MLH1,ACTG1,NR3C1,ZFX,TRHDE
MLH1,ACTG1,NR3C1,ZFX,SLC9A7
MLH1,ACTG1,NR3C1,ZFX,SLC5A1
MLH1,HSPA8,GRB10
MLH1,ACTG1,HSP90AB1,GNAI2
MLH1,UBC,FASN,SLC34A3
MLH1,ACTG1,HSP90AB1,GNAI2
MLH1,HSPA8,GSK3B,ACSBG1
MLH1,HSPA8,HNRNPA1,SAFB,NPDC1
MLH1,HSPA8,FYN,SLC4A8
MLH1,UBC,CAV1,ADCY5
MLH1,ACTG1,HSP90AB1,GNAI2
MLH1,ACTG1,CCT2,RDH8
MLH1,HSPA8,GSK3B,ACSBG1
MLH1,UBC,USP21
MLH1,ACTG1,RIPK3,ZSCAN20,TRPM3
MLH1,HSPA8,HSPA4L,RASGRP1
MLH1,ACTG1,CAPZA2,MYPN
MLH1,UBC,AMOT,LIN7A
MLH1,ACTG1,HRAS,PTAR1,PALM
MLH1,ACTG1,FLNA,PHLDB2
MLH1,ACTG1,CTNNB1,PTPRU
MLH1,HSPA8,RACK1,GNG2
MLH1,UBC,DAXX,USH1G
MLH1,HSPA8,F12
MLH1,ACTG1,NR3C1,ZFX,MPP3
MLH1,HSPA8,YES1,NCSTN
MLH1,HSPA8,KCNA5,KCNAB1
MLH1,ACTG1,PRKN,ZFAND4,GPR17
MLH1,ACTG1,LARP7,EPB42
MLH1,PPP2CB,TGFBR2,MYADM
MLH1,ACTG1,SREBF2,MED6,ASIC4
MLH1,UBC,NEDD4,LAPTM4B
MLH1,ACTG1,ABI2,NCKAP1L
MLH1,UBC,GLUL
MLH1,UBC,ZAP70,CD3G
MLH1,ACTG1,LRRK2,ZC3H15,ABCA3
MLH1,ACTG1,HSP90AB1,GNAI2
MLH1,HSPA8,JAK2,GHR
MLH1,ACTG1,RIPK1,CLIP3
MLH1,RFC1,H2BC21,ATP2B3
MLH1,HSPA8,SRC,EFNA5
MLH1,HSPA8,RHOA
MLH1,ACTG1,GRB2,PTPRE
MLH1,HSPA8,RAF1,GRM1
MLH1,ACTG1,LIMA1,LYN,CD72
MLH1,HSPA8,FKBP5,PI4KA,EFR3A
MLH1,ACTG1,HSP90AB1,GNAI2
MLH1,HSPA8,VAMP2
MLH1,HMGB1,IL2RA
MLH1,ACTG1,ZBTB18,ATXN1L,STXBP5L
MLH1,HSPA8,CDC34,ZNRF1
MLH1,ACTG1,CAPZA1,WASHC2A
MLH1,RAD23B,HSCB,MLEC
MLH1,ACTG1,LRRK2,ZC3H15,GPRC5D
MLH1,ACTG1,CAPZB,PKN2
MLH1,ACTG1,VIM,WHRN
MLH1,ACTG1,PTPN12,PSTPIP2
MLH1,ACTG1,PRKN,ZFAND4,NLGN2
MLH1,HSPA8,HLA-DRB5,HLA-DQA1
MLH1,HSPA8,IRAK1,ZXDC,JTB
MLH1,ACTG1,HSP90AB1,GNAI2
MLH1,UBC,RAC1,DENND4C
MLH1,UBC,BSG,SLC16A13
MLH1,HSPA8,TANK,SDCBP2
MLH1,ACTG1,VCL,FERMT2
MLH1,HSPA8,PACSIN2
MLH1,HSPA8,IKBKG,LTBR
MLH1,HMGB1,PRNP,RAB27B
MLH1,ACTG1,CTNNB1,PTPRU
MLH1,HSPA8,STAT1,AGAP3,IL12RB2
MLH1,ACTG1,LARP7,EPB42
MLH1,UBC,RAC1,DENND4C
MLH1,ACTG1,CYFIP1,PCDH10
MLH1,HSPA8,CSDE1
MLH1,PPP3CC,CALM3,TRPV6
MLH1,ACTG1,MAPT,APOE
MLH1,ACTG1,HSPA5,LOC102723407,CKAP4
MLH1,HSPA8,KLC2
MLH1,ACTG1,FLNA,PHLDB2
MLH1,ACTG1,WWP2,ARRDC1
MLH1,HSPA8,COPE,SLC35A1
MLH1,HSPA8,CHD1L,NT5E
MLH1,ACTG1,WWP2,ARRDC1
MLH1,HSPA8,RAB7A,GNG5
MLH1,HSPA8,SRC,EFNA5
MLH1,HMGB1,PTPN2
MLH1,HSPA8,COPE,SLC35A1
MLH1,HSPA8,DNAJB6,AQP8
MLH1,HSPA8,VSIG8,IL31RA
MLH1,ACTG1,LARP7,EPB42
MLH1,HSPA8,JAK2,GHR
MLH1,ACTG1,GRB2,PTPRE
MLH1,ACTG1,VCL,FERMT2
MLH1,HSPA8,SRC,EFNA5
MLH1,HSPA8,STMN1,ATP6V1H
MLH1,ACTG1,DCTN1,HAUS6,KCNMA1
MLH1,ACTG1,MYH9,WFDC2,OR2K2
MLH1,ACTG1,HSP90AB1,GNAI2
MLH1,PPP3CC,CALM3,TRPV6
MLH1,HSPA8,COP1,APBA3
MLH1,PPP3CC,IL6,IL6ST,CNTFR
MLH1,ACTG1,VIM,WHRN
MLH1,HSPA8,WDR6
MLH1,ACTG1,CAPZB,PKN2
MLH1,PPP3CC,APP
MLH1,HSPA8,PRMT5,COPRS
MLH1,ACTG1,IKBKB,PSG1
MLH1,ACTG1,CTTN,EXOC8
MLH1,HSPA8,SGTA,CDH15
MLH1,ACTG1,HSP90AB1,GNAI2
MLH1,HSPA8,FN1,FGA
MLH1,ACTG1,SPTBN1,SPTA1
MLH1,ACTG1,HRAS,PTAR1,AQP10,LYVE1
MLH1,HSPA8,NPRL2,LAMTOR2
MLH1,HSPA8,RAB7A,GNG5
MLH1,ACTG1,NR3C1,ZFX,MPP4
MLH1,UBC,FLT3,FZD4
MLH1,HSPA8,GSK3B,ACSBG1
MLH1,UBC,XIAP,CASP4
MLH1,HSPA8,NOXO1
MLH1,HSPA8,CLTA
MLH1,HSPA8,ATXN3
MLH1,HSPA8,JUN,CEBPE
MLH1,ACTG1,GRB2,PTPRE
MLH1,ACTG1,MTFR2,SLC2A12
MLH1,ACTG1,FLNA,PHLDB2
MLH1,HSPA8,SNAP25,SYT3
MLH1,ACTG1,WWP2,ARRDC1
MLH1,ACTG1,GRB2,PTPRE
MLH1,ACTG1,CAPZB,PKN2
MLH1,HSPA8,BAG3,PRRG2
MLH1,HSPA8,CUL3,LRFN2
MLH1,ACTG1,HSP90AB1,GNAI2,CXCR1
MLH1,ACTG1,SPTAN1,GRIN2B
MLH1,INO80,APBB1,SLAMF7
MLH1,HSPA8,FN1,FGA
MLH1,UBC,LNX1,GPR142
MLH1,PPP3CC,KSR2
MLH1,ACTG1,LRRK2,ZC3H15,CD300A
MLH1,ACTG1,BRD4,CCNT2
MLH1,ACTG1,SPTAN1,GRIN2B,GRIN3A
MLH1,ACTG1,HSP90AB1,GNAI2
MLH1,HSPA8,CSNK2A1
MLH1,HSPA8,FYN,SLC4A8
MLH1,ACTG1,REL,LNPEP
MLH1,ACTG1,KRAS,AP4S1,ADGRL3,TENM2
MLH1,HSPA8,JAK2,GHR
MLH1,ACTG1,VIM,WHRN
MLH1,PPP2CB,FHL1
MLH1,UBC,UCHL1,ADRA2B
MLH1,ACTG1,CTNNB1,PTPRU
MLH1,ACTG1,REL,LNPEP,STOML3
MLH1,PPP2CB,CDK16
MLH1,HSPA8,HCK,FRS3
MLH1,HSPA8,AP2M1,REPS1
MLH1,ACTG1,BRD4,CCNT2
MLH1,ACTG1,PFN1,DIAPH2,SLC12A9
MLH1,ACTG1,CHD3,KRT84,ATP10B
MLH1,ACTG1,RIPK3,ZSCAN20,HTR1D
MLH1,HSPA8,SUGT1,LRRC8B
MLH1,ACTG1,VIM,WHRN
MLH1,UBC,AGO2,SLC7A9
MLH1,HSPA8,PRKAR1A,GPR161
MLH1,ACTG1,LRRK2,ZC3H15,LAIR1
MLH1,ACTG1,KRAS
MLH1,ACTG1,HRAS,PTAR1,RAB3C
MLH1,UBC,PODXL,SELL
MLH1,PPP3CB,PDE4D
MLH1,HSPA8,YES1,NCSTN
MLH1,ACTG1,HTT,HADHA,SYT10
MLH1,HSPA8,TUBB4B,PRCP
MLH1,HSPA8,DNAJB6,AQP8
MLH1,HSPA8,TBK1,EXOC7
MLH1,ACTG1,REL,LNPEP,GRK4
MLH1,UBC,EGFR,EGF
MLH1,HSPA8,MATR3,MYOF
MLH1,ACTG1,PLEKHA4,MTERF4,ACKR2
MLH1,RAD23B,LCP1
MLH1,ACTG1,REL,LNPEP
MLH1,ACTG1,TUBGCP6,TXNDC12,DCST1
MLH1,ACTG1,RIPK3,ZSCAN20,GALR1
MLH1,HSPA8,SNCA,DMTN
MLH1,UBC,TNK2
MLH1,ACTG1,ARID1B
MLH1,UBC,PHPT1
MLH1,UBC,RHOT2,CNR2
MLH1,HSPA8,MAPK14,STAB2
MLH1,HSPA8,OPA1,MIGA1
MLH1,UBC,PJA1,DGKD
MLH1,ACTG1,LARP7,EPB42
MLH1,HSPA8,GRB7
MLH1,UBC,UBASH3A,SLA2
MLH1,HSPA8,TACC3,KXD1,P2RX1
MLH1,UBC,CYLD,PPIP5K1
MLH1,ACTG1,UBL4A,TRAF4,SPPL3
MLH1,ACTG1,BRD4,CCNT2
MLH1,ACTG1,ACO2,GPD1L
MLH1,UBC,ARRB2,APLNR
MLH1,HSPA8,BAG3,PRRG2
MLH1,HSPA8,ACTB,DTNA
MLH1,ACTG1,LARP7,EPB42
MLH1,ACTG1,LRRK2,ZC3H15,CNNM4
MLH1,ACTG1,FLNA,PHLDB2
MLH1,HSPA8,JAK2,GHR
MLH1,ACTG1,RIPK3,ZSCAN20,CCR3
MLH1,HSPA8,FYN,SLC4A8
MLH1,ACTG1,RIPK3,ZSCAN20,TNFRSF1B
MLH1,ACTG1,WASF1,MPDZ,OR1D2
MLH1,ACTG1,SPTAN1
MLH1,ACTG1,HSP90AB1,GNAI2
MLH1,ACTG1,PRKN,ZFAND4,CP
MLH1,ACTG1,HSP90AB1,GNAI2
MLH1,PPP3CC,CALM3,TRPV6
MLH1,ACTG1,VIM,WHRN
MLH1,ACTG1,REL,LNPEP
MLH1,ACTG1,MAPT,APOE
MLH1,ACTG1,CDH1,RPS10-NUDT3,CLDN8
MLH1,UBC,KDR,ANOS1
MLH1,ACTG1,CAPZB,PKN2
MLH1,ACTG1,DCTN1,HAUS6,SIDT2
MLH1,HSPA8,NTRK1,PLXNA4
MLH1,ACTG1,HSP90AB1,GNAI2
MLH1,ACTG1,HSP90AB1,GNAI2
MLH1,ACTG1,HSP90AB1,GNAI2
MLH1,ACTG1,FMN2,OCLN
MLH1,RFC1,RPA1,OBSCN
MLH1,ACTG1,HRAS,PTAR1,GDPD5
MLH1,UBC,CAV1,ADCY5
MLH1,HSPA8,PSMA1,TRIM10,GLDC
MLH1,HSPA8,PRKAG1,SLC2A8
MLH1,ACTG1,LIMA1,LYN
MLH1,ACTG1,HSP90AB1,GNAI2,SLC30A2,SLC30A10
MLH1,HSPA8,GSK3B,ACSBG1
MLH1,HSPA8,ACTB,DTNA
MLH1,ACTG1,CAPZA2,MYPN
MLH1,UBC,TRAF1,TNFRSF13C
MLH1,ACTG1,H3C12,TPR,PSG3
MLH1,UBC,LNX1,GPR142
MLH1,ACTG1,BRD4,CCNT2
MLH1,HSPA8,SGTA,CDH15
MLH1,ACTG1,KRAS,AP4S1,HJV
MLH1,ACTG1,H4C6,CENPL,BCAM
MLH1,UBC,EGFR,EGF
MLH1,HSPA8,TRAF6,TNFRSF13B
MLH1,PPP3CC,CALM3,TRPV6
MLH1,ACTG1,REL,LNPEP
MLH1,ACTG1,MYO5C,DQX1,CATIP
MLH1,HSPA8,TRAF6,TNFRSF13B
MLH1,HSPA8,RACK1,GNG2
MLH1,ACTG1,BRD4,CCNT2
MLH1,ACTG1,HSP90AB1,GNAI2
MLH1,UBC,MRPS7,MRPL42
MLH1,UBC,AMOT,LIN7A
MLH1,HSPA8,MAVS,PRKAR2A
MLH1,ACTG1,HSP90AB1,GNAI2,PLA2G6
MLH1,UBC,PTPN14,LRFN1
MLH1,PPP2CB,NOTCH1
MLH1,UBC,UBE2C
MLH1,HSPA8,DNM2,AMIGO1,PROM2
MLH1,ACTG1,SPTAN1,GRIN2B
MLH1,ACTG1,H3C12,TPR,CEACAM7
MLH1,HSPA8,GABARAPL2,DOK7
MLH1,UBC,FGFR1
MLH1,UBC,AREL1,PCDHGC4
MLH1,ACTG1,RIPK3,ZSCAN20,ADGRG3
MLH1,ACTG1,GRB2,PTPRE
MLH1,ACTG1,VIM,WHRN
MLH1,HSPA8,AQP2,TM9SF2,GPR42
MLH1,HSPA8,DNM2
MLH1,ACTG1,LRRK2,ZC3H15,SLC20A2
MLH1,HSPA8,KCNV2
MLH1,UBC,FZR1,RGS11
MLH1,ACTG1,GRB2,PTPRE
MLH1,ACTG1,HSP90AB1,GNAI2
MLH1,ACTG1,RELA,ASB9,KLRC2
MLH1,MSH2,ZBTB38,ALX1,OR52L1
MLH1,ACTG1,LIMA1,LYN
MLH1,ACTG1,CTNNB1,PTPRU
MLH1,ACTG1,CTNNB1,PTPRU
MLH1,ACTG1,KIAA1522,PKMYT1,SLC9A6
MLH1,HSPA8,SUGT1,LRRC8B
MLH1,ACTG1,REL,LNPEP
MLH1,HSPA8,PLD2
MLH1,ACTG1,PTPN12,PSTPIP2
MLH1,HSPA8,VSIG8,IL31RA
MLH1,HSPA8,FN1,FGA
MLH1,HSPA8,SRC,EFNA5
MLH1,HSPA8,BAG3,PRRG2
MLH1,ACTG1,CDH1,RPS10-NUDT3,CLEC2B
MLH1,HSPA8,HLA-DRB1,PRF1
MLH1,ACTG1,ANLN,RPS7,RAB39B
MLH1,ACTG1,LRRK2,ZC3H15,DSG3
MLH1,ACTG1,LARP7,EPB42
MLH1,HSPA8,CUL3,LRFN2
MLH1,ACTG1,HSP90AB1,GNAI2
MLH1,ACTG1,GRB2,PTPRE
MLH1,UBC,EGFR,EGF
MLH1,ACTG1,GRB2,PTPRE,TLR5
MLH1,ACTG1,FLNA,PHLDB2,SYT5
MLH1,ACTG1,H3-3B,SF3B1,FGFBP1
MLH1,HSPA8,YES1,NCSTN
MLH1,HSPA8,ATP13A2,KLRC3
MLH1,ACTG1,VIM,WHRN
MLH1,ACTG1,MAP1LC3B,TBC1D25,ABCC8
MLH1,HSPA8,RARA,FLOT2
MLH1,ACTG1,LIMA1,LYN,GRPR
MLH1,ACTG1,CAPZB,PKN2
MLH1,ACTG1,RELB,CTSL
MLH1,HSPA8,IRAK1
MLH1,HSPA8,HSPD1
MLH1,ACTG1,COBL,TMOD3,PSG4
MLH1,HSPA8,IRS4
MLH1,ACTG1,HSP90AB1,GNAI2
MLH1,PPP2CB,HDAC7,UBL3
MLH1,ACTG1,HRAS,PTAR1,CPNE5
MLH1,ACTG1,PPP1CB,PAPOLA,WDPCP
MLH1,ACTG1,HSP90AB1,GNAI2,PDE2A
MLH1,ACTG1,KRAS,AP4S1,SLC17A1
MLH1,ACTG1,LARP7,EPB42
MLH1,HSPA8,CUL3,LRFN2
MLH1,UBC,MTOR,RHEBL1
MLH1,ACTG1,ABI2,NCKAP1L
MLH1,ACTG1,HSPA5,LOC102723407,OR52W1
MLH1,ACTG1,GRB2,PTPRE
MLH1,ACTG1,HTT,HADHA,ALG10B
MLH1,ACTG1,HSP90AB1,GNAI2,CACNG2
MLH1,ACTG1,CTNNB1,PTPRU
MLH1,ACTG1,HSP90AB1,GNAI2
MLH1,ACTG1,WASL,ITSN1
MLH1,ACTG1,CDH1,RPS10-NUDT3,GPC2
MLH1,UBC,USP14
MLH1,HSPA8,RACK1,GNG2
MLH1,HSPA8,ABL2,CD84
MLH1,UBC,EEF1D,ITGA7
MLH1,UBC,MTOR,RHEBL1
MLH1,ACTG1,HSPA5,LOC102723407,LARGE1
MLH1,UBC,ARRB2,APLNR,LRP12
MLH1,HSPA8,SRC,EFNA5
MLH1,ACTG1,NR3C1,ZFX,CNGB1,CNGA1
MLH1,ACTG1,CAPZB,PKN2
MLH1,ACTG1,HSP90AB1,GNAI2,CACNA1D
MLH1,ACTG1,HSPA5,LOC102723407,ADAM30
MLH1,ACTG1,UBL4A,TRAF4
MLH1,MSH6,HDAC11
MLH1,HSPA8,TUBB3,KLRC1
MLH1,ACTG1,HSP90AB1,GNAI2
MLH1,ACTG1,HSP90AB1,GNAI2
