MSH6,DECR1,RHOG,NECTIN3
MSH6,H3C1,MCM7,TRIM16
MSH6,PRKDC,EPHB2,PLA2G4C
MSH6,NR2C2,IKZF1,TXK
MSH6,H3C1,CDH1,ITGA6
MSH6,ZNF746,ABI1,EPS8L3
MSH6,LRRK2,COPE,SLC35A1
MSH6,BLM,PAXIP1,MED23,SLC3A1
MSH6,TOPBP1,RPS27A,RALBP1
MSH6,H3C1,ZNF691,FPGT,NLN
MSH6,YY1,TGFBR2
MSH6,NTRK1,NOTCH3,C1QL1,LRP12,NMRK2
MSH6,NTRK1,SLC3A2,SLC7A7
MSH6,COIL,LSM6,LSM10,NAA35
MSH6,CHD8,CASR,GABBR1
MSH6,ZBTB2,DNM3,AMPH
MSH6,BLM,VCP,LRRC15,BTN3A1
MSH6,SNW1,OCLN
MSH6,ZBTB2,ROCK1,LAMP1
MSH6,HDAC6,SYK,SIRPB1
MSH6,BLM,VCP,LRRC15
MSH6,NR2C2,PPP2CA,RDH8
MSH6,ZBTB2,P4HB,HSPA13
MSH6,ZBTB2,CALCOCO2,SPTBN2
MSH6,NTRK1,ATP1A3,ATP1B4
MSH6,CHD8,EGFR,EGF
MSH6,WWOX,TXNDC11,DCT
MSH6,DECR1,RHOG,NECTIN3
MSH6,NR2C2,HSPA5,LOC102723407,SLC39A8
MSH6,ZBTB2,TP53,ZNF763,FCMR
MSH6,NR2C2,TRAF6,TNFRSF13B
MSH6,UNC93B1,TLR3,MBL2,HTR3E
MSH6,WWOX,MTOR,RHEBL1
MSH6,BLM,VCP,LRRC15
MSH6,COIL,CCDC136,RAB33A
MSH6,NR2C2,UBE2D3,MYCBP2
MSH6,NR2C2,AP2A2,SLC2A8
MSH6,NR2C2,TRIP13,ADAT3,NCR1
MSH6,H3C1,GRIP1,GRM7
MSH6,ATP6V1B2,CCDC8
MSH6,ZBTB2,RPN1,KCNB2
MSH6,ZBTB2,TCP1,CAPN12,CD40LG
MSH6,NTRK1,GNAS,RIC8B
MSH6,CENPA,FYN,SLC4A8,TYROBP,TREM1
MSH6,CDC5L,PRPF3,ZGPAT
MSH6,NTRK1,SEZ6L2,CDHR4
MSH6,UNK,RTN4
MSH6,NTRK1,GNB1,MC2R
MSH6,NR2C2,PPP2CA,RDH8
MSH6,BLM,PLK1,TRIM36
MSH6,COIL,AKT2,CLIP3
MSH6,ZBTB2,CTNNB1,PTPRU,CAPRIN2
MSH6,BLM,VCP,LRRC15
MSH6,NR2C2,PSMC4,BLTP2
MSH6,NTRK1,CAV1
MSH6,NTRK1,GNB1,MC2R
MSH6,UNC93B1,RNF213,RELT
MSH6,NTRK1,PRKCA,AKAP5
MSH6,LRRK2,AKT1,THEM4
MSH6,ZBTB2,TUBB3,FBXO25,KIRREL3
MSH6,WWOX,PDIA3,TKFC,MANBA
MSH6,H3C1,FBLN1,CCN2
MSH6,NR2C2,FBXO7,FGF10
MSH6,ZBTB2,PRKCD,CSF3R
MSH6,NR2C2,IMP3
MSH6,PRDX2,SH2D3C,ADK
MSH6,NR2C2,LYN,ITGA2
MSH6,NR2C2,HSPA8,OSBPL7
MSH6,NTRK1,LPCAT2
MSH6,NTRK1,NCSTN
MSH6,NR2C2,NSF,BTN3A2
MSH6,H2AX,B2M,MR1
MSH6,PMS1,REV3L,STK17B,KCNIP2
MSH6,ZBTB2,PPP1R12A,ARHGEF25
MSH6,ZBTB2,KIF11,KIF5A,MARCKSL1
MSH6,NR2C2,TRAF6,TNFRSF13B
MSH6,H3C1,GRB2,TBC1D3G
MSH6,TOPBP1,RPS27A,RALBP1
MSH6,UNC93B1,RNF213,RELT
MSH6,ZBTB2,PRKCD,CSF3R
MSH6,NR2C2,HSPA8,OSBPL7
MSH6,ZBTB2,RELA,COMMD10,IL6R
MSH6,ZBTB2,PRKCD,CSF3R
MSH6,CENPA,FYN,SLC4A8
MSH6,BLM,PLK1,TRIM36,SERINC5
MSH6,NTRK1,CAPN1,CAPNS2
MSH6,NR2C2,CA2
MSH6,TOPBP1,E2F1,SP4,SLC16A2
MSH6,NTRK1,SORT1,NTF3,NTRK3
MSH6,WWOX,MPDZ
MSH6,ZBTB2,ROCK1,LAMP1
MSH6,WWOX,TGOLN2,FLOT2
MSH6,NTRK1,PLXNA4
MSH6,DECR1,RHOG,NECTIN3
MSH6,ZBTB2,ROCK1,LAMP1
MSH6,NTRK1,ENO1
MSH6,ZBTB2,RELA,COMMD10,PLGRKT
MSH6,HYOU1,INSR
MSH6,COIL,RHOBTB1,PSG8
MSH6,POLK,TRAIP,ALOX15B
MSH6,BLM,PLK1,TRIM36
MSH6,NR2C2,PSMD14,PCDH11Y
MSH6,NR2C2,METAP2
MSH6,PRKDC,RNF144A
MSH6,H3C1,GSK3B,ACSBG1
MSH6,ATP6V1B2,ATP6V1C1
MSH6,NR2C2,PPP2CA,RDH8
MSH6,ZBTB2,ZMYM3,TJP2
MSH6,ZBTB2,PBK,NTNG1
MSH6,BLM,PLK1,TRIM36
MSH6,WWOX,MDM2,SLC14A2
MSH6,ZBTB2,TUBB3,FBXO25,GPC3
MSH6,NTRK1,GNAI3,PCP2
MSH6,PRKCZ,PRKACA,GAD2
MSH6,ZBTB2,SRPK1
MSH6,TOPBP1,RPS27A,RALBP1
MSH6,YY1,NEDD4L,SLC22A11
MSH6,ZBTB2,NKTR,APLP2
MSH6,LRRK2,HERC2
MSH6,LRRK2,DSC1,CDSN
MSH6,RAD51,PPP3CB
MSH6,H3C1,EP300,CD2
MSH6,ZBTB2,DNAJA1,GPR37,ARAP1
MSH6,SUMO2,SERPINB6
MSH6,KANK2,PHLPP1
MSH6,WWOX,ELAVL1,SERPINB3
MSH6,HDAC6,JAK2
MSH6,COIL,DHX8,MYPN
MSH6,TOPBP1,RPS27A,RALBP1
MSH6,NR2C2,HSPA8,OSBPL7
MSH6,NR2C2,RPS3
MSH6,NR2C2,SMC3,PLIN4
MSH6,NR2C2,IKZF1,TXK
MSH6,ZNF746,MAP3K7,IL17RD
MSH6,NR2C2,HRAS,PTAR1,SLC31A2
MSH6,UNC93B1,TLR9,SIGLEC6
MSH6,PRDX1,CFTR,CLCA1
MSH6,WWOX,DVL1,RYK
MSH6,ZBTB2,RPN1,KCNB2,BTBD17
MSH6,ZBTB2,ZMYM3,TJP2,PLAUR
MSH6,YY1,NEDD4L,SLC22A11
MSH6,NR2C2,PRMT1,GAS7
MSH6,SUMO2,ARC
MSH6,YY1,ARRB1,PTGER2
MSH6,BLM,MX1,TRPC7
MSH6,NR2C2,NOTCH2,WNT5A
MSH6,ZBTB2,RAB10,MAPK8IP1
MSH6,NTRK1,GAK,RAB29
MSH6,NR2C2,PPP2CA,RDH8
MSH6,WWOX,FEM1A,CLCN3,CNGA4
MSH6,H2AX,B2M,MR1
MSH6,H3C1,RNASEH2A,ICAM5
MSH6,ZBTB38,PKP3
MSH6,PRKCZ,PRKACA,GAD2
MSH6,NR2C2,METAP2,SEZ6
MSH6,NR2C2,IKZF1,TXK
MSH6,ZNF263,COP1,PNPLA2
MSH6,ZBTB2,VIM,WHRN
MSH6,WWOX,FEM1A,CLCN3
MSH6,DECR1,RHOG,NECTIN3
MSH6,H3C1,GSK3B,ACSBG1
MSH6,UNK,RAB5A,RAB3GAP2
MSH6,ZBTB2,STAT6,STING1
MSH6,BLM,CHEK1,PPM1A,CHRNA7
MSH6,NR2C2,HSPA8,OSBPL7
MSH6,SUMO2,ILK
MSH6,DECR1,JAK3,CD247
MSH6,NTRK1,ERBB2,OPCML
MSH6,NTRK1
MSH6,NTRK1,CBL,FRS3
MSH6,ZBTB2,RPN1,KCNB2
MSH6,CHD8,EGFR,EGF,LY86,CD180
MSH6,NR2C2,STOM,STOML1
MSH6,NTRK1,SOS1
MSH6,NR2C2,ADD2
MSH6,CHD8,PLEKHA4,PHC2,HAUS7
MSH6,DECR1,RHOG,NECTIN3
MSH6,ZBTB2,CALCOCO2,SPTBN2
MSH6,WDR76,PICALM,ATP8B3
MSH6,YY1,NEDD4L,SLC22A11
MSH6,ZBTB2,RAB10,MAPK8IP1
MSH6,BLM,PLK1,TRIM36,KCNF1
MSH6,H3C1,GSK3B,ACSBG1
MSH6,ZBTB2,RPN1,KCNB2
MSH6,CHD8,AP2M1,CTLA4
MSH6,NTRK1,PTPRC
MSH6,NTRK1,SEZ6L2,CDHR4
MSH6,BLM,RIF1
MSH6,H3C1,RNASEH2A,ICAM5
MSH6,DECR1,RHOG,NECTIN3
MSH6,NR2C2,PPP2CA,RDH8
MSH6,BLM,VCP,LRRC15
MSH6,HDAC6,KIF14,RAB3D
MSH6,ZBTB2,MDC1,CDH13
MSH6,H3C1,RNASEH2A,ICAM5
MSH6,DECR1,RHOG,NECTIN3
MSH6,YY1,ARRB1,PTGER2
MSH6,HYOU1,MERTK
MSH6,H3C1,GSK3B,ACSBG1
MSH6,BLM,PLK1,TRIM36,PCDHB15
MSH6,WWOX,LDLRAD1,METTL7B,DUOXA1
MSH6,ZBTB2,RPN1,KCNB2
MSH6,NTRK1,GOPC,CERCAM
MSH6,BLM,VCP,LRRC15
MSH6,ZBTB2,MOS,GRAP2
MSH6,NR2C2,LYN,ITGA2
MSH6,TOPBP1,RPS27A,RALBP1
MSH6,ZBTB2,PRKCD,CSF3R
MSH6,ZBTB2,TMC6,PCDHB3
MSH6,NTRK1,VAPB,VAMP1
MSH6,LRRK2,GNA12,CDH15
MSH6,NR2C2,UBE2D3,MYCBP2
MSH6,ZBTB2,TMC6,PCDHB3
MSH6,ZBTB2,IRS4,CXADR
MSH6,NTRK1,RASA1
MSH6,ZBTB2,CHMP2A,MITD1,RASGRP2
MSH6,BLM,PLK1,TRIM36
MSH6,ZBTB2,MRPS18B,TRARG1
MSH6,ZBTB2,CTNNB1,PTPRU
MSH6,PRDX1,CFTR,CLCA1
MSH6,NTRK1,PTPRF
MSH6,NR2C2,RAC2,UTRN
MSH6,DECR1,JAK3,CD247
MSH6,WWOX,HACD3,SERINC3
MSH6,BLM,PLK1,TRIM36
MSH6,NTRK1,UBQLN1,FGF7,CDHR3
MSH6,ZBTB2,ROCK1,LAMP1
MSH6,LRRK2,FLG
MSH6,ZBTB2,PBK,NTNG1
MSH6,ZBTB2,DNM3,AMPH
MSH6,NR2C2,STAT3,LRRC32,ERVMER34-1
MSH6,LRRK2,HTT,MOG
MSH6,ZBTB2,P4HB,HSPA13
MSH6,NTRK1,PIK3R1
MSH6,HYOU1,EPHA8
MSH6,SMARCAD1,ANK3,SCN1B
MSH6,ZBTB2,EFTUD2,SARS1,HYAL3
MSH6,MACROH2A1,HSD3B2,CTSF
MSH6,NR2C2,LYN,ITGA2
MSH6,TOPBP1,RPS27A,RALBP1
MSH6,HYOU1,IGF1R
MSH6,NTRK1,PRKCA,AKAP5
MSH6,NR2C2,ARF3,CNR2
MSH6,BLM,VCP,LRRC15
MSH6,NTRK1,NEDD4
MSH6,H3C1,GTF3C2,RASGEF1A
MSH6,ZBTB2,YWHAQ,UACA,CELSR3
MSH6,ZBTB2,FKBP3,NMT1
MSH6,ANKRD17,GAS2L2
MSH6,YY1,NEDD4L,SLC22A11,SLC12A4
MSH6,ZNF263,EFEMP2,SLC16A5
MSH6,DECR1,JAK3,CD247
MSH6,ZBTB2,CTNNB1,PTPRU
MSH6,ZBTB2,ROCK1,LAMP1
MSH6,BLM,VCP,LRRC15
MSH6,NR2C2,DVL2,RPGRIP1L
MSH6,HDAC6,ZNF354C,CBLIF,CUBN
MSH6,ZBTB2,ZMYM3,TJP2
MSH6,NTRK1,PRKCA,AKAP5
MSH6,BLM,VCP,LRRC15,TMEM106A
MSH6,ZBTB2,TRIM26,PHF7
MSH6,H3C1,FBLN1,CCN2,PLB1
MSH6,NR2C2,HSPA8,OSBPL7
MSH6,PMS1,AHNAK
MSH6,PRKCZ,PDPK1
MSH6,NR2C2,STAT5A,TLR2
MSH6,DECR1,RHOG,NECTIN3
MSH6,ZBTB2,PPP1R12A,ARHGEF25
MSH6,ZBTB2,IRS4,CXADR
MSH6,WWOX,TGOLN2,FLOT2
MSH6,TOPBP1,RPS27A,RALBP1
MSH6,ZBTB2,P4HB,HSPA13
MSH6,NR2C2,DVL2,RPGRIP1L
MSH6,ZBTB2,CTNNB1,PTPRU
MSH6,BLM,VCP,LRRC15
MSH6,ZBTB2,CALCOCO2,SPTBN2
MSH6,CHD8,ANKRD36B,SORL1
MSH6,H3C1,CREBBP,POU2F3
MSH6,NTRK1,PTK7
MSH6,LRRK2,CDC25A,APOLD1
MSH6,COIL,FOXK1,CMYA5
MSH6,ZNF263,EFEMP2,SLC16A5
MSH6,UNK,PKN2
MSH6,WWOX,PSMC5,MRAS
MSH6,ZBTB2,PBK,NTNG1
MSH6,BLM,CHEK1,PPM1A
MSH6,ZBTB2,CTNNB1,PTPRU
MSH6,NTRK1,PRKCA,AKAP5
MSH6,PRDX1,TNF,ZAN
MSH6,NR2C2,TRAF6,TNFRSF13B
MSH6,CHD8,KIF20A,C4BPA
MSH6,ATP6V1B2,ATP6V0A4
MSH6,ZBTB2,VIM,WHRN
MSH6,HYOU1,TYRO3
MSH6,ZBTB2,CCT8,POC1A,PTP4A3
MSH6,H3C1,MYH10,TRPM7
MSH6,ZBTB2,CHD1,DMPK
MSH6,COIL,AKT2,CLIP3
MSH6,ZBTB2,CALCOCO2,SPTBN2
MSH6,BLM,CHEK1,PPM1A,IL10RB
MSH6,ZBTB2,RPN1,KCNB2
MSH6,NTRK1,GNB1,MC2R
MSH6,ZBTB2,IRS4,CXADR
MSH6,H3C1,CDH1,ITGA6
MSH6,CHD8,EGFR,EGF
MSH6,LRRK2,APRT,ADA
MSH6,ZBTB2,P4HB,HSPA13
MSH6,NR2C2,HSPH1,PARVA
MSH6,BLM,TOP2A,PRKCG
MSH6,DECR1,RHOG,NECTIN3
MSH6,ATP6V1B2,CHMP4B
MSH6,DECR1,RHOG,NECTIN3
MSH6,BLM,PLK1,TRIM36
MSH6,LRRK2,MID2,SYT17
MSH6,NTRK1,GNB1,MC2R
MSH6,NTRK1,ENAH
MSH6,H3C1,GRB2,TBC1D3G
MSH6,LRRK2,PALS2
MSH6,ZBTB2,RAB10,MAPK8IP1
MSH6,ZBTB2,TMC6,PCDHB3
MSH6,NTRK1,MYO9B,CDC42
MSH6,HDAC6,CDC42BPB
MSH6,LRRK2,MRPL44
MSH6,NR2C2,TRAF6,TNFRSF13B
MSH6,H3C1,CDH1,ITGA6
MSH6,TOPBP1,RPS27A,RALBP1
MSH6,BLM,VCP,LRRC15
MSH6,ZBTB2,ROCK1,LAMP1,RXFP2
MSH6,H3C1,CDH1,ITGA6
MSH6,NTRK1,MYC,CDR2,KIR2DL4
MSH6,BLM,VCP,LRRC15
MSH6,NR2C2,LARP7,EPB42
MSH6,PRDX2,ANKRA2,MGLL
MSH6,ZBTB2,PPP1R12A,ARHGEF25
MSH6,DECR1,RHOG,NECTIN3
MSH6,ZBTB2,RAB10,MAPK8IP1
MSH6,NR2C2,ST13,APOE
MSH6,WWOX,PLSCR3
MSH6,ZBTB2,CTNNB1,PTPRU
MSH6,COIL,MYO5B,RAB25
MSH6,WWOX,TGOLN2,FLOT2
MSH6,DECR1,MDH2,BLVRB
MSH6,BLM,PLK1,TRIM36
MSH6,PRKDC,KLK3
MSH6,PRDX1,COPS5,MSRA
MSH6,CHD8,IKZF5,ARHGAP19
MSH6,LRRK2,GAPVD1
MSH6,ZBTB2,RAB10,MAPK8IP1
MSH6,H3C1,POLD3,MELTF
MSH6,WWOX,DSP
MSH6,BLM,CHEK1,PPM1A
MSH6,ZBTB2,TRIM26,PHF7
MSH6,BLM,PLK1,TRIM36
MSH6,COIL,RHOBTB1,PSG8
MSH6,ATP6V1B2,LAMTOR1
MSH6,CHD8,KIF20A,C4BPA
MSH6,CHAF1A,REL,SLC6A12
MSH6,ZBTB2,PPIG,JPH3
MSH6,NTRK1,DLG1,CACNG2
MSH6,H3C1,FBLN1,CCN2
MSH6,NR2C2,LARP7,EPB42
MSH6,ZBTB2,TMC6,PCDHB3,ADGRG6
MSH6,H3C1,GRB2,TBC1D3G
MSH6,BLM,TOP2A,PRKCG
MSH6,NR2C2,RAE1,HGFAC,RAET1G
MSH6,WWOX,FASN,SLC34A3
MSH6,ZBTB2,LMNB1,ARHGAP21
MSH6,ZBTB2,DDX24,CORO1A
MSH6,H3C1,GRB2,TBC1D3G
MSH6,PRKCZ,NOS3
MSH6,WWOX,COPB1
MSH6,ZBTB2,P4HB,HSPA13
MSH6,HDAC6,SYK,SIRPB1
MSH6,LRRK2,RGS2
MSH6,ZBTB2,IRS4,CXADR,JAML
MSH6,BLM,MX1,TRPC7
MSH6,ZBTB2,RPN1,KCNB2
MSH6,WWOX,RND3,SEMA4F
MSH6,NR2C2,LYN,ITGA2
MSH6,NTRK1,AGO2,SLC7A9
MSH6,CHD8,PLEKHA4
MSH6,NTRK1,CTTN,SDC3
MSH6,ZBTB2,RPN1,KCNB2
MSH6,BLM,VCP,LRRC15
MSH6,DECR1,RHOG,NECTIN3
MSH6,UNC93B1,TLR9,SIGLEC6,CNGA3,CNGB3
MSH6,WWOX,FASN,SLC34A3
MSH6,NTRK1,PIK3CB
MSH6,ZBTB2,RAP1B,PLPPR1
MSH6,ZBTB2,CTNNB1,PTPRU
MSH6,H2AX,B2M,MR1
MSH6,ZBTB2,CTNNB1,PTPRU
MSH6,PCNA,USP4
MSH6,NR2C2,ARF6,PCDHGB1
MSH6,LRRK2,CASP8,TNFRSF10A
MSH6,ZBTB2,PPP1R12A,ARHGEF25
MSH6,CHD8,EGFR,EGF
MSH6,LRRK2,ACSL4,SLC22A2,SLC47A1
MSH6,H2AX,APBB1,SLAMF7
MSH6,NR2C2,ACTL6A
MSH6,WWOX,NPEPPS,GBP1
MSH6,NTRK1,PIK3R1,GABRA3
MSH6,WDR76,NRAS,PCDH18
MSH6,NTRK1,CALD1
MSH6,NR2C2,LYN,ITGA2
MSH6,WWOX,MPDZ,OR1D2
MSH6,WWOX,DVL1,RYK
MSH6,PRKCZ,JAK1
MSH6,TOPBP1,RPS27A,RALBP1
MSH6,PRKCZ,MBP
MSH6,LRRK2,MAGT1
MSH6,WWOX,PGRMC1,CYP2C8
MSH6,ZBTB2,CTNNB1,PTPRU
MSH6,NR2C2,AP2A1,L1CAM
MSH6,YY1,GABPB1,ADGRB2
MSH6,WWOX,FASN,SLC34A3
MSH6,ZBTB2,VIM,WHRN
MSH6,LRRK2,HTT,MOG,QRFPR
MSH6,NTRK1,CDK6,CA4
MSH6,LRRK2,COPE,SLC35A1
MSH6,NR2C2,PDCD6IP,DRD1
MSH6,HYOU1,DNAJC3,PCDHB7
MSH6,NR2C2,GAPDH,ENO3
MSH6,NR2C2,DVL2,RPGRIP1L
MSH6,ATR,ABL1,WNK2
MSH6,NTRK1,GNB1,MC2R
MSH6,NTRK1,GNA13,GNG5
MSH6,ZBTB38,ALX1,OR52L1
MSH6,NR2C2,HSPA8,OSBPL7
MSH6,PRKDC,WWP1,ARRDC2
MSH6,NR2C2,NSF,BTN3A2
MSH6,BLM,PLK1,TRIM36
MSH6,NR2C2,NOTCH2,WNT5A
MSH6,MATR3,S100P,TGFBI
MSH6,PRDX1,TNF,ZAN
MSH6,NTRK1,SEZ6L2,CDHR4
MSH6,NR2C2,LYN,ITGA2
MSH6,ATR,NCR3LG1,CD200R1
MSH6,NR2C2,GAPDH,ENO3
MSH6,ZBTB2,IRS4,CXADR,SLC16A14
MSH6,CHD8,EGFR,EGF
MSH6,NTRK1,CAPN1,CAPNS2
MSH6,ZBTB2,RMDN3,TRDN
MSH6,WWOX,NPEPPS,GBP1
MSH6,NR2C2,AP2A1,L1CAM
MSH6,BLM,TOP2A,PRKCG
MSH6,H3C1,AP2B1
MSH6,UNK,HINT1
MSH6,NR2C2,UBE2D3,MYCBP2
MSH6,YY1,ATP6V1A
MSH6,WWOX,MIA3,ADAM30
MSH6,ZBTB2,NAP1L1,IFT20,CLEC4M
MSH6,LRRK2,GNA12,CDH15
MSH6,DECR1,RHOG,NECTIN3
MSH6,ZBTB2,ROCK1,LAMP1
MSH6,LRRK2,HMMR
MSH6,ZBTB2,VIM,WHRN,CD38
MSH6,YY1,SMURF2
MSH6,H3C1,EP300,CD2
MSH6,BLM,CHEK1,PPM1A,XK
MSH6,ZBTB2,RPN1,KCNB2
MSH6,NTRK1,UNC5C
MSH6,TOP1,MRPL58
MSH6,BLM,VCP,LRRC15
MSH6,NTRK1,PTPRO
MSH6,WWOX,TFRC,KCNA3
MSH6,ZBTB2,VIM,WHRN
MSH6,ZBTB2,PRKCD
MSH6,BLM,VCP,LRRC15
MSH6,H3C1,CREBBP,POU2F3
MSH6,BLM,VCP,LRRC15
MSH6,NR2C2,STAT5A,TLR2
MSH6,CHD8,KIF20A,C4BPA
MSH6,UNK,VCL
MSH6,ZBTB2,RMDN3,TRDN
MSH6,PRKDC,PREX1
MSH6,NTRK1,GNB1,MC2R
MSH6,ZBTB2,CTNNB1
MSH6,UNK,SLC38A1,SLC10A1
MSH6,NTRK1,ASPSCR1
MSH6,ZBTB2,SNU13,PUS7,PCDHGA11
MSH6,NTRK1,PRKCA,AKAP5
MSH6,WWOX,FEM1A,CLCN3
MSH6,HYOU1,EWSR1
MSH6,LRRK2,FLNC
MSH6,PRKCZ,PSEN1,TMBIM6
MSH6,NTRK1,GNB1,MC2R
MSH6,BLM,RAD51D,FILIP1,SLC26A1
MSH6,NR2C2,RAC2,UTRN
MSH6,BLM,VCP,LRRC15
MSH6,NR2C2,HRAS,PTAR1,TPRA1
MSH6,WWOX,PTPN1,C1orf210
MSH6,UNK,RAB5A,RAB3GAP2,WNT7B
MSH6,NR2C2,LYN,ITGA2
MSH6,NTRK1,RAP1A
MSH6,COIL,AKT2
MSH6,NR2C2,UBE2N,ZNRF2
MSH6,H3C1,BRD1,GAS6,PCDHA3
MSH6,CHD8,BACH1,MAFF,CYBRD1
MSH6,ZBTB2,PPP1R12A,ARHGEF25
MSH6,NR2C2,HNRNPD,SLC30A5,SV2C
MSH6,SUMO2,PALLD
MSH6,HYOU1,EDEM1,OR1M1
MSH6,MACROH2A1,RND2
MSH6,H2AX,APBB1,SLAMF7
MSH6,TOP1,S100A9
MSH6,ZBTB2,PRKCD,CSF3R
MSH6,ZBTB2,DNM3,AMPH
MSH6,H3-3B,PIM1
MSH6,NR2C2,NSF,BTN3A2
MSH6,NR2C2,ST13,APOE
MSH6,ZBTB2,NOTCH1,WNT2,MMP15
MSH6,NTRK1,RALA,CNKSR2
MSH6,DECR1,RHOG,NECTIN3
MSH6,LRRK2,ACIN1
MSH6,ZBTB2,PRKCD,CSF3R
MSH6,NR2C2,ACTB
MSH6,NR2C2,DVL2,RPGRIP1L
MSH6,ATR,NCR3LG1,CD200R1
MSH6,NR2C2,NPM1,CAVIN1
MSH6,H3C1,GRIP1,GRM7
MSH6,NR2C2,STAT3,LRRC32
MSH6,DECR1,RHOG,NECTIN3
MSH6,ATR,ABL1,WNK2,PRLHR
MSH6,NTRK1,PRKCA,AKAP5
MSH6,NTRK1,GNB1,MC2R
MSH6,NTRK1,GNB1,MC2R
MSH6,NTRK1,PTPRG
MSH6,NTRK1,VAPB,VAMP1
MSH6,ZBTB2,RAB10,MAPK8IP1
MSH6,ZBTB2,DDB1,DET1,IQCJ-SCHIP1
MSH6,NR2C2,STAT3,LRRC32
MSH6,NR2C2,RAC1,OPHN1,CDHR2
MSH6,NTRK1,RHOBTB3,RTN4R
MSH6,NR2C2,SMC1A,GRM3
MSH6,NTRK1,GNA13,GNG5
MSH6,NTRK1,VAPB,VAMP1
MSH6,NR2C2,GAPDH,ENO3
MSH6,PRKDC,AXL,TREML2
MSH6,NR2C2,PA2G4,MYBPC2,TP53I13
MSH6,NTRK1,GOPC,CERCAM
MSH6,COIL,CSNK2A2,GRAMD1C
MSH6,NR2C2,NSF,BTN3A2
MSH6,NTRK1,RET
MSH6,HDAC6,AFDN,NRXN2
MSH6,ZBTB2,ESR1,HOXC10,TPSG1
MSH6,WWOX,TGOLN2,FLOT2
MSH6,ZBTB2,PPIG,JPH3
MSH6,ZBTB2,CALCOCO2,SPTBN2
MSH6,ZBTB2,MOS,GRAP2
MSH6,NR2C2,NOTCH2,WNT5A
MSH6,ZBTB2,MOS,GRAP2
MSH6,ZBTB2,PPIG,JPH3
MSH6,TOPBP1
MSH6,BLM,VCP,LRRC15,CCL1,CCR8
MSH6,ZBTB2,P4HB,HSPA13
MSH6,HDAC6,JAK2,CCR2
MSH6,COIL,AKT2,CLIP3
MSH6,BLM,EIF4A3,UPF2,ABCC4
MSH6,NR2C2,RAC2,UTRN
MSH6,NR2C2,SMARCC1,STAT2
MSH6,NR2C2,ACTR2,UFM1,ADIPOR2
MSH6,WWOX,TGOLN2,FLOT2
MSH6,BLM,PLK1,TRIM36
MSH6,NR2C2,GAPDH
MSH6,NR2C2,RAB6B,TMPRSS11A
MSH6,BLM,CHEK1,PPM1A
MSH6,ZBTB2,NUMA1
MSH6,BLM,MX1,TRPC7
MSH6,BLM,VCP,LRRC15
MSH6,ZBTB2,PRPF40A,CRYBB3,LRRN4
MSH6,LRRK2,SGPL1,PLPP4
MSH6,YY1,TNFRSF10B
MSH6,NTRK1,PTPRB,NRCAM
MSH6,BLM,PLK1,TRIM36
MSH6,DECR1,RHOG,NECTIN3
MSH6,ZBTB2,DNAJA1,GPR37
MSH6,ZBTB2,CTNNB1,PTPRU
MSH6,BLM,VCP,LRRC15
MSH6,ZBTB2,NOTCH1,WNT2,ECEL1
MSH6,KANK2,GRK5,AVPR1A
MSH6,NR2C2,SLC25A3
MSH6,ZBTB2,PRKCD,CSF3R
MSH6,ZBTB2,PRKCD,CSF3R
MSH6,PRKDC,EPHB2,PLA2G4C,ADGRE2
MSH6,NTRK1,SEZ6L2,CDHR4
MSH6,BLM,UBE2I,CAMK2D,SLC34A1
MSH6,NR2C2,STAT5A,TLR2
MSH6,DECR1,RHOG,NECTIN3
MSH6,ZBTB2,STAU2
MSH6,NR2C2,STAT3,LRRC32,PDCD1
MSH6,CHD8,EGFR,EGF
MSH6,NTRK1,SEZ6L2,CDHR4
MSH6,YY1,ARRB1
MSH6,DECR1,RHOG,NECTIN3
MSH6,PRDX1,TNF,ZAN
MSH6,CHD8,EGFR,EGF
MSH6,WWOX,MTOR,RHEBL1
MSH6,NTRK1,PLXNB2
MSH6,NR2C2,SMC3,PLIN4
MSH6,ATR,NCR3LG1,CD200R1
MSH6,BLM,PLK1,TRIM36
MSH6,NTRK1,NCK1,LRRC3
MSH6,CHD8,EGFR,EGF
MSH6,NR2C2,GAPDH,ENO3
MSH6,NR2C2,SMC3,PLIN4
MSH6,WWOX,MTOR,RHEBL1
MSH6,PRKCZ,SLC35G1
MSH6,WDR76,NRAS,PCDH18
MSH6,ZBTB2,PRKCD,CSF3R
MSH6,H3C1,GRB2,TBC1D3G
MSH6,DECR1,MDH2,BLVRB
MSH6,CHD8,ZNF707,PRKAR2B
MSH6,ZBTB2,CTNNB1,PTPRU,KCNJ10
MSH6,NR2C2,GAPDH,ENO3
MSH6,LRRK2,HTT,MOG
MSH6,NR2C2,STAT5A,TLR2
MSH6,BLM,VCP,LRRC15
MSH6,ZBTB2,RAB10,MAPK8IP1,ATP4B
MSH6,BLM,VCP,LRRC15
MSH6,NTRK1,PTK2
MSH6,ZBTB2,MARCKS,LSR
MSH6,TOPBP1,RPS27A
MSH6,NR2C2,TIMM50,SLA
MSH6,PRKCZ,PRKACA
MSH6,ZBTB2,IRS4,CXADR
MSH6,PRDX1,COPS5,MSRA
MSH6,ZBTB2,TCP1,CAPN12,GP2
MSH6,PRDX1,RHOV
MSH6,PRDX1,TNF,ZAN
MSH6,NR2C2,LARP7,EPB42
MSH6,ZNF746,MAP3K7,IL17RD
MSH6,NTRK1,CCDC88A
MSH6,DECR1,RHOG,NECTIN3
MSH6,NR2C2,LYN,ITGA2
MSH6,WWOX,FASN,SLC34A3
MSH6,CENPA,FYN,SLC4A8
MSH6,PRDX1,CUL3,LRFN2
MSH6,PRDX1,PRDX6,NCF2
MSH6,NR2C2,ALB,FGA
MSH6,NTRK1,PLCG1
MSH6,ZBTB2,PRKCD,CSF3R
MSH6,ZBTB2,MRPL38,MIURF,REEP2
MSH6,NR2C2,PRMT1,GAS7
MSH6,BLM,RAD51D,FILIP1
MSH6,BLM,VCP,LRRC15
MSH6,NR2C2,ING2
MSH6,UNK,EIF4A2,SLC16A9
MSH6,ZBTB2,RAP1B,PLPPR1
MSH6,ANKRD17,BAP1
MSH6,NR2C2,KRT19,ARL4A
MSH6,WWOX,TGOLN2,FLOT2
MSH6,BLM,VCP,LRRC15
MSH6,WWOX,GGCX,C4BPB
MSH6,ZBTB2,RPN1,KCNB2,MCOLN3
MSH6,H3C1,FBLN1,CCN2
MSH6,PRKCZ
MSH6,ZBTB2,CALCOCO2,SPTBN2
MSH6,BLM,CHEK1,PPM1A
MSH6,CHD8,EGFR,EGF
MSH6,COIL,CHD9,SYT2
MSH6,NTRK1,GNA13,GNG5
MSH6,ZBTB2,MOS,GRAP2
MSH6,ZBTB2,CTNNB1,PTPRU
MSH6,HDAC6,FNTA
MSH6,BLM,VCP,LRRC15
MSH6,MSH2,EPHA2
MSH6,LRRK2,SNAPIN,DTNBP1
MSH6,NR2C2,LYN,ITGA2
MSH6,CHD8,BRD2,SPAM1
MSH6,ZBTB2,RPN1,KCNB2
MSH6,ZBTB2,IRS4,CXADR
MSH6,ZBTB2,CTNNB1,PTPRU
MSH6,ZBTB2,SRP68,NCS1
MSH6,PRKCZ,GOT2
MSH6,LRRK2,RPL36AL
MSH6,HYOU1,PGAP1,TECTA
MSH6,NR2C2,LYN,ITGA2
MSH6,ZBTB2,PPP1R12A,ARHGEF25
MSH6,NR2C2,STAT5A,TLR2
MSH6,BLM,MX1,TRPC7
MSH6,PRDX1,CUL1
MSH6,PMS1,UBC,CDIP1,PLXND1
MSH6,PRKCZ,GNB2,KCNJ5
MSH6,LRRK2,KTN1,SLC16A7
MSH6,WWOX,TUBB4A,PRSS8
MSH6,PRDX1,RHOB,RTKN2,GABRA4
MSH6,LRRK2,ANKS4B
MSH6,PRKCZ,GNB2
MSH6,UNK,RAB5A,RAB3GAP2
MSH6,H3C1,GSK3B,ACSBG1
MSH6,COIL,CSNK2A2,GRAMD1C
MSH6,ANKRD17,CNOT2
MSH6,DECR1,RHOG,NECTIN3
MSH6,NR2C2,RAC2,UTRN
MSH6,BLM,VCP,LRRC15
MSH6,NR2C2,HSP90AA1
MSH6,WWOX,RND3
MSH6,ZBTB2,RPN1,KCNB2
MSH6,WWOX,ZBTB33,CHRNB1
MSH6,COIL,DHX8,MYPN
MSH6,ZBTB2,FKBP3,NMT1
MSH6,ZBTB2,P4HB,HSPA13
MSH6,PRKDC,MYLK
MSH6,NR2C2,HSPA8,OSBPL7
MSH6,ZBTB2,RAP1B,PLPPR1
MSH6,NR2C2,NPM1,CAVIN1
MSH6,WDR76,CALM3
MSH6,ZBTB2,PRKCD,CSF3R
MSH6,TOPBP1,RPS27A,RALBP1
MSH6,DECR1,RHOG,NECTIN3
MSH6,HDAC6,SYK,SIRPB1
MSH6,COIL,RHOBTB1,PSG8
MSH6,LRRK2,AKT1,THEM4
MSH6,NTRK1,PTPRB
MSH6,WWOX,SURF4
MSH6,SUMO2,EEF1A2,SLC13A5
MSH6,WWOX,LITAF
MSH6,H3C1,CREBBP,POU2F3
MSH6,BLM,VCP,LRRC15
MSH6,NTRK1,PIK3R3,PCDHB5
MSH6,ZBTB2,EZH2,CRY2,JPT2
MSH6,BLM,VCP,LRRC15
MSH6,NTRK1,CDK6,CA4
MSH6,CHD8,SMAD3
MSH6,ZBTB2,ZMYM3,TJP2
MSH6,BLM,VCP,LRRC15
MSH6,ZBTB2,FOXJ3,SERPINA12
MSH6,NR2C2,HSPA8,OSBPL7
MSH6,NR2C2,TRAF6,TNFRSF13B
MSH6,ZBTB2,ATP2A2
MSH6,NR2C2,IKZF1,TXK
MSH6,COIL,BIRC3,SNX7,TNFSF14
MSH6,LRRK2,HMMR,TBC1D2
MSH6,NTRK1,GNA13,GNG5
MSH6,KDM6A,PPP6R3
MSH6,NTRK1,GNAI3,PCP2
MSH6,NR2C2,ARF3,CNR2,GPR18
MSH6,WWOX,FEM1A,CLCN3
MSH6,CHD8,EGFR,EGF
MSH6,NR2C2,IKZF1,TXK,PLPPR4
MSH6,BLM,VCP,LRRC15
MSH6,ZBTB38,CBFA2T3,PLXNA3
MSH6,PRKCZ,PARD6G
MSH6,ZBTB2,AKIRIN2,MUC13
MSH6,ZBTB2,MARCKS,LSR
MSH6,H3C1,GRB2,TBC1D3G
MSH6,BLM,VCP,LRRC15
MSH6,NR2C2,UBE2D3,MYCBP2
MSH6,NR2C2,RAB14
MSH6,HDAC6,SYK,SIRPB1
MSH6,ZBTB2,SRP68,NCS1,ABHD6
MSH6,BLM,VCP,LRRC15
MSH6,H3C1,GRB2,TBC1D3G
MSH6,PRDX1,CACYBP,ITPRIP
MSH6,ATR,ABL1,WNK2
MSH6,NTRK1,PRKCA,AKAP5,KCNMB1
MSH6,PRKDC,ANKRD28,AGPAT2
MSH6,NR2C2,PPP2CA,RDH8
MSH6,BLM,VCP,LRRC15
MSH6,BLM,PLK1,TRIM36
MSH6,CENPA,ZNF451,MUCL1
MSH6,NTRK1,ABCC1
MSH6,ATP6V1B2,RAB4A,SLC9A7
MSH6,NR2C2,PPP2CA,RDH8,SLC5A1
MSH6,KANK2,GRB10
MSH6,LRRK2,CSNK1G1
MSH6,BLM,RBM3,KHDRBS3,NPDC1
MSH6,NTRK1,LTF
MSH6,BLM,PLK1,TRIM36
MSH6,NTRK1,EZR
MSH6,MACROH2A1,RHOH
MSH6,NR2C2,RANBP1,RANGRF
MSH6,H3C1,GTF3C2,RASGEF1A
MSH6,NTRK1,CAV1,ADCY5
MSH6,RAD51,USP21
MSH6,NTRK1,GNB1,MC2R
MSH6,WWOX,AMOT,LIN7A
MSH6,PRKDC,VASN
MSH6,NR2C2,HRAS,PTAR1,PALM
MSH6,WWOX,TXNDC11,DCT
MSH6,NTRK1,VAPB,VAMP1
MSH6,ZBTB2,NKTR
MSH6,H3C1,RACK1,GNG2
MSH6,PMS1,F12
MSH6,NR2C2,TAF5,SERPINB2
MSH6,NTRK1,DNM1
MSH6,SUMO2,KCNA5,CD320
MSH6,ZBTB2,DNAJA1,GPR37,GPR17
MSH6,ZBTB2,P4HB,HSPA13
MSH6,NR2C2,LARP7,EPB42
MSH6,YY1,TGFBR2,MYADM
MSH6,NR2C2,STOM,STOML1,ASIC4
MSH6,H3C1,CDH1,ITGA6
MSH6,ZBTB2,AKIRIN2,MUC13
MSH6,NR2C2,TIMM50,SLA
MSH6,NR2C2,KRT19,ARL4A
MSH6,SUPT16H,GLUL
MSH6,HDAC6,SYK,SIRPB1
MSH6,LRRK2,HTT,MOG
MSH6,ZBTB2,RPN1,KCNB2
MSH6,PRKCZ,PDIA6
MSH6,NR2C2,UBE2N,ZNRF2
MSH6,HDAC6,JAK2,CCR2
MSH6,NR2C2,PPP2CA,RDH8
MSH6,TOPBP1,RPS27A,RALBP1
MSH6,UNK,ATP6AP2
MSH6,ZBTB2,CTNNB1,PTPRU
MSH6,NTRK1,RHOBTB3,RTN4R
MSH6,DECR1,RHOG,NECTIN3
MSH6,ZBTB2,VIM,WHRN
MSH6,CHD8,MAP2,GPM6A
MSH6,CHD8,CASR
MSH6,WWOX,TUBB4A,PRSS8
MSH6,H3C1,GRB2,TBC1D3G
MSH6,NR2C2,LYN,ITGA2
MSH6,MACROH2A1,RHOA
MSH6,NR2C2,TCOF1,AK4,EFR3A
MSH6,ZBTB2,STAT6,STING1
MSH6,WWOX,NPEPPS,GBP1
MSH6,NTRK1,ATP1A3,ATP1B4
MSH6,BLM,VCP,LRRC15
MSH6,UNC93B1,TLR9,SIGLEC6
MSH6,ZBTB2,MARCKS,LSR,STXBP5L
MSH6,ZBTB2,MARCKS,LSR
MSH6,ZBTB2,TMC6,PCDHB3
MSH6,NR2C2,TRAF6,TNFRSF13B
MSH6,NTRK1,ABCB1,MARCHF1
MSH6,PCNA,HSCB,LYPLA1
MSH6,NR2C2,STAT3,LRRC32
MSH6,UNK,CKAP5,GPRC5D
MSH6,ZBTB2,VIM,WHRN
MSH6,NTRK1,PTPN22,PSTPIP2
MSH6,DECR1,RHOG,NECTIN3
MSH6,ZBTB2,DYNLL1,DYNLRB1,NLGN2
MSH6,MSH2,HLA-DPB1,HLA-DPA1
MSH6,ZBTB2,WDR5,DR1,JTB
MSH6,WWOX,MTOR,RHEBL1
MSH6,WWOX,BSG,SLC16A13
MSH6,ZBTB2,RMDN3,TRDN
MSH6,ZBTB2,CALCOCO2,SPTBN2
MSH6,NR2C2,RAC2,UTRN
MSH6,ZBTB2,PPP1R12A,ARHGEF25
MSH6,NTRK1,CLGN,SLC22A5
MSH6,DECR1,RHOG,NECTIN3
MSH6,ZBTB2,CTNNB1,PTPRU
MSH6,ZBTB2,PRKCD,CSF3R
MSH6,PRDX1,RHOB,RTKN2
MSH6,ZBTB2,TUBB3,FBXO25,IL12RB2
MSH6,WWOX,ZBTB33
MSH6,BLM,VCP,LRRC15
MSH6,TOP1,PPP1CC,PDE6B
MSH6,NR2C2,CSDE1
MSH6,NTRK1,GNB1,MC2R
MSH6,NTRK1,CYFIP1,PCDH10
MSH6,PRKCZ,COX4I1,COA6
MSH6,COIL,KLC2
MSH6,ZBTB2,RPN1,KCNB2,CKAP4
MSH6,NR2C2,RAB8A
MSH6,ATR,MST1R,PTCH1
MSH6,LRRK2,SH3GL2
MSH6,DECR1,RHOG,NECTIN3
MSH6,LRRK2,TMEM97
MSH6,DECR1,RHOG,NECTIN3
MSH6,TOPBP1,RPS27A,RALBP1
MSH6,NR2C2,CHD1L,NT5E
MSH6,BLM,CHEK1,PPM1A,EXTL3
MSH6,NR2C2,HSPA8,OSBPL7
MSH6,CHD8,RAB4B
MSH6,NR2C2,DNAJB6,AQP8
MSH6,COIL,EHMT2,ABHD17A
MSH6,DECR1,JAK3,CD247
MSH6,ZBTB2,CTNNB1,PTPRU
MSH6,NR2C2,PRMT1,GAS7
MSH6,COIL,EHMT2,ABHD17A
MSH6,UNK,ATP6V1H
MSH6,DECR1,RHOG,NECTIN3
MSH6,NTRK1,PRKCA,AKAP5
MSH6,NR2C2,ACTR2,UFM1,OR2K2
MSH6,WWOX,PTPN1,C1orf210
MSH6,ZNF263,COP1,PNPLA2
MSH6,ZBTB2,PRKCD,CSF3R,CNTFR
MSH6,ZBTB2,VIM,WHRN
MSH6,NR2C2,PPP2CA,RDH8
MSH6,UNK,PJA2
MSH6,NR2C2,HSPA8,OSBPL7
MSH6,NR2C2,RANBP1,RANGRF
MSH6,NTRK1,APP
MSH6,BLM,PLK1,TRIM36
MSH6,NR2C2,KCMF1
MSH6,H3C1,PRMT5,COPRS
MSH6,ATP6V1B2,ATP6V1G1
MSH6,ZBTB2,PPP1R12A,ARHGEF25
MSH6,BLM,MX1,TRPC7
MSH6,ZBTB2,ROCK1,LAMP1
MSH6,LRRK2,HTT,MOG
MSH6,H3C1,CDH1,ITGA6
MSH6,WWOX,NPEPPS,GBP1
MSH6,DECR1,MGST3,HAVCR2,LYVE1
MSH6,BLM,VCP,LRRC15
MSH6,ZBTB38,CBFA2T3,PLXNA3
MSH6,BLM,VCP,LRRC15
MSH6,NR2C2,HSPA8,OSBPL7,PCDHA5
MSH6,ZBTB2,TP53,ZNF763,MPP4
MSH6,NR2C2,STAT5A,TLR2
MSH6,H3C1,GSK3B,ACSBG1
MSH6,ZBTB2,RAB10,MAPK8IP1
MSH6,NTRK1,ATP1A3,ATP1B4
MSH6,NR2C2,HSPA8,OSBPL7
MSH6,DECR1,RHOG,NECTIN3
MSH6,NTRK1,CLTA
MSH6,BLM,VCP,LRRC15
MSH6,ZBTB2,P4HB,HSPA13
MSH6,DECR1,RHOG,NECTIN3
MSH6,DECR1,RHOG,NECTIN3
MSH6,ZBTB2,CTNNB1,PTPRU
MSH6,NTRK1,DYNC1H1,KATNB1
MSH6,LRRK2,DSC1
MSH6,BLM,PLK1,TRIM36
MSH6,BLM,PLK1,TRIM36
MSH6,NTRK1,FLNA,PHLDB2
MSH6,DECR1,RHOG,NECTIN3
MSH6,ZBTB2,DNM3,AMPH
MSH6,COIL,MLLT3,SCNN1A
MSH6,CHD8,EGFR,EGF
MSH6,H2AX,APBB1,SLAMF7
MSH6,PRDX1,CUL3,LRFN2
MSH6,LRRK2,GNAI2,CXCR1
MSH6,ATR,CINP,TIMD4
MSH6,COIL,LNX1,PDZRN3,GRIN3A
MSH6,WWOX,CSNK2A1
MSH6,CENPA,FYN,SLC4A8
MSH6,BLM,VCP,LRRC15
MSH6,CHAF1A,REL,SLC6A12
MSH6,BLM,PLK1,TRIM36,ADGRL3,TENM2
MSH6,ZBTB2,RPN1,KCNB2
MSH6,YY1,ATP2C1
MSH6,ZBTB2,VIM,WHRN
MSH6,ZBTB2,MDC1,CDH13
MSH6,ZBTB2,CTNNB1,PTPRU
MSH6,CHAF1A,REL,SLC6A12,STOML3
MSH6,NTRK1,GAA,LARGE1
MSH6,ZBTB2,MARCKS,LSR
MSH6,SUMO2,AHNAK2
MSH6,NTRK1,MARK2
MSH6,CHD8,AP2M1,CTLA4
MSH6,PRKCZ,AJUBA
MSH6,CHD8,KIF20A,C4BPA
MSH6,NR2C2,NPM1,CAVIN1
MSH6,UNK,TMEM30A,ATP8A1
MSH6,NTRK1,GNB1,MC2R
MSH6,BLM,EIF4A3,UPF2,SLC12A9
MSH6,NR2C2,LYN,ITGA2
MSH6,LRRK2,HTT,MOG
MSH6,CHD8,EGFR,EGF
MSH6,NTRK1,PRKCA,AKAP5
MSH6,UNK,ITM2B,CACNA2D1
MSH6,NTRK1,DYNC1H1,KATNB1
MSH6,ATR,KRAS
MSH6,NTRK1,PRKCA,AKAP5
MSH6,BLM,PLK1,TRIM36
MSH6,NR2C2,STAT5A,TLR2
MSH6,ZBTB2,PRKCD,CSF3R
MSH6,LRRK2,NEFL,HSPB3,SYT10
MSH6,NR2C2,LYN,ITGA2
MSH6,NR2C2,DNAJB6,AQP8
MSH6,BLM,VCP,LRRC15,GRK4
MSH6,ZBTB2,MARCKS,LSR
MSH6,BLM,VCP,LRRC15
MSH6,CHD8,EGFR,EGF
MSH6,BLM,VCP,LRRC15
MSH6,MATR3,MYOF
MSH6,NR2C2,HRAS,PTAR1,ACKR2
MSH6,NR2C2,IKZF1,TXK
MSH6,TOPBP1,RPS27A,RALBP1
MSH6,BLM,PLK1,TRIM36,DCST1
MSH6,BLM,VCP,LRRC15
MSH6,NTRK1,GNB1,MC2R
MSH6,ZBTB2,DNAJA1,GPR37
MSH6,BLM,EIF4A3,UPF2,TJP3
MSH6,ZBTB2,TMPO,PDE3B,SLC10A7
MSH6,NR2C2,AP2A1,L1CAM
MSH6,NTRK1,TNK2
MSH6,POU5F1,ARID1B
MSH6,NR2C2,STAT5A,TLR2
MSH6,H3C1,SETDB1,ARL14EP
MSH6,PMS1,REV3L,STK17B
MSH6,ATP6V1B2,ATP6V0A2
MSH6,H3C1,YWHAB,PIK3R4,P2RX1
MSH6,ZBTB2,UBL4A,DHCR24,SPPL3
MSH6,LRRK2,PIP5K1A
MSH6,UNK,PTP4A2,CNNM2
MSH6,NR2C2,DNAJB6,AQP8
MSH6,NTRK1,GNB1,MC2R
MSH6,PRKCZ,JAK1,BTN2A1
MSH6,BLM,VCP,LRRC15
MSH6,NTRK1,GNB1,MC2R
MSH6,CENPA,FYN,SLC4A8
MSH6,WWOX,MPDZ,OR1D2
MSH6,BLM,VCP,LRRC15
MSH6,PRDX1,TNF,ZAN
MSH6,NR2C2,HSPA8,OSBPL7
MSH6,DECR1,RHOG,NECTIN3
MSH6,ZBTB2,P4HB,HSPA13
MSH6,BLM,UBE2I,CAMK2D,VPS28
MSH6,BLM,VCP,LRRC15
MSH6,NTRK1,GNB1,MC2R
MSH6,NTRK1,GNB1
MSH6,UNC93B1,TLR9,SIGLEC6
MSH6,NTRK1,TJP1,CLDN4
MSH6,TOPBP1,RPS27A,RALBP1
MSH6,WWOX,MIA3,ADAM30
MSH6,COIL,RHOBTB1,PSG8
MSH6,WWOX,MIA3,ADAM30
MSH6,NTRK1,SEZ6L2
MSH6,BLM,PLK1,TRIM36
MSH6,ZBTB2,MARCKS,LSR
MSH6,NR2C2,BTK,LPXN
MSH6,PRDX2,ABCC6
MSH6,ZBTB2,CALCOCO2,SPTBN2
MSH6,ZBTB2,RAP1B,PLPPR1
MSH6,PRKCZ,TRAF2,TNFRSF14
MSH6,BLM,VCP,LRRC15
MSH6,ATM,SIAH1,GDPD5
MSH6,NTRK1,CAV1,ADCY5
MSH6,COIL,PSMA1,GCSH,GLDC
MSH6,BLM,VCP,LRRC15
MSH6,WWOX,SLC27A4
MSH6,BLM,VCP,LRRC15
MSH6,DECR1,CTSD,SH2D3A,SLC30A10
MSH6,UNK,SLC38A1
MSH6,NR2C2,PPP2CA,RDH8
MSH6,ZBTB2,SMARCA5,FGFR3
MSH6,PRKCZ,PARK7
MSH6,H3C1,KDM6B,FLAD1
MSH6,BLM,CHEK1,PPM1A
MSH6,H3C1,FBLN1,CCN2
MSH6,ATR,KRAS,AP4S1,HJV
MSH6,NR2C2,AP2A1,L1CAM
MSH6,BLM,PLK1,TRIM36
MSH6,NR2C2,TRAF6,TNFRSF13B
MSH6,NTRK1,DLG1,CACNG2
MSH6,ZBTB2,P4HB,HSPA13
MSH6,NR2C2,PPP2CA,RDH8
MSH6,ZBTB2,STAT6,STING1
MSH6,NR2C2,SMC3,PLIN4
MSH6,H3C1,CDH1,ITGA6
MSH6,PRKCZ,MAP1LC3B,CLEC7A
MSH6,NR2C2,GAPDH,ENO3
MSH6,WWOX,AMOT,LIN7A
MSH6,LRRK2,TMX1,TMEM179B
MSH6,BLM,UBE2I,CAMK2D,PLA2G6
MSH6,ZBTB2,SRSF12,LRFN1
MSH6,ZBTB2,NOTCH1
MSH6,ATP6V1B2,UBE2C
MSH6,ZBTB2,DNM3,AMPH,PROM2
MSH6,BLM,VCP,LRRC15,SPTBN5
MSH6,LRRK2,SNX9
MSH6,UNK,BCAR1,DOK7
MSH6,WWOX,ELAVL1,SERPINB3
MSH6,ATP6V1B2,DNAJC5
MSH6,ZBTB2,UQCRC1,NDUFC1,PCDHGA5
MSH6,NTRK1,GNB1,MC2R
MSH6,H3C1,GRB2,TBC1D3G
MSH6,ZBTB2,VIM,WHRN
MSH6,NR2C2,FBXO7,FGF10
MSH6,ZBTB2,UQCRC1,NDUFC1,GPR42
MSH6,NR2C2,DNM2
MSH6,UNK,RAB5A,RAB3GAP2
MSH6,NR2C2,LYN,ITGA2
MSH6,NR2C2,HSPA8,OSBPL7
MSH6,PRKDC,FZR1,RGS11
MSH6,NTRK1,PIK3C2A
MSH6,H2AX,B2M,MR1
MSH6,WWOX,ACSL3
MSH6,ZBTB38,ALX1,OR52L1
MSH6,ZBTB2,CTNNB1,PTPRU
MSH6,ZBTB2,CTNNB1,PTPRU
MSH6,BLM,VCP,LRRC15,SLC9A6
MSH6,WWOX,KRT34,SLC15A2
MSH6,LRRK2,CSNK1G3
MSH6,ZBTB2,NKTR,APLP2
MSH6,NR2C2,ARL1,EXOC4
MSH6,ZBTB2,PRKCD,CSF3R
MSH6,ZBTB2,CHMP2A
MSH6,NR2C2,ALB,FGA
MSH6,NR2C2,LYN,ITGA2
MSH6,BLM,VCP,LRRC15,RAB40AL
MSH6,NR2C2,NOTCH2,WNT5A
MSH6,NTRK1,AGO2,SLC7A9
MSH6,TOPBP1,RPS27A,RALBP1
MSH6,PRDX1,CUL3,LRFN2
MSH6,H3-3B,FGF2,FGFBP1
MSH6,MATR3,DISC1,PRTG
MSH6,ZBTB2,CTNNB1,PTPRU
MSH6,H3C1,CREBBP,POU2F3
MSH6,NR2C2,STAT3,LRRC32
MSH6,ZBTB2,PRKCD,CSF3R,TLR5
MSH6,NR2C2,AP2A1,L1CAM
MSH6,ZBTB2,TP53,ZNF763,SYT5
MSH6,H3-3B,FGF2,FGFBP1
MSH6,ZBTB2,VIM,WHRN
MSH6,ZBTB2,MARCKS,LSR
MSH6,NR2C2,LYN,ITGA2
MSH6,PRKCZ,MAP1LC3B,CLEC7A
MSH6,CHD8,KIF20A,C4BPA
MSH6,NR2C2,PPP2CA,RDH8
MSH6,ATR,ABL1,WNK2
MSH6,ZBTB2,RAP1B,PLPPR1
MSH6,WWOX,IRAK1
MSH6,WDR76,HSPD1
MSH6,CHD8,EGFR,EGF
MSH6,ZBTB2,RPN1,KCNB2
MSH6,H3C1,FBLN1,CCN2,PSG4
MSH6,ZBTB2,IRS4
MSH6,ZBTB2,ROCK2
MSH6,BLM,UBE2I,CAMK2D,UBL3
MSH6,DECR1,RHOG,NECTIN3,CPNE5
MSH6,BLM,VCP,LRRC15
MSH6,UNC93B1,RNF213,RELT
MSH6,BRCA1,NUFIP1,SLC12A5
MSH6,BLM,VCP,LRRC15
MSH6,BLM,UBE2I,CAMK2D,SLC17A1
MSH6,UNC93B1,SMC4,FOXH1,WDPCP
MSH6,BLM,VCP,LRRC15
MSH6,WWOX,MTOR,RHEBL1
MSH6,ATP6V1B2,TCIRG1
MSH6,CHD8,KIF20A,C4BPA
MSH6,ZBTB2,RPN1,KCNB2
MSH6,NR2C2,TIMM50,SLA
MSH6,BLM,VCP,LRRC15
MSH6,ZBTB2,MARCKS,LSR
MSH6,ZBTB2,PRKCD,CSF3R
MSH6,LRRK2,GOT1,DCXR
MSH6,NR2C2,TRAF6,TNFRSF13B,ALG10B
MSH6,LRRK2,HTT,MOG
MSH6,NTRK1,DLG1,CACNG2
MSH6,NTRK1,DSC2
MSH6,NTRK1,DLG1,CACNG2
MSH6,NR2C2,UBE2D3,MYCBP2
MSH6,ZBTB2,CTNNB1,PTPRU
MSH6,ZBTB2,IRS4,CXADR
MSH6,NTRK1,PTPRS,GPC2
MSH6,UNK,USP14
MSH6,TOPBP1,RPS27A,RALBP1
MSH6,WWOX,MTOR,RHEBL1
MSH6,WWOX,ZBTB33,CHRNB1
MSH6,NTRK1,GAA,LARGE1
MSH6,NTRK1,IRS2
MSH6,PRDX1,YAP1,LAPTM5
MSH6,NTRK1,NOTCH3,C1QL1,LRP12
MSH6,MACROH2A1,ARID4A
MSH6,LRRK2,CASP3,PANX1
MSH6,ZBTB2,RPN1,KCNB2
MSH6,H3C1,NR3C1,CLPTM1L,CNGB1,CNGA1
MSH6,SUMO2,HNRNPF
MSH6,NTRK1,PIK3CA
MSH6,NR2C2,DVL2,RPGRIP1L
MSH6,PRKCZ,PRKACA,GAD2
MSH6,WWOX,MIA3,ADAM30
MSH6,ZBTB2,PRKCD,CSF3R
MSH6,HDAC11
MSH6,DECR1,RHOG,NECTIN3
MSH6,ZBTB2,DNAJA1,GPR37
MSH6,BLM,CHEK1,PPM1A
MSH6,WWOX,MIA3,ADAM30
MSH6,ZBTB2,RAB10,MAPK8IP1,SLC26A9
MSH6,LRRK2,ARFGAP1,ARF1
MSH6,ZBTB2,PRKCD,CSF3R,EBI3
MSH6,ATR,ABL1,WNK2
MSH6,PRDX1,TNF,ZAN
MSH6,NTRK1,PRKCA,AKAP5
MSH6,H3C1,GSK3B,ACSBG1
MSH6,UNK,CKAP5
MSH6,MRE11,CD6
MSH6,YY1,TGFBR2,MYADM
MSH6,TOPBP1,CIP2A
MSH6,NR2C2,XRCC5
MSH6,NR2C2,TRAF6,TNFRSF13B
MSH6,H2AX,B2M,MR1
MSH6,H3C1,FBLN1,CCN2
MSH6,NR2C2,LYN,ITGA2
MSH6,NR2C2,LYN,ITGA2
MSH6,LRRK2,COPE,SLC35A1
MSH6,NR2C2,HSPA8,OSBPL7
MSH6,CHD8,AR,SLC43A1
MSH6,NTRK1,CTTN,SDC3
MSH6,NR2C2,CHD1L,NT5E
MSH6,ZBTB2,IRS4,CXADR
MSH6,BLM,VCP,LRRC15
MSH6,TOP1,VDAC1
MSH6,NR2C2,CTBP2,TSHZ3
MSH6,NTRK1,GNB1,MC2R
MSH6,UNK,BCAR1,DOK7
MSH6,LRRK2,AKT1
MSH6,NTRK1,PPP5C
MSH6,ZBTB2,AKIRIN2,MUC13
MSH6,CHAF1A,REL,SLC6A12
MSH6,COIL,EHMT2,ABHD17A
MSH6,H2AX,B2M,MR1
MSH6,DECR1,RHOG,NECTIN3,AKAP10
MSH6,NR2C2,STXBP2,PHTF2,SCNN1D
MSH6,COIL,AKT2,CLIP3
MSH6,ZBTB2,RMDN3,TRDN
MSH6,NR2C2,OGT
MSH6,SMARCAD1,ANK3,SCN1B
MSH6,WWOX,MTOR,RHEBL1
MSH6,NR2C2,UBE2D3,MYCBP2
MSH6,BLM,VCP,LRRC15
MSH6,NTRK1,SORT1
MSH6,ZBTB2,RPN1,KCNB2
MSH6,PRKDC,AXL
MSH6,NR2C2,LYN,ITGA2
MSH6,LRRK2,ACSL4
MSH6,LRRK2,HTT,MOG
MSH6,LRRK2,FLNC,SGCD
MSH6,NR2C2,LRRC40,KCTD3
MSH6,NR2C2,STOM,STOML1
MSH6,LRRK2,DSG1
MSH6,NR2C2,NOTCH2,WNT5A
MSH6,HYOU1,ADGRV1
MSH6,PRKCZ,ITSN2
MSH6,H3C1,MYH10,TRPM7
MSH6,ZBTB2,TRIM26,PHF7
MSH6,NR2C2,PPP2CA
MSH6,HDAC6,TRIM21,TRPM2
MSH6,ZBTB2,PPP1R12A,ARHGEF25
MSH6,NTRK1,CAV1,ADCY5
MSH6,PRKCZ,EPB41L4B
MSH6,LRRK2,HM13
MSH6,NTRK1,STAT5B,PRLR
MSH6,NR2C2,TIMM50,SLA
MSH6,YY1,RAF1
MSH6,DECR1,RHOG,NECTIN3
MSH6,CHD8,EGFR,EGF
MSH6,PRDX1,RHOC,SLC27A2
MSH6,LRRK2,HMMR,TBC1D2
MSH6,CHD8,CASR,GABBR1
MSH6,NR2C2,PSMD14,PCDH11Y
MSH6,UNK,CHMP5
MSH6,UNK,SERINC1
MSH6,DECR1,RHOG,NECTIN3
MSH6,PRKCZ,PRKACA,GAD2
MSH6,BLM,VCP,LRRC15
MSH6,WWOX,FASN,SLC34A3
MSH6,ZBTB2,LRRC59,CCPG1,SLC22A13
MSH6,ZBTB2,ROCK1,LAMP1
MSH6,NTRK1,RHOBTB3,RTN4R
MSH6,COIL,PRMT8
MSH6,NR2C2,SMC3,PLIN4
MSH6,ZBTB2,CALCOCO2,SPTBN2
MSH6,ZBTB2,MARCKS,LSR
MSH6,BLM,VCP,LRRC15
MSH6,H3C1,GSK3B,ACSBG1
MSH6,NTRK1,CAPN1,CAPNS2
MSH6,NR2C2,SLC16A1,CYSTM1
MSH6,NTRK1,CDK6,CA4
MSH6,BLM,CHEK1,PPM1A
MSH6,PRDX1,RHOB,RTKN2,GABRA6
MSH6,NR2C2,CTBP2,TSHZ3
MSH6,NTRK1,DAB2IP
MSH6,BLM,CHEK1,PPM1A,HOMER2
MSH6,COIL,AKT2,CLIP3
MSH6,LRRK2,ATP13A1,SLC30A8
MSH6,ZBTB2,ZMYM3,TJP2
MSH6,UNK,UBE2B
MSH6,ZBTB2,FOXJ3,SERPINA12
MSH6,NTRK1,GNAO1,RGS9
MSH6,BLM,CHEK1,PPM1A
MSH6,LRRK2,ITCH
MSH6,NR2C2,LARP7,EPB42
MSH6,NR2C2,TRAF6,TNFRSF13B
MSH6,PRDX1,COPS5,MSRA
MSH6,LRRK2,LMF2,P2RX5
MSH6,ZBTB2,PRKCD,CSF3R
MSH6,PRKCZ,TRAF2,TNFRSF14
MSH6,ZBTB2,PTCD3
MSH6,DECR1,RHOG,NECTIN3
MSH6,H3C1,GSK3B,ACSBG1
MSH6,PRDX1,COPS5,MSRA
MSH6,CHD8,AR,SLC43A1
MSH6,WWOX,MAPK9
MSH6,TOP1,ROR1
MSH6,NR2C2,ARF6,PCDHGB1
MSH6,UNK,HMGCR,MARCHF4,ABCA7
MSH6,PRDX1,PTEN
MSH6,POU5F1,DKK1,KREMEN1
MSH6,ZBTB2,TMC6,PCDHB3
MSH6,ZBTB2,RAP1B,PLPPR1
MSH6,NR2C2,HNRNPD,SLC30A5
MSH6,NTRK1,GNB1,MC2R,RAMP1
MSH6,NR2C2,HRAS,PTAR1,OR10H2
MSH6,MATR3,S100P,TGFBI
MSH6,PRKCZ,GNB2,KCNJ5
MSH6,MATR3,S100P,TGFBI
MSH6,BLM,PLK1,TRIM36
MSH6,UNK,SDCBP,FZD3
MSH6,UNK,YIPF4
MSH6,HDAC6,SLMAP
MSH6,WWOX,STUB1,JOSD2,DGKH
MSH6,NTRK1,RDX
MSH6,BLM,RAD51D,FILIP1
MSH6,CHD8,KIF20A,C4BPA
MSH6,BLM,PLK1,TRIM36
MSH6,ZBTB2,VIM,WHRN
MSH6,NR2C2,UBE2D3,MYCBP2
MSH6,LRRK2,ARHGAP15
MSH6,UNK,LEPROTL1,PAQR8
MSH6,NR2C2,PPP2CA,RDH8
MSH6,NR2C2,TIMM50,SLA
MSH6,UNC93B1,TLR9,SIGLEC6
MSH6,NR2C2,TUBB4B,DSTYK,MS4A10
MSH6,H3C1,GRB2,TBC1D3G
MSH6,COIL,MYO5B,RAB25
MSH6,NTRK1,CDK6,CA4
MSH6,NR2C2,SMC3,PLIN4
MSH6,PRKDC,EPHB2,PLA2G4C
MSH6,WWOX,TGOLN2,FLOT2
MSH6,LRRK2
MSH6,NTRK1,ATP12A
MSH6,WWOX,MIA3,ADAM30
MSH6,NTRK1,RHOBTB3,RTN4R
MSH6,H3C1,CDH1,ITGA6
MSH6,ZBTB2,RMDN3,TRDN
MSH6,ZBTB2,DKC1,SPOUT1,KCNE3
MSH6,ZBTB2,CTNNB1,PTPRU
MSH6,UNK,ATP5IF1,GUCY2C
MSH6,NR2C2,NOTCH2,WNT5A
MSH6,ZBTB2,PRKCD,CSF3R
MSH6,ATR,NCR3LG1,CD200R1
MSH6,BLM,PLK1,TRIM36
MSH6,TOP1,S100A9,ITGB1BP1
MSH6,ZBTB2,AKIRIN2,MUC13
MSH6,COIL,GTF2F1,SNF8
MSH6,WWOX,FASN,SLC34A3
MSH6,NTRK1,FLNA,PHLDB2
MSH6,PRKCZ,MAP1LC3B,CLEC7A
MSH6,UNC93B1,RNF213,RELT
MSH6,COIL,BRPF1
MSH6,SUMO2,KCNA5
MSH6,DECR1,RHOG,NECTIN3
MSH6,BLM,SUMO1,ELK1,PLP2
MSH6,BLM,PLK1,TRIM36,ADGRL3
MSH6,NR2C2,RHEB
MSH6,PRKCZ,PRKACA,GAD2
MSH6,NTRK1,GNB1,MC2R
MSH6,NR2C2,DVL2,RPGRIP1L
MSH6,PRDX1,CFTR
MSH6,UNK,EMC6,MMD
MSH6,NTRK1,ITGAV
MSH6,YY1,TGFBR2,MYADM
MSH6,NR2C2,LARP7,EPB42
MSH6,PRKDC,NCF4
MSH6,BLM,CHEK1,PPM1A
MSH6,PRKCZ,PRKACA,GAD2
MSH6,NR2C2,ARF6
MSH6,UNK,BCAR1,DOK7
MSH6,NR2C2,PRMT1,GAS7
MSH6,WWOX,MYH7,KLHL9,KIRREL2
MSH6,WWOX,MIA3,ADAM30
MSH6,PRKCZ,JAK1,BTN2A1
MSH6,NR2C2,TRAF6,TNFRSF13B
MSH6,PRKCZ,MAP1LC3B,CLEC7A
MSH6,DECR1,RHOG,NECTIN3
MSH6,NR2C2,BTK,LPXN
MSH6,TOPBP1,RPS27A,RALBP1
MSH6,HYOU1,FAT4
MSH6,SMARCAD1,ANK3,SCN1B,SGCE
MSH6,H3C1,ZMYM2,C8A,C8B
MSH6,NTRK1,PRKCA,AKAP5
MSH6,NR2C2,MAP2K1,PEBP4,TSPAN4
MSH6,WWOX,DVL1,RYK
MSH6,TOPBP1,RPS27A,RALBP1
MSH6,NR2C2,GAPDH,ENO3
MSH6,ZBTB2,P4HB,HSPA13
MSH6,WWOX,BSG,SLC16A13
MSH6,ZBTB2,DAXX,FAM9B,SLC16A3
MSH6,H3-3B,FGF2,FGFBP1
MSH6,POU5F1,TDGF1
MSH6,NR2C2,HSPA8,OSBPL7
MSH6,KANK2,ANTXR1
MSH6,ZBTB2,STAT6,STING1
MSH6,ZBTB2,NKTR,APLP2
MSH6,DECR1,RHOG,NECTIN3
MSH6,NR2C2,PRMT1,GAS7
MSH6,ZBTB2,TMPO,PDE3B,OR2M7
MSH6,SNW1,SNRPD2,CRLF3
MSH6,NR2C2,LYN,ITGA2
MSH6,NR2C2,UBE2N,ZNRF2
MSH6,POU5F1,DKK1
MSH6,PRDX1,TNF
MSH6,WWOX,LZTS2
MSH6,NTRK1,CBL
MSH6,WWOX,FASN,SLC34A3
MSH6,NR2C2,TRIP13,ADAT3,PLEKHM3
MSH6,NR2C2,TAF5,SERPINB2
MSH6,CHD8,AR,SLC43A1
MSH6,NR2C2,ATP5F1B
MSH6,NTRK1,DLG1
MSH6,DECR1,RHOG,NECTIN3
MSH6,DECR1,RHOG,NECTIN3
MSH6,SNW1,SDE2
MSH6,ZBTB2,CTNNB1,PTPRU
MSH6,PRDX1,ADRM1
MSH6,ZBTB2,PBK,NTNG1
MSH6,WDR76,LAMA5,MEP1A
MSH6,BLM,VCP,LRRC15
MSH6,NTRK1,DLG1,CACNG2
MSH6,H3C1,EP300,CD2
MSH6,WWOX,CEACAM6
MSH6,ZBTB2,P4HB,HSPA13
MSH6,NR2C2,TIMM50,SLA
MSH6,BLM,VCP,LRRC15
MSH6,H3C1,CREBBP,POU2F3
MSH6,NR2C2,BTK
MSH6,NR2C2,LYN,ITGA2
MSH6,ZBTB2,AKIRIN2,MUC13
MSH6,NTRK1,ARHGEF11
MSH6,CENPA,FYN,SLC4A8
MSH6,NR2C2,PPP2CA,RDH8
MSH6,ZBTB2,PPP1R12A,ARHGEF25
MSH6,PRKCZ,PRKACA,GAD2
MSH6,BLM,VCP,LRRC15
MSH6,DECR1,MDH2,BLVRB
MSH6,ZBTB2,PRKCD,CSF3R
MSH6,LRRK2,TRADD
MSH6,ZBTB2,TP53,ZNF763,LRRC52
MSH6,H2AX,CPS1
MSH6,UNC93B1,TLR7,SIGLEC9
MSH6,PRKCZ,FEZ1
MSH6,NTRK1,GNB1,MC2R
MSH6,NTRK1,PTPRJ
MSH6,NR2C2,NSF,BTN3A2
MSH6,COIL,CSNK2A2,GRAMD1C
MSH6,CHD8,H2BC8,CCDC25
MSH6,NR2C2,AP2A2,SLC2A8
MSH6,LRRK2,UBAP2L,CDV3
MSH6,NTRK1,DLG1,CACNG2
MSH6,NTRK1,GNA13,GNG5
MSH6,BLM,VCP,LRRC15
MSH6,BLM,TOP2A,PRKCG,ORAI1
MSH6,ZBTB2,TMPO,PDE3B,KLRF1
MSH6,CHD8,EGFR,EGF
MSH6,ZBTB2,SNU13,PUS7,PCDHGB3
MSH6,UNK,SPTBN1
MSH6,H2AX,APBB1,SLAMF7
MSH6,ZBTB2,TMC6,PCDHB3
MSH6,SMARCAD1,ANK3
MSH6,HDAC6,SYK,SIRPB1
MSH6,NTRK1,BCR
MSH6,CHD8,EGFR,EGF
MSH6,BLM,CHEK1,PPM1A,MMP14
MSH6,WWOX,FEM1A,CLCN3
MSH6,CENPA,FYN,SLC4A8
MSH6,CHD8,KIF20A,C4BPA
MSH6,WDR76,CALM3,IQCG,CHRM3
MSH6,LRRK2,GOT1,DCXR
MSH6,ZBTB2,TBL2,SOD2,KLB
MSH6,NR2C2,RAB6B,TMPRSS11A
MSH6,WWOX,KRT34,SLC15A2
MSH6,NR2C2,TMED5,TMED9,TMED1
MSH6,HDAC6,SYK,SIRPB1,CD300C
MSH6,NR2C2,HSPA8,OSBPL7
MSH6,H3C1,GRB2,TBC1D3G
MSH6,CHD8,TOP3B,SPRED2
MSH6,ZBTB2,RAB10,MAPK8IP1
MSH6,NTRK1,FLNA,PHLDB2
MSH6,PRKDC,GOLPH3
MSH6,DECR1,RHOG,NECTIN3
MSH6,PRDX1,COPS5,MSRA
MSH6,DECR1,RHOG,NECTIN3,PALM2AKAP2
MSH6,ZBTB2,DNM3,AMPH
MSH6,DECR1,JAK3,CD247
MSH6,NR2C2,TIMM50,SLA
MSH6,CHD8,EGFR,EGF
MSH6,NR2C2,HSPA9,TESMIN,OR4X2
MSH6,PRDX1,CUL3,LRFN2
MSH6,HYOU1,BACE1
MSH6,UNK,PTP4A2,CNNM2
MSH6,BLM,PLK1,TRIM36
MSH6,UNK,PTP4A2,CNNM2
MSH6,BLM,VCP,LRRC15
MSH6,NR2C2,LYN,ITGA2
MSH6,DECR1,RHOG,NECTIN3
MSH6,NTRK1,CYFIP1,PCDH10
MSH6,BLM,VCP,LRRC15
MSH6,H3C1,PCGF1,MUC7
MSH6,PMS1,UBC,CDIP1,IL17RC
MSH6,BLM,PLK1,TRIM36,ADGRL1
MSH6,WWOX,BSG,SLC16A13
MSH6,WWOX,MIA3,ADAM30
MSH6,NR2C2,PDCD6IP,DRD1
MSH6,ZBTB2,TP53,ZNF763,OR51E2
MSH6,LRRK2,CLASP2
MSH6,NR2C2,SMC3,PLIN4
MSH6,ZBTB2,NKTR,APLP2
MSH6,LRRK2,DAPK1
MSH6,PRDX1,RHOC,SLC27A2
MSH6,NTRK1,GNA13,GNG5
MSH6,ZBTB2,DDX24,CORO1A
MSH6,PRDX1,TNF,ZAN
MSH6,CENPA,FYN,SLC4A8
MSH6,ZBTB2,MDC1,CDH13
MSH6,NTRK1,VPS35,WNT5B
MSH6,NTRK1,GNB1,MC2R
MSH6,UNK,PTP4A2
MSH6,LRRK2,HTT,MOG
MSH6,ZBTB2,PBK,NTNG1
MSH6,NR2C2,NOTCH2,WNT5A
MSH6,H2AX,B2M
MSH6,NR2C2,WT1,AREG,NPHS2
MSH6,NTRK1,NOTCH3
MSH6,NTRK1,VAPB,VAMP1
MSH6,ATP6V1B2,ATP6V0B
MSH6,HYOU1,EPS15L1
MSH6,ZBTB2,TMPO,PDE3B,GRAMD2A
MSH6,NR2C2,TRAF6,TNFRSF13B
MSH6,LRRK2,TMPRSS13
MSH6,WDR76,CALM3,IQCG,DOC2B
MSH6,LRRK2,LMF2,P2RX5
MSH6,NTRK1,GNB1,MC2R
MSH6,ATR,NCR3LG1,CD200R1,SLC23A2
MSH6,CHD8,ANKRD36B,SORL1
MSH6,LRRK2,MARK1
MSH6,ZBTB2,PHB1
MSH6,LRRK2,HTT,MOG
MSH6,PRDX1,YAP1,LAPTM5
MSH6,NTRK1,NCK1
MSH6,NTRK1,GNAI3,PCP2
MSH6,NTRK1,CYFIP1,PCDH10
MSH6,ZBTB2,IRS4,CXADR
MSH6,BLM,VCP,LRRC15
MSH6,WWOX,KRT34,SLC15A2
MSH6,PRDX1,CUL3,LRFN2
MSH6,NTRK1,GNB1,MC2R
MSH6,WWOX,BCAP31
MSH6,H3C1,MCM7,TRIM16
MSH6,MSH2,HLA-DPB1
MSH6,ZBTB2,RAB10,MAPK8IP1
MSH6,H2AX,B2M,MR1
MSH6,NR2C2,CTBP2,TSHZ3
MSH6,NTRK1,DLG1,CACNG2
MSH6,NR2C2,DNAJB6,AQP8
MSH6,ZBTB2,RMDN3,TRDN
MSH6,WWOX,BSG,SLC16A13
MSH6,NR2C2,RAE1,HGFAC,ULBP2
MSH6,NTRK1,TJP1,CLDN4
MSH6,NR2C2,RAC2,UTRN
MSH6,NTRK1,CBL,FRS3
MSH6,WWOX,BSG,SLC16A13
MSH6,NR2C2,HSPA8,OSBPL7
MSH6,KANK2,NECAB2
MSH6,PRKCZ,PTPRZ1
MSH6,ZBTB2,KRT33B,KRT83,SLC39A2
MSH6,KDM6A,GSC2,BEST3
MSH6,PRDX1,TNF,ZAN
MSH6,NTRK1,GNB1,MC2R
MSH6,LRRK2,CASP3,PANX1
MSH6,PRKCZ,PARD3
MSH6,ZBTB2,P4HB,HSPA13
MSH6,NTRK1,BAIAP2
MSH6,ZBTB2,P4HB,HSPA13
MSH6,BLM,PLK1,TRIM36
MSH6,HYOU1,DNAJC3,PCDHB7
MSH6,MSH2,HLA-DPB1,HLA-DPA1
MSH6,UNK,RAB5A,RAB3GAP2
MSH6,LRRK2,CLIC1
MSH6,ZBTB2,PPP1R12A,ARHGEF25,OXER1
MSH6,NTRK1,EPRS1
MSH6,WWOX,DIAPH1
MSH6,ZBTB2,ESR1
MSH6,NTRK1,GNA13,GNG5
MSH6,NTRK1,PDGFRB,LAPTM4B
MSH6,ZBTB2,RAP1B,PLPPR1
MSH6,NR2C2,HNRNPD,SLC30A5
MSH6,DECR1,RHOG,NECTIN3
MSH6,NR2C2,STAT3,LRRC32
MSH6,ZBTB2,TRIM26,PHF7
MSH6,TOP1,S100A9,ITGB1BP1
MSH6,DECR1,MDH2,BLVRB
MSH6,H3-3B,FGF2,FGFBP1
MSH6,H3C1,CREBBP,POU2F3
MSH6,ZBTB2,MARCKS,LSR,ROBO4
MSH6,SMARCAD1,SYMPK
MSH6,NR2C2,PPP2CA,RDH8
MSH6,TOPBP1,RPS27A,RALBP1,CSMD3
MSH6,NR2C2,SMC3,PLIN4
MSH6,SUMO2,ANXA1
MSH6,H3C1,GRB2
MSH6,NR2C2,HSPA8,OSBPL7
MSH6,NTRK1,AGK,SLC39A14
MSH6,CHD8,AP2M1,CTLA4
MSH6,NR2C2,STAT3,LRRC32
MSH6,NTRK1,CAV1,ADCY5
MSH6,TOPBP1,RPS27A,RALBP1
MSH6,PRDX1,YAP1,LAPTM5
MSH6,UNK,LIMCH1,FRMPD2
MSH6,PRKCZ,PRKACA,GAD2
MSH6,BLM,USP37,TRIM4
MSH6,WWOX,RND3,SEMA4F
MSH6,ZBTB2,NOP56,EXOSC9,ZACN
MSH6,ZBTB2,HDAC1,PHF23,COL23A1
MSH6,ZBTB2,CHMP2A,MITD1,PIGR
MSH6,LRRK2,RGS1
MSH6,PRDX1,CUL3,LRFN2
MSH6,NR2C2,HNRNPD,SLC30A5
MSH6,ZBTB2,RAB10,MAPK8IP1
MSH6,KDM6A,GSC2,BEST3
MSH6,RECQL4,PPP3CA
MSH6,WWOX,AMOT
MSH6,PRKDC,ANKRD28,AGPAT2
MSH6,ATR,MCC
MSH6,WWOX,BSG,SLC16A13,SCAMP5
MSH6,CHD8,EGFR,EGF
MSH6,NTRK1,MAP1B,CACNA1A
MSH6,ZBTB2,RPN1,KCNB2,GRID1
MSH6,NR2C2,SMC3,PLIN4
MSH6,H3C1,EP300,CD2
MSH6,DECR1,RHOG,NECTIN3,SLC22A18
MSH6,DECR1,RHOG,NECTIN3
MSH6,NR2C2,TCOF1,AK4,TTC7B
MSH6,PRKCZ,PARD6B
MSH6,NR2C2,STOML2
MSH6,HDAC6,AFDN,NRXN2
MSH6,HYOU1,VAPA
MSH6,NR2C2,ARF6,PCDHGB1
MSH6,DECR1,RHOG,NECTIN3
MSH6,H3C1,RPL36A
MSH6,ZBTB2,NOP56,EXOSC9,KCNA10
MSH6,NTRK1,GNB1,MC2R
MSH6,NR2C2,PDLIM7,ABLIM3,RAPSN
MSH6,NTRK1,SHC4
MSH6,DECR1,MDH2,BLVRB
MSH6,MATR3,HTR2B
MSH6,NTRK1,PTPRF,PCDHAC1
MSH6,NR2C2,SLC16A1
MSH6,ZBTB2,VIM,WHRN
MSH6,BLM,PLK1,TRIM36
MSH6,ZBTB2,STAT6,STING1
MSH6,NR2C2,HSPA8,OSBPL7
MSH6,H3C1,H3-4,CAPN3
MSH6,NTRK1,MAP1B,CACNA1A,RIMBP2
MSH6,NTRK1,PRKCA,AKAP5
MSH6,BLM,VCP,LRRC15
MSH6,ZBTB2,P4HB,HSPA13
MSH6,NR2C2,IKZF1,TXK
MSH6,COIL,IPO5,DSCAML1
MSH6,H3C1,GRB2,TBC1D3G
MSH6,KANK2,ABI3,BAIAP2L2
MSH6,H3C1,GSK3B,ACSBG1
MSH6,NTRK1,CDK6,CA4
MSH6,NR2C2,SLC25A5
MSH6,ZBTB2,MARCKS,LSR,GYPC
MSH6,PRDX1,CFTR,CLCA1
MSH6,NR2C2,HSPA8,OSBPL7
MSH6,WDR76,ACTG1
MSH6,BLM,VCP,LRRC15
MSH6,PRKCZ,TRAF2,TNFRSF14
MSH6,ZBTB2,THRAP3,LUZP4,SLC16A8
MSH6,BLM,VCP,LRRC15
MSH6,NR2C2,STOM
MSH6,ZBTB2,MOS,GRAP2
MSH6,H3C1,PAK1
MSH6,ATR,ZDHHC13,MC1R
MSH6,NR2C2,ITIH4,C3
MSH6,NR2C2,RAC1,OPHN1,PCDHB12
MSH6,ZBTB2,MARCKS,LSR
MSH6,LRRK2,NAT1
MSH6,NR2C2,NOTCH2,WNT5A
MSH6,ZBTB2,CTNNB1,PTPRU
MSH6,ZBTB2,TBL2,SOD2,SLC30A3
MSH6,NTRK1,GNB1,MC2R
MSH6,LRRK2,MAP4
MSH6,BLM,ATRX,SKA3,MICB
MSH6,NR2C2,LYN,ITGA2
MSH6,ZBTB2,CTNNB1,PTPRU
MSH6,DECR1,MDH2,BLVRB
MSH6,ZBTB2,RMDN3,TRDN
MSH6,LRRK2,PLS1
MSH6,ZBTB2,TMPO,PDE3B,OR6T1
MSH6,HDAC6,SYK,SIRPB1
MSH6,PRKCZ,PRKACA,GAD2
MSH6,H3C1,MCM7,TRIM16
MSH6,PRDX1,CFTR,CLCA1
MSH6,NR2C2,STAT3,LRRC32,PDCD1,PDCD1LG2
MSH6,UNK,LEPROTL1,PAQR8
MSH6,NR2C2,LARP7,EPB42
MSH6,BLM,VCP,LRRC15
MSH6,ZBTB2,RAP1B,PLPPR1
MSH6,HDAC6,SYK,SIRPB1,CD300LD
MSH6,H3C1,GRB2,TBC1D3G
MSH6,DECR1,RHOG,NECTIN3
MSH6,NTRK1,GNB1,MC2R
MSH6,ZBTB2,SMARCA5,FGFR3
MSH6,BLM,PLK1,TRIM36
MSH6,ZBTB2,PRKCD,CSF3R
MSH6,BLM,VCP,LRRC15
MSH6,TOPBP1,RPS27A,RALBP1
MSH6,PRDX1,CUL3,LRFN2
MSH6,LRRK2,CASP8,TNFRSF10A
MSH6,ZBTB2,SRPK2,NSRP1,LYPD1
MSH6,ZBTB2,CTNNB1,PTPRU
MSH6,BRCA1,PLEKHA2
MSH6,KDM6A,NFIB,ANOS1
MSH6,NTRK1,NUMBL,TMC5
MSH6,COIL,PDS5A
MSH6,ZNF263,EFEMP2,SLC16A5
MSH6,NTRK1,VAPB,VAMP1
MSH6,NR2C2,STAT5A,TLR2
MSH6,KDM6A,ETV6
MSH6,NR2C2,UBE2N,ZNRF2
MSH6,NR2C2,DYNLL2
MSH6,BLM,VCP,LRRC15,SLC44A5
MSH6,BLM,PLK1,TRIM36
MSH6,BLM,VCP,LRRC15
MSH6,CENPA,CENPH,LRRC55
MSH6,H3C1,PRC1
MSH6,H2AC14,WWP2,ARRDC4
MSH6,NR2C2,HSPA8,OSBPL7
MSH6,NR2C2,AP2A1,L1CAM
MSH6,BLM,VCP,LRRC15
MSH6,ZBTB2,IRS4,CXADR
MSH6,ZBTB2,CALCOCO2,SPTBN2
MSH6,ZBTB2,CTNNB1,PTPRU,IHH
MSH6,LRRK2,BLTP1
MSH6,H3C1,ASH1L,NRXN1
MSH6,BLM,VCP,LRRC15
MSH6,BLM,PLK1,TRIM36
MSH6,ZBTB2,SMARCA5,FGFR3
MSH6,NR2C2,LYN,ITGA2
MSH6,LRRK2,MTX3,SLC22A16
MSH6,NR2C2,PSMD14,PCDH11Y
MSH6,ATR,ABL1,WNK2
MSH6,PMS1,AHNAK,RNF38,SNTG2
MSH6,ATR,PI4K2A
MSH6,LRRK2,HIC1,EFNA1
MSH6,BLM,VCP,LRRC15
MSH6,BLM,VCP,LRRC15
MSH6,PRDX1,TNF,ZAN
MSH6,NR2C2,HSPA5
MSH6,BLM,MX1,TRPC7
MSH6,CHD8,AP2M1,CTLA4
MSH6,ZBTB2,RAP1B,PLPPR1
MSH6,NR2C2,HSPA8,OSBPL7
MSH6,TOPBP1,RPS27A,RALBP1
MSH6,WWOX,FASN,SLC34A3
MSH6,MACROH2A1,RHOBTB2
MSH6,PRKCZ,LLGL2
MSH6,NR2C2,FBXO7,FGF10
MSH6,ZBTB2,PPP1R12A,ARHGEF25
MSH6,NR2C2,ARF6,PCDHGB1
MSH6,H3C1,SRCAP,IFNLR1
MSH6,TOPBP1,RPS27A,RALBP1
MSH6,NR2C2,HSPA8
MSH6,ZBTB2,STAT6,STING1
MSH6,YY1,ARRB1,PTGER2
MSH6,NR2C2,LYN,ITGA2
MSH6,NTRK1,GNB1,MC2R
MSH6,NTRK1,GNB1,MC2R
MSH6,PRDX1,RHOB,RTKN2
MSH6,LRRK2,GNAI2,CXCR1
MSH6,ZBTB2,NOTCH1,WNT2,CACNA2D2
MSH6,NR2C2,TCOF1,AK4,TTC7A
MSH6,NTRK1,UBQLN1
MSH6,PRKCZ,GNB2,KCNJ5
MSH6,NR2C2,TRAF6,TNFRSF13B
MSH6,CHD8,EGFR,EGF
MSH6,ZBTB2,PRKCD,CSF3R
MSH6,NTRK1,DPYSL2
MSH6,ZBTB2,TMPO,PDE3B,ANO8
MSH6,NR2C2,STAT3,LRRC32
MSH6,PRDX2,BRAF
MSH6,ZBTB2,RELA,COMMD10,PCDHGA9
MSH6,ZBTB2,DDX24,CORO1A
MSH6,UNC93B1,TLR3
MSH6,PRDX2,NEK2,LRRC45
MSH6,NR2C2,HDAC4,WASHC2C
MSH6,ZBTB2,RAP1B,PLPPR1
MSH6,PRKCZ,PRKACA,GAD2
MSH6,H3C1,CDH1
MSH6,NR2C2,NOTCH2,WNT5A
MSH6,PRDX1,COPS5,MSRA
MSH6,COIL,EHMT2,ABHD17A
MSH6,ZBTB2,DAP3,COL4A5,SLC10A4
MSH6,NR2C2,STAT3,LRRC32
MSH6,PRKCZ,PRDX3
MSH6,NTRK1,YWHAH
MSH6,BLM,VCP,LRRC15
MSH6,DECR1,RHOG,NECTIN3
MSH6,NTRK1,GNAO1,RGS9
MSH6,NR2C2,PPP2CA,RDH8
MSH6,WWOX,TGOLN2
MSH6,CHD8,EGFR,EGF
MSH6,PRKCZ,DAPK3,GRIN3B
MSH6,ZBTB2,ROCK1
MSH6,HYOU1,MET
MSH6,ZBTB2,RELA,COMMD10,IL2RG
MSH6,NTRK1,GNB1,MC2R
MSH6,NTRK1,PDGFRB
MSH6,NTRK1,VAPB
MSH6,CENPA,FYN,SLC4A8
MSH6,H3C1,GSK3B
MSH6,ZBTB2,PBK,NTNG1
MSH6,NTRK1,GNA13,GNG5
MSH6,ATP6V1B2,ATP6AP1
MSH6,PRKDC,MAPKAP1
MSH6,CHD8,DCX,BTN1A1
MSH6,NTRK1,JUP
MSH6,NTRK1,UBQLN2
MSH6,NTRK1,TJP1,CLDN4
MSH6,MSH2,EPHA2,EFNA4
MSH6,PRDX1,CFTR,CLCA1
MSH6,NR2C2,NOTCH2,WNT5A
MSH6,ZBTB2,ESR1,HOXC10,PCDHGC5
MSH6,NR2C2,DVL2,RPGRIP1L
MSH6,BLM,UBE2I,CAMK2D,NLRP6
MSH6,NR2C2,IMP4
MSH6,LRRK2,PKP1
MSH6,DECR1,RHOG,NECTIN3
MSH6,NR2C2,GAPDH,ENO3
MSH6,ZBTB2,PRKCD,CSF3R
MSH6,DECR1,RHOG,NECTIN3
MSH6,NTRK1,TJP1
MSH6,ZBTB2,IRS4,CXADR
MSH6,NR2C2,STXBP2
MSH6,H3C1,CREBBP,POU2F3
MSH6,ZBTB2,DNAJA1,GPR37
MSH6,ZBTB2,PRKCD,CSF3R,PAQR6
MSH6,ZBTB2,TMPO,PDE3B,KNTC1
MSH6,COIL,CSNK2A2,GRAMD1C
MSH6,PRKCZ,CAP1
MSH6,PRKDC,SLC15A1
MSH6,NR2C2,PPP2CA,RDH8
MSH6,BLM,CHEK1,PPM1A
MSH6,BLM,PLK1,TRIM36
MSH6,ZBTB2,PRKCD,CSF3R
MSH6,ZBTB2,RAP1B,PLPPR1
MSH6,ZBTB2,UQCRC1,NDUFC1,PCDHA11
MSH6,NR2C2,HBB,HBM,CELSR1
MSH6,PRDX1,RHOB,RTKN2
MSH6,BLM,VCP,LRRC15
MSH6,ZBTB2,PRKCD,CSF3R
MSH6,BRCA1
MSH6,NTRK1,NCK1,LRRC3
MSH6,NR2C2,HNRNPD,SLC30A5
MSH6,BLM,RAD51D,FILIP1
MSH6,BLM,RPA1,OBSCN
MSH6,NTRK1,NBEA
MSH6,NTRK1,DLG1,CACNG2
MSH6,NTRK1,CLGN,SLC22A5
MSH6,NTRK1,ATP2B1
MSH6,NTRK1,GNB1,MC2R
MSH6,NTRK1,RHOBTB3,RTN4R,OMG
MSH6,NR2C2,HSPA8,OSBPL7
MSH6,NTRK1,CDH2
MSH6,NR2C2,LYN,ITGA2
MSH6,PRKCZ,PARD6A
MSH6,PRKCZ,ACTN4,IGSF8
MSH6,NR2C2,HSP90AB1
MSH6,WWOX,MPDZ,OR1D2
MSH6,MACROH2A1,ROS1
MSH6,BLM,UBE2I,CAMK2D,PDE4A
MSH6,NTRK1,CYFIP1,PCDH10
MSH6,NR2C2,AP2A1,L1CAM
MSH6,ZBTB2,MOS,GRAP2
MSH6,NTRK1,PIK3R1,GABRA3
MSH6,NR2C2,FBXO7,FGF10
MSH6,WWOX,TGOLN2,FLOT2
MSH6,H3C1,CREBBP,POU2F3
MSH6,ZBTB2,P4HB,HSPA13
MSH6,BLM,VCP,LRRC15,CACNB1
MSH6,BLM,RAD51D,FILIP1
MSH6,DECR1,RHOG,NECTIN3
MSH6,NR2C2,NOTCH2,WNT5A
MSH6,ZBTB2,RAP1B,PLPPR1
MSH6,BLM,VCP,LRRC15
MSH6,ZBTB2,DDX50
MSH6,CHAF1A,REL,SLC6A12
MSH6,NR2C2,RAC2,UTRN
MSH6,YY1,FCER1A
MSH6,NTRK1,SLC3A2,SLC7A7
MSH6,BLM,VCP,LRRC15
MSH6,NTRK1,GNA13
MSH6,MACROH2A1,RHOD
MSH6,H3C1,GRIP1
MSH6,NTRK1,UCHL1,ADRA2B
MSH6,PRDX1,PIDD1,MADD
MSH6,NR2C2,ARF6,PCDHGB1
MSH6,PRDX1,RHOB,RTKN2
MSH6,WWOX,APBB2,TMEM30B
MSH6,CENPA,FYN,SLC4A8,TYROBP,TREM1
MSH6,DECR1,SHMT2,PDPR,GLRA2
MSH6,ZBTB2,PPP1R12A
MSH6,DECR1,RHOG,NECTIN3
MSH6,NTRK1,ATIC
MSH6,ZBTB2,CTNNB1,PTPRU
MSH6,BLM,CHEK1,PPM1A,SLC2A10
MSH6,COIL,PDS5B,ANK1
MSH6,NR2C2,KRT19,ARL4A
MSH6,WWOX,MTOR,RHEBL1
MSH6,H2AX,APBB1,SLAMF7
MSH6,HYOU1,NFE2L2
MSH6,NR2C2,ZNF687,INTS6,UNC79
MSH6,WWOX,BSG,SLC16A13
MSH6,NTRK1,GNB1,MC2R
MSH6,YY1,GABPB1,ADGRB2
MSH6,NR2C2,ARF3
MSH6,NR2C2,LYN,ITGA2
MSH6,PRKCZ,PRKACA,GAD2
MSH6,NTRK1,ERBB2
MSH6,NTRK1,FRS2
MSH6,DECR1,RHOG,NECTIN3
MSH6,NR2C2,HRAS,PTAR1,SLC9A3R2,OR52B2
MSH6,TOPBP1,RPS27A,RALBP1
MSH6,LRRK2,SNCA
MSH6,BLM,PLK1,TRIM36
MSH6,NR2C2,YBX1
MSH6,UNK,SDCBP,FZD3
MSH6,NR2C2,RAB13
MSH6,DECR1,RHOG,NECTIN3
MSH6,NTRK1,GNB1,MC2R
MSH6,NR2C2,UBE2D3,MYCBP2
MSH6,NR2C2,FBXO7,FGF10
MSH6,NR2C2,FAM98B,EHD1
MSH6,MACROH2A1,DIRAS3
MSH6,H3C1,MPHOSPH8
MSH6,ZBTB2,KPNB1,SPATA31D4,SLC22A1
MSH6,LRRK2,LIMA1
MSH6,ZBTB2,DYNLL1
MSH6,ZBTB2,IRS4,CXADR
MSH6,H3C1,ASH1L,NRXN1,SYT13
MSH6,NR2C2,AP2A1,L1CAM
MSH6,ATR,ABL1,WNK2
MSH6,TOPBP1,RPS27A,RALBP1
MSH6,WDR76,ATP5F1A
MSH6,NTRK1,NCK1,LRRC3
MSH6,ZBTB2,PRKCD,CSF3R
MSH6,ZBTB2,TRIM26,PHF7
MSH6,TOPBP1,RPS27A,RALBP1
MSH6,ZBTB2,FMR1,LUZP1,GRIK5
MSH6,NR2C2,ALB,FGA
MSH6,COIL,PPIL2
MSH6,LRRK2,FZD5
MSH6,NTRK1,PTPN13
MSH6,BLM,RAD51D,FILIP1,CHRNA4
MSH6,ATR,ABL1,WNK2
MSH6,NR2C2,SMC1A,GRM3
MSH6,ZBTB2,YWHAQ,UACA,CNST
MSH6,NTRK1,SLC3A2
MSH6,NTRK1,PTPN11,CD84
MSH6,NTRK1,PIK3C2B
MSH6,WWOX,GGCX,C4BPB
MSH6,UNK,DST,CHRNA1
MSH6,MRE11,LIG1
MSH6,ATR,ABL1,WNK2
MSH6,ZBTB2,CTNNB1,PTPRU
MSH6,BLM,VCP,LRRC15
MSH6,BLM,VCP,LRRC15
MSH6,LRRK2,RAB7A
MSH6,H3C1,GRB2,TBC1D3G
MSH6,TOPBP1,RPS27A,RALBP1
MSH6,WDR76,NRAS
MSH6,COIL,EHMT2,ABHD17A
MSH6,WDR76,PICALM
MSH6,PRKCZ,MARK3
MSH6,H3C1,BMI1,ABCA12
MSH6,ATR,ABL1,WNK2
MSH6,KANK2,GRK5
MSH6,NR2C2,ARF3,CNR2
MSH6,NR2C2,HRAS,PTAR1,CBLB
MSH6,ZBTB2,AURKB,SPAST,CD28
MSH6,DECR1,RHOG,NECTIN3,ABCA6
MSH6,CHD8,AR,SLC43A1
MSH6,ZBTB2,RAP1B,PLPPR1
MSH6,WWOX,TGOLN2,FLOT2
MSH6,LRRK2,MAEA
MSH6,NTRK1,ABCB1
MSH6,PRDX1,PIDD1,MADD
MSH6,LRRK2,KTN1
MSH6,TOPBP1,RPS27A,RALBP1
MSH6,ZBTB2,PBK,NTNG1
MSH6,ZBTB2,RPN1,KCNB2
MSH6,ZBTB2,TMPO,PDE3B,ADAM18
MSH6,LRRK2,HTT,MOG
MSH6,ZBTB2,VIM,WHRN
MSH6,NTRK1,WASL,FCHSD2
MSH6,TOPBP1,HDLBP
MSH6,NR2C2,LYN,ITGA2
MSH6,PRDX1,TKT
MSH6,ZBTB2,MARCKS,LSR
MSH6,NTRK1,GNB1,MC2R
MSH6,PRKCZ,GOT2,2-oxoglutarate(2-),GRIK3
MSH6,NTRK1,DDR2
MSH6,NTRK1,RALA
MSH6,BLM,RAD51D,FILIP1
MSH6,ZBTB2,CTNNB1,PTPRU
MSH6,COIL,RLF,RIT2
MSH6,WWOX,TCHP
MSH6,ATP6V1B2,ATP6V0C
MSH6,H3C1,GSK3B,ACSBG1
MSH6,UNK,TMEM30A,ATP8A1
MSH6,TOP1,OAS3
MSH6,DECR1,RHOG,NECTIN3
MSH6,BLM,VCP,LRRC15
MSH6,TOPBP1,RPS27A,RALBP1
MSH6,NR2C2,HRAS,PTAR1,CYTH4
MSH6,COIL,PPAN-P2RY11
MSH6,ZBTB2,ROCK1,LAMP1
MSH6,H3-3B,FGF2,FGFBP1,RGMA
MSH6,CHD8,EGFR,EGF
MSH6,ZBTB2,ROCK1,LAMP1
MSH6,WWOX,PTPN1,C1orf210
MSH6,ZBTB2,PRKCD,CSF3R
MSH6,H2AX,LILRB2
MSH6,NR2C2,HRAS,PTAR1,DPEP1
MSH6,UNK,RAB5A,RAB3GAP2
MSH6,WWOX,TGOLN2,FLOT2
MSH6,NR2C2,UBE2N,ZNRF2
MSH6,HDAC6,ATP13A2,CHRNB4
MSH6,CHD8,AR,SLC43A1
MSH6,CHD8,EGFR,EGF
MSH6,NR2C2,ACTB,NUS1,VPS35L
MSH6,NR2C2,HNRNPA1,PPP1R26,ADH1C
MSH6,PRDX1,CUL3,LRFN2
MSH6,ZBTB2,CTNNB1,PTPRU
MSH6,WWOX,PGRMC1,CYP2C8
MSH6,NR2C2,UBE2D3,MYCBP2
MSH6,PMS1,HSPA12B,MAP7D2,KCNS2
MSH6,ZBTB2,CTNNB1,PTPRU
MSH6,POU5F1,NR2F2,ADGRB1
MSH6,CHD8,AR,SLC43A1
MSH6,ZBTB2,CTNNB1,PTPRU,CPEB3
MSH6,UNC93B1,TLR8
MSH6,NR2C2,LARP7,EPB42
MSH6,HYOU1,LNPEP
MSH6,BLM,VCP,LRRC15,HAS3
MSH6,ZBTB2,VIM,WHRN,LSP1
MSH6,NR2C2,HSPA8,OSBPL7
MSH6,H2AC14,TMEM192,EVA1C,MBLAC2
MSH6,TOPBP1,RPS27A,RALBP1
MSH6,NTRK1,MAP1B
MSH6,ZBTB2,VIM,WHRN
MSH6,COIL,CSNK2A2,GRAMD1C
MSH6,CHD8,EGFR,EGF,KCNN3
MSH6,NTRK1,MYC,CDR2,KIR3DL2
MSH6,NTRK1,ATXN2L,MPL
MSH6,PRKCZ,TLR4
MSH6,LRRK2,HTT
MSH6,NR2C2,NOTCH2,WNT5A
MSH6,H3C1,KMT2E
MSH6,PRDX1,CDC20,PCDHAC2
MSH6,ZBTB2,P4HB,HSPA13
MSH6,ZBTB2,MARCKS,LSR,CHRNE
MSH6,ZBTB2,CALCOCO2,SPTBN2
MSH6,PCNA,HSCB,LYPLA1
MSH6,HYOU1,BIN1
MSH6,CDC5L,PNN
MSH6,BLM,RPA1,OBSCN
MSH6,NTRK1,DOCK1
MSH6,ZBTB2,MARCKS,LSR
MSH6,BLM,VCP,LRRC15
MSH6,NTRK1,GNB1,MC2R
MSH6,ZBTB2,PHB2
MSH6,WWOX,IVL,CCNYL1
MSH6,COIL,ZNF629,HNF4G,HAS2
MSH6,BLM,SUMO1
MSH6,NTRK1,CDK5
MSH6,ZBTB2,CTNNB1,PTPRU
MSH6,UNK,BFAR
MSH6,ZBTB2,PRKCD,CSF3R
MSH6,NTRK1,PRKCA,AKAP5
MSH6,WWOX,FASN
MSH6,NR2C2,CTBP2,TSHZ3
MSH6,ZBTB2,ROCK1,LAMP1
MSH6,HYOU1,CTSL
MSH6,MSH2,EPHA2,EFNA4
MSH6,DECR1,RHOG,NECTIN3
MSH6,ZBTB2,TBL2,SOD2,NDRG4
MSH6,BLM,VCP,LRRC15
MSH6,CHD8,EGFR,EGF
MSH6,WWOX,MAGED1
MSH6,PRKCZ,ECT2,GNAL
MSH6,BLM,PLK1,TRIM36
MSH6,NTRK1,ISLR2
MSH6,PRKCZ,AGER
MSH6,ZBTB2,PRKCD,CSF3R,CR1
MSH6,NR2C2,UBB
MSH6,WWOX,KRT34,SLC15A2
MSH6,DECR1,MDH2,BLVRB
MSH6,NR2C2,UBE2N,ZNRF2
MSH6,ZBTB2,RAP1B,PLPPR1
MSH6,ZBTB2,CTNNB1,PTPRU
MSH6,ZBTB2,MOS,GRAP2
MSH6,COIL,POGZ,BACE2
MSH6,NTRK1,GNB1,MC2R
MSH6,PRDX1,RHOB,RTKN2
MSH6,NR2C2,CTBP2,TSHZ3
MSH6,NR2C2,HSPA8,OSBPL7
MSH6,PRKCZ,PRKACA,GAD2
MSH6,PRKCZ,TRAF2,TNFRSF14,CD70
MSH6,ZNF746,ABI1,EPS8L3
MSH6,BLM,UBE2I,CAMK2D,MVB12B
MSH6,NTRK1,DLG1,CACNG2
MSH6,NTRK1,YWHAH,RIMS1
MSH6,LRRK2,MSN
MSH6,ZBTB2,YWHAQ,UACA,RHBDL1
MSH6,UNK,GPR85
MSH6,NR2C2,ERBB4
MSH6,ATR,MST1R
MSH6,NTRK1,GNB1,MC2R
MSH6,WWOX,AMOTL1
MSH6,MACROH2A1,LTK
MSH6,DECR1,RHOG,NECTIN3
MSH6,ZBTB2,RPN1,KCNB2
MSH6,NR2C2,NOTCH2
MSH6,BLM,VCP,LRRC15
MSH6,NTRK1,GNB1,MC2R
MSH6,WWOX,LZTS2,TTC23,OR51B2
MSH6,H3C1,FBLN1,CCN2
MSH6,ZBTB2,RPN1,KCNB2
MSH6,NR2C2,LYN,ITGA2
MSH6,WWOX,FEM1A,CLCN3
MSH6,LRRK2,OSBP
MSH6,ZBTB2,TMPO,PDE3B,DGAT1
MSH6,MSH2,HLA-DPB1,HLA-DPA1
MSH6,NR2C2,SMARCC1,STAT2
MSH6,WWOX,DVL1,RYK
MSH6,ZBTB2,RELA,COMMD10,OLFM4
MSH6,NTRK1,SHC1,CEACAM1
MSH6,UNK,ITM2B,CACNA2D1
MSH6,WWOX,MTOR,RHEBL1
MSH6,PRKDC,CLN3
MSH6,PRKCZ,PRKACA,GAD2,PKD1L3
MSH6,NR2C2,ACTR2,UFM1,OR5F1
MSH6,NR2C2,AP2A1,L1CAM
MSH6,NR2C2,HSPA8,OSBPL7
MSH6,NR2C2,CDK1,DUSP21,ATP23
MSH6,NTRK1,GOPC,CERCAM
MSH6,BLM,PLK1,TRIM36
MSH6,BLM,PLK1,TRIM36
MSH6,HDAC6,SYK
MSH6,NTRK1,ULK1,IRGM,RAB12
MSH6,PRKDC,EPHB2
MSH6,NR2C2,RAC1
MSH6,DECR1,RHOG,NECTIN3
MSH6,LRRK2,HTT,MOG
MSH6,NTRK1,PDGFRB,LAPTM4B
MSH6,WDR76,RPSA
MSH6,NR2C2,UBE2N,ZNRF2
MSH6,BLM,VCP,LRRC15
MSH6,NTRK1,GNB1,MC2R
MSH6,NR2C2,HSPA8,OSBPL7
MSH6,CHD8,EGFR,EGF
MSH6,WWOX,SPTLC1,ORMDL3
MSH6,NTRK1,ESYT2
MSH6,NTRK1,VAPB,VAMP1
MSH6,PRDX1,CFTR,CLCA1
MSH6,DECR1,RHOG,NECTIN3
MSH6,NR2C2,TRAF6,TNFRSF13B
MSH6,BLM,VCP,LRRC15
MSH6,BLM,PLK1,TRIM36
MSH6,BLM,VCP,LRRC15
MSH6,NTRK1,KIDINS220,TBXA2R
MSH6,TOP1,PPP1CC,PDE6B
MSH6,BLM,VCP,LRRC15
MSH6,BLM,H2AC13,APPBP2,SLC7A10
MSH6,ZBTB2,YWHAQ,UACA,CLEC4G
MSH6,NTRK1,GNB1,MC2R
MSH6,NR2C2,NSF,BTN3A2
MSH6,UNK,ITM2B,CACNA2D1
MSH6,NTRK1,GNB1,MC2R
MSH6,H2AC14,MYO1E
MSH6,BLM,H2BC21,WDTC1,GDE1
MSH6,LRRK2,LMF2,P2RX5
MSH6,POU5F1,HRG
MSH6,DECR1,MDH2,BLVRB
MSH6,CHD8,EGFR,EGF
MSH6,DECR1,RHOG,NECTIN3
MSH6,BLM,VCP,LRRC15
MSH6,ZBTB2,CTNNB1,PTPRU
MSH6,NTRK1,SCRIB
MSH6,NTRK1,GNAI3,PCP2
MSH6,NTRK1,RGS19,CATSPER1,CACNA1I
MSH6,ATR,NCR3LG1,CD200R1,CD200
MSH6,NR2C2,DVL2,RPGRIP1L
MSH6,NR2C2,HNRNPD,SLC30A5
MSH6,NTRK1,VPS35,WNT5B
MSH6,NR2C2,GAPDH,ENO3
MSH6,H3C1,CDH1,ITGA6
MSH6,DECR1,RHOG,NECTIN3
MSH6,COIL,CSNK2A2,GRAMD1C
MSH6,DECR1,RHOG,NECTIN3
MSH6,DECR1,RHOG,NECTIN3
MSH6,TOP1,S100A9,ITGB1BP1
MSH6,CHD8,EGFR,EGF,SLC39A6
MSH6,NTRK1,GNB1,MC2R
MSH6,WWOX,MIA3,ADAM30
MSH6,PRKCZ,MAP2K5,CAMK1G
MSH6,DECR1,RHOG,NECTIN3
MSH6,BLM,CHEK1,PPM1A
MSH6,YY1,TGFBR2,MYADM
MSH6,H3C1,CDH1,ITGA6
MSH6,NR2C2,HSPA8,OSBPL7
MSH6,NTRK1,GNA13,GNG5
MSH6,NTRK1,CAV1,ADCY5
MSH6,WWOX,CDIPT
MSH6,NTRK1,CDK6,CA4
MSH6,BLM,H2BC21,WDTC1,TSPAN14
MSH6,NR2C2,NOTCH2,WNT5A
MSH6,LRRK2,CYP51A1,PAQR9
MSH6,PRDX1,YAP1,LAPTM5
MSH6,NTRK1,GNB1,MC2R,ADORA2B
MSH6,WWOX,TFRC
MSH6,ZBTB2,RELA,COMMD10,ORAI3
MSH6,PRKCZ,TRAF2,TNFRSF14
MSH6,H3C1,GRIP1,GRM7
MSH6,NR2C2,LYN,ITGA2
MSH6,WWOX,IVL,CCNYL1
MSH6,ZBTB2,P4HB,HSPA13
MSH6,TOP1,PPP1CC,PDE6B
MSH6,ATR,MST1R,PTCH1
MSH6,PRDX1,CUL3,LRFN2
MSH6,ZBTB2,P4HB,HSPA13
MSH6,NR2C2,STAT3
MSH6,ATP6V1B2,DNAJC5,SLC32A1
MSH6,NTRK1,KCNH2
MSH6,UNC93B1,TLR9,SIGLEC6
MSH6,UNK,RAB5A
MSH6,BRCA1,NUFIP1,SLC12A5
MSH6,NTRK1,GOPC,CERCAM
MSH6,UNK,LEPROTL1,PAQR8
MSH6,ZBTB2,RAP1B,PLPPR1
MSH6,NR2C2,NSF
MSH6,UNK,SDCBP,FZD3
MSH6,BLM,USP37,TRIM4
MSH6,NR2C2,HRAS,PTAR1,PIK3R5
MSH6,NR2C2,HSPA5,LOC102723407,TNFSF18
MSH6,ZBTB2,CTNNB1,PTPRU
MSH6,BLM,VCP,LRRC15
MSH6,ZBTB2,LMNB1,ARHGAP21
MSH6,POU5F1,THY1
MSH6,PRKCZ,PRKACA,GAD2
MSH6,NTRK1,CAV1,ADCY5
MSH6,NR2C2,CTBP2,TSHZ3
MSH6,UNC93B1,TLR3,MBL2,KCNIP1
MSH6,H3C1,BMI1,ABCA12
MSH6,ZBTB2,STAT6,STING1
MSH6,PRDX1,CUL3,LRFN2
MSH6,BLM,MX1,TRPC7
MSH6,PRDX1,YAP1,LAPTM5
MSH6,BLM,PLK1,TRIM36
MSH6,ZBTB2,RAP1B,PLPPR1
MSH6,WWOX,MTOR,RHEBL1
MSH6,NTRK1,CAV1,ADCY5
MSH6,H2AX,B2M,MR1
MSH6,PRDX1,COPS5,MSRA
MSH6,H3C1,KDM6B,FLAD1
MSH6,ZBTB2,ROCK1,LAMP1
MSH6,NTRK1,TJP1,CLDN4
MSH6,NR2C2,PPP2CA,RDH8
MSH6,NTRK1,GNB1,MC2R
MSH6,UNK,RAB5A,RAB3GAP2
MSH6,LRRK2,HTT,MOG
MSH6,PRKDC,SYNJ2
MSH6,ZBTB2,TUBB3,FBXO25,FRMD7
MSH6,NTRK1,LGR5
MSH6,PRKCZ,PSEN1
MSH6,DECR1,RHOG,NECTIN3
MSH6,KDM6A,TBX5,ZMYND10,NPR3
MSH6,WWOX,FEM1A,CLCN3
MSH6,WWOX,TGOLN2,FLOT2
MSH6,WWOX,LDLRAD4,ZDHHC22
MSH6,NTRK1,GNB1,MC2R
MSH6,ZBTB2,RAP1B,PLPPR1
MSH6,NTRK1,SLC12A2
MSH6,NTRK1,SHC1
MSH6,ZBTB2,PRKCD,CSF3R
MSH6,NTRK1,ARHGAP35
MSH6,PRDX1,PIDD1,MADD
MSH6,BLM,PLK1,TRIM36
MSH6,DECR1,RHOG,NECTIN3
MSH6,LRRK2,SNAPIN,DTNBP1
MSH6,BLM,PLK1,TRIM36
MSH6,BLM,PLK1,TRIM36
MSH6,CHD8,AR
MSH6,BLM,VCP,LRRC15
MSH6,NTRK1,VAPB,VAMP1
MSH6,PRKCZ,PARD3,JAM3
MSH6,NR2C2,RAB6B,TMPRSS11A
MSH6,PRKCZ,ACTN4
MSH6,WDR76,NRAS,PCDH18
MSH6,ATP6V1B2
MSH6,BLM,VCP,LRRC15
MSH6,NR2C2,HSPA5,LOC102723407,OR14J1
MSH6,LRRK2,RAB5C
MSH6,HDAC6,AFDN,NRXN2
MSH6,WWOX,TFRC,KCNA3
MSH6,NTRK1,PTPRC,CD1D
MSH6,NR2C2,AP2A2
MSH6,WWOX,MTOR,RHEBL1
MSH6,NR2C2,SMC3,PLIN4
MSH6,H3C1,GRB2,TBC1D3G
MSH6,PRDX1,RHOB
MSH6,PMS1,UBC,CDIP1,LRP10
MSH6,NR2C2,STAT3,LRRC32
MSH6,CDC5L,TPBG
MSH6,ATR,NCR3LG1,CD200R1
MSH6,NR2C2,AP2A2,SLC2A8
MSH6,ZBTB2,STAU1
MSH6,BLM,RPA1,OBSCN
MSH6,UNK,TMEM30A,ATP8A1
MSH6,WDR76,NRAS,PCDH18
MSH6,NTRK1,UNC5B
MSH6,WWOX,HADHA,TGFBR3
MSH6,NR2C2,PSMD14,PCDH11Y
MSH6,ZBTB2,TBL2,SOD2,KL
MSH6,H3C12,PSEN2
MSH6,UNC93B1,TLR9
MSH6,NR2C2,NSF,BTN3A2
MSH6,ZBTB2,ARF4
MSH6,LRRK2,CASP3,PANX1
MSH6,BLM,SUMO1,ELK1,C2CD5
MSH6,H3C1,GSK3B,ACSBG1
MSH6,NR2C2,GAPDH,ENO3
MSH6,NR2C2,CPNE3
MSH6,CHAF1A,REL,SLC6A12
MSH6,H3C1,S100A6
MSH6,BLM,PLK1,TRIM36
MSH6,CHD8,EGFR,EGF
MSH6,HDAC6,SYK,SIRPB1
MSH6,ZBTB2,DNAJA1,GPR37
MSH6,PRDX1,PRDX6,NCF2
MSH6,NR2C2,HNRNPD,SLC30A5
MSH6,LRRK2,ACSL5
MSH6,WWOX,PGRMC1,CYP2C8
MSH6,H3C1,UBA52
MSH6,NTRK1,GAA,LARGE1
MSH6,WWOX,MTOR,RHEBL1
MSH6,BLM,VCP,LRRC15
MSH6,BLM,VCP,LRRC15
MSH6,NTRK1,DLG5
MSH6,CHAF1A,REL,SLC6A12
MSH6,ZBTB2,CALCOCO2,SPTBN2
MSH6,ZBTB2,DNAJA1,GPR37
MSH6,CHD8,EGFR,EGF
MSH6,NTRK1,PTK7,BTNL8
MSH6,DECR1,RHOG,NECTIN3
MSH6,NTRK1,PRKCA,AKAP5
MSH6,WWOX,MDM2,SLC14A2
MSH6,ZBTB2,ROCK1,LAMP1,PLEKHH2
MSH6,TOPBP1,RPS27A,RALBP1,PSG6
MSH6,ZBTB2,DNM3,AMPH
MSH6,DECR1,RHOG,NECTIN3
MSH6,NR2C2,ARF6,PCDHGB1
MSH6,CHD8,AR,SLC43A1,NTN4
MSH6,UNC93B1,TLR9,SIGLEC6
MSH6,TOPBP1,RPS27A,RALBP1
MSH6,DECR1,RHOG,NECTIN3
MSH6,BLM,TP53BP1,ZNF316,GOLGA7B
MSH6,DECR1,RHOG,NECTIN3
MSH6,DECR1,RHOG,NECTIN3
MSH6,NR2C2,NOTCH2,WNT5A
MSH6,ZBTB2,RPN1,KCNB2
MSH6,CHAF1A,REL,SLC6A12
MSH6,ZBTB2,DNAJA1,GPR37
MSH6,NR2C2,HRAS,PTAR1,TMPRSS12
MSH6,H3C1,CDH1,ITGA6
MSH6,NR2C2,HDAC4,WASHC2C
MSH6,DECR1,MDH2,BLVRB
MSH6,ZBTB2,CTNNB1,PTPRU
MSH6,LRRK2,SH3GL2,ADAM9
MSH6,WDR76,FREM2
MSH6,CHD8,AR,SLC43A1
MSH6,NR2C2,LYN,ITGA2
MSH6,NTRK1,GNB1,MC2R
MSH6,ZBTB2,CTNNB1,PTPRU
MSH6,NR2C2,NOTCH2,WNT5A
MSH6,ZBTB2,PPP1R12A,ARHGEF25
MSH6,BLM,VCP,LRRC15
MSH6,DECR1,RHOG,NECTIN3
MSH6,NR2C2,PSMD14,PCDH11Y
MSH6,NR2C2,DVL2,RPGRIP1L
MSH6,NR2C2,NOTCH2,WNT5A
MSH6,NR2C2,HSP90B1,RXRB,GABRG3
MSH6,ZBTB2,RELA,COMMD10,CXCL12,CCR10
MSH6,BLM,VCP,LRRC15
MSH6,BLM,VCP,LRRC15,ZNF804A
MSH6,WWOX,PSMC5,MRAS
MSH6,NR2C2,NOTCH2,WNT5A
MSH6,ATP6V1B2,ATP6V1F
MSH6,TOP1,S100A9,ITGB1BP1
MSH6,PRDX1,PDP1
MSH6,MATR3,RASD1
MSH6,NR2C2,HSPA8,OSBPL7
MSH6,LRRK2,RGS2,GNA15
MSH6,NR2C2,FBXO7,FGF10
MSH6,NTRK1,CAPN1
MSH6,LRRK2,TES
MSH6,PRDX1,TNF,ZAN
MSH6,WWOX,LDLRAD1,METTL7B,SLC1A4
MSH6,NTRK1,GNA13,GNG5
MSH6,DECR1,RHOG,NECTIN3
MSH6,COIL,ZNF644,ATP9A
MSH6,NR2C2,LARP7,EPB42
MSH6,WWOX,GGCX,C4BPB
MSH6,H3C1,RACK1,GNG2
MSH6,UNK,SDCBP,FZD3
MSH6,ZBTB2,VIM,WHRN
MSH6,NR2C2,PSMD14,PCDH11Y
MSH6,ZBTB2,YWHAQ,UACA,GPR152
MSH6,H3C1,GRB2,TBC1D3G
MSH6,LRRK2,HTT,MOG
MSH6,ANKRD17,APC
MSH6,BLM,VCP,LRRC15,PRKD3
MSH6,NR2C2,NOTCH2,WNT5A
MSH6,BLM,VCP,LRRC15
MSH6,NR2C2,HSPA8,OSBPL7
MSH6,ZBTB2,YWHAQ,UACA,GJC1
MSH6,ZBTB2,FMR1,LUZP1,NLGN4X
MSH6,ATR,ABL1,WNK2
MSH6,NR2C2,TRAF6,TNFRSF13B
MSH6,NTRK1,GOPC,CERCAM
MSH6,WWOX,FEM1A,CLCN3
MSH6,H3C1,CGAS
MSH6,NTRK1,NCAM1,DGUOK,ROM1
MSH6,NR2C2,STAT5A,TLR2
MSH6,BLM,MX1,TRPC7
MSH6,ZBTB2,P4HB,HSPA13
MSH6,WWOX,TGOLN2,FLOT2
MSH6,BLM,UBE2I,CAMK2D,VPS37B
MSH6,YY1,ARRB1,PTGER2
MSH6,DECR1,RHOG,NECTIN3
MSH6,COIL,DDX56,FURIN
MSH6,HYOU1,BCHE
MSH6,EXO1
MSH6,WDR76,NID2
MSH6,NTRK1,GNB1,MC2R
MSH6,H2AX,APBB1,SLAMF7
MSH6,NTRK1,PRKCA,AKAP5
MSH6,NR2C2,PPP2CA,RDH8
MSH6,NR2C2,TRAF6,TNFRSF13B
MSH6,LRRK2,CSNK1G2
MSH6,PRKCZ,PSEN1,TMBIM6
MSH6,CHD8,DCX,BTN1A1,AGTRAP
MSH6,NR2C2,STOM,STOML1
MSH6,ZBTB2,RAP1B,PLPPR1
MSH6,WWOX,FASN,SLC34A3
MSH6,COIL,AKT2,CLIP3
MSH6,H3C1,SRCAP,IFNLR1
MSH6,LRRK2,TMX1,TMEM179B
MSH6,CHD8,AP2M1,CTLA4
MSH6,LRRK2,AKT1,THEM4
MSH6,H3C1,RCC2
MSH6,UNK,TMEM30A
MSH6,ZBTB2,RAB10,MAPK8IP1
MSH6,ZBTB2,ATAD1,KLK15,SPINT1
MSH6,DECR1,RHOG,NECTIN3
MSH6,NR2C2,LYN
MSH6,LRRK2,RAB5C,GNAT3
MSH6,NR2C2,ZNF687,INTS6,NALF1
MSH6,LRRK2,AKT1,THEM4
MSH6,ZBTB2,CTNNB1,PTPRU
MSH6,WWOX,FASN,SLC34A3
MSH6,BLM,VCP,LRRC15
MSH6,ZBTB2,ROCK1,LAMP1,SPPL2B
MSH6,DECR1,RHOG,NECTIN3
MSH6,NTRK1,GNAI3,PCP2
MSH6,ZBTB2,DNAJA1,GPR37
MSH6,WWOX,BSG,SLC16A13
MSH6,WWOX,BSG,SLC16A13
MSH6,WWOX,GGCX,C4BPB
MSH6,BLM,PLK1,TRIM36
MSH6,ZBTB2,DNAJA1,GPR37
MSH6,PRKCZ,ECT2,GNAL
MSH6,BLM,VCP,LRRC15
MSH6,LRRK2,GNAI2
MSH6,ZBTB2,RPN1,KCNB2
MSH6,NR2C2,IKZF1,TXK
MSH6,NTRK1,RGS19
MSH6,H3C1,FOLH1
MSH6,WWOX,MAPK1
MSH6,DECR1,RHOG,NECTIN3,UNC5D
MSH6,ZBTB2,SRP68,NCS1,CALN1
MSH6,NR2C2,NSF,BTN3A2
MSH6,NR2C2,LYN,ITGA2
MSH6,UNC93B1,TLR9,SIGLEC6
MSH6,NR2C2,RAB6B,TMPRSS11A
MSH6,WDR76,NRAS,PCDH18
MSH6,COIL,CSNK2A2,GRAMD1C
MSH6,NR2C2,NOTCH2,WNT5A
MSH6,NR2C2,ARF6,PCDHGB1
MSH6,PRKCZ,PRKACA,GAD2
MSH6,H3C1,GRB2,TBC1D3G
MSH6,ZBTB2,PPP1R12A,ARHGEF25
MSH6,NR2C2,NPM1,CAVIN1
MSH6,DECR1,RHOG
MSH6,BLM,VCP,LRRC15
MSH6,ZNF263,PPP2R2D,GPC5
MSH6,ZBTB2,AKIRIN2,MUC13
MSH6,ZBTB2,MARCKS,LSR
MSH6,BLM,VCP,LRRC15
MSH6,NR2C2,CHD1L
MSH6,WDR76,PICALM,ATP8B3
MSH6,ZBTB2,TMC6,PCDHB3
MSH6,NTRK1,PRKCA,AKAP5
MSH6,ZBTB2,VIM,WHRN,OR6C70
MSH6,NR2C2,TARDBP,FAM98A,GGT7
MSH6,NR2C2,ITIH4,C3
MSH6,BLM,UBE2I,CAMK2D,SLC39A12
MSH6,CENPA,FYN,SLC4A8,TYROBP
MSH6,BLM,PLK1,TRIM36
MSH6,COIL,ZNF644,ATP9A
MSH6,NR2C2,GAPDH,ENO3
MSH6,H2AX,NPSR1
MSH6,BLM,EIF4A3,UPF2,SLC20A1
MSH6,WWOX,NPEPPS,GBP1
MSH6,H3C1,GRB2,TBC1D3G
MSH6,ZBTB2,CTNNB1,PTPRU
MSH6,SUMO2,ALDOA,GLO1
MSH6,LRRK2,ZZZ3,CDH19
MSH6,TOPBP1,RPS27A,RALBP1
MSH6,ZBTB2,VIM,WHRN
MSH6,PRKCZ,PRKACA,GAD2
MSH6,ZBTB2,AKIRIN2,MUC13
MSH6,NR2C2,PPP2CA,RDH8
MSH6,BLM,CHEK1,PPM1A,CD63
MSH6,PRKCZ,TRAF2,TNFRSF14
MSH6,NTRK1,GOPC
MSH6,TOPBP1,RPS27A,RALBP1
MSH6,PRKCZ,AQP9
MSH6,ZBTB2,AKIRIN2,MUC13
MSH6,LRRK2,EEF1G,ABCC9
MSH6,ZBTB2,QRSL1,ANKRD49,RAB28
MSH6,NR2C2,TRAF6,TNFRSF13B
MSH6,NTRK1,SH2B2
MSH6,ZBTB2,VIM
MSH6,NR2C2,KRT19
MSH6,BLM,VCP,LRRC15
MSH6,NR2C2,FBXO7,FGF10,IL22RA1
MSH6,NTRK1,PTPRF,PCDHAC1
MSH6,NTRK1,GOPC,CERCAM
MSH6,NTRK1,PRKCA,AKAP5
MSH6,TOPBP1,CIP2A,CEACAM21,CELSR2
MSH6,NR2C2,ARF6,PCDHGB1
MSH6,ZBTB2,SUV39H1
MSH6,NR2C2,HSPA8,OSBPL7
MSH6,NR2C2,LYN,ITGA2
MSH6,NR2C2,ADD1
MSH6,ZBTB2,MARCKS,LSR,IFITM1
MSH6,BLM,VCP,LRRC15
MSH6,H3C1,GRIP1,GRM7,GRM4
MSH6,NR2C2,AP2A1,L1CAM
MSH6,DECR1,RHOG,NECTIN3
MSH6,NTRK1,RAP1A,RUNDC3A,CLPTM1
MSH6,LRRK2,CLIC4
MSH6,LRRK2,ATP13A1,SLC30A8
MSH6,ZBTB2,RAB10,MAPK8IP1
MSH6,BLM,CHEK1,PPM1A
MSH6,HDAC6,ATP13A2,CHRNB4
MSH6,ZBTB2,CTNNB1,PTPRU
MSH6,DECR1,MDH2,BLVRB
MSH6,TOPBP1,RPS27A,RALBP1
MSH6,NTRK1,SV2A
MSH6,ZBTB2,RPN1,KCNB2,EFNA3
MSH6,NR2C2,STAT3,LRRC32
MSH6,NTRK1,PIK3R3,PCDHB5
MSH6,LRRK2,S100A8
MSH6,H3C1,GRIP1,GRM7
MSH6,ZBTB2,RELA,COMMD10,RNF34
MSH6,NR2C2,LARP7,EPB42
MSH6,NTRK1,PRKCA,AKAP5
MSH6,PRDX1,CUL3,LRFN2
MSH6,NTRK1,VAPB,VAMP1
MSH6,SNW1,RARA
MSH6,DECR1,RHOG,NECTIN3
MSH6,NTRK1,DLG1,CACNG2
MSH6,ZBTB2,PBK,NTNG1
MSH6,ZBTB2,DNAJA1,GPR37
MSH6,BLM,VCP,LRRC15
MSH6,ZBTB2,HDAC1,PHF23,LRP3
MSH6,NR2C2,AP2A1,L1CAM
MSH6,ATR,ABL1,WNK2
MSH6,BLM,H2BC21,WDTC1,TSPAN5
MSH6,CHD8,EGFR,EGF
MSH6,PRDX1,EPS15
MSH6,PRKCZ,FAT1
MSH6,NR2C2,SH3RF1,MAP3K12
MSH6,ZBTB2,RAB10,MAPK8IP1
MSH6,LRRK2,TMX1,TMEM179B
MSH6,PRKCZ,MAP1LC3B,CLEC7A
MSH6,PRKDC,SLC22A15
MSH6,H3C1,FBLN1,CCN2
MSH6,ZBTB2,IRS4,CXADR
MSH6,CHD8,AR,SLC43A1
MSH6,LRRK2,MAPK3
MSH6,BLM,CHEK2,PLK3,KITLG
MSH6,WWOX,SPTLC1,ORMDL3
MSH6,H3C1,CREBBP,POU2F3
MSH6,ZBTB2,NOP56,EXOSC9,CHRND
MSH6,WWOX,KRT34,SLC15A2
MSH6,ZBTB2,VIM,WHRN,SERPINB10
MSH6,CHD8,EGFR,EGF
MSH6,NR2C2,GAPDH,ENO3
MSH6,ZBTB2,ATP2A2,NOS2,PIP4P1
MSH6,PRKCZ,NCF1
MSH6,NTRK1,GNB1,MC2R
MSH6,H3C1,GRB2,TBC1D3G
MSH6,NR2C2,LYN,ITGA2
MSH6,H3C1,H3-4,CAPN3
MSH6,ZBTB2,CTNNB1,PTPRU
MSH6,POLE
MSH6,PRDX1,RHOB,RTKN2
MSH6,ZBTB2,EZH2,CRY2,NLGN1
MSH6,UNK,BCAR1,DOK7
MSH6,ATM,P2RY8,ECHDC1,GPR45
MSH6,NR2C2,LYPLA2,GAP43
MSH6,NTRK1,GNB1,MC2R
MSH6,PRKCZ,GABARAP
MSH6,PRKCZ,VHL
MSH6,BLM,VCP,LRRC15
MSH6,H3C1,EXOSC10,DXO
MSH6,NR2C2,LYN,ITGA2
MSH6,ZNF746,MAP3K7
MSH6,UNK,SLC38A2
MSH6,NR2C2,SRSF1,EIF2S3B,LANCL2
MSH6,NR2C2,TRAF6,TNFRSF13B,IL17RE
MSH6,BLM,VCP,LRRC15
MSH6,HYOU1,BACE1,KLRC3
MSH6,PRDX1,TNF,ZAN
MSH6,ZBTB2,CTNNB1,PTPRU
MSH6,NTRK1,GNAI3
MSH6,LRRK2,UBAP2L,CDV3
MSH6,PRDX1,CUL3,LRFN2
MSH6,H3C1,RACK1,GNG2
MSH6,ZBTB2,PRKCD,CSF3R,IPCEF1
MSH6,BLM,RPA1,OBSCN
MSH6,DECR1,RHOG,NECTIN3
MSH6,NTRK1,DLG1,CACNG2
MSH6,CHD8,AP2M1,CTLA4,C4B
MSH6,LRRK2,DSC3
MSH6,ZBTB2,IRS4,CXADR
MSH6,ZBTB2,CTNNB1,PTPRU
MSH6,ATM,RAP2A
MSH6,PRKDC,EPHA1
MSH6,PRDX1,YAP1,LAPTM5
MSH6,CHD8,KIF20A,C4BPA
MSH6,NTRK1,PRKCA,AKAP5
MSH6,NTRK1,NCAM1
MSH6,BLM,VCP,LRRC15
MSH6,CHD3,HCK
MSH6,NTRK1,GNA13,GNG5
MSH6,NR2C2,HNRNPD,SLC30A5
MSH6,BLM,RAD51D,FILIP1
MSH6,NTRK1,DSG2
MSH6,DECR1,JAK3,CD247
MSH6,NR2C2,NSF,BTN3A2
MSH6,ZBTB2,RPN1,KCNB2
MSH6,DECR1,MDH2,BLVRB
MSH6,ZBTB2,AKIRIN2,MUC13
MSH6,H3C1,FBLN1,CCN2
MSH6,NTRK1,PDGFRA
MSH6,H2AX,DIS3L
MSH6,NR2C2,HSPH1,PARVA
MSH6,NTRK1,GNB1,MC2R
MSH6,NR2C2,HRAS,PTAR1,SLC9A3R2
MSH6,CHD8,EGFR
MSH6,PCNA,FIBP,AVPR1B
MSH6,NTRK1,GNB1,MC2R
MSH6,COIL,DDX31,OPRPN,SLC5A4
MSH6,NTRK1,ITGB1
MSH6,LRRK2,NAE1
MSH6,COIL,ANKS1B
MSH6,NR2C2,IKZF1,TXK
MSH6,DECR1,RHOG,NECTIN3
MSH6,H3C1,ZMYM4,LIMS1
MSH6,ZBTB2,ROCK1,LAMP1
MSH6,NR2C2,UBE2D3,MYCBP2
MSH6,ZBTB2,CALCOCO2,SPTBN2
MSH6,DECR1,RHOG,NECTIN3
MSH6,WWOX,TXNDC11,DCT,DUOXA2
MSH6,SUMO2,PLEC
MSH6,PRKDC,ANKRD28,AGPAT2
MSH6,BLM,UBE2I,CAMK2D,SCARA5
MSH6,H3C1,H2AC20,SLC2A3
MSH6,BLM,PLK1,TRIM36
MSH6,CHD3,NFX1
MSH6,PRKCZ,IRS1
MSH6,NR2C2,TIMM50,SLA
MSH6,NTRK1,WASL
MSH6,COIL,GTF2F1,SNF8
MSH6,BLM,VCP,LRRC15
MSH6,PRDX1,CUL3,LRFN2
MSH6,NR2C2,HNRNPD,SLC30A5
MSH6,WWOX,DDOST
MSH6,LRRK2,HTT,MOG
MSH6,CENPA,FYN,SLC4A8
MSH6,ZBTB2,CTNNB1,PTPRU
MSH6,PRDX1,TNF,ZAN
MSH6,HDAC6,PTPA
MSH6,NR2C2,STAT5A,TLR2
MSH6,ZBTB2,RMDN3,TRDN
MSH6,BLM,PLK1,TRIM36
MSH6,UNK,CTNNA1
MSH6,NR2C2,CHD1L,NT5E
MSH6,ZBTB2,MARCKS,LSR
MSH6,NTRK1,PRKCA
MSH6,TOPBP1,RPS27A,RALBP1
MSH6,PRDX1,RHOB,RTKN2
MSH6,NTRK1,IGLL5,FCGRT,ZDHHC20
MSH6,NR2C2,FBXO7,FGF10
MSH6,NR2C2,SLC25A6,TIMM9,SLC5A6
MSH6,ZBTB2,DYNLL1,DYNLRB1,FCRL5
MSH6,PMS1,REV3L,STK17B
MSH6,NTRK1,GNB1,MC2R
MSH6,NR2C2,UBE2D3,MYCBP2
MSH6,NTRK1,PRKCA,AKAP5
MSH6,LRRK2,PSMD10
MSH6,NTRK1,TRAF4
MSH6,HDAC6,JAK2,CCR2
MSH6,NTRK1,SOS2
MSH6,NR2C2,TUBA1A
MSH6,DECR1,CTSD,SH2D3A,GSDMA
MSH6,NR2C2,PSMD14,PCDH11Y
MSH6,BLM,PLK1,TRIM36
MSH6,ATP6V1B2,DNAJC5,SLC32A1
MSH6,UNC93B1,TLR7
MSH6,HDAC6,HSPA2
MSH6,BLM,EIF4A3,UPF2,TSPAN33
MSH6,NTRK1,GOPC,CERCAM
MSH6,ZBTB2,DNAJC9
MSH6,DECR1,MDH2,BLVRB
MSH6,COIL,XPC
MSH6,NR2C2,FAM98B,EHD1
MSH6,NR2C2,CHD1L,NT5E
MSH6,ATR,ABL1,WNK2
MSH6,ZBTB2,RELA,COMMD10,SLC35A4,SLC13A4
MSH6,NTRK1,NCK1,LRRC3
MSH6,ZBTB2,ZMYM3,TJP2
MSH6,H3C1,GSK3B,ACSBG1
MSH6,PRKCZ,ECT2,GNAL
MSH6,NR2C2,RAB6B,TMPRSS11A
MSH6,ZBTB2,FMR1,LUZP1,KCNA1
MSH6,COIL,VRK2,CYP2C18
MSH6,WWOX,IPO7,RP2
MSH6,ZBTB2,MARCKS
MSH6,CHD8,AP2M1,CTLA4
MSH6,PRDX1,COPS5,MSRA
MSH6,ZBTB2,PRKCD,CSF3R
MSH6,ZBTB2,TMC6,PCDHB3
MSH6,WWOX,IVL,CCNYL1
MSH6,H3C1,FBLN1,CCN2
MSH6,BLM,CHEK1,PPM1A,GLRB
MSH6,ANKRD17,TNKS1BP1
MSH6,BLM,PLK1,TRIM36
MSH6,NTRK1,PRKCA,AKAP5
MSH6,NTRK1,GNAS,RIC8B
MSH6,ATR,NCR3LG1,CD200R1
MSH6,NTRK1,GNB1,MC2R
MSH6,NTRK1,YWHAH,RIMS1
MSH6,WDR76,NRAS,PCDH18
MSH6,NTRK1,GNAO1
MSH6,UNK,RTN4,PLEKHF2,GPBP1
MSH6,ZBTB2,CTNNB1,PTPRU
MSH6,NR2C2,NOTCH2,WNT5A
MSH6,ZBTB2,MARCKS,LSR
MSH6,NTRK1,CTTN,SDC3
MSH6,DECR1,RHOG,NECTIN3
MSH6,BLM,VCP,LRRC15
MSH6,BLM,SUMO1,ELK1,DLL4
MSH6,CHD8,IKZF5,ARHGAP19
MSH6,ATM,PVR
MSH6,NR2C2,DYNLL2,ANKRD20A1
MSH6,NTRK1,GNB1,MC2R
MSH6,PRDX1,CUL3,LRFN2
MSH6,ZBTB2,MOS,GRAP2
MSH6,WWOX,PSMC5,MRAS
MSH6,BLM,VCP,LRRC15
MSH6,NTRK1,DLG1,CACNG2
MSH6,NR2C2,STOM,STOML1
MSH6,CHD8,EGFR,EGF
MSH6,NR2C2,HSPA8,OSBPL7
MSH6,NTRK1,CANX,APMAP,SLC2A5
MSH6,ZBTB2,CHMP2B
MSH6,PRKCZ,GRM5
MSH6,LRRK2,LRBA
MSH6,NTRK1,PIK3CA,RASD2
MSH6,PRDX1,PRNP
MSH6,PRKDC,WWP1
MSH6,H3C1,CDH1,ITGA6
MSH6,NTRK1,PRKCA,AKAP5
MSH6,ZBTB2,MOS,GRAP2
MSH6,NR2C2,TAB2
MSH6,NR2C2,PSMD14,PCDH11Y
MSH6,NTRK1,GNB1,MC2R
MSH6,NTRK1,GNAS,RIC8B
MSH6,NTRK1,LGALS3BP,CD209
MSH6,BLM,PLK1,TRIM36
MSH6,NR2C2,UBE2D3,MYCBP2
MSH6,NTRK1,XPR1
MSH6,ZBTB2,CREB1,CREB3L3,MC5R
MSH6,ZBTB2,PRKCD,CSF3R
MSH6,NR2C2,AP2A1,L1CAM
MSH6,POU5F1,ERBB3
MSH6,NTRK1,GNB1,MC2R
MSH6,LRRK2,AKT1,THEM4
MSH6,MACROH2A1,MYH9
MSH6,NR2C2,NOTCH2,WNT5A
MSH6,NTRK1,CAPN1,CAPNS2
MSH6,DECR1,RHOG,NECTIN3
MSH6,ZBTB2,TP53,ZNF763,DLGAP3
MSH6,DECR1,MDH2,BLVRB
MSH6,BLM,CHEK1,PPM1A
MSH6,NTRK1,GNB1,MC2R
MSH6,NR2C2,BTK,LPXN
MSH6,H3C1,GRB2,TBC1D3G
MSH6,ZBTB2,TMC6
MSH6,PRKCZ,MAP1LC3B,CLEC7A
MSH6,H3C1,EP300,CD2
MSH6,WWOX,ZBTB33,CHRNB1
MSH6,SUPT16H,FMNL1
MSH6,CHD8,EGFR,EGF
MSH6,H3C1,GSK3B,ACSBG1
MSH6,NR2C2,HNRNPD,SLC30A5
MSH6,H3C1,RAD23B,RSC1A1
MSH6,BLM,RAD51D,FILIP1,WNT6
MSH6,CHAF1A,REL,SLC6A12
MSH6,NR2C2,PPP2CA,RDH8
MSH6,ZBTB2,ZMYM3,TJP2
MSH6,ZBTB2,CALCOCO2,SPTBN2
MSH6,ZNF746,MAP3K7,IL17RD
MSH6,UNC93B1,TLR9,SIGLEC6,CNGA3
MSH6,DECR1,MDH2,BLVRB
MSH6,H3C1,GSK3B,ACSBG1
MSH6,H3C1,CDH1,ITGA6,RPE65
MSH6,H3C1,ZMYM4,LIMS1
MSH6,COIL,CSNK2A2,GRAMD1C
MSH6,ZBTB2,DNM3,AMPH
MSH6,NTRK1,SH2B1
MSH6,DECR1,RHOG,NECTIN3
MSH6,NR2C2,NOTCH2,WNT5A
MSH6,WWOX,PSMC5,MRAS
MSH6,CHD8,EGFR,EGF
MSH6,ZBTB2,CTNNB1,PTPRU
MSH6,SUMO2,KCNA5,CD320
MSH6,ZBTB2,TMPO,PDE3B,IL27RA
MSH6,NR2C2,HLTF
MSH6,ZBTB2,VIM,WHRN
MSH6,ZBTB2,CTNNB1,PTPRU
MSH6,NR2C2,PPP1CA
MSH6,H3C1,GRB2,TBC1D3G
MSH6,PRDX1,PRNP,ASPA,CACNB4
MSH6,NTRK1,RHOBTB3,RTN4R
MSH6,PRKCZ,PRKACA,GAD2
MSH6,NR2C2,DVL2,RPGRIP1L,PCDH15
MSH6,TOPBP1,RPS27A,RALBP1
MSH6,NR2C2,TGM2
MSH6,PRDX1,RHOC,SLC27A2
MSH6,DECR1,JAK3,CD247,SLC44A1
MSH6,TOPBP1,RPS27A,RALBP1
MSH6,H3C1,GSK3B,ACSBG1
MSH6,ZBTB2,HDAC1,PHF23,MS4A14
MSH6,PRKCZ,PRKACA,GAD2
MSH6,UNK,ATP5IF1,GUCY2C
MSH6,CHD8,AR,SLC43A1
MSH6,CHD8,EGFR,EGF
MSH6,NTRK1,FLNA
MSH6,NTRK1,SHC3
MSH6,COIL,VRK2,CYP2C18
MSH6,NR2C2,FBXO7,FGF10
MSH6,ATP6V1B2,VAMP3
MSH6,ZBTB2,DNAJA1,GPR37
MSH6,H3C1,SLC7A5
MSH6,NTRK1,GNA13,GNG5
MSH6,PMS1,UBC
MSH6,NR2C2,PSMD14,PCDH11Y
MSH6,WWOX,HYAL2
MSH6,PRDX1,CFTR,CLCA1
MSH6,NR2C2,TAB1,NAIP,SLC39A3
MSH6,PRKDC,EPHB2,PLA2G4C
MSH6,LRRK2,GNA12,CDH15
MSH6,BLM,VCP,LRRC15
MSH6,PRKCZ,COX4I1,COA6
MSH6,KDM6A,ETS2
MSH6,PRKDC,ANKRD28,AGPAT2
MSH6,PRDX1,CUL3
MSH6,NR2C2,PPP2CA,RDH8
MSH6,NTRK1,ANK2,CHL1,CNTN6
MSH6,NTRK1,ATP1A3,ATP1B4
MSH6,COIL,IPO5,DSCAML1
MSH6,WWOX,ADRA2C
MSH6,CHD8,EGFR,EGF
MSH6,LRRK2,EEF1G,ABCC9
MSH6,NTRK1,ATP1A3,ATP1B4
MSH6,H3C1,GRIP1,GRM7
MSH6,NTRK1,RGS19,CATSPER1
MSH6,WWOX,BSG,SLC16A13,XKR3
MSH6,NR2C2,CHD1L,NT5E
MSH6,NR2C2,LYN,ITGA2
MSH6,ZBTB2,CTNNB1,PTPRU
MSH6,NR2C2,DVL2,RPGRIP1L
MSH6,NR2C2,STAT3,LRRC32
MSH6,ZBTB2,PBK,NTNG1
MSH6,WWOX,SPTLC1,ORMDL3
MSH6,CHD8,AR,SLC43A1
MSH6,PRKCZ,COX4I1,COA6
MSH6,NR2C2,POLD2,NIBAN1
MSH6,BLM,PLK1,TRIM36
MSH6,NTRK1,PTK2,KCNB1
MSH6,NR2C2,HSPA8,OSBPL7
MSH6,ZBTB2,XPO1,NUP88,SLC9A2
MSH6,H3C1,GRB2,TBC1D3G
MSH6,NR2C2,LARP7,EPB42
MSH6,HYOU1,DNAJB4
MSH6,ZNF263,PPP2R2D,GPC5
MSH6,ZBTB2,PRKCD,CSF3R,TLN2
MSH6,NTRK1,PTPRS
MSH6,ZBTB2,P4HB,HSPA13
MSH6,LRRK2,MYO1F
MSH6,BLM,VCP,LRRC15
MSH6,H2AX,B2M,MR1
MSH6,ZBTB2,P4HB,HSPA13
MSH6,NR2C2,FBXO7,FGF10
MSH6,TOPBP1,RPS27A,RALBP1
MSH6,NR2C2,UBE2N,ZNRF2
MSH6,LRRK2,GNA12
MSH6,NTRK1,MYO9B,CDC42,PDE6C
MSH6,NR2C2,PRMT1,GAS7
MSH6,NR2C2,UBE2D3,MYCBP2
MSH6,NTRK1,GNA13,GNG5
MSH6,DECR1,SHMT2,PDPR,GLRA3
MSH6,NR2C2,LARP7,EPB42
MSH6,BLM,PLK1,TRIM36
MSH6,WWOX,ATXN10
MSH6,PRDX1,CUL3,LRFN2
MSH6,DECR1,RHOG,NECTIN3
MSH6,BLM,EIF4A3,UPF2,RTN4RL2
MSH6,DECR1,MDH2,BLVRB
MSH6,NR2C2,SMC3,PLIN4
MSH6,BLM,VCP,LRRC15
MSH6,NR2C2,TAB1,NAIP,SLC38A6
MSH6,NR2C2,PPP2CA,RDH8
MSH6,NR2C2,RAE1,HGFAC,HCST
MSH6,BLM,PLK1,TRIM36
MSH6,PRKCZ,TRAF2,TNFRSF14
MSH6,ZBTB2,CTNNB1,PTPRU
MSH6,NR2C2,IKZF1,TXK
MSH6,NR2C2,LYN,ITGA2
MSH6,NR2C2,CTBP2,TSHZ3
MSH6,PRDX1,CFTR,CLCA1
MSH6,UNK,SDCBP
MSH6,ZBTB2,P4HB,HSPA13,PCDHGB5
MSH6,NR2C2,SMC3,PLIN4
MSH6,TOPBP1,RPS27A,RALBP1
MSH6,ZBTB2,UBTF,TOLLIP,IL1RL2
MSH6,LRRK2,ACSL4,SLC22A2
MSH6,NR2C2,MSMO1
MSH6,ZBTB2,MARCKS,LSR
MSH6,BLM,PLK1,TRIM36
MSH6,NTRK1,CBL,FRS3
MSH6,BLM,SUMO1,ELK1,ADM,RAMP2
MSH6,WWOX,GGCX,C4BPB
MSH6,KANK2,KRT27,BORCS5
MSH6,DECR1,RHOG,NECTIN3,CCKBR
MSH6,UNK,SLC4A7
MSH6,NTRK1,DLG1,CACNG2
MSH6,ZBTB2,TMPO,PDE3B,PIEZO1
MSH6,BARD1,NFKBIA
MSH6,BLM,VCP,LRRC15
MSH6,LRRK2,AKT1,THEM4
MSH6,BLM,VCP,LRRC15
MSH6,NR2C2,PRKCQ
MSH6,H3C1,EP300,CD2
MSH6,COIL,RHOBTB1,PSG8
MSH6,BLM,VCP,LRRC15
MSH6,CHD8,EGFR,EGF
MSH6,NR2C2,DVL2,RPGRIP1L
MSH6,BARD1,TRAF1,LRRN1
MSH6,NR2C2,LARP7,EPB42
MSH6,ZBTB2,MOS,GRAP2
MSH6,H3C1,GRB2,TBC1D3G
MSH6,NTRK1,PTPN11,CD84
MSH6,NTRK1,TRAF4,ZC3H12C,TNFSF4
MSH6,ATP6V1B2,RNASEK
MSH6,BLM,VCP,LRRC15,PTGER1
MSH6,PRKCZ,JAK1,BTN2A1
MSH6,NR2C2,GFI1B
MSH6,ZBTB2,RAP1B
MSH6,BLM,VCP,LRRC15
MSH6,BLM,PLK1,TRIM36
MSH6,NR2C2,NOTCH2,WNT5A
MSH6,ZBTB2,P4HB,HSPA13
MSH6,ATR,MST1R,PTCH1
MSH6,LRRK2,ACSL4,SLC22A2
MSH6,BLM,PLK1,TRIM36
MSH6,NTRK1,PTPRF,PCDHAC1
MSH6,LRRK2,SNAPIN,DTNBP1
MSH6,NTRK1,GNB1,MC2R,ADCYAP1,ADCYAP1R1
MSH6,NR2C2,SMC3,PLIN4
MSH6,PMS1,REV3L,STK17B
MSH6,UNK,RER1
MSH6,ZBTB2,RPN1,KCNB2,TMEM219
MSH6,ZBTB2,PRKCD,CSF3R,C5AR2
MSH6,KDM6A,GATA3,IL4,CD8B
MSH6,BLM,VCP,LRRC15
MSH6,BLM,CHEK1,PPM1A
MSH6,WWOX,PALS1
MSH6,ZBTB2,IRS4,CXADR
MSH6,PRDX1,YAP1,LAPTM5
MSH6,NR2C2,KRT1,TLCD4,APCDD1
MSH6,NR2C2,ST13,APOE
MSH6,LRRK2,QRICH1
MSH6,PRDX1,CUL3,LRFN2
MSH6,ZBTB2,RPN1,KCNB2
MSH6,TOP1,MYCN,PCDHB2
MSH6,NR2C2,STOM,STOML1
MSH6,BLM,VCP,LRRC15,GPR55
MSH6,ZBTB2,DDX54,ZC3H3,PCDHGA6
MSH6,NR2C2,SMC1A,GRM3
MSH6,UNK,ATP5PO
MSH6,ZBTB2,MARCKS,LSR
MSH6,HYOU1,ANPEP
MSH6,ZBTB2,CTNNB1,PTPRU
MSH6,PRDX1,RHOC
MSH6,CHD8,KIF20A,C4BPA
MSH6,ZBTB2,ROCK1,LAMP1
MSH6,NR2C2,IKZF1,TXK,P2RY1
MSH6,PRDX1,VCAM1
MSH6,ZBTB2,PPIG,JPH3
MSH6,NR2C2,AP2A1,L1CAM
MSH6,ZBTB2,RAP1B,PLPPR1
MSH6,BLM,VCP,LRRC15
MSH6,NTRK1,CTTN
MSH6,TOP1,PPP1CC,PDE6B
MSH6,YY1,ATP2C1,KCNK1
MSH6,NR2C2,METAP2,SEZ6
MSH6,HYOU1,CD109
MSH6,ZBTB2,PRKCD,CSF3R
MSH6,WDR76,CALM3,IQCG,SYT9
MSH6,NR2C2,LYN,ITGA2
MSH6,NR2C2,NSF,BTN3A2
MSH6,UNK,EEF1A1
MSH6,NTRK1,ANKFY1,ECE1
MSH6,ZBTB2,VIM,WHRN
MSH6,BLM,PLK1,TRIM36,ZDHHC4
MSH6,NR2C2,ARF3,CNR2
MSH6,NR2C2,STOM,STOML1
MSH6,ZBTB2,RAP1B,PLPPR1
MSH6,TOPBP1,RPS27A,RALBP1
MSH6,NTRK1,RGS19,CATSPER1,CACNA1I,CATSPER2
MSH6,HDAC6,SMAD7
MSH6,SUPT16H,RHOJ
MSH6,ZBTB2,DNM3
MSH6,DECR1,RHOG,NECTIN3
MSH6,CDC5L,PRPF3,ZGPAT
MSH6,BLM,VCP,LRRC15
MSH6,ZBTB2,RPL6,GZF1,CLCA2
MSH6,NR2C2,HNRNPD,SLC30A5
MSH6,WWOX,MDM2,SLC14A2
MSH6,NR2C2,MAP2K1
MSH6,BLM,PLK1,TRIM36
MSH6,ZBTB2,CALCOCO2,SPTBN2
MSH6,NTRK1,FLNA,PHLDB2
MSH6,BLM,VCP,LRRC15
MSH6,ZBTB2,CTNNB1,PTPRU
MSH6,WWOX,ALDH3A1
MSH6,ZBTB2,MOS,GRAP2
MSH6,NTRK1,MYO6
MSH6,ZBTB2,RPN1,KCNB2
MSH6,PRKCZ,PSEN1,TMBIM6
MSH6,WWOX,FASN,SLC34A3
MSH6,WWOX,MPDZ,OR1D2
MSH6,BLM,VCP,LRRC15
MSH6,NTRK1,VAPB,VAMP1
MSH6,H3C1,AP2B1,COL3A1,ATRN
MSH6,UNK,PDCD10
MSH6,NR2C2,UBE2D3
MSH6,NR2C2,STAT5A,TLR2
MSH6,NTRK1,CTNND1
MSH6,ATR,NCR3LG1
MSH6,WWOX,FEM1A,CLCN3
MSH6,ZBTB2,SNU13,PUS7,PCDHGA10
MSH6,PRKDC,WWP1,ARRDC2
MSH6,CHD8,AP2M1
MSH6,NTRK1,GNB1,MC2R
MSH6,BLM,RAD51D,FILIP1
MSH6,H3C1,RRP12
MSH6,YY1,ARRB1,PTGER2
MSH6,WWOX,FEM1A,CLCN3
MSH6,ZBTB2,MOS,GRAP2,TMPRSS11D
MSH6,ANKRD17,MAGEA1
MSH6,BLM,VCP,LRRC15
MSH6,COIL,BCORL1
MSH6,NR2C2,UBE2D3,MYCBP2
MSH6,MATR3,RBMXL1,KCNK7
MSH6,UNC93B1,TLR9,SIGLEC6
MSH6,TOPBP1,RPS27A,RALBP1
MSH6,NR2C2,ITIH4,C3
MSH6,BLM,VCP,LRRC15
MSH6,ZBTB2,CHD4,MAGEA3,CPNE1
MSH6,KANK2,HOMER3
MSH6,UNC93B1,TLR9,SIGLEC6,SLC17A2
MSH6,DECR1,JAK3,CD247
MSH6,COIL,VRK2,CYP2C18
MSH6,CHD8,AR,SLC43A1
MSH6,NTRK1,PTPN11,CD84
MSH6,COIL,AKT2,CLIP3
MSH6,BLM,VCP,LRRC15
MSH6,NTRK1,DDX3X
MSH6,ZBTB2,CALCOCO2,SPTBN2
MSH6,CHAF1A,REL,SLC6A12
MSH6,H3C1,GRB2,TBC1D3G
MSH6,ZBTB2,CTNNB1,PTPRU
MSH6,NR2C2,TIMM50,SLA
MSH6,NR2C2,HDAC3
MSH6,NR2C2,FBXO7,FGF10
MSH6,NTRK1,DLG1,CACNG2
MSH6,WWOX,SPTLC1,ORMDL3
MSH6,ZBTB2,VIM,WHRN,CNTN5
MSH6,NR2C2,GAPDH,ENO3
MSH6,NR2C2,AP2A1
MSH6,PRDX1,YAP1,LAPTM5
MSH6,NTRK1,PRKCA,AKAP5
MSH6,NR2C2,STOM,STOML1
MSH6,COIL,DDX56,FURIN
MSH6,ZBTB2,DNM3,AMPH
MSH6,ZBTB2,STAT6,STING1
MSH6,LRRK2,SPART
MSH6,ZBTB2,XPO1,NUP88,SLC9A4
MSH6,BLM,VCP,LRRC15
MSH6,H2AX,APBB1
MSH6,H3C1,CREBBP,POU2F3
MSH6,NR2C2,C1QBP
MSH6,PRDX1,CUL3,LRFN2
MSH6,NTRK1,GAA
MSH6,WWOX,TGOLN2,FLOT2
MSH6,NTRK1,PTPRF,PCDHAC1,SLC39A11
MSH6,NR2C2,GAPDH,ENO3
MSH6,NR2C2,BTK,LPXN
MSH6,ZBTB2,CTNNB1,PTPRU
MSH6,ZBTB2,CTNNB1,PTPRU
MSH6,NR2C2,MPDU1,SYNGR1
MSH6,PRKCZ,TIAM1
MSH6,BLM,VCP,LRRC15
MSH6,DECR1,RHOG,NECTIN3
MSH6,UNK,ARHGAP5
MSH6,ZBTB2,CTNNB1,PTPRU
MSH6,CHD8,EGFR,EGF
MSH6,NR2C2,HSPA8,OSBPL7
MSH6,NR2C2,TRAF6,TNFRSF13B
MSH6,ATP6V1B2,ATP6V0A1
MSH6,ZBTB2,CTNNB1,PTPRU
MSH6,BLM,CHEK1,PPM1A
MSH6,ZBTB2,PPP1R12A,ARHGEF25,ADGRG1
MSH6,DECR1,MDH2,BLVRB
MSH6,NTRK1,PTPN11,CD84
MSH6,NR2C2,HRAS,PTAR1,SLC6A20
MSH6,PMS1,HSPA12B,MAP7D2,SLC43A2
MSH6,H3C1,EXOSC10,DXO
MSH6,NTRK1,ROR2
MSH6,NTRK1,GNB1,MC2R
MSH6,NTRK1,GNB1,MC2R
MSH6,UNK,RANBP9
MSH6,NR2C2,NOTCH2,WNT5A
MSH6,PRDX1,CUL3,LRFN2
MSH6,DECR1,JAK3,CD247
MSH6,NTRK1,GNAS,RIC8B
MSH6,WDR76,PICALM,ATP8B3
MSH6,NR2C2,TRAF6,TNFRSF13B
MSH6,NR2C2,LARP7,EPB42
MSH6,H3C1,ZMYM2,C8A
MSH6,H3C1,CREBBP,POU2F3
MSH6,TOPBP1,E2F1,SP4,SLC19A2
MSH6,ZBTB2,RAP1B,PLPPR1
MSH6,YY1,TGFBR2,MYADM
MSH6,NR2C2,DVL2,RPGRIP1L
MSH6,ZBTB2,MARCKS,LSR
MSH6,NTRK1,DLG1,CACNG2
MSH6,BLM,PLK1,TRIM36
MSH6,NTRK1,GNB1,MC2R
MSH6,BLM,VCP,LRRC15,OR4N2
MSH6,LRRK2,EPS8L2
MSH6,ATR,ABL1,WNK2
MSH6,KDM6A,HCFC2
MSH6,BLM,UBE2I,CAMK2D,MDGA1
MSH6,ZBTB2,ATP2A2,NOS2,CDH24
MSH6,LRRK2,QRICH1,WARS2
MSH6,COIL,CSNK2A2,GRAMD1C
MSH6,UNC93B1,TLR9,SIGLEC6,TNFSF9
MSH6,UNK,RAB5A,RAB3GAP2
MSH6,ZBTB2,RAP1B,PLPPR1
MSH6,ZBTB2,VIM,WHRN
MSH6,LRRK2,SH3GL1,ADRB3
MSH6,NTRK1,PRKACB
MSH6,H3C1,NR3C1,CLPTM1L,CNGB1
MSH6,BLM,VCP,LRRC15
MSH6,NR2C2,UBE2D3,MYCBP2
MSH6,LRRK2,TMX1,TMEM179B
MSH6,NR2C2,METAP2,SEZ6
MSH6,DECR1,RHOG,NECTIN3
MSH6,WWOX,MDM2,SLC14A2
MSH6,DECR1,RHOG,NECTIN3
MSH6,NR2C2,BTK,LPXN
MSH6,H3C1,GRB2,TBC1D3G
MSH6,BLM,MX1,TRPC7
MSH6,PRDX1,YAP1,LAPTM5
MSH6,NTRK1,CAV1,ADCY5
MSH6,ZBTB2,TRIM26,PHF7
MSH6,PRDX1,CUL3,LRFN2
MSH6,KANK2,IL16
MSH6,NTRK1,PTPRC,CD1D
MSH6,H3C1,GRIP1,GRM7
MSH6,H3C1,GSK3B,ACSBG1
MSH6,PRDX1,COPS5,MSRA
MSH6,LRRK2,CASP3,PANX1
MSH6,BLM,PLK1,TRIM36
MSH6,LRRK2,SGPL1,PLPP4
MSH6,NTRK1,GNAI3,PCP2
MSH6,PRKCZ,PRKACA,GAD2
MSH6,BARD1,BCL3
MSH6,LRRK2,HIC1,EFNA1
MSH6,ZBTB2,ZMYM3,TJP2
MSH6,NTRK1,PTPRG,CNTN3
MSH6,H3C1,GRB2,TBC1D3G
MSH6,NR2C2,FBXO7,FGF10
MSH6,LRRK2,DAPP1
MSH6,YY1,F9
MSH6,ZBTB2,PRKCD,CSF3R
MSH6,NR2C2,UBE2D3,MYCBP2
MSH6,NR2C2,ARF6,PCDHGB1
MSH6,NR2C2,HSPA8,OSBPL7
MSH6,BARD1,AXIN2
MSH6,DECR1,JAK3
MSH6,H2AX,TXNDC12,GABRQ
MSH6,NR2C2,CTBP2,TSHZ3
MSH6,NTRK1,LPCAT1
MSH6,DECR1,RHOG,NECTIN3
MSH6,ZBTB2,IRS4,CXADR
MSH6,PRDX1,NME1,NETO2,PTCH2
MSH6,DECR1,RHOG,NECTIN3
MSH6,LRRK2,CAPN2
MSH6,NR2C2,BTK,LPXN
MSH6,CHD8,AP2M1,CTLA4
MSH6,DECR1,RHOG,NECTIN3
MSH6,LRRK2,SNCA,MT2A,GPM6B
MSH6,ZBTB2,TBL2,SOD2,SLC27A1
MSH6,NR2C2,HRAS
MSH6,PRKCZ,ECT2,GNAL
MSH6,PRKCZ,GRB14
MSH6,PRKDC,CHMP4C
MSH6,NTRK1,NGFR
MSH6,PRDX1,RHOB,RTKN2
MSH6,BLM,H2AC13,APPBP2,CHRNG
MSH6,H3C1,GSK3B,ACSBG1
MSH6,NR2C2,TRAF6,TNFRSF13B
MSH6,NR2C2,UBE2N,ZNRF2
MSH6,NTRK1,GOPC,CERCAM
MSH6,CHD8,KIF20A,C4BPA
MSH6,NTRK1,GNA13,GNG5
MSH6,MACROH2A1,HSD3B2,CTSF
MSH6,ZBTB2,MARCKS,LSR
MSH6,BLM,VCP,LRRC15
MSH6,LRRK2,SNAPIN,DTNBP1
MSH6,NR2C2,ARF6,PCDHGB1
MSH6,H3C1,CDH1,ITGA6
MSH6,ZBTB2,CTNNB1,PTPRU
MSH6,BLM,PLK1,TRIM36
MSH6,ZBTB2,CTNNB1,PTPRU
MSH6,NTRK1,PRKCA,AKAP5
MSH6,NR2C2,HSPA8,OSBPL7
MSH6,BLM,VCP,LRRC15,PCSK6
MSH6,NR2C2,HBB,HBM,ABCA5
MSH6,PRDX1,TNF,ZAN
MSH6,PRKCZ,JAK1,BTN2A1
MSH6,NTRK1,CBL,FRS3
MSH6,DECR1,RHOG,NECTIN3
MSH6,CHD8,SOX11
MSH6,NTRK1,DLG1,CACNG2
MSH6,ZBTB2,NOTCH1,WNT2,TSLP,CRLF2
MSH6,NR2C2,EEF2
MSH6,BLM,CHEK1,PPM1A
MSH6,BLM,VCP,LRRC15
MSH6,NTRK1,AGK,SLC39A14
MSH6,ZBTB2,RAP1B,PLPPR1
MSH6,ZBTB2,P4HB,HSPA13
MSH6,POLE,NUBP1
MSH6,TOPBP1,RPS27A,RALBP1
MSH6,BLM,VCP,LRRC15
MSH6,NR2C2,AP2A1,L1CAM
MSH6,NR2C2,NOTCH2,WNT5A
MSH6,BLM,H2BC21,WDTC1,EPB41L5
MSH6,FEN1,TDP1
MSH6,ZBTB2,PRKCD,CSF3R
MSH6,WWOX,SHISA5,TVP23B,YIPF1
MSH6,DECR1,RHOG,NECTIN3
MSH6,PRDX1,TNF,ZAN,CSPG5
MSH6,NR2C2,PPP2CA,RDH8
MSH6,LRRK2,FLNB
MSH6,UNK,RAB5A,RAB3GAP2
MSH6,HDAC6,CYLD
MSH6,DECR1,RHOG,NECTIN3
MSH6,ATR,RHOF
MSH6,NTRK1,ENO2
MSH6,PRKCZ,PARD3,JAM3,JAM2
MSH6,NR2C2,LYN,ITGA2
MSH6,CHD8,EGFR,EGF
MSH6,CHD8,EGFR,EGF
MSH6,PRDX2,SH2D3C,ADK
MSH6,DECR1,RHOG,NECTIN3
MSH6,ZBTB2,CALCOCO2,SPTBN2
MSH6,PRKCZ,TRAF2,TNFRSF14
MSH6,DECR1,RHOG,NECTIN3
MSH6,CHD8,KIF20A,C4BPA
MSH6,COIL,RHOBTB1
MSH6,H3C1,CDH1,ITGA6
MSH6,UNC93B1,TLR7,SIGLEC9
MSH6,ZNF263,PPL
MSH6,ZNF746,MAP3K7,IL17RD
MSH6,H3C1,EP300,CD2
MSH6,LRRK2,RAB5B
MSH6,NR2C2,HRAS,PTAR1,SLC6A19
MSH6,UNK,ATP5IF1,GUCY2C
MSH6,BLM,CHEK1,PPM1A
MSH6,MATR3,DISC1,PRTG
MSH6,NTRK1,PRKCA,AKAP5
MSH6,ATR,TERT
MSH6,NR2C2,ARF5
MSH6,PRKCZ,PRKACA,GAD2
MSH6,ZBTB2,CTNNB1,PTPRU
MSH6,ZBTB2,AKIRIN2,MUC13
MSH6,ZBTB2,DAXX,FAM9B,TIP-LINK complex,LHFPL5
MSH6,H3C1,EP300,CD2
MSH6,UNK,ITM2B
MSH6,HDAC6,JAK2,CCR2
MSH6,NR2C2,TIMM50,SLA
MSH6,BLM,PLK1,TRIM36
MSH6,H3C1,POLD3,MELTF
MSH6,NR2C2,TIMM50,SLA
MSH6,NR2C2,CTBP2,TSHZ3
MSH6,NR2C2,HSPA8,OSBPL7
MSH6,BLM,VCP,LRRC15
MSH6,BLM,VCP,LRRC15
MSH6,ZBTB2,CTNNB1,PTPRU
MSH6,NTRK1,GNB1,MC2R
MSH6,HDAC6,SYK,SIRPB1
MSH6,ZNF746,PRKAR1B
MSH6,ZBTB2,TBL2,SOD2,P2RX4
MSH6,CHD8,DCX,BTN1A1
MSH6,POU5F1,NR2F2,ADGRB1
MSH6,NTRK1,PTPRR
MSH6,CHD8,PIP4K2A
MSH6,NR2C2,NOTCH2,WNT5A
MSH6,PRDX1,TNF,ZAN
MSH6,ZBTB2,CHD1,DMPK
MSH6,H3C1,EP300,CD2
MSH6,NR2C2,HSPA8,OSBPL7
MSH6,ZBTB2,STAT6,STING1
MSH6,NTRK1,PTPRG,CNTN3
MSH6,BLM,PLK1,TRIM36
MSH6,WWOX,PGRMC1
MSH6,YY1,CCNT2
MSH6,ZBTB2,IP6K2,GABRR1
MSH6,ZBTB2,XPO1,NUP88,HLA-DOA
MSH6,YY1,NEDD4L,SLC22A11
MSH6,BLM,VCP,LRRC15
MSH6,NTRK1,NCK1,LRRC3
MSH6,MATR3,IQGAP1
MSH6,ZBTB2,ZMYM3,TJP2
MSH6,UNK,SLC38A1,SLC10A1
MSH6,YY1,ARRB1,PTGER2
MSH6,ZBTB2,AKIRIN2,MUC13
MSH6,EXO1,SLC46A1
MSH6,NTRK1,GNB1,MC2R
MSH6,NR2C2,ARF6,PCDHGB1
MSH6,ZBTB2,CTNNB1,PTPRU,WNT3
MSH6,ZBTB2,RELA,COMMD10,ADRA1A
MSH6,NR2C2,RAE1,HGFAC,RAET1L
MSH6,ZBTB2,CTNNB1,PTPRU
MSH6,NR2C2,NOTCH2,WNT5A
MSH6,MATR3,PLEKHG4
MSH6,NTRK1,GNAS
MSH6,DECR1,MDH2,BLVRB
MSH6,ATR,CINP,TIMD4
MSH6,BLM,VCP,LRRC15
MSH6,ZBTB2,ALYREF,DIRAS2
MSH6,ZBTB2,MARCKS,LSR
MSH6,KDM6A,MAFA
MSH6,ZBTB2,PPP1R12A,ARHGEF25
MSH6,BLM,VCP,LRRC15,RECK
MSH6,UNK,PTP4A2,CNNM2
MSH6,H3C1,FBLN1,CCN2
MSH6,UNK,TSC22D1
MSH6,NTRK1,SOS1,EPS8L1
MSH6,ZBTB2,CREB1,CREB3L3,MC3R
MSH6,SUMO2,S100A10
MSH6,PRDX2,SH2D3C,ADK
MSH6,ZNF746,MAP3K7,IL17RD
MSH6,NR2C2,BTK,LPXN
MSH6,ZBTB2,VIM,WHRN
MSH6,COIL,BCOR,TMTC1,JPH2
MSH6,H3C1,RACK1,GNG2
MSH6,PRKDC,BMPR1A
MSH6,PRKCZ,NUMB
MSH6,NTRK1,GNAI3,PCP2
MSH6,HDAC6,SYK,SIRPB1
MSH6,SUMO2,ALDOA,GLO1
MSH6,BLM,CHEK1,PPM1A,DGKA
MSH6,DECR1,MDH2,BLVRB
MSH6,NTRK1,GNAI3,PCP2
MSH6,ZBTB2,CTNNB1,PTPRU
MSH6,ZBTB2,PRKCD,CSF3R
MSH6,BLM,MX1,TRPC7
MSH6,NR2C2,LYN,ITGA2
MSH6,NR2C2,PPP2CA,RDH8
MSH6,ZBTB2,RAB10
MSH6,CHD8,EGFR,EGF
MSH6,BLM,VCP,LRRC15
MSH6,NTRK1,ANK2
MSH6,NTRK1,AGO2,SLC7A9
MSH6,WWOX,RND3,SEMA4F
MSH6,LRRK2,PPP4C
MSH6,H3C1,EP300,CD2
MSH6,ZBTB2,PRKCD,CSF3R
MSH6,PRDX1,MAPT
MSH6,CHD8,EGFR,EGF
MSH6,CENPA,FYN
MSH6,YY1,CSNK1D
MSH6,HDAC6,SYK,SIRPB1
MSH6,NTRK1,GNB1,MC2R
MSH6,H3C1,STAG1
MSH6,NR2C2,RAC2
MSH6,COIL,VRK2,CYP2C18
MSH6,TOPBP1,RPS27A,RALBP1
MSH6,PRKDC,AXL,TREML2
MSH6,TOPBP1,RPS27A,RALBP1
MSH6,DECR1,MGST3,HAVCR2,TSPAN7
MSH6,UNC93B1,TLR9,SIGLEC6
MSH6,BLM,PLK1,TRIM36
MSH6,BLM,VCP,LRRC15
MSH6,H2AC14,WWP2,ARRDC4
MSH6,ZBTB2,SRPK2,NSRP1,SLC4A4
MSH6,CDC5L,TIAL1,AOC1
MSH6,HDAC6,AFDN
MSH6,NR2C2,NOTCH2,WNT5A
MSH6,H3C1,GRB2,TBC1D3G
MSH6,ZBTB2,RAB10,MAPK8IP1
MSH6,DECR1,RHOG,NECTIN3
MSH6,UNK,PLS3
MSH6,ZNF263,TRAF7
MSH6,BLM,VCP,LRRC15,GRK3
MSH6,NR2C2,PPP2CA,RDH8
MSH6,BLM,VCP,LRRC15
MSH6,DECR1,RHOG,NECTIN3
MSH6,BLM,RAD51D,FILIP1,PCDHGA4
MSH6,BLM,PLK1,TRIM36,LRRC8B
MSH6,NR2C2,UBE2D3,MYCBP2
MSH6,ZBTB2,RPN1,KCNB2,EFNA2
MSH6,ZBTB2,CTNNB1,PTPRU
MSH6,H3C1,FBLN1,CCN2
MSH6,NTRK1,GNB1,MC2R
MSH6,NTRK1,ATP7A
MSH6,ZBTB2,RAB10,MAPK8IP1
MSH6,NTRK1,GNB1,MC2R
MSH6,ATR,ABL1,WNK2
MSH6,NTRK1,GNB1,MC2R
MSH6,ZBTB2,CTNNB1,PTPRU
MSH6,SUMO2,EHD4
MSH6,NTRK1,ATP1A3
MSH6,UNK,SDCBP,FZD3
MSH6,PRDX1,CUL3,LRFN2
MSH6,ZBTB2,ATP1A1
MSH6,NR2C2,PPP2CA,RDH8
MSH6,ATP6V1B2,ATP6V1D
MSH6,KDM6A,NFIB,ANOS1
MSH6,BLM,VCP,LRRC15
MSH6,WWOX,PGRMC1,CYP2C8
MSH6,WDR76,EGFL7,ADAM21
MSH6,NR2C2,UBE2N,ZNRF2
MSH6,WWOX,MDM2
MSH6,BLM,VCP,LRRC15
MSH6,H3C1,GSK3B,ACSBG1
MSH6,WDR76,NRAS,PCDH18
MSH6,NTRK1,ATP12A,FXYD6
MSH6,CHD8,AP2M1,CTLA4
MSH6,ZBTB2,PRKCD,CSF3R
MSH6,DECR1,RHOG,NECTIN3
MSH6,ZBTB2,MARCKS,LSR
MSH6,LRRK2,AKT1,THEM4
MSH6,LRRK2,CASP8,TNFRSF10A
MSH6,H3C1,EP300,CD2
MSH6,BLM,RAD51D,FILIP1
MSH6,NR2C2,AP2A1,L1CAM
MSH6,ZBTB2,PPP1R12A,ARHGEF25
MSH6,NR2C2,SLC25A4
MSH6,WWOX,PTPN1,C1orf210
MSH6,COIL,CCDC136,RAB33A
MSH6,ZBTB2,PPP1R12A,ARHGEF25
MSH6,NR2C2,TRAF6,TNFRSF13B
MSH6,DECR1,RHOG,NECTIN3
MSH6,ZBTB2,DNM3,AMPH
MSH6,CHD8,KIF20A,C4BPA
MSH6,ZBTB2,RMDN3,TRDN,UGT8
MSH6,TOPBP1,RPS27A,RALBP1
MSH6,DECR1,RHOG,NECTIN3,ABCA6,ABCA8
MSH6,BLM,VCP,LRRC15,CD82
MSH6,CHD8,EGFR,EGF
MSH6,ATP6V1B2,DNAJC5,SLC32A1
MSH6,ZBTB2,DYNLL1,DYNLRB1,PLSCR5
MSH6,PRDX1,YAP1,LAPTM5
MSH6,MACROH2A1,RHOQ
MSH6,PRDX1,YAP1,LAPTM5
MSH6,NR2C2,LARP7,EPB42
MSH6,NR2C2,TRAF6
MSH6,TOPBP1,RPS27A,RALBP1
MSH6,NTRK1,PTPRF,PCDHAC1
MSH6,LRRK2,LMF2,P2RX5
MSH6,NR2C2,PSMD14,PCDH11Y
MSH6,NTRK1,USP8,CHMP6
MSH6,WWOX,BSG
MSH6,NR2C2,ACTB,NUS1,DRP2
MSH6,DECR1,RHOG,NECTIN3
MSH6,NR2C2,LYN,ITGA2
MSH6,WWOX,MPDZ,OR1D2
MSH6,NTRK1,VAPB,VAMP1
MSH6,NR2C2,KRT19,ARL4A
MSH6,BLM,VCP,LRRC15
MSH6,NR2C2,ITIH4
MSH6,PRKDC,TMPRSS2
MSH6,BLM,VCP,LRRC15
MSH6,BLM,VCP,LRRC15
MSH6,NR2C2,ALB,FGA
MSH6,NR2C2,RAB6B,TMPRSS11A
MSH6,PRDX1,CFTR,CLCA1
MSH6,COIL,CHD9,SYT2
MSH6,UNK,RAB5A,RAB3GAP2
MSH6,H3C1,SIRT2
MSH6,CHD8,EGFR,EGF
MSH6,CHD8,EGFR,EGF
MSH6,BLM,VCP,LRRC15
MSH6,PRKCZ,TRAF2,TNFRSF14
MSH6,NR2C2,DVL2,RPGRIP1L
MSH6,LRRK2,ACTN1
MSH6,CHD8,EGFR,EGF
MSH6,NR2C2,HSPA8,OSBPL7
MSH6,NR2C2,PDCD6IP,DRD1
MSH6,H3C1,CDH1,ITGA6
MSH6,ZBTB2,CTNNB1,PTPRU
MSH6,NR2C2,STAT3,LRRC32
MSH6,H3C1,GRB2,TBC1D3G
MSH6,BLM,VCP,LRRC15
MSH6,BLM,PLK1,TRIM36
MSH6,UNC93B1,RNF213,RELT
MSH6,ATM,P2RY8
MSH6,PRKCZ,PRKACA,GAD2
MSH6,NR2C2,UBE2N,ZNRF2
MSH6,BLM,RPA1,OBSCN
MSH6,YY1,ARRB1,PTGER2
MSH6,CHD8,EGFR,EGF
MSH6,ZBTB2,TP53,ZNF763,PCDHB1
MSH6,COIL,VRK2,CYP2C18
MSH6,PRDX1,CUL3,LRFN2
MSH6,PRDX1,CFTR,CLCA1
MSH6,NR2C2,FBXO7,FGF10
MSH6,DECR1,MDH2,BLVRB
MSH6,NTRK1,RHOBTB3,RTN4R
MSH6,BLM,RPA1,OBSCN
MSH6,H2AX,B2M,MR1
MSH6,LRRK2,STXBP3
MSH6,NR2C2,HSPA8,OSBPL7
MSH6,ZBTB2,LRRC59,CCPG1,STS
MSH6,NR2C2,AP2A1,L1CAM
MSH6,NTRK1,NIBAN2
MSH6,DECR1,RHOG,NECTIN3
MSH6,NTRK1,PRKCA,AKAP5
MSH6,UNK,PRRC2A
MSH6,ZBTB2,MARCKS,LSR
MSH6,PRKCZ,TRAF2,TNFRSF14
MSH6,BLM,TOP2A,PRKCG
MSH6,UNK,RAB5A,RAB3GAP2
MSH6,ZBTB2,MECP2,PRPF40B,CRHR2
MSH6,NR2C2,GAPDH,ENO3
MSH6,NTRK1,ABCC3
MSH6,NR2C2,TRAF6,TNFRSF13B
MSH6,NTRK1,GNB1,MC2R
MSH6,BRCA1,PGR
MSH6,WWOX,BSG,SLC16A13,TSPO2
MSH6,TOPBP1,RPS27A,RALBP1
MSH6,ZBTB2,RMDN3,TRDN
MSH6,ZBTB2,VIM,WHRN
MSH6,HDAC6,GRK2
MSH6,CHD8,BRD2,SPAM1
MSH6,NR2C2,HSPA8,OSBPL7
MSH6,NTRK1,LLGL1
MSH6,DECR1,RHOG,NECTIN3
MSH6,ATP6V1B2,RAB4A,SLC9A7
MSH6,ZBTB2,DDX54,ZC3H3,AMACR
MSH6,ZBTB2,DNAJA1,GPR37
MSH6,WWOX,MDM2,SLC14A2
MSH6,TOPBP1,RPS27A,RALBP1
