POLH,AHNAK,MAPT,APOE
POLH,AHNAK,H2BC21,NSD1,TSPAN14
POLH,RAD18,EPHA2,CAMK1G
POLH,AHNAK,GRK7,TESK1,PAQR9
POLH,RPS27A,CD4,ADORA2A,ADORA2B
POLH,AHNAK,HDAC2,PROX1,KCNAB3
POLH,AHNAK,PLEKHA7,GJA1
POLH,RPS27A,SRC,CYSTM1
POLH,UBC,RHOA,EHBP1,ORAI3
POLH,UBC,WDR5,KANSL2
POLH,AHNAK,HSPB1,MAPKAPK5,SLC8A3
POLH,UBC,TRAF1,TNFRSF13C
POLH,AHNAK,KIF20A,MGAT5B,ITGA2
POLH,AHNAK,EGFR,EGF,ITGA9
POLH,RPS27A,PRKCA,AKAP5
POLH,UBC,CUL3,KLHL7
POLH,UBC,WDR5,KANSL2
POLH,UBC,CUL3,KLHL7
POLH,AHNAK,ANKRD26,BICD1,SLC17A8
POLH,AHNAK,EMC1,TRDN
POLH,UBC,NTRK1,NCSTN
POLH,UBC,HSP90AB1,IRAK3
POLH,AHNAK,AKIRIN2,MUC13
POLH,AHNAK,FMR1,CD6,SLC12A5
POLH,AHNAK,ACTN4,SORBS2
POLH,AHNAK,EGFR,EGF,SSTR5
POLH,UBE2B,UNK,PNRC1,PAQR8
POLH,AHNAK,ATF2,TMED10
POLH,MAD2L2,REL,SLC6A12
POLH,AHNAK,EGFR,EGF
POLH,KNL1,KRAS,AP4S1,PIK3R5
POLH,AHNAK,HSPA5,LOC102723407,TNFSF18
POLH,UBC,HSD17B11,PGRMC1
POLH,UBC,PGAM2,PLPP3
POLH,UBE2B,UBQLN4,DMPK
POLH,UBC,GSK3B,ACSBG1
POLH,UBE2B,UBR1,PSG1
POLH,UBC,HTT,SLC25A11
POLH,UBC,HSP90AB1,IRAK3
POLH,RPS27A,HRAS,RASGRP4
POLH,AHNAK,STIP1,HINT1,CACNB2
POLH,UBC,AREL1,PCDHGC4
POLH,AHNAK,GRB2,TBC1D3G
POLH,AHNAK,SQSTM1,SESN1,KCNIP1
POLH,UBC,ABRAXAS2,IFNAR1
POLH,UBC,RHOA,EHBP1
POLH,RPS27A,MCL1,BMF
POLH,AHNAK,PLEKHA7,GJA1
POLH,UBC,SMC1A,GRM3
POLH,UBC,ABL1,WNK2
POLH,AHNAK,EEF1A1,ECPAS,CD1A
POLH,UBC,HSP90AB1,IRAK3
POLH,AHNAK,ATF2,TMED10
POLH,AHNAK,ACTN4,SORBS2,CLDN5
POLH,AHNAK,STIP1,HINT1,NPY1R
POLH,AHNAK,PLEC,SPTAN1
POLH,UBC,HTT,SLC25A11
POLH,AHNAK,CDH1,ITGA6
POLH,RPS27A,INSR,CYTH3
POLH,AHNAK,FMR1,CD6,FRMD7
POLH,UBC,NTRK1,NCSTN
POLH,UBC,PSEN1
POLH,UBE2B,UBQLN4,DMPK
POLH,UBC,RHOT2,CNR2
POLH,AHNAK,HDAC2,PROX1,NPPA,NPR3
POLH,AHNAK,EGFR,EGF
POLH,UBC,HTT,SLC25A11
POLH,UBC,ARRB2,APLNR
POLH,UBC,CALCOCO2,ZNF337,ZDHHC22
POLH,AHNAK,STIP1,HINT1,S1PR3
POLH,UBC,WWP2,ARRDC4
POLH,AHNAK,KIF23,ARF3
POLH,UBC,NTRK1,NCSTN
POLH,PCNA,PIDD1,MADD
POLH,UBC,NEDD4,LAPTM4B
POLH,UBC,USP6
POLH,UBC,STX3
POLH,AHNAK,ANXA2,ITSN1
POLH,UBC,RHOA,EHBP1
POLH,UBC,TRIM32,PDE9A
POLH,PIAS1,AR
POLH,AHNAK,ANKRD26,BICD1,JAM3
POLH,UBC,RAC1,ITGB5
POLH,AHNAK,ACTN4
POLH,RPS27A,NRAS,PCDH18
POLH,AHNAK,HSPA5,LOC102723407,OR14J1
POLH,AHNAK,FMR1,CD6
POLH,AHNAK,CDH1,ITGA6,NRXN2
POLH,RPS27A,SRC,CYSTM1
POLH,AHNAK,NUDT12,EPS8L1
POLH,AHNAK,EGFR,EGF,SKAP1
POLH,AHNAK,BRD4,CCNT2
POLH,AHNAK,ACTN4,SORBS2
POLH,AHNAK,EGFR,EGF
POLH,UBC,AP2A2
POLH,AHNAK,GRB2,TBC1D3G
POLH,UBC,SMC1A,GRM3
POLH,UBC,GGA1,LRP10
POLH,UBC,PSMB3,NCR3LG1,CD200R1
POLH,AHNAK,FMR1,CD6
POLH,AHNAK,RPL14,MYCN,SLC16A6
POLH,AHNAK,PCDHGC3,GNAZ,ATP8B4
POLH,RPS27A,NRAS,PCDH18
POLH,AHNAK,EGFR,EGF
POLH,UBC,NTRK1,NCSTN
POLH,AHNAK,HSPB1,MAPKAPK5,RTN4RL1
POLH,UBC,HSD17B11,PGRMC1
POLH,RPS27A,SRC,CYSTM1,LYNX1
POLH,UBC,AGO2,SLC7A9
POLH,UBC,FGFR1,FLRT1
POLH,AHNAK,ANXA2,ITSN1
POLH,UBC,ABL1,WNK2
POLH,AHNAK,ECT2,DDX50
POLH,UBC,MIB1,GRIN2A
POLH,AHNAK,FMR1,CD6
POLH,AHNAK,EGFR,EGF
POLH,UBC,EEF1A2,SLC13A5
POLH,AHNAK,ECT2,DDX50
POLH,UBC,RHOA,EHBP1
POLH,MAD2L2,REL,SLC6A12
POLH,UBC,STUB1,AQP2
POLH,AHNAK,HSPA5,LOC102723407,SYPL1
POLH,UBC,SHARPIN,ITGA5
POLH,AHNAK,HNRNPH1,SCUBE3
POLH,AHNAK,EGFR,EGF
POLH,UBC,PTPN5
POLH,AHNAK,EGFR,EGF
POLH,AHNAK,HSPA5,LOC102723407,GPR161
POLH,AHNAK,EGFR,EGF,CD300LF
POLH,AHNAK,HSPA5,LOC102723407,LRP1B
POLH,UBE2B,UBA52
POLH,RPS27A,HRAS,RASGRP4
POLH,UBC,IKBKG,NOD2
POLH,AHNAK,GRB2,TBC1D3G
POLH,UBC,MIB1,GRIN2A
POLH,AHNAK,KIF23,ARF3
POLH,PIAS1,FHL1,FERMT2
POLH,MAD2L2,REL,SLC6A12
POLH,AHNAK,PLEKHA4,MTERF4,BTNL8
POLH,RPS27A,PRKCA,AKAP5
POLH,AHNAK,EGFR,EGF
POLH,UBC,NTRK1,NCSTN
POLH,AHNAK,FMNL1,NHLRC2,SLC30A2
POLH,AHNAK,HSPA5,LOC102723407,PLEKHH2
POLH,AHNAK,ECT2,DDX50
POLH,UBC,HTT,SLC25A11
POLH,UBC,HGS,SNAP25
POLH,UBC,HSP90AB1,IRAK3
POLH,AHNAK,SUMO2,SERPINB6
POLH,AHNAK,EZR,MINK1,NTN4
POLH,UBC,RNF216,TIRAP
POLH,UBC,FGFR1,FLRT1
POLH,AHNAK,RNF4,VEZF1,GPRC5C
POLH,UBC,RHOA,EHBP1,TMPRSS12
POLH,AHNAK,CDH1,ITGA6
POLH,UBC,PSEN1,APH1A
POLH,RPS27A,NOTCH1,WNT3A
POLH,AHNAK,HSPA5,LOC102723407,ADAM9
POLH,RPS27A,HNRNPA1,FREM2
POLH,AHNAK,NUDT12,EPS8L1
POLH,AHNAK,FMR1,CD6,FCER1G,CD300C
POLH,AHNAK,SUMO2,SERPINB6
POLH,KNL1,PPP1CC,PDE6B
POLH,AHNAK,EGFR,EGF
POLH,UBC,RAPGEF2,MAGI2
POLH,UBC,FCHO2
POLH,AHNAK,HSPA5,LOC102723407,SLC12A6
POLH,AHNAK,MAPT,APOE
POLH,AHNAK,ACTN4,SORBS2
POLH,RPS27A,BTF3,LILRB4
POLH,AHNAK,HSPA5,LOC102723407,GABRA1,GABRG3
POLH,AHNAK,HDAC2,PROX1,CXCL12,CCR10
POLH,UBC,AKT1,PHLPP2,ZNF804A
POLH,AHNAK,MAPT,APOE
POLH,AHNAK,KIF23,ARF3
POLH,AHNAK,ACTN4,SORBS2,ITGB1BP1
POLH,AHNAK,ECT2,DDX50,LIMS2
POLH,AHNAK,EGFR,EGF
POLH,UBC,SYNE2,LRP3
POLH,AHNAK,STIP1,HINT1
POLH,UBC,NTRK1,NCSTN
POLH,AHNAK,EGFR,EGF
POLH,AHNAK,S100A10,TRPV6
POLH,RPS27A,HSPA8,OSBPL7
POLH,AHNAK,STIP1,HINT1
POLH,AHNAK,PPP1R9A,DCLK2,GNA15
POLH,AHNAK,EGFR,EGF,TNFSF13B
POLH,UBC,UCHL1,CD163
POLH,AHNAK,INPPL1,PLIN5,SLC1A4
POLH,UBC,GNB2,RGS6
POLH,UBC,LARP7,EPB42
POLH,AHNAK,ACTN4,SORBS2
POLH,AHNAK,HNRNPH1,SCUBE3
POLH,RPS27A,RACK1,KCNAB1
POLH,AHNAK,FMR1,CD6
POLH,UBC,HSP90AB1,IRAK3
POLH,UBC,LNX1,SAT1
POLH,UBC,NFX1,HLA-DRA
POLH,AHNAK,GRB2,TBC1D3G
POLH,AHNAK,EGFR,EGF,FZD10
POLH,AHNAK,FBXW7,CREB3L1,GPR152
POLH,UBC,ABL1,WNK2
POLH,AHNAK,GRB2,TBC1D3G
POLH,UBC,HTT,SLC25A11
POLH,PIAS1,CEP250,ENTHD1
POLH,AHNAK,PHLPP1,MCAM
POLH,UBC,FLOT1,VAMP2,PRKD3
POLH,UBC,EEF1A2,SLC13A5
POLH,AHNAK,PLEKHA7,GJA1,GJC1
POLH,AHNAK,FMR1,CD6,NLGN4X
POLH,UBC,ABL1,WNK2
POLH,UBC,ARRB2,APLNR
POLH,AHNAK,EGFR,EGF,CLCN3
POLH,AHNAK,ECT2,DDX50
POLH,UBC,UBE2T,TGM1
POLH,AHNAK,EGFR,EGF,PRPH2,ROM1
POLH,UBC,LARP7,EPB42
POLH,UBC,RIPK2
POLH,AHNAK,EGFR,EGF
POLH,AHNAK,PLEKHA7,GJA1
POLH,AHNAK,ATF2,TMED10
POLH,UBC,ARRB2,APLNR
POLH,UBC,HUWE1,FURIN
POLH,UBC,RAC1,ITGB5
POLH,AHNAK,RNF4,VEZF1,BCHE
POLH,UBC,IKBKG,NOD2
POLH,AHNAK,KIF23,ARF3
POLH,MLH1,EXO1
POLH,AHNAK,HSPA5,LOC102723407,NID2
POLH,PCNA,HOOK2,CEP295
POLH,AHNAK,STIP1,HINT1,CX3CR1
POLH,AHNAK,ACTN4,SORBS2
POLH,RPS27A,PRKCA,AKAP5
POLH,UBC,IKBKG,NOD2
POLH,UBC,HNRNPA0,PRR3
POLH,AHNAK,EGFR,EGF
POLH,UBC,PSEN1,APH1A
POLH,AHNAK,ACTN4,SORBS2
POLH,AHNAK,HNRNPH1,SCUBE3
POLH,AHNAK,HNRNPH1,SCUBE3
POLH,UBC,ARRB2,APLNR,AGTRAP
POLH,AHNAK,ACTN4,SORBS2
POLH,AHNAK,PLEKHA4,MTERF4,TMEM179B
POLH,UBC,HGS,SNAP25
POLH,RPS27A,NOTCH1,WNT3A
POLH,AHNAK,SUMO2,SERPINB6
POLH,AHNAK,EGFR,EGF
POLH,AHNAK,HSPA5,LOC102723407,CD59
POLH,AHNAK,SUMO2,SERPINB6
POLH,AHNAK,ATF2,TMED10
POLH,AHNAK,ACTN4,SORBS2,NALCN,NALF1
POLH,AHNAK,ECT2,DDX50
POLH,AHNAK,CCDC8,SLIT2,SPPL2B
POLH,AHNAK,PRPF8,SF3A3,PCP2
POLH,AHNAK,HSPA5,LOC102723407,HEPHL1
POLH,UBC,BSG,CTSL
POLH,UBC,TRIM36
POLH,AHNAK,EGFR,EGF,REM2
POLH,AHNAK,ECT2,DDX50
POLH,UBC,AP2M1,CTLA4
POLH,UBC,USP33,ROBO1
POLH,UBC,NTRK1,NCSTN
POLH,AHNAK,EGFR,EGF
POLH,AHNAK,SEC16A,MAPK1
POLH,UBC,RHOA,EHBP1,UNC5D
POLH,AHNAK,YWHAZ,COP1,CALN1
POLH,AHNAK,EGFR,EGF
POLH,RPS27A,HRAS,RASGRP4
POLH,AHNAK,KIF20A,MGAT5B,TMPRSS11A
POLH,RPS27A,NRAS,PCDH18
POLH,RPS27A,SRC,CYSTM1
POLH,AHNAK,GRB2,TBC1D3G
POLH,AHNAK,AKIRIN2,MUC13
POLH,UBC,ABL1,WNK2
POLH,AHNAK,HNRNPD,TOMM34,RAPGEF5
POLH,AHNAK,EGFR,EGF
POLH,AHNAK,ACTN4,SORBS2
POLH,UBC,HUWE1,FURIN
POLH,AHNAK,EGFR,EGF
POLH,AHNAK,TARDBP,ATF3,GGT7
POLH,RPS27A,PRKCA,AKAP5
POLH,RPS27A,FTH1,KLK7,OR6C70
POLH,AHNAK,HSPA5,LOC102723407,SLC39A12
POLH,AHNAK,MAPT,APOE
POLH,AHNAK,ECT2,DDX50,CD300LB,TYROBP
POLH,UBC,PSEN1,APH1A
POLH,RPS27A,SRC,CYSTM1
POLH,AHNAK,STIP1,HINT1
POLH,UBC,RHOA,EHBP1
POLH,AHNAK,ECT2,DDX50,SYT3
POLH,AHNAK,EGFR,EGF,SLC20A1
POLH,AHNAK,GRB2,TBC1D3G
POLH,AHNAK,MAPT,APOE,GBP1
POLH,AHNAK,CDH1,ITGA6
POLH,AHNAK,EGFR,EGF,GFRAL
POLH,AHNAK,ACTN4,SORBS2,GLO1
POLH,AHNAK,FMR1,CD6
POLH,AHNAK,LRRK2,ZC3H15,CDH19
POLH,RPS27A,SLC36A1
POLH,AHNAK,LRRK2,ZC3H15,PKD2L1
POLH,UBC,HSD17B11,PGRMC1
POLH,AHNAK,STIP1,HINT1
POLH,AHNAK,AKIRIN2,MUC13
POLH,RPS27A,SRC,CYSTM1
POLH,RPS27A,SRC,CYSTM1
POLH,UBC,TRAF1,TNFRSF13C
POLH,AHNAK,EGFR,EGF
POLH,AHNAK,EGFR,EGF
POLH,UBC,HSP90AB1,IRAK3
POLH,UBC,HGS,SNAP25
POLH,AHNAK,AKIRIN2,MUC13
POLH,AHNAK,PLEKHA4,MTERF4,RAB28
POLH,AHNAK,EGFR,EGF
POLH,AHNAK,AKIRIN2,MUC13
POLH,AHNAK,FBXW7,CREB3L1,IL22RA1
POLH,AHNAK,EGFR,EGF,SCN2B
POLH,AHNAK,EGFR,EGF,CXCR3
POLH,RPS27A,PRKCA,AKAP5
POLH,AHNAK,PCDHGC3,GNAZ,CELSR2
POLH,RPS27A,IRAK1,KLRB1
POLH,RPS27A,HSPA8,OSBPL7
POLH,AHNAK,ECT2,DDX50,CD79B
POLH,UBC,RAC1,ITGB5
POLH,UBC,RHOA,EHBP1
POLH,UBC,HMGCR,SLC24A3
POLH,RPS27A,DNAJC5B,JPH1
POLH,AHNAK,GRB2,TBC1D3G
POLH,UBC,MAP1LC3C,STX17
POLH,AHNAK,SUMO2,SERPINB6
POLH,UBC,SDCBP,PRR13,GRM4
POLH,UBC,AP2M1,CTLA4
POLH,UBC,FANCI,UPK2
POLH,UBC,AMFR,OR4N2
POLH,AHNAK,EGFR,EGF
POLH,UBC,USP30,KLRC4,CLPTM1
POLH,UBC,HIP1R
POLH,AHNAK,EGFR,EGF
POLH,AHNAK,MAPT,APOE
POLH,AHNAK,GRB2,TBC1D3G
POLH,RPS27A,NOTCH1,WNT3A
POLH,AHNAK,BRD4,CCNT2
POLH,RPS27A,KCNS3
POLH,UBC,NTRK1,NCSTN
POLH,AHNAK,ACTN4,SORBS2,PARVG
POLH,AHNAK,HSPA5,LOC102723407,EFNA3
POLH,AHNAK,EGFR,EGF,PCDHB5
POLH,AHNAK,FBXW7,CREB3L1,RNF34
POLH,UBC,ABL1,WNK2
POLH,RPS27A,PRKCA,AKAP5
POLH,RPS27A,RARA
POLH,UBC,CUL3,KLHL7
POLH,UBC,RHOA,EHBP1
POLH,RPS27A,NOTCH1,WNT3A
POLH,AHNAK,EGFR,EGF
POLH,RPS27A,RACK1,KCNAB1
POLH,UBC,HSP90AB1,IRAK3
POLH,AHNAK,EGFR,EGF
POLH,UBC,PRKCI
POLH,AHNAK,CDK2,TSPYL2,KCNJ6
POLH,UBC,SYNE2,LRP3
POLH,AHNAK,PLEKHA7,GJA1
POLH,UBC,ABL1,WNK2
POLH,AHNAK,ACTN4,SORBS2,TSPAN5
POLH,UBC,ABL1,WNK2
POLH,AHNAK,EGFR,EGF
POLH,UBC,EPS15
POLH,UBC,RHOA,EHBP1
POLH,AHNAK,EGFR,EGF
POLH,AHNAK,PLEKHA4,MTERF4,TLR10
POLH,UBC,MAP1LC3B,CLEC7A
POLH,AHNAK,HSPA5,LOC102723407,SLC22A15
POLH,AHNAK,TANK,CCDC112,CCN2
POLH,RPS27A,HSPA8,OSBPL7
POLH,AHNAK,CDK2,TSPYL2,KITLG
POLH,RPS27A,INSR,CYTH3
POLH,UBC,HSD17B11,PGRMC1
POLH,UBC,JUN,CX3CL1
POLH,AHNAK,STIP1,HINT1
POLH,AHNAK,RNF4,VEZF1,CHRND
POLH,UBE2B,ZMYM2,C8A
POLH,UBC,RHOA,EHBP1
POLH,RPS27A,FTH1,KLK7,SERPINB10
POLH,AHNAK,SUMO2,SERPINB6
POLH,AHNAK,EGFR,EGF
POLH,RPS27A,KLRG2,PCDHA12
POLH,UBC,USP22,ATXN7L3B,PIP4P1
POLH,AHNAK,NR2C2,DIS3,TFR2
POLH,AHNAK,STIP1,HINT1,GNG11
POLH,AHNAK,EGFR,EGF
POLH,PCNA,POLE
POLH,AHNAK,PPP1R9A,DCLK2,PCDH19
POLH,AHNAK,FMR1,CD6,NLGN1
POLH,AHNAK,YWHAZ,COP1,DGLUCY,GPR45
POLH,AHNAK,ECT2,DDX50,GIPR
POLH,RPS27A,GABARAP
POLH,UBC,RAC1,ITGB5
POLH,AHNAK,PCDHGC3
POLH,RPS27A,EXOSC10,DXO
POLH,PIAS1,PTPN1,C1orf210
POLH,AHNAK,GRB2,TBC1D3G
POLH,UBC,MAP3K7
POLH,AHNAK,STIP1,HINT1
POLH,AHNAK,MAPT,APOE
POLH,AHNAK,EGFR,EGF
POLH,AHNAK,CDK2,TSPYL2,LANCL2
POLH,UBC,TRAF3IP2,IL17RC,IL17RE
POLH,AHNAK,HSPA5,LOC102723407,KLRC3
POLH,AHNAK,BRD4,CCNT2
POLH,UBC,JUN,CX3CL1
POLH,UBC,CUL3,KLHL7
POLH,UBE2B,ZMYM2,C8A
POLH,UBC,GNB2,RGS6
POLH,UBC,DAXX,USH1G
POLH,UBC,TRIM23,TRIM42,IPCEF1
POLH,RPS27A,KLK3,PLXNA3
POLH,UBC,JUN,CX3CL1
POLH,RPS27A,CFTR,CLCA1
POLH,UBC,JUN,CX3CL1
POLH,AHNAK,MAPT,APOE,C4B
POLH,UBC,RAC1,ITGB5
POLH,AHNAK,ACTN4,SORBS2
POLH,AHNAK,EGFR,EGF,IL2RB
POLH,UBC,EEF1A2,SLC13A5
POLH,AHNAK,GRB2,TBC1D3G
POLH,RPS27A,PRKCA,AKAP5
POLH,AHNAK,EGFR,EGF
POLH,AHNAK,EGFR,EGF
POLH,UBC,HSP90AB1,IRAK3
POLH,AHNAK,HSPA5,LOC102723407,TUSC3
POLH,UBC,HSP90AB1,IRAK3
POLH,UBC,NTRK1,NCSTN
POLH,UBC,RHOT2,CNR2
POLH,AHNAK,CHMP4B,METRNL,CXCR5
POLH,UBC,RAC1,ITGB5
POLH,AHNAK,FMR1,CD6
POLH,AHNAK,SEC16A,MAPK1
POLH,AHNAK,BRD4,CCNT2
POLH,AHNAK,NDN,LTF
POLH,AHNAK,EGFR,EGF
POLH,UBC,MAVS,TLR1
POLH,UBC,KDR
POLH,RPS27A,NOTCH1,WNT3A
POLH,UBC,RHOA,EHBP1
POLH,AHNAK,HDAC2,PROX1,STX2
POLH,AHNAK,HNRNPH1,SCUBE3
POLH,UBC,RHOA,EHBP1
POLH,AHNAK,AKIRIN2,MUC13
POLH,AHNAK,STIP1,HINT1
POLH,AHNAK,EGFR,EGF
POLH,UBE2B,RNF20,DIS3L
POLH,AHNAK,STIP1,HINT1,LTB4R
POLH,AHNAK,PRPF8,SF3A3,SLC22A12
POLH,RPS27A,CRMP1,PARVA
POLH,RPS27A,SRC,CYSTM1,SLC9A3R2
POLH,AHNAK,EGFR
POLH,UBC,RAC1,ITGB5
POLH,AHNAK,ECT2,DDX50,VIPR2
POLH,AHNAK,STIP1,HINT1
POLH,AHNAK,RPL14,MYCN,OPRPN,SLC5A4
POLH,AHNAK,EGFR,EGF
POLH,UBC,MIB1,GRIN2A
POLH,AHNAK,EGFR,EGF
POLH,UBC,ANKS1B
POLH,AHNAK,EGFR,EGF
POLH,UBC,RHOA,EHBP1
POLH,MAD2L2,ZMYM4,LIMS1
POLH,AHNAK,ATF2,TMED10
POLH,PCNA,RHOF,ASIC1
POLH,RPS27A,HRAS,RASGRP4
POLH,UBC,ABL1,WNK2
POLH,AHNAK,STIP1,HINT1
POLH,AHNAK,PLEC
POLH,UBC,HTT,SLC25A11,DUOX2,DUOXA2
POLH,AHNAK,PRPF8,SF3A3,GUCY2D
POLH,AHNAK,EGFR,EGF
POLH,UBC,RNF151,SCARA5
POLH,UBE2B,H2AC20,SLC2A3
POLH,UBE2B,ZMYM2,C8A
POLH,UBC,NFX1
POLH,UBC,IRS1
POLH,AHNAK,BRD4,CCNT2
POLH,AHNAK,ECT2,DDX50
POLH,UBC,CUL3,KLHL7
POLH,UBC,LARP7,EPB42
POLH,AHNAK,EGFR,EGF
POLH,UBC,RHOA,EHBP1
POLH,UBE2B,UBQLN4,DMPK
POLH,UBC,HTT,SLC25A11
POLH,UBC,ZBTB1,MUCL1
POLH,AHNAK,EGFR,EGF
POLH,AHNAK,HNRNPH1,SCUBE3
POLH,UBC,DNAJB6,AQP8
POLH,UBC,RHOA,EHBP1
POLH,RPS27A,PRKCA
POLH,RPS27A,HRAS,RASGRP4
POLH,RPS27A,SRC,CYSTM1,ZDHHC20
POLH,RPS27A,HRAS,RASGRP4
POLH,RPS27A,HRAS,RASGRP4
POLH,UBC,MTOR,TRMT61A,SLC5A6
POLH,UBC,UBE2T,TGM1,FCRL5
POLH,UBC,RAC1,ITGB5
POLH,AHNAK,STIP1,HINT1,HTR1F
POLH,RPS27A,PRKCA,AKAP5
POLH,AHNAK,STIP1,HINT1
POLH,UBC,PSMD10
POLH,AHNAK,OBSL1,MTMR2,CLDN18
POLH,AHNAK,STIP1,HINT1
POLH,UBC,TUBA1A
POLH,AHNAK,EGFR,EGF
POLH,AHNAK,EGFR,EGF,GSDMA
POLH,AHNAK,NDN,LTF
POLH,AHNAK,ANKRD26,BICD1,SLC32A1
POLH,AHNAK,HSPA5,LOC102723407,TLR7
POLH,UBC,RAC1,ITGB5
POLH,AHNAK,PLEKHA7,GJA1
POLH,AHNAK,EGFR,EGF,CERCAM
POLH,AHNAK,CDH1,ITGA6
POLH,AHNAK,EGFR,EGF
POLH,UBC,XPC
POLH,AHNAK,PLEKHA7,GJA1
POLH,UBC,ABL1,WNK2
POLH,UBC,RELA,COMMD10,SLC35A4,SLC13A4
POLH,UBC,RHOA,EHBP1
POLH,AHNAK,SUMO2,SERPINB6
POLH,AHNAK,YTHDC1
POLH,RPS27A,SRC,CYSTM1
POLH,UBC,GSK3B,ACSBG1
POLH,AHNAK,ECT2,DDX50
POLH,AHNAK,GRB2,TBC1D3G
POLH,AHNAK,FMR1,CD6,KCNA1
POLH,AHNAK,SUMO2,SERPINB6
POLH,UBC,RHOA,EHBP1,CHRNB2
POLH,UBC,AP2M1,CTLA4
POLH,RPS27A,SRC,CYSTM1
POLH,RPS27A,PRKCA,AKAP5
POLH,RPS27A,PRKCA,AKAP5
POLH,AHNAK,ECT2,DDX50,ADCY2
POLH,AHNAK,SUMO2,SERPINB6
POLH,RPS27A,CD4,ADORA2A
POLH,AHNAK,ACTN4,SORBS2,RIMS1
POLH,UBC,AREL1,PCDHGC4
POLH,RPS27A,NRAS,PCDH18
POLH,UBC,UBE2Z,GTF2IRD2,GPBP1
POLH,UBC,BSG,CTSL
POLH,UBC,USP33,ROBO1
POLH,AHNAK,LASP1,VASP
POLH,AHNAK,SDC1,SDC3
POLH,UBC,RHOA,EHBP1
POLH,UBC,MIB1,GRIN2A
POLH,RPS27A,HRAS,RASGRP4
POLH,UBC,HTT,SLC25A11
POLH,PCNA,ATM,PVR
POLH,UBC,PTPN5,CLEC4G
POLH,AHNAK,RNF4,VEZF1,ADGRG5
POLH,AHNAK,EGFR,EGF
POLH,UBC,HNRNPA0,PRR3
POLH,RPS27A,SRC,CYSTM1
POLH,UBC,CUL3,KLHL7
POLH,UBC,HGS,SNAP25
POLH,AHNAK,STIP1,HINT1
POLH,AHNAK,CDK2,TSPYL2,ADGRA3
POLH,PCNA,HOOK2,CEP295
POLH,AHNAK,KIF20A,MGAT5B,STOML1
POLH,AHNAK,EGFR,EGF
POLH,RPS27A,INTU,WDPCP
POLH,UBC,ZAP70,CD3G,SLC2A5
POLH,UBC,RHOA,EHBP1
POLH,UBC,PRKCB,NOX1
POLH,AHNAK,ACTN4,SORBS2
POLH,UBC,WWP1
POLH,AHNAK,CDH1,ITGA6
POLH,RPS27A,PRKCA,AKAP5
POLH,UBC,TAB2
POLH,AHNAK,EGFR,EGF
POLH,UBC,GNB2,RGS6
POLH,AHNAK,ECT2,DDX50,RXFP3
POLH,UBC,HTT,SLC25A11
POLH,UBC,IKBKE,CD209
POLH,UBC,NTRK1,NCSTN
POLH,AHNAK,HNRNPH1,SCUBE3
POLH,AHNAK,HDAC2,PROX1,POMC,MC3R
POLH,UBE2B,UBQLN4,DMPK
POLH,UBC,PRKCB,NOX1
POLH,UBC,ARRB2,APLNR
POLH,AHNAK,MAPT,APOE
POLH,UBC,LNX1,SAT1
POLH,AHNAK,GRB2,TBC1D3G
POLH,UBC,RHOA,EHBP1
POLH,AHNAK,BRD4,CCNT2
POLH,UBC,RHOA,EHBP1
POLH,AHNAK,SUMO2,SERPINB6
POLH,RPS27A,ERBB3
POLH,UBC,MAP1LC3B,CLEC7A
POLH,RPS27A,SHANK1
POLH,AHNAK,ACTN4,SORBS2,CCKAR
POLH,AHNAK,MYH9
POLH,AHNAK,HSPA9,AQP12B,CAPNS2
POLH,UBC,RHOA,EHBP1
POLH,AHNAK,FMR1,CD6,DLGAP3
POLH,AHNAK,FMR1,CD6
POLH,AHNAK,STIP1,HINT1
POLH,AHNAK,STIP1,HINT1,HTR1B
POLH,AHNAK,FMR1,CD6
POLH,AHNAK,EGFR,EGF
POLH,UBC,EEF1A2,SLC13A5
POLH,AHNAK,GRB2,TBC1D3G
POLH,UBC,MAP1LC3B,CLEC7A
POLH,UBC,RHOA,EHBP1
POLH,AHNAK,RNF4,VEZF1,CHRNB1
POLH,AHNAK,FMNL1
POLH,AHNAK,EGFR,EGF
POLH,UBC,GSK3B,ACSBG1
POLH,AHNAK,MAPT,APOE
POLH,RPS27A,PRKCE
POLH,AHNAK,ANKRD26,BICD1,WNT6
POLH,MAD2L2,REL,SLC6A12
POLH,AHNAK,HSPA5,LOC102723407,KISS1R
POLH,UBC,ATP5F1A,ABCA2
POLH,UBC,TNFRSF1A
POLH,UBE2B,ZMYM2,C8A
POLH,UBC,CAV1,SCP2,CNGA3
POLH,UBC,GSK3B,ACSBG1
POLH,AHNAK,PMS1,F12
POLH,UBC,LNX1,SAT1
POLH,AHNAK,PRPF8,SF3A3,AQP10
POLH,RPS27A,HRAS,RASGRP4
POLH,AHNAK,CDH1,ITGA6,RPE65
POLH,RPS27A,SERBP1,RPL36A-HNRNPH2
POLH,MAD2L2,ZMYM4,LIMS1
POLH,AHNAK,HSPA5,LOC102723407,LYPD6
POLH,AHNAK,EGFR,EGF
POLH,UBC,RHOA,EHBP1
POLH,UBC,PSMC5,HOMER3
POLH,UBC,HGS,SNAP25
POLH,UBC,HTT,SLC25A11
POLH,AHNAK,EGFR,EGF
POLH,UBC,RAPGEF2,MAGI2
POLH,UBC,HSD17B11,PGRMC1
POLH,RPS27A,KCNA5,CD320
POLH,AHNAK,PPP1R9A,DCLK2,LRRC8C
POLH,AHNAK,RHBDF2,ADAM17,IL27RA
POLH,UBC,GSK3B,ACSBG1
POLH,UBE2B,HLTF
POLH,AHNAK,CDH1,ITGA6
POLH,UBC,PPP1CA
POLH,AHNAK,GRB2,TBC1D3G
POLH,UBE2B,UBE2L3,HERC6,CACNB4
POLH,UBE2B,ZMYM2,C8A
POLH,RAD18,AXL,TREML2
POLH,AHNAK,CHMP4B,METRNL,RGS13
POLH,UBC,MAP3K7,CARD8,PCDH15
POLH,UBC,MIB1,GRIN2A
POLH,RPS27A,RNF43
POLH,UBC,ABL1,WNK2
POLH,RPS27A,TGM2
POLH,AHNAK,CDH1,ITGA6,SLC44A1
POLH,PCNA,HOOK2,CEP295
POLH,UBC,AGO2,SLC7A9
POLH,UBC,FZR1,RGS11
POLH,RPS27A,ANTXR2
POLH,UBC,AP2M1,CTLA4
POLH,RPS27A,GABARAP,GABRG2
POLH,AHNAK,SUMO2,SERPINB6
POLH,AHNAK,CDK2,TSPYL2,MS4A14
POLH,AHNAK,FMR1,CD6
POLH,AHNAK,FMR1,CD6,GUCY2C
POLH,UBC,LARP7,EPB42
POLH,AHNAK,EGFR,EGF
POLH,PCNA,GOLGA1,ATP7B
POLH,AHNAK,EGFR,EGF
POLH,AHNAK,ACTN4,SORBS2
POLH,AHNAK,CDK2,TSPYL2,CYP2C18
POLH,UBC,GNB2,RGS6
POLH,UBC
POLH,UBC,ABL1,WNK2
POLH,AHNAK,SUMO2,SERPINB6
POLH,RPS27A,CFTR,CLCA1
POLH,UBC,PSEN1,APH1A
POLH,AHNAK,PPP1R9A,DCLK2,SLC39A3
POLH,AHNAK,ACTN4,SORBS2
POLH,AHNAK,TP53,ZNF763,COA6
POLH,UBC,JUN,CX3CL1
POLH,AHNAK,STIP1,HINT1
POLH,AHNAK,PPP1R9A,DCLK2,AGPAT2
POLH,UBE2B,ZMYM2,C8A
POLH,UBC,LNX1,SAT1
POLH,AHNAK,EGFR,EGF
POLH,AHNAK,KIF20A,MGAT5B,CHL1,CNTN6
POLH,UBC,RHOA,EHBP1
POLH,UBC,CUL3
POLH,UBC,AGO2,SLC7A9
POLH,UBC,ARRB2,APLNR
POLH,AHNAK,EGFR,EGF
POLH,UBC,UCHL1,CD163
POLH,AHNAK,EGFR,EGF
POLH,AHNAK,PRPF8,SF3A3,ABCC9
POLH,UBC,NEDD4,LAPTM4B
POLH,AHNAK,PLEKHA4,MTERF4,ATP1B4
POLH,AHNAK,ECT2,DDX50
POLH,RPS27A,NOTCH1,WNT3A
POLH,UBE2B,UBQLN4,DMPK
POLH,AHNAK,HSPA5,LOC102723407,SLC6A2
POLH,UBC,NTRK1,NCSTN,CATSPER1
POLH,UBC,BSG,CTSL,XKR3
POLH,AHNAK,PLEKHA7,GJA1
POLH,AHNAK,FMR1,CD6
POLH,UBC,HGS,SNAP25
POLH,AHNAK,CDH1,ITGA6
POLH,UBC,LNX1,SAT1
POLH,RPS27A,HRAS,RASGRP4
POLH,RPS27A,NBEAL2,SELP
POLH,PCNA,HOOK2,CEP295
POLH,RPS27A,SRC,CYSTM1
POLH,UBC,MIB1,GRIN2A
POLH,AHNAK,KIF23,ARF3
POLH,POLD2,NIBAN1
POLH,AHNAK,CDH1,ITGA6
POLH,AHNAK,NUDT12,EPS8L1
POLH,RPS27A,SRC,CYSTM1
POLH,UBC,CHP1,SLC9A3
POLH,AHNAK,GRB2,TBC1D3G
POLH,UBC,NTRK1,NCSTN
POLH,UBC,LARP7,EPB42
POLH,AHNAK,PLEKHA4,MTERF4,GPC5
POLH,UBC,NEDD4,LAPTM4B
POLH,AHNAK,CDH1,ITGA6
POLH,AHNAK,FMR1,CD6
POLH,AHNAK,STIP1,HINT1
POLH,AHNAK,FMR1,CD6,SIGLEC7
POLH,RPS27A,CDK5R1
POLH,AHNAK,CDH1,ITGA6
POLH,RPS27A,SRC,CYSTM1,PDE6C
POLH,PIAS1,AKT,GRIN2C
POLH,UBC,PTPN14,LRFN1
POLH,AHNAK,STIP1,HINT1,S1PR2
POLH,RPS27A,SRC,CYSTM1,GLRA3
POLH,UBC,LARP7,EPB42
POLH,AHNAK,HSPB1,MAPKAPK5,SLC17A5
POLH,UBC,HTT,SLC25A11
POLH,UBC,GNB2,RGS6
POLH,UBC,RAC1,ITGB5
POLH,AHNAK,RPL14,MYCN,RTN4RL2
POLH,REV1,UBB,SLC14A1
POLH,AHNAK,SEC16A,MAPK1
POLH,UBC,SMC1A,GRM3
POLH,AHNAK,HSPA5,LOC102723407,SLC38A6
POLH,AHNAK,YAP1,GLIS3,KLRK1,RAET1L
POLH,UBC,LNX1,SAT1
POLH,UBC,TRAF1,TNFRSF13C
POLH,RPS27A,HSPA8,OSBPL7
POLH,AHNAK,TANK,CCDC112,EFNB2
POLH,RPS27A,CFTR,CLCA1
POLH,UBC,SDCBP
POLH,RPS27A,ERN1,PCDHGB5
POLH,UBC,SMC1A,GRM3
POLH,RPS27A,CPNE4
POLH,UBC,GSK3B,ACSBG1
POLH,AHNAK,FMNL1,NHLRC2,SLC22A2
POLH,RPS27A,NOTCH1,WNT3A
POLH,AHNAK,EGFR,EGF,GFRA2
POLH,UBC,GSK3B,ACSBG1
POLH,AHNAK,RPL14,MYCN,SEMA4A
POLH,AHNAK,CDK2,TSPYL2,ADM,RAMP2
POLH,UBC,CBL,FRS3
POLH,AHNAK,U2AF2,FUBP1,BORCS5
POLH,AHNAK,ACTN4,SORBS2,CCKBR
POLH,UBC,RHOA,EHBP1
POLH,AHNAK,CDK2,TSPYL2,PIEZO1
POLH,UBC,MALT1,CARD14
POLH,AHNAK,AKIRIN2,MUC13
POLH,UBC,NFKBIA
POLH,UBC,HSD17B11,PGRMC1
POLH,AHNAK,ANXA2,ITSN1
POLH,AHNAK,HSPA5,LOC102723407,CD1B
POLH,AHNAK,PLEKHA7,GJA1
POLH,UBC,RHOA,EHBP1
POLH,AHNAK,TARDBP,ATF3,PXDNL
POLH,UBE2B,RNF20,DIS3L
POLH,AHNAK,EGFR,EGF
POLH,UBC,ABL1,WNK2
POLH,AHNAK,FMR1,CD6
POLH,AHNAK,STIP1,HINT1
POLH,UBC,GSK3B,ACSBG1
POLH,UBC,TRAF1,TNFRSF13C
POLH,TRAIP,TBK1,WHRN
POLH,RPS27A,IRAK1,KLRB1
POLH,UBC,RPS9,RRP8
POLH,AHNAK,GRB2,TBC1D3G
POLH,RPS27A,SRC,CYSTM1
POLH,AHNAK,SEC16A,MAPK1
POLH,UBC,TRAF1,TNFRSF13C,TNFSF4
POLH,AHNAK,HNRNPD,TOMM34,PTGER1
POLH,AHNAK,PRPF8,SF3A3,OPN1LW
POLH,UBC,BSG,CTSL
POLH,AHNAK,GRB2,TBC1D3G
POLH,AHNAK,EGFR,EGF,IFNGR2
POLH,UBC,BSG,CTSL
POLH,AHNAK,CDH1,ITGA6
POLH,RPS27A,INSR,CYTH3
POLH,AHNAK,KIF23,ARF3
POLH,AHNAK,PLEKHA7,GJA1
POLH,AHNAK,HSPA5,LOC102723407,PLXNB3
POLH,RPS27A,INSR,CYTH3
POLH,UBC,RHOA,EHBP1
POLH,AHNAK,KIF23,ARF3,PCDHAC1
POLH,AHNAK,EGFR,EGF,DYSF
POLH,UBC,AXIN1
POLH,AHNAK,FMR1,CD6,KCNJ2
POLH,AHNAK,ACTN4,SORBS2,VIPR1,VIP,ADCYAP1R1
POLH,AHNAK,GRB2,TBC1D3G
POLH,AHNAK,HSPA5,LOC102723407,TMEM219
POLH,UBC,HSD17B11,PGRMC1
POLH,AHNAK,RNF4,VEZF1,CD8A,CD8B
POLH,AHNAK,STIP1,HINT1
POLH,UBC,TRIM36,DCDC2,C5AR2
POLH,UBC,SMURF1
POLH,UBC,RHOA,EHBP1
POLH,RAD18,YES1
POLH,AHNAK,EGFR,EGF
POLH,AHNAK,PRPF8,SF3A3,IL31RA
POLH,UBC,STUB1,AQP2
POLH,AHNAK,MAPT,APOE
POLH,AHNAK,EGFR,EGF,KCNC3
POLH,AHNAK,HSPA5,LOC102723407,MPO,APCDD1
POLH,UBC,CUL3,KLHL7
POLH,RPS27A,HRAS,RASGRP4
POLH,AHNAK,RPL14,MYCN,PCDHB2
POLH,AHNAK,FMR1,CD6,ASIC3
POLH,UBC,RHOA,EHBP1
POLH,UBC,ARRB2,APLNR
POLH,AHNAK,TANK,CCDC112,PCDHGA6
POLH,AHNAK,FMR1,CD6
POLH,UBC,SMC1A,GRM3
POLH,UBC,RHOA,EHBP1
POLH,AHNAK,PRPF8,SF3A3,ANPEP
POLH,AHNAK,HSPA5,LOC102723407,RAB3A
POLH,UBC,ABL1,WNK2
POLH,AHNAK,USP2,TNFAIP2,SERPINE1
POLH,AHNAK,ECT2,DDX50
POLH,AHNAK,HSPA5,LOC102723407,CRACR2A
POLH,AHNAK,KIF20A,MGAT5B,ADCY4
POLH,AHNAK,EGFR,EGF
POLH,AHNAK,EGFR,EGF
POLH,AHNAK,EGFR,EGF,P2RY1
POLH,AHNAK,TRIM37,KRBA1,PLPPR1
POLH,KNL1,PPP1CC,PDE6B
POLH,UBC,RHOA,EHBP1
POLH,RPS27A,CTTN
POLH,AHNAK,PLEKHA4,MTERF4,KCNK1
POLH,UBC,IKBKE,CD209
POLH,UBC,ABL1,WNK2
POLH,RPS27A,PRKCE,SERPINB9,SYT9
POLH,UBC,LARP7,EPB42
POLH,UBC,STX3,SYT1
POLH,AHNAK,EEF1A1
POLH,AHNAK,ACTN4,SORBS2,ECE1
POLH,AHNAK,MAPT,APOE
POLH,UBC,RAC1,ITGB5
POLH,AHNAK,EGFR,EGF
POLH,UBC,MAVS,TLR1
POLH,UBC,RHOT2,CNR2
POLH,PCNA,RHOF,ASIC1
POLH,AHNAK,BRD4,CCNT2
POLH,UBC,RHOA,EHBP1
POLH,RPS27A,RALBP1
POLH,AHNAK,EGFR,EGF
POLH,AHNAK,KIF20A,MGAT5B,SCHIP1
POLH,UBC,NTRK1,NCSTN,CATSPER1,CACNA1I,CATSPER2
POLH,AHNAK,RNF4,VEZF1,SLC34A2
POLH,AHNAK,EGFR,EGF
POLH,AHNAK,GRB2,TBC1D3G
POLH,UBC,RHOA,EHBP1
POLH,UBC,LNX1,SAT1
POLH,AHNAK,HSPA5,LOC102723407,ULBP3
POLH,RPS27A,RPS21,CLCA2
POLH,AHNAK,EGFR,EGF
POLH,UBC,RHOA,EHBP1
POLH,AHNAK,FMR1,CD6
POLH,AHNAK,EGFR,EGF
POLH,AHNAK,ACTN4,SORBS2,PHLDB2
POLH,AHNAK,EGFR,EGF
POLH,AHNAK,CDH1,ITGA6
POLH,AHNAK,EGFR,EGF
POLH,AHNAK,MAPT,APOE
POLH,UBC,MYO6
POLH,UBC,FBXO7,FGF10
POLH,UBC,PSEN1,APH1A
POLH,AHNAK,YAP1,GLIS3,OR3A1
POLH,AHNAK,RPL14,MYCN,ABHD17B
POLH,AHNAK,PLEKHA7,GJA1,ATRN
POLH,UBC,UBE2D3
POLH,UBC,RHOA,EHBP1
POLH,AHNAK,EGFR,EGF
POLH,UBC,PSMB3,NCR3LG1
POLH,UBC,NTRK1,NCSTN
POLH,AHNAK,ACTN4,SORBS2
POLH,AHNAK,HSPA5,LOC102723407,PCDHGA10
POLH,UBC,AP2M1
POLH,AHNAK,STIP1,HINT1,NTSR1
POLH,UBE2B,UBQLN4,DMPK
POLH,UBC,ARRB2,APLNR
POLH,AHNAK,ACTN4,SORBS2
POLH,AHNAK,EGFR,EGF
POLH,UBC,EPN2
POLH,AHNAK,KIF20A,MGAT5B,KCNK7
POLH,AHNAK,BRD4,CCNT2
POLH,UBC,TNIP2,APBA2
POLH,AHNAK,SUMO2,SERPINB6
POLH,UBC,BSG,CTSL,SLC17A2
POLH,AHNAK,CDH1,ITGA6
POLH,AHNAK,EEF1A1,ECPAS,CPNE1
POLH,UBC,PSMC5,HOMER3
POLH,UBC,OSBPL8,IFNLR1
POLH,AHNAK,EGFR,EGF
POLH,UBC,LNX1,SAT1
POLH,UBC,RHOA,EHBP1
POLH,UBE2B,UBQLN4,DMPK
POLH,MAD2L2,REL,SLC6A12
POLH,AHNAK,GRB2,TBC1D3G
POLH,AHNAK,CDH1,ITGA6
POLH,UBC,FBXO7,FGF10
POLH,AHNAK,FMR1,CD6,APBA1
POLH,AHNAK,CDK2,TSPYL2,ADGRA1
POLH,UBC,HTT,SLC25A11
POLH,RPS27A,APBB3,APLP1,CNTN5
POLH,UBC,ABRAXAS2,IFNAR1
POLH,UBC,AP2A1
POLH,TRAIP,TBK1,WHRN
POLH,UBC,RHOA,EHBP1
POLH,AHNAK,GRB2,TBC1D3G
POLH,AHNAK,NR2C2,DIS3,SLC26A11
POLH,AHNAK,ACTN4,SORBS2,TSHR
POLH,UBC,HSP90AB1,IRAK3
POLH,RPS27A,PRKCA,AKAP5
POLH,AHNAK,HSPA5,LOC102723407,PON2
POLH,UBC,CHP1,SLC9A3
POLH,AHNAK,STIP1,HINT1
POLH,UBC,ACTC1,NEXN
POLH,RPS27A,HRAS,RASGRP4
POLH,UBC,GSK3B,ACSBG1
POLH,AHNAK,EGFR,EGF
POLH,UBC,UCHL1,CD163
POLH,AHNAK,FMR1,CD6
POLH,AHNAK,EGFR,EGF
POLH,UBC,CUL3,KLHL7
POLH,AHNAK,EGFR,EGF,GNAT2
POLH,AHNAK,ANKRD26,BICD1,SNX30
POLH,RPS27A,SRC,CYSTM1
POLH,AHNAK,EGFR,EGF,PCDHB16,SLC39A11
POLH,RPS27A,TUBA4A,DNAL4
POLH,RPS27A,HRAS,RASGRP4
POLH,AHNAK,ECT2,DDX50
POLH,AHNAK,RPL14,MYCN,NPC1
POLH,AHNAK,NR2C2,DIS3,SYNGR1
POLH,UBC,RHOA,EHBP1
POLH,AHNAK,EGFR,EGF
POLH,RPS27A,SRC,CYSTM1
POLH,RPS27A,HSPA8,OSBPL7
POLH,UBC,UBE2T,TGM1
POLH,AHNAK,ACTN4,SORBS2
POLH,UBC,ARRB2,APLNR
POLH,AHNAK,PRPF8,SF3A3,SLC13A1
POLH,UBC,MAP1LC3C,STX17
POLH,UBC,HSP90AB1,IRAK3
POLH,RPS27A,HRAS,RASGRP4,SLC6A20
POLH,UBC,LNX1,SAT1,SLC43A2
POLH,AHNAK,YAP1,GLIS3,SLC39A1
POLH,AHNAK,RHBDF2,ADAM17
POLH,RPS27A,EXOSC10,DXO
POLH,UBC,FZR1,RGS11
POLH,UBC,GNB2,RGS6
POLH,AHNAK,FMR1,CD6
POLH,UBC,CUL3,KLHL7
POLH,UBE2B,ZMYM2,C8A
POLH,AHNAK,RHBDF2,ADAM17
POLH,PCNA,ATM,PVR
POLH,AHNAK,ECT2,DDX50,RIC8B
POLH,RPS27A,NOTCH1,WNT3A
POLH,AHNAK,FMR1,CD6
POLH,UBC,TRAF1,TNFRSF13C
POLH,UBC,LARP7,EPB42
POLH,AHNAK,HSPA5,LOC102723407,ATP8B3
POLH,UBE2B,ZMYM2,C8A
POLH,AHNAK,ATF2,TMED10
POLH,AHNAK,EGFR,EGF
POLH,AHNAK,KIF20A,MGAT5B,SLC19A2
POLH,UBC,RHOA,EHBP1
POLH,AHNAK,HNRNPH1,SCUBE3
POLH,UBC,HSD17B11,PGRMC1
POLH,AHNAK,HNRNPH1,SCUBE3
POLH,PIAS1,CEP250,ENTHD1
POLH,UBC,RHOT2,CNR2
POLH,RPS27A,INSR,CYTH3
POLH,AHNAK,NR2C2,DIS3,PLCD3
POLH,UBC,FGFR1,FLRT1
POLH,AHNAK,ECT2,DDX50,HCRTR2
POLH,UBC,AMFR,OR4N2
POLH,AHNAK,PLEKHA7,GJA1
POLH,UBC,ABL1,WNK2
POLH,PCNA,ATM,PVR
POLH,AHNAK,CDK2,TSPYL2,MDGA1
POLH,AHNAK,CDH1,ITGA6,CDH24
POLH,RPS27A,BTF3,LILRB4
POLH,AHNAK,YAP1,GLIS3,ADAM32
POLH,AHNAK,NXF1,DDX19A,WARS2
POLH,AHNAK,EGFR,EGF
POLH,AHNAK,MAPT,APOE
POLH,AHNAK,EGFR,EGF
POLH,AHNAK,MAPT,APOE
POLH,UBC,RNF216,TIRAP,TNFSF9
POLH,UBC,ATP5F1A,ABCA2
POLH,AHNAK,CDH1,ITGA6
POLH,UBC,PGAM2,PLPP3
POLH,PIAS1,NR3C1,CLPTM1L,CNGB1
POLH,AHNAK,LRRK2,ZC3H15,ADRB3
POLH,RPS27A,PFN1,CDH4
POLH,UBC,RHOA,EHBP1
POLH,UBC,RHOA,EHBP1
POLH,UBC,RHOA,EHBP1
POLH,AHNAK,GRB2,TBC1D3G
POLH,AHNAK,HSPA9,AQP12B,TRPC7
POLH,AHNAK,ATF2,TMED10
POLH,AHNAK,SUMO2,SERPINB6
POLH,AHNAK,EGFR,EGF,CD1D
POLH,UBC,GSK3B,ACSBG1
POLH,UBC,TAX1BP1,PLPP4
POLH,UBC,NTRK1,NCSTN
POLH,AHNAK,DMD
POLH,AHNAK,AKIRIN2,MUC13
POLH,PIAS1,HIC1,ACKR3
POLH,RPS27A,SRC,CYSTM1
POLH,AHNAK,MAPT,APOE
POLH,AHNAK,STIP1,HINT1
POLH,RPS27A,CSF3R
POLH,AHNAK,EGFR,EGF
POLH,AHNAK,EGFR,EGF
POLH,AHNAK,YTHDC1,FOXK2,GABRQ
POLH,UBC,RNF5,ERLIN2
POLH,UBC,TRIM32,PDE9A
POLH,REV1,MSH2,HLA-DPB1
POLH,AHNAK,MAPT,APOE
POLH,UBC,RHOA,EHBP1
POLH,UBC,ARRB2,APLNR,PTCH2
POLH,AHNAK,BRD4,CCNT2
POLH,AHNAK,MAPT,APOE
POLH,AHNAK,EGFR,EGF
POLH,UBC,PSEN1,APH1A
POLH,AHNAK,EGFR,EGF
POLH,UBC,AP2M1,CTLA4
POLH,UBC,RHOA,EHBP1
POLH,UBC,PRKCB,NOX1
POLH,AHNAK,HSPA5,LOC102723407,SLC6A4,GPM6B
POLH,AHNAK,HSPA5,LOC102723407,SLC27A1
POLH,RPS27A,HRAS
POLH,AHNAK,ECT2,DDX50
POLH,AHNAK,EGFR,EGF
POLH,AHNAK,CHMP4C
POLH,AHNAK,RNF4,VEZF1,CHRNB3
POLH,AHNAK,NDN,LTF
POLH,AHNAK,PPP1R9A,DCLK2,ARHGAP18
POLH,AHNAK,NXF1,DDX19A,CHRNG
POLH,UBC,GSK3B,ACSBG1
POLH,UBC,GSK3B,ACSBG1
POLH,UBC,NTRK1,NCSTN
POLH,AHNAK,EGFR,EGF,GRID2
POLH,UBC,JUN,CX3CL1
POLH,RPS27A,NOTCH1,WNT3A
POLH,UBC,HGS,SNAP25
POLH,UBC,WDR5,KANSL2
POLH,AHNAK,CDH1,ITGA6
POLH,AHNAK,CDH1,ITGA6
POLH,UBC,FZR1,RGS11
POLH,AHNAK,GRB2,TBC1D3G
POLH,RPS27A,PRKCA,AKAP5
POLH,AHNAK,STIP1,HINT1
POLH,UBC,RHOA,EHBP1
POLH,AHNAK,HSPA5,LOC102723407,PCSK6
POLH,RPS27A,RPL13A,CYP2E1,ABCA5
POLH,UBC,ABL1,WNK2
POLH,AHNAK,EGFR,EGF,BTN2A1
POLH,UBC,CBL,FRS3
POLH,UBC,RHOA,EHBP1
POLH,RPS27A,TUBA4A,DNAL4
POLH,RPS27A,NOTCH1,WNT3A,TSLP,CRLF2
POLH,AHNAK,EEF2
POLH,AHNAK,HSPA5,LOC102723407,KCNK16
POLH,AHNAK,ECT2,DDX50
POLH,RPS27A,CD4
POLH,UBC,MIB1,GRIN2A
POLH,AHNAK,ECT2,DDX50
POLH,AHNAK,HSPA5,LOC102723407,IL20RB
POLH,UBC,GSK3B,ACSBG1
POLH,UBC,JUN,CX3CL1
POLH,RPS27A,RASL10B
POLH,AHNAK,EGFR,EGF
POLH,UBE2B,RNF20,DIS3L
POLH,UBC,MIB1,GRIN2A
POLH,UBC,ACTC1,NEXN
POLH,PIAS1,TDP1
POLH,AHNAK,SUMO2,SERPINB6
POLH,AHNAK,HSPB1,MAPKAPK5,SMPD1
POLH,AHNAK,HNRNPD,TOMM34,TVP23B,YIPF1
POLH,UBC,RHOA,EHBP1
POLH,UBC,NEDD4L,SLC22A11,CSPG5
POLH,AHNAK,ATF2,TMED10
POLH,UBC,ABL1,WNK2
POLH,AHNAK,FMR1,CD6
POLH,AHNAK,ECT2,DDX50
POLH,UBC,CYLD
POLH,UBC,RHOA,EHBP1
POLH,AHNAK,STIP1,HINT1
POLH,PCNA,RHOF
POLH,AHNAK,ANKRD26,BICD1,JAM3,JAM2
POLH,AHNAK,KIF20A,MGAT5B,FCGR2B
POLH,AHNAK,EGFR,EGF
POLH,AHNAK,EGFR,EGF
POLH,UBC,TRAF1,TNFRSF13C
POLH,UBC,RHOA,EHBP1
POLH,AHNAK,CDH1,ITGA6
POLH,RPS27A,HSPA8,OSBPL7
POLH,AHNAK,PPL
POLH,REV1,UBB,SLC14A1
POLH,AHNAK,ECT2,DDX50
POLH,RPS27A,HRAS,RASGRP4,SLC6A19
POLH,RPS27A,SRC
POLH,AHNAK,ANXA2,ITSN1,PRTG
POLH,RPS27A,PRKCA,AKAP5
POLH,PIAS1,CEP250,ENTHD1
POLH,AHNAK,STIP1,HINT1
POLH,AHNAK,FMR1,CD6
POLH,UBC,ARRB2,APLNR
POLH,AHNAK,KIF23,ARF3
POLH,AHNAK,GRB2,TBC1D3G
POLH,AHNAK,ITK,WAS,TSPAN7,LHFPL5
POLH,RPS27A,SRC,CYSTM1
POLH,UBC,AGO2,SLC7A9
POLH,RPS27A,HEATR1,HLA-DQB1
POLH,RPS27A,INSR,CYTH3
POLH,RPS27A,HSPA8,OSBPL7
POLH,UBC,GSK3B,ACSBG1
POLH,AHNAK,PLEKHA7,GJA1
POLH,AHNAK,PLEKHA7,GJA1
POLH,AHNAK,STIP1,HINT1,HTR5A
POLH,UBC,GSK3B,ACSBG1
POLH,UBC,FGFR1,FLRT1
POLH,RPS27A,NOTCH1,WNT3A
POLH,AHNAK,GABARAPL1,RB1CC1,BTN1A1
POLH,AHNAK,FMR1,CD6,ADGRB1
POLH,AHNAK,EGFR,EGF
POLH,RPS27A,HSPA8,OSBPL7
POLH,AHNAK,BRD4,CCNT2
POLH,UBE2B,UBQLN4,DMPK
POLH,UBC,MAP1LC3B,CLEC7A
POLH,AHNAK,EGFR,EGF
POLH,UBC,RNF5,ERLIN2
POLH,AHNAK,HSPA5,LOC102723407,CNTN3
POLH,UBC,TNIP2,APBA2
POLH,UBC,HSD17B11,PGRMC1
POLH,UBC,SHARPIN,ITGA5
POLH,AHNAK,BRD4,CCNT2
POLH,RPS27A,IP6K2,GABRR1
POLH,AHNAK,CDK2,TSPYL2,CDH17
POLH,AHNAK,HSPA5,LOC102723407,PRF1
POLH,AHNAK,HDAC2,PROX1,HLA-DOA
POLH,UBC,NEDD4L,SLC22A11
POLH,UBC,HSP90AB1,IRAK3
POLH,RPS27A,SRC,CYSTM1
POLH,AHNAK,ACTN4,SORBS2
POLH,PIAS1,FHL1,FERMT2
POLH,RAD18,EPHA2,CAMK1G
POLH,RPS27A,SLC38A1,SLC10A1
POLH,UBC,ARRB2,APLNR
POLH,AHNAK,AKIRIN2,MUC13
POLH,AHNAK,GABARAPL1,RB1CC1,CLEC5A
POLH,MLH1,EXO1,SLC46A1
POLH,AHNAK,STIP1,HINT1,GHSR
POLH,AHNAK,CDH1,ITGA6,WNT3
POLH,UBC,ZAP70,CD3G
POLH,AHNAK,USP14,GSS,ADRA1A
POLH,AHNAK,KIF23,ARF3
POLH,AHNAK,YAP1,GLIS3,KLRK1,RAET1L
POLH,UBC,CHP1,SLC9A3
POLH,AHNAK,STIP1,HINT1
POLH,AHNAK,ACTN4,SORBS2
POLH,UBC,RHOA,EHBP1
POLH,AHNAK,ATF2,TMED10
POLH,UBC,SLC38A5
POLH,AHNAK,ECT2,DDX50
POLH,UBC,LARP7,EPB42
POLH,AHNAK,BRD4,CCNT2
POLH,UBC,IKBKG,NOD2
POLH,UBC,AGO2,SLC7A9
POLH,PIAS1,AKT,GRIN2C
POLH,UBC,RHOA,EHBP1
POLH,AHNAK,LRRK2,ZC3H15,CNNM1
POLH,AHNAK,NUDT12,EPS8L1
POLH,AHNAK,HDAC2,PROX1,POMC,MC3R
POLH,AHNAK,ACTN4,SORBS2,ADK
POLH,UBC,ARRB2,APLNR
POLH,AHNAK,S100A10
POLH,UBC,RHOA,EHBP1
POLH,UBC,MIB1,GRIN2A
POLH,AHNAK,ATF2,TMED10
POLH,PIAS1,CSK
POLH,RPS27A,SRC,CYSTM1
POLH,UBC,HTT,SLC25A11,JPH2
POLH,RPS27A,RACK1,KCNAB1
POLH,AHNAK,MAPT,APOE
POLH,AHNAK,STIP1,HINT1
POLH,AHNAK,CDH1,ITGA6
POLH,AHNAK,BRD4,CCNT2
POLH,UBC,PSEN1,APH1A
POLH,AHNAK,CHMP4B,METRNL,RGS5
POLH,AHNAK,ECT2,DDX50
POLH,AHNAK,HSPA5,LOC102723407,PTPRN
POLH,UBC,STUB1,AQP2
POLH,RPS27A,SRC,CYSTM1
POLH,UBC,RAC1,ITGB5
POLH,AHNAK,CHMP4B,METRNL,RGS18
POLH,AHNAK,ECT2,DDX50
POLH,AHNAK,FMR1,CD6
POLH,AHNAK,EGFR,EGF
POLH,RPS27A,INSR,CYTH3
POLH,UBC,GSK3B,ACSBG1
POLH,UBC,TNIP2,APBA2
POLH,AHNAK,GRB2,TBC1D3G
POLH,AHNAK,CDH1,ITGA6
POLH,AHNAK,EGFR,EGF
POLH,AHNAK,STIP1,HINT1
POLH,AHNAK,EGFR,EGF
POLH,UBC,AGO2,SLC7A9
POLH,AHNAK,PRPF8,SF3A3,CHRNA5
POLH,AHNAK,EGFR,EGF
POLH,UBC,PRKCB,NOX1
POLH,AHNAK,MAPT
POLH,AHNAK,EGFR,EGF
POLH,AHNAK,ECT2,DDX50
POLH,UBC,ZAP70,CD3G
POLH,AHNAK,TANK,CCDC112,OXTR
POLH,AHNAK,ECT2,DDX50
POLH,AHNAK,EGFR,EGF,CACNG7
POLH,RPS27A,TGM5
POLH,RAD18,AXL,TREML2
POLH,RPS27A,SLC11A2
POLH,AHNAK,ITK,WAS,TSPAN7
POLH,AHNAK,HSPA5,LOC102723407,MYD88
POLH,UBC,WWP2,ARRDC4
POLH,AHNAK,HSPA5,LOC102723407,SLC4A4
POLH,AHNAK,OBSL1,MTMR2,AOC1
POLH,AHNAK,CDH1,ITGA6
POLH,AHNAK,GRB2,TBC1D3G
POLH,AHNAK,NR2C2,DIS3,RAB19
POLH,AHNAK,STIP1,HINT1
POLH,AHNAK,STIP1,HINT1
POLH,AHNAK,USP14,GSS,GRK3
POLH,AHNAK,HSPA5,LOC102723407,PCDHGA4
POLH,AHNAK,CDK2,TSPYL2,LRRC8B
POLH,AHNAK,HSPA5,LOC102723407,EFNA2
POLH,AHNAK,STIP1,HINT1
POLH,UBC,GNB2,RGS6
POLH,UBC,BSG,CTSL
POLH,UBC,RHOA,EHBP1
POLH,UBC,NTRK1,NCSTN
POLH,RPS27A,ERBB2,PTGER3
POLH,UBC,ABL1,WNK2
POLH,AHNAK,ECT2,DDX50,TRHR
POLH,AHNAK,HSPB1,MAPKAPK5,ABCB4
POLH,UBC,JUN,CX3CL1
POLH,UBC,CUL3,KLHL7
POLH,UBC,MAP1LC3C,STX17
POLH,UBC,ATP1A1
POLH,UBC,MIB1,GRIN2A
POLH,UBC,KDR,ANOS1
POLH,AHNAK,BRD4,CCNT2
POLH,AHNAK,STIP1,HINT1
POLH,AHNAK,STIP1,HINT1
POLH,UBC,HSD17B11,PGRMC1,CYP2C8
POLH,AHNAK,RHBDF2
POLH,AHNAK,U2AF2,FUBP1,EFR3B
POLH,UBE2B,UNK,PNRC1,SLC2A9
POLH,AHNAK,KIF20A,MGAT5B,ADAM21
POLH,UBE2B,MDM2
POLH,AHNAK,CDH1,ITGA6
POLH,RPS27A,BTF3
POLH,KNL1,CRYBB3,RGL3
POLH,AHNAK,EGFR,EGF,LILRB3
POLH,AHNAK,KIF23,ARF3
POLH,AHNAK,CDH1,ITGA6
POLH,AHNAK,PLEKHA4,MTERF4,FXYD6
POLH,AHNAK,PRPF8,SF3A3,NEU1
POLH,UBC,ABL1,WNK2
POLH,UBC,CASP8,PLIN4
POLH,UBC,MIB1,GRIN2A
POLH,AHNAK,HNRNPH1,SCUBE3
POLH,PIAS1,PTPN1,C1orf210
POLH,AHNAK,GRB2,TBC1D3G
POLH,AHNAK,SDC1,SDC3
POLH,AHNAK,STIP1,HINT1
POLH,UBC,RHOA,EHBP1
POLH,UBC,RHOA,EHBP1
POLH,AHNAK,EMC1,TRDN,UGT8
POLH,AHNAK,ATF2,TMED10
POLH,RPS27A,NOS1
POLH,UBC,RHOA,EHBP1,ABCA6,ABCA8
POLH,AHNAK,EGFR,EGF
POLH,AHNAK,CDK2,TSPYL2,MUC2
POLH,RPS27A,CD4,ADORA2A
POLH,AHNAK,EGFR,EGF
POLH,AHNAK,SUMO2,SERPINB6
POLH,AHNAK,U2AF2,FUBP1,SLC17A7
POLH,AHNAK,STIP1,HINT1
POLH,AHNAK,SEC16A,MAPK1
POLH,AHNAK,EGFR,EGF
POLH,UBC,LARP7,EPB42
POLH,UBC,TRAF6
POLH,AHNAK,EGFR,EGF,PCDHB16
POLH,AHNAK,RNF4,VEZF1,HTR3C
POLH,UBC,EEF1A2,SLC13A5
POLH,UBC,BSG
POLH,AHNAK,EGFR,EGF,DRP2
POLH,UBC,ATP5F1A,ABCA2
POLH,AHNAK,GRB2,TBC1D3G
POLH,UBC,ARRB2,APLNR
POLH,UBC,HTT,SLC25A11
POLH,AHNAK,H2BC3,H1-2,ARL4A
POLH,AHNAK,ACTN4,SORBS2
POLH,AHNAK,TANK,CCDC112,APOA1
POLH,RPS27A,CFTR,CLCA1
POLH,AHNAK,H2BC3,H1-2,FGG
POLH,UBE2B,ZMYM2,C8A
POLH,AHNAK,CHMP4B,METRNL,RAB3GAP2
POLH,RPS27A,HRAS,RASGRP4
POLH,AHNAK,RNF4,VEZF1,CHRNA3
POLH,AHNAK,EGFR,EGF
POLH,AHNAK,EGFR,EGF
POLH,AHNAK,HSPA9,AQP12B,GCA
POLH,UBC,TRAF2,TNFRSF25
POLH,UBC,MACF1,TESC
POLH,AHNAK,ACTN4,SORBS2
POLH,AHNAK,EGFR,EGF
POLH,AHNAK,KIF23,ARF3
POLH,RPS27A,HSPA8,OSBPL7
POLH,UBC,MIB1,GRIN2A
POLH,PIAS1,AKT,GRIN2C
POLH,AHNAK,CDH1,ITGA6
POLH,AHNAK,GRB2,TBC1D3G
POLH,AHNAK,H3-4,KDM2A,CDAN1
POLH,AHNAK,PRPF8,SF3A3,CNTN4
POLH,UBC,CHP1,SLC9A3
POLH,AHNAK,LRRK2,ZC3H15,KCNN2
POLH,AHNAK,EGFR,EGF
POLH,UBC,ARRB2,APLNR
POLH,AHNAK,EGFR,EGF
POLH,UBC,PODXL,SELL
POLH,UBC,AMFR,OR4N2
POLH,UBC,CUL3,KLHL7
POLH,RPS27A,CFTR,CLCA1
POLH,AHNAK,HSPA5,LOC102723407,ATP11C
POLH,AHNAK,PHLPP1,MCAM
POLH,UBC,FBXO7,FGF10
POLH,UBC,STAMBP
POLH,AHNAK,RNF4,VEZF1,CD1E
POLH,RPS27A,HSPA8,OSBPL7
POLH,UBC,RHOA,EHBP1
POLH,AHNAK,ST14,ANKRD46,STS
POLH,AHNAK,EGFR,EGF
POLH,UBC,RHOA,EHBP1
POLH,REV1,UBB,SLC14A1
POLH,RPS27A,PRKCA,AKAP5
POLH,AHNAK,FMR1,CD6
POLH,UBC,DNAJB6,AQP8
POLH,UBC,TRAF1,TNFRSF13C
POLH,AHNAK,USP2,TNFAIP2,TGFB3
POLH,AHNAK,MAPT,APOE
POLH,AHNAK,EGFR,EGF
POLH,AHNAK,CHMP4B,METRNL,WLS
POLH,UBC,FLOT1
POLH,AHNAK,ESR1,SPECC1,CRHR2
POLH,AHNAK,STIP1,HINT1
POLH,AHNAK,YTHDC1,FOXK2,IL12RB1
POLH,AHNAK,CHMP4C,RIT2
POLH,AHNAK,STIP1,HINT1,MC2R
POLH,PIAS1,PGR
POLH,UBC,BSG,CTSL,TSPO2
POLH,AHNAK,SUMO2,SERPINB6
POLH,AHNAK,FMR1,CD6
POLH,RPS27A,SRC,CYSTM1
POLH,AHNAK,MAPT,APOE
POLH,UBC,HSD17B11,PGRMC1
POLH,UBC,HSP90AB1,IRAK3
POLH,UBC,UCHL1,CD163
POLH,RPS27A,SRC,CYSTM1
POLH,UBC,HUWE1,FURIN
POLH,UBC,MIB1,GRIN2A
POLH,UBC,TRAP1,NDUFA10,AMACR
POLH,AHNAK,SUMO2,SERPINB6
POLH,AHNAK,EGFR,EGF
POLH,UBC,MALT1,CARD14
POLH,AHNAK,YAP1,GLIS3,MPP2
POLH,AHNAK,RPL14,MYCN,MUC5B
POLH,RPS27A,CCDC124
POLH,AHNAK,CDH1,ITGA6
POLH,AHNAK,PLEKHA7,GJA1
POLH,UBC,HSD17B11,PGRMC1
POLH,AHNAK,HSPA5,LOC102723407,PLA2G4C
POLH,AHNAK,KIF20A,MGAT5B,SLC8A1
POLH,AHNAK,CDH1,ITGA6
POLH,AHNAK,EGFR,EGF,EPS8L3
POLH,UBC,CUL3,KLHL7
POLH,AHNAK,HSPA5,LOC102723407,SLC3A1
POLH,AHNAK,RHBDF2,ADAM17
POLH,UBC,ARRB2,APLNR,LRP12,NMRK2
POLH,AHNAK,RNF4,VEZF1,FPGT,NLN
POLH,AHNAK,HDAC2,PROX1,SLC15A4
POLH,AHNAK,PRPF8,SF3A3,NAA38,NAA35
POLH,AHNAK,ATF2,TMED10,GABBR2
POLH,AHNAK,KIF20A,MGAT5B,BTN3A1
POLH,AHNAK,FMR1,CD6,MS4A2
POLH,AHNAK,YTHDC1,FOXK2,PCDHB14
POLH,UBC,GSK3B,ACSBG1
POLH,UBC,LNX1,SAT1
POLH,UBC,RAC1,ITGB5
POLH,AHNAK,EGFR,EGF
POLH,AHNAK,PLEKHA4,MTERF4,ENTPD2
POLH,AHNAK,EGFR,EGF
POLH,AHNAK,EGFR,EGF
POLH,UBC,HTT,SLC25A11,DUOX2
POLH,UBC,MAVS,TLR1
POLH,AHNAK,SEC16A,MAPK1
POLH,AHNAK,ACTN4,SORBS2,SLC26A3
POLH,UBC,RHOA,EHBP1
POLH,AHNAK,HSPA5,LOC102723407,SLC39A8
POLH,RPS27A,SRC,CYSTM1
POLH,AHNAK,TP53,ZNF763,FCMR
POLH,AHNAK,CDK2,TSPYL2,HTR3E
POLH,AHNAK,KIF23,ARF3
POLH,AHNAK,USP2,TNFAIP2,SLC6A13
POLH,UBC,MTOR,TRMT61A,NCR1
POLH,AHNAK,NR2C2,DIS3,MIGA1
POLH,UBC,PGAM2,PLPP3
POLH,AHNAK,CCDC8
POLH,UBC,CCT2,LRRC10,CD40LG
POLH,AHNAK,ECT2,DDX50,CD300LB,TYROBP,TREM1
POLH,UBC,WDR5,KANSL2
POLH,UBC,WDR5,KANSL2
POLH,AHNAK,PRPF8,SF3A3,ZGPAT
POLH,AHNAK,STIP1,HINT1
POLH,AHNAK,NCBP2,INA,KNSTRN
POLH,AHNAK,ECT2,DDX50,GPR52
POLH,AHNAK,GRB2,TBC1D3G
POLH,AHNAK,CDH1,ITGA6,CAPRIN2
POLH,UBC,TNIP2,APBA2
POLH,UBC,BSG,CTSL
POLH,UBC,CAV1
POLH,UBC,CUL3,KLHL7
POLH,UBC,PSMC4,BLTP2
POLH,AHNAK,STIP1,HINT1,CCR6
POLH,UBC,HGS,SNAP25
POLH,UBC,RHOA,EHBP1
POLH,UBC,TRIM23,TRIM42,TNFRSF11B
POLH,UBC,MIB1,GRIN2A
POLH,RPS27A,PRKCA,AKAP5
POLH,AHNAK,FMR1,CD6,KIRREL3
POLH,UBC,MIB1,GRIN2A
POLH,RPS27A,SRC,CYSTM1
POLH,UBC,WDR5,KANSL2
POLH,RPS27A,IMP3
POLH,AHNAK,MAPT,APOE
POLH,UBC,NTRK1,NCSTN
POLH,UBC,NTRK1,NCSTN
POLH,AHNAK,KIF20A,MGAT5B,HFE
POLH,UBC,H2AZ1,RPS6KA6,KCNIP2
POLH,AHNAK,MYO19,RAB27A,MARCKSL1
POLH,AHNAK,EGFR,EGF
POLH,AHNAK,GRB2,TBC1D3G
POLH,RPS27A,INPP5K
POLH,UBC,RHOA,EHBP1
POLH,RPS27A,KCNS3,KCNB2
POLH,RPS27A,HSPA8,OSBPL7
POLH,AHNAK,TP53,ZNF763,IL6R
POLH,AHNAK,EGFR,EGF
POLH,RAD18,EPHA2,CAMK1G
POLH,UBC,MAVS,TLR1
POLH,AHNAK,KIF20A,MGAT5B,SLC16A2
POLH,UBC,OPTN,KHNYN,NTRK3
POLH,UBC,RAC1,ITGB5
POLH,AHNAK,STIP1,HINT1
POLH,AHNAK,SUMO2,SERPINB6
POLH,UBC,NTRK1,NCSTN
POLH,AHNAK,ATF2,TMED10
POLH,AHNAK,HSPB1,MAPKAPK5,PLGRKT
POLH,RPS27A,BTF3,LILRB4
POLH,RPS27A,INSR
POLH,AHNAK,EGFR,EGF,GFRA3
POLH,AHNAK,GRB2,TBC1D3G
POLH,TRAIP,ALOX15B
POLH,UBC,IKBKG,NOD2
POLH,AHNAK,PCBP1,ANXA11,MMP16
POLH,UBC,RNF144A
POLH,UBC,GSK3B,ACSBG1
POLH,AHNAK,EGFR,EGF,TUB
POLH,AHNAK,ACTN4,SORBS2
POLH,AHNAK,HSPA5,LOC102723407,GPC3
POLH,AHNAK,CHMP4B,METRNL,RGS10
POLH,UBC,NEDD4L,SLC22A11
POLH,UBC,HERC2
POLH,AHNAK,PPP3CB
POLH,AHNAK,NCBP2,INA,CDSN
POLH,UBC,LNX1,SAT1
POLH,AHNAK,HSPA5,LOC102723407,ARAP1
POLH,AHNAK,SUMO2,SERPINB6
POLH,AHNAK,PHLPP1
POLH,AHNAK,HNRNPH1,SCUBE3
POLH,AHNAK,EGFR,EGF
POLH,RPS27A,HSPA8,OSBPL7
POLH,UBC,RPS3
POLH,AHNAK,GRB2,TBC1D3G
POLH,AHNAK,ECT2,DDX50
POLH,AHNAK,YAP1,GLIS3,TNFSF11
POLH,UBC,SMC1A,GRM3
POLH,AHNAK,ATF2,TMED10
POLH,AHNAK,RNF4,VEZF1,SLC31A2
POLH,AHNAK,RPL14,MYCN,TMEM63B
POLH,RPS27A,CFTR,CLCA1
POLH,AHNAK,HSPB1,MAPKAPK5,P2RY11
POLH,UBC,RHOT2,CNR2
POLH,AHNAK,HSPA5,LOC102723407,BTBD17
POLH,UBC,RHOA,EHBP1
POLH,AHNAK,PPP3CB,RCAN1,PLAUR
POLH,UBC,NEDD4L,SLC22A11
POLH,AHNAK,SUMO2,SERPINB6
POLH,UBC,ARRB2,APLNR
POLH,UBC,HSD17B11,PGRMC1
POLH,UBC,HUWE1,FURIN
POLH,AHNAK,ACTN4,SORBS2,RAB29
POLH,AHNAK,EGFR,EGF,CLCN3,CNGA4
POLH,UBC,SMC1A,GRM3
POLH,PCNA,RNASEH2A,ICAM5
POLH,AHNAK,ATF2,TMED10
POLH,AHNAK,CDH1,ITGA6
POLH,UBC,RAC1,ITGB5
POLH,AHNAK,CDK2,TSPYL2,MC4R
POLH,AHNAK,MAPT,APOE
POLH,AHNAK,NR2C2,DIS3,GJB2
POLH,AHNAK,GRB2,TBC1D3G
POLH,AHNAK,MYO19,RAB27A,PNPLA2
POLH,AHNAK,ACTN4,SORBS2
POLH,AHNAK,PLEKHA7,GJA1
POLH,AHNAK,FMR1,CD6
POLH,UBC,GSK3B,ACSBG1
POLH,UBC,LNX1,SAT1
POLH,UBC,MIB1,GRIN2A
POLH,AHNAK,BRD4,CCNT2
POLH,RPS27A,SRC,CYSTM1
POLH,UBE2B,UBR2,ATE1,LRFN3
POLH,UBC,EPN1
POLH,UBC,FGFR1,FLRT1
POLH,RPS27A,HSPA8,OSBPL7
POLH,AHNAK,ECT2,DDX50
POLH,AHNAK,EGFR,EGF
POLH,AHNAK,ECT2,DDX50
POLH,UBC,HTT,SLC25A11
POLH,AHNAK,ACTN4,SORBS2
POLH,UBC,CBL,FRS3
POLH,RPS27A,KCNS3,KCNB2
POLH,UBC,NTRK1
POLH,UBC,LARP7,EPB42
POLH,AHNAK,SEC16A,MAPK1
POLH,AHNAK,EGFR,EGF,LY86,CD180
POLH,AHNAK,EGFR,EGF
POLH,AHNAK,LRRK2,ZC3H15,INPP5J
POLH,AHNAK,KIF20A,MGAT5B,ASIC2
POLH,AHNAK,STIP1,HINT1
POLH,AHNAK,EGFR,EGF
POLH,UBC,HTT,SLC25A11
POLH,UBC,RHOT2,CNR2
POLH,AHNAK,EGFR,EGF
POLH,AHNAK,PLEKHA4,MTERF4,HAUS7
POLH,UBC,RHOA,EHBP1
POLH,UBC,NEDD4L,SLC22A11
POLH,UBC,GSK3B,ACSBG1
POLH,UBC,HSP90AB1,IRAK3
POLH,AHNAK,CHMP4B,METRNL,GCG
POLH,AHNAK,EGFR,EGF
POLH,UBC,LNX1,SAT1
POLH,AHNAK,RNF4,VEZF1,CFC1
POLH,PCNA,RNASEH2A,ICAM5
POLH,AHNAK,FMR1,CD6,BTLA
POLH,RPS27A,ERN1,PCDHGB5
POLH,REV1,UBB,SLC14A1
POLH,UBC,LNX1,SAT1
POLH,PCNA,RNASEH2A,ICAM5
POLH,UBC,RHOA,EHBP1
POLH,UBC,FGFR1,FLRT1
POLH,PIAS1,HIC1,ACKR3
POLH,UBC,FZR1,RGS11
POLH,UBC,GSK3B,ACSBG1
POLH,AHNAK,MYO19,RAB27A,DUOX1,DUOXA1
POLH,AHNAK,HSPA5,LOC102723407,PCDHB15
POLH,AHNAK,STIP1,HINT1
POLH,UBC,ANKRD13A
POLH,AHNAK,EGFR,EGF,RAB3B
POLH,UBC,GSK3B,ACSBG1
POLH,AHNAK,ECT2,DDX50
POLH,UBE2B,UBXN7,XKRX
POLH,RPS27A,NOTCH1,WNT3A
POLH,RPS27A,HRAS,RASGRP4
POLH,UBC,RHOA,EHBP1
POLH,UBC,FANCI,UPK2
POLH,AHNAK,EGFR,EGF
POLH,AHNAK,EGFR,EGF
POLH,AHNAK,FMNL1,NHLRC2,RASGRP2
POLH,AHNAK,EGFR,EGF
POLH,UBC,DAXX,USH1G
POLH,UBC,WDR5,KANSL2
POLH,AHNAK,PLEKHA4,MTERF4,TRARG1
POLH,UBC,SMC1A,GRM3
POLH,AHNAK,CDH1,ITGA6
POLH,AHNAK,EGFR,EGF
POLH,UBC,TRAF1,TNFRSF13C
POLH,AHNAK,NUDT12,EPS8L1
POLH,UBC,PSMC5,HOMER3
POLH,AHNAK,STIP1,HINT1,SMPD2
POLH,AHNAK,SEC16A,MAPK1
POLH,UBC,RAC1,ITGB5
POLH,AHNAK,KIF23,ARF3
POLH,UBE2B,UBQLN1,FGF7,CDHR3
POLH,AHNAK,SEC16A,MAPK1
POLH,UBC,STUB1,AQP2
POLH,UBC,AMPH
POLH,AHNAK,HSPA5,LOC102723407,ERVMER34-1
POLH,UBC,HTT,SLC25A11
POLH,AHNAK,SEC16A,MAPK1
POLH,UBC,NEDD4,LAPTM4B
POLH,AHNAK,EGFR,EGF
POLH,AHNAK,FMR1,CD6
POLH,AHNAK,FMR1,CD6,SCN1B
POLH,AHNAK,STIP1,HINT1
POLH,UBC,STUB1,AQP2
POLH,UBC,ZAP70
POLH,AHNAK,EFTUD2,MRRF,HYAL3
POLH,AHNAK,CDK2,TSPYL2,CTSF
POLH,RPS27A,HRAS,RASGRP4
POLH,UBC,RHOA,EHBP1
POLH,AHNAK,EGFR,EGF
POLH,RPS27A,PRKCA,AKAP5
POLH,PCNA,IGF1R
POLH,UBC,STUB1,AQP2
POLH,UBC,UCHL1,CD163
POLH,UBC,NEDD4
POLH,AHNAK,PLEKHA4,MTERF4,RASGEF1A
POLH,UBC,TRIP12,CELSR3
POLH,AHNAK,AKIRIN2,MUC13
POLH,AHNAK,PRPF8,SF3A3,CLNS1A
POLH,AHNAK,PLEC,SPTAN1
POLH,UBC,NEDD4L,SLC22A11,SLC12A4
POLH,AHNAK,ACTN4,SORBS2
POLH,UBC,TNIP2,APBA2
POLH,REV1,UBB,SLC14A1
POLH,AHNAK,HDAC2,PROX1,LPP
POLH,AHNAK,PLEKHA4,MTERF4,CBLIF,CUBN
POLH,AHNAK,GRB2,TBC1D3G
POLH,UBC,HGS,SNAP25
POLH,AHNAK,S100A10,TRPV6
POLH,UBC,TAPBP,HLA-DQA1
POLH,UBE2B,UBQLN1,FGF7,PLB1
POLH,RPS27A,HSPA8,OSBPL7
POLH,AHNAK
POLH,RPS27A,INSR,CYTH3
POLH,UBC,RHOA,EHBP1
POLH,AHNAK,YTHDC1,FOXK2,JADE1
POLH,UBC,NTRK1,NCSTN
POLH,AHNAK,SUMO2,SERPINB6
POLH,AHNAK,LRRK2,ZC3H15,TMEM87A
POLH,RPS27A,CARD11
POLH,UBC,GNB2,RGS6
POLH,AHNAK,ECT2,DDX50
POLH,RPS27A,NBEAL2
POLH,KNL1,CRYBB3,RGL3
POLH,AHNAK,FMR1,CD6
POLH,AHNAK,KIF23,ARF3
POLH,UBC,PTPN5,CLEC4G
POLH,AHNAK,SUMO2,SERPINB6
POLH,AHNAK,ECT2,DDX50
POLH,AHNAK,TP53,ZNF763,SLC16A5
POLH,AHNAK,EGFR,EGF
POLH,AHNAK,FMR1,CD6
POLH,UBC,PSMC5,HOMER3
POLH,UBC,PRKCB,NOX1
POLH,UBC,LNX1,SAT1
POLH,UBC,NEDD4,LAPTM4B
POLH,AHNAK,ECT2,DDX50
POLH,UBE2B,UBQLN4,DMPK
POLH,AHNAK,ECT2,DDX50
POLH,AHNAK,RUVBL1,TELO2,PTP4A3
POLH,UBC,RHOA,EHBP1
POLH,UBC,DAXX,USH1G
POLH,RPS27A,SRC,CYSTM1
POLH,AHNAK,KIF23,ARF3
POLH,AHNAK,FMR1,CD6
POLH,AHNAK,STIP1,HINT1,NPY2R
POLH,AHNAK,CDH1,ITGA6
POLH,UBC,RHOT2,CNR2
POLH,UBC,RHOT2,CNR2
POLH,AHNAK,EGFR,EGF
POLH,AHNAK,PLEKHA7,GJA1
POLH,AHNAK,RNF4,VEZF1,SLC1A5
POLH,UBC,PRKCB
POLH,AHNAK,CHMP4B
POLH,UBC,RAC1,ITGB5
POLH,PCNA,RHOF,ASIC1
POLH,AHNAK,ANKRD26,BICD1,SYT17
POLH,AHNAK,HDAC2,PROX1,SMPD3
POLH,AHNAK,STIP1,HINT1,MRGPRD
POLH,AHNAK,GRB2,TBC1D3G
POLH,UBC,STX3,SYT1
POLH,RPS27A,SRC,CYSTM1
POLH,UBC,PRKCB,NOX1
POLH,RPS27A,HRAS,RASGRP4
POLH,AHNAK,ACTN4,SORBS2,UNC80
POLH,UBC,HSP90AB1,IRAK3
POLH,AHNAK,GRB2,TBC1D3G
POLH,UBC,ABL1,WNK2
POLH,AHNAK,HDAC2,PROX1,RXFP2
POLH,UBC,MIB1,GRIN2A
POLH,AHNAK,FMR1,CD6
POLH,UBC,HTT,SLC25A11
POLH,AHNAK,CDH1,ITGA6
POLH,AHNAK,MYC,ELL,KIR2DL4
POLH,UBC,LARP7,EPB42
POLH,UBC,AMOT,LIN7A
POLH,AHNAK,CDK2,TSPYL2,MGLL
POLH,UBC,RAC1,ITGB5
POLH,AHNAK,MAPT,APOE
POLH,AHNAK,EGFR,EGF,TBC1D30
POLH,AHNAK,KIF23,ARF3
POLH,RPS27A,KLK3
POLH,UBC,RHOA,EHBP1
POLH,AHNAK,NR2C2,DIS3,SYTL3
POLH,UBC,ZBTB1,MUCL1
POLH,RPS27A,IRAK1,KLRB1
POLH,AHNAK,ECT2,DDX50
POLH,AHNAK,ACTN4,SORBS2
POLH,AHNAK,EGFR,EGF
POLH,AHNAK,TARDBP,ATF3,PRSS41
POLH,AHNAK,ECT2,DDX50,NSMF
POLH,UBC,RHOA,EHBP1
POLH,AHNAK,BRD4,CCNT2
POLH,UBE2B,UBQLN4,DMPK
POLH,AHNAK,FMR1,CD6,DLGAP2
POLH,MAD2L2,REL,SLC6A12
POLH,UBC,LARP7,EPB42
POLH,AHNAK,HSPA5,LOC102723407,RAB17
POLH,UBC,HSPD1,LARS2,ADGRG6
POLH,UBC,BSG,CTSL
POLH,AHNAK,GRB2,TBC1D3G
POLH,AHNAK,HSPB1,MAPKAPK5,VSTM4
POLH,AHNAK,YAP1,GLIS3,KLRK1,RAET1L
POLH,UBC,RHOA,EHBP1
POLH,UBC,RHOA,EHBP1
POLH,AHNAK,HDAC2,PROX1,GPA33
POLH,AHNAK,GRB2,TBC1D3G
POLH,UBC,COPB1
POLH,AHNAK,ANXA2
POLH,UBC,LNX1,SAT1
POLH,AHNAK,SUMO2,SERPINB6
POLH,UBC,RNF5
POLH,UBC,RHOA,EHBP1
POLH,AHNAK,RNF4,VEZF1,JAML
POLH,UBC,CUL3,KLHL7
POLH,AHNAK,CDH1,ITGA6
POLH,UBC,RHOA,EHBP1
POLH,AHNAK,STIP1,HINT1
POLH,AHNAK,PPP1R9A,DCLK2,SEMA4F
POLH,UBC,AGO2,SLC7A9
POLH,AHNAK,PLEKHA4
POLH,RPS27A,CTTN,SH3BGRL
POLH,UBC,RAC1,ITGB5
POLH,UBC,CAV1,SCP2,CNGA3,CNGB3
POLH,AHNAK,RNF4,VEZF1,GDF5
POLH,UBC,ABL1,WNK2
POLH,UBC,RELA,COMMD10,KIR2DL3
POLH,UBC,MIB1,GRIN2A
POLH,UBC,GSK3B,ACSBG1
POLH,UBC,AMOT,LIN7A
POLH,UBC,USP4
POLH,UBC,ARRB2,APLNR
POLH,UBC,CASP8,PLIN4
POLH,AHNAK,EGFR,EGF
POLH,AHNAK,ACTN4,SORBS2,APPL2
POLH,AHNAK,FMNL1,NHLRC2,SLC22A2,SLC47A1
POLH,AHNAK,ACTN4,SORBS2,FTO
POLH,UBC,ACTL6A
POLH,AHNAK,CHMP4B,METRNL,SELPLG
POLH,RPS27A,NRAS,PCDH18
POLH,AHNAK,ACTN4,SORBS2
POLH,AHNAK,EGFR,EGF
POLH,UBC,ABL1,WNK2
POLH,UBC,RHOA,EHBP1
POLH,UBC,MIB1,GRIN2A
POLH,AHNAK,PRPF8,SF3A3,DPP10
POLH,AHNAK,EGFR,EGF
POLH,AHNAK,FMR1,CD6
POLH,UBC,MAVS,TLR1
POLH,AHNAK,SUMO2,SERPINB6
POLH,AHNAK,EGFR,EGF
POLH,AHNAK,EGFR,EGF,GFRA1
POLH,AHNAK,FMR1,CD6,ARHGEF39
POLH,AHNAK,EGFR,EGF
POLH,RPS27A,SHANK1,CACNA1D
POLH,UBC,LNX1,SAT1
POLH,AHNAK,EGFR,EGF
POLH,UBC,HTT,SLC25A11,QRFPR
POLH,PCNA,CDK6,CA4
POLH,UBC,FGFR1,FLRT1
POLH,UBC,FGFR1,FLRT1
POLH,UBC,TNIP2,APBA2
POLH,UBC,MARCHF7
POLH,UBC,ABL1,WNK2
POLH,AHNAK,STIP1,HINT1,NMUR2
POLH,UBC,GNB2,RGS6
POLH,AHNAK,EGFR,EGF
POLH,UBC,STX3,SYT1
POLH,UBC,JUN,CX3CL1
POLH,AHNAK,SEC16A,MAPK1
POLH,UBC,ABL1,WNK2
POLH,AHNAK,YAP1,GLIS3,ADGRB3
POLH,AHNAK,EGFR,EGF,LPL
POLH,AHNAK,HSPA5,LOC102723407,CDHR4
POLH,UBC,RAC1,ITGB5
POLH,AHNAK,ACTN4,SORBS2,PTH2R
POLH,UBC,PSMB3,NCR3LG1
POLH,UBC,CBLC
POLH,AHNAK,EGFR,EGF
POLH,AHNAK,EMC1,TRDN
POLH,AHNAK,NR2C2,DIS3,C3AR1
POLH,AHNAK,EGFR,EGF
POLH,UBC,AP2B1
POLH,AHNAK,NDN,LTF
POLH,AHNAK,STIP1,HINT1
POLH,UBC,TNFRSF1A,CYBA
POLH,AHNAK,RNF4,VEZF1,VNN2
POLH,AHNAK,EGFR,EGF,CLEC4M
POLH,AHNAK,CDH1,ITGA6,S1PR4
POLH,UBC,RHOA,EHBP1
POLH,UBC,FZR1,RGS11,CD38
POLH,UBC,SMURF2
POLH,RPS27A,SRC,CYSTM1
POLH,UBC,AMOT,LIN7A
POLH,AHNAK,FMR1,CD6
POLH,UBC,RHOA,EHBP1
POLH,UBC,HTT,SLC25A11
POLH,UBC,NTRK1,NCSTN
POLH,RPS27A,ABCG2
POLH,UBC,RHOA,EHBP1
POLH,UBC,RHOA,EHBP1
POLH,AHNAK,EGFR,EGF
POLH,UBE2B,H2AC20,SLC2A3
POLH,AHNAK,ACTN4,SORBS2
POLH,UBC,RAC1,ITGB5
POLH,RPS27A,CTNNB1
POLH,RPS27A,SLC38A1,SLC10A1
POLH,UBE2B,UBXN7,XKRX
POLH,AHNAK,STIP1,HINT1,SSTR4
POLH,AHNAK,HSPA5,LOC102723407,PCDHGA11
POLH,UBC,CUL3,KLHL7
POLH,RPS27A,EWSR1
POLH,UBC,PSEN1,APH1A
POLH,AHNAK,ACTN4,SORBS2,GPR88
POLH,AHNAK,ECT2,DDX50
POLH,AHNAK,ANKRD26,BICD1,SLC26A1
POLH,AHNAK,GRB2,TBC1D3G
POLH,RAD18,YES1,C1QL4,TPRA1
POLH,AHNAK,CHMP4B,METRNL,WLS,WNT7B
POLH,RPS27A,SRC,CYSTM1
POLH,RPS27A,EXOSC10,DXO
POLH,AHNAK,STIP1,HINT1
POLH,RPS27A,AKT2
POLH,AHNAK,GRK7,TESK1,PCDHA3
POLH,UBC,RHOA,EHBP1
POLH,AHNAK,ECT2,DDX50,PARVB
POLH,UBC,AKT1,PHLPP2,CYBRD1
POLH,AHNAK,EGFR,EGF
POLH,AHNAK,ECT2,DDX50
POLH,UBC,TRIP12,CELSR3
POLH,AHNAK,HNRNPD,TOMM34,SV2C
POLH,AHNAK,HSPA5,LOC102723407,OR1M1
POLH,AHNAK,ECT2,DDX50
POLH,RPS27A,IRAK1,KLRB1
POLH,PCNA,HOOK2,CEP295
POLH,RPS27A,HRAS,RASGRP4
POLH,UBC,FZR1,RGS11
POLH,UBC,AGO2,SLC7A9
POLH,UBC,HSD17B11,PGRMC1
POLH,UBC,HSD17B11,PGRMC1
POLH,RPS27A,SRC,CYSTM1
POLH,AHNAK,NR2C2,DIS3,SNX33
POLH,UBC,ABL1,WNK2
POLH,AHNAK,RBM15,KLHL20,ANGPT1
POLH,AHNAK,KIF23,ARF3
POLH,RPS27A,BTF3,LILRB4
POLH,AHNAK,HSPA5,LOC102723407,ATP11B
POLH,UBC,TNIP2,APBA2
POLH,UBC,TNIP2,APBA2
POLH,AHNAK,HSPA5,LOC102723407,CNKSR2
POLH,AHNAK,EGFR,EGF
POLH,UBC,RHOA,EHBP1
POLH,AHNAK,ECT2,DDX50
POLH,UBC,ABL1,WNK2
POLH,RPS27A,ACTB
POLH,AHNAK,ECT2,DDX50
POLH,UBC,AP2M1,CTLA4
POLH,UBC,MAP1LC3B,CLEC7A
POLH,AHNAK,EGFR,EGF,LAG3
POLH,UBC,NEDD4,LAPTM4B
POLH,AHNAK,CDK2,TSPYL2,PDE6G
POLH,UBC,ABL1,WNK2,PRLHR
POLH,AHNAK,RHBDF2,ADAM17
POLH,RPS27A,CD4,ADORA2A
POLH,AHNAK,HSPA5,LOC102723407,RGMB
POLH,AHNAK,GRB2,TBC1D3G
POLH,AHNAK,STIP1,HINT1,HTR4
POLH,AHNAK,EGFR,EGF
POLH,AHNAK,HSPA5,LOC102723407,MIGA2
POLH,AHNAK,MAPT,APOE
POLH,AHNAK,H2BC9,BAZ2B,CDHR2
POLH,AHNAK,YAP1,GLIS3,IQCJ-SCHIP1
POLH,AHNAK,ACTN4,SORBS2
POLH,AHNAK,ECT2,DDX50,DRD5
POLH,RAD18,AXL,TREML2
POLH,UBC,HSD17B11,PGRMC1
POLH,AHNAK,GORASP2,SELENBP1,TP53I13
POLH,UBC,STX3,SYT1
POLH,AHNAK,EGFR,EGF
POLH,AHNAK,EGFR,EGF
POLH,AHNAK,EGFR,EGF,NRXN3
POLH,AHNAK,MAPT,APOE
POLH,UBC,HTT,SLC25A11
POLH,UBC,HSP90AB1,IRAK3
POLH,AHNAK,ESR1,SPECC1,TPSG1
POLH,AHNAK,EGFR,EGF
POLH,AHNAK,EGFR,EGF
POLH,RPS27A,TOPBP1
POLH,UBC,AMFR,OR4N2,CCR8
POLH,AHNAK,EGFR,EGF,CCR2
POLH,AHNAK,HSPA5,LOC102723407,ABCC4
POLH,UBC,RABEP2,DIRAS1
POLH,UBC,HSP90AB1,IRAK3
POLH,RAD18,EPHA2,CAMK1G
POLH,RPS27A,HRAS,RASGRP4
POLH,AHNAK,EGFR,EGF,ADIPOR2
POLH,AHNAK,STIP1,HINT1
POLH,UBC,HTT,SLC25A11
POLH,UBC,FLOT1,VAMP2
POLH,KNL1,GAPDH
POLH,UBC,NUMA1
POLH,AHNAK,STIP1,HINT1,TRPC5
POLH,UBC,LNX1,SAT1
POLH,AHNAK,HNRNPH1,SCUBE3,LRRN4
POLH,AHNAK,PLEKHA4,MTERF4,GPBAR1
POLH,AHNAK,HSPA5,LOC102723407,NRCAM
POLH,AHNAK,ACTN4,SORBS2
POLH,UBC,HMGCR,SLC24A3
POLH,AHNAK,ECT2,DDX50
POLH,UBC,RHOA,EHBP1
POLH,AHNAK,HNRNPD,TOMM34,CA14
POLH,UBC,HSP90AB1,IRAK3
POLH,AHNAK,EGFR,EGF
POLH,UBC,USP19,ECEL1
POLH,AHNAK,USP14,GSS,AVPR1A
POLH,AHNAK,PCDHGC3,GNAZ
POLH,AHNAK,ACTN4,SORBS2,TSPAN15,ADGRE2
POLH,AHNAK,ESR1,SPECC1,SLC34A1
POLH,UBC,RAC1,ITGB5
POLH,UBC,HIF1A,E2F7,PDCD1
POLH,AHNAK,EGFR,EGF
POLH,AHNAK,RPL14,MYCN,PSKH1
POLH,AHNAK,EGFR,EGF
POLH,PIAS1,AKT,GRIN2C
POLH,RAD18,PNISR
POLH,UBC,RHOA,EHBP1
POLH,AHNAK,GRB2,TBC1D3G
POLH,UBC,PSMB3,NCR3LG1,RAET1E
POLH,AHNAK,FMR1,CD6,NFASC
POLH,AHNAK,EGFR,EGF
POLH,UBC,LARP7,EPB42
POLH,RPS27A,KLK3,PLXNA3
POLH,UBC,ACTC1,NEXN
POLH,AHNAK,PLEKHA7,GJA1
POLH,UBC,STUB1,AQP2
POLH,UBC,PRAME
POLH,UBC,ARRB2,APLNR
POLH,UBC,FZR1,RGS11
POLH,UBC,MIB1,GRIN2A
POLH,UBC,WWP2,ARRDC4
POLH,AHNAK,GRB2,TBC1D3G
POLH,UBC,RHOT2,CNR2
POLH,AHNAK,SUMO2,SERPINB6
POLH,AHNAK,PPL,P4HA2,PLA2G4E
POLH,AHNAK,ECT2,DDX50
POLH,AHNAK,PMS1,F12
POLH,UBC,RAPGEF2,MAGI2,KCNJ10
POLH,UBC,ABL1,WNK2
POLH,UBC,STX3,SYT1
POLH,AHNAK,FMR1,CD6
POLH,UBC,STX3,SYT1,ATP4B
POLH,AHNAK,NDN,LTF
POLH,UBC,RNF5,ERLIN2
POLH,PCNA,ATM,PVR
POLH,PIAS1,CEP250,ENTHD1
POLH,RPS27A
POLH,UBC,GNB2,RGS6
POLH,AHNAK,CCT5,PEX7,GP2
POLH,UBE2B,ZMYM2,C8A
POLH,UBC,FZR1,RGS11
POLH,UBC,RAC1,ITGB5
POLH,PIAS1,CSK,LILRB1
POLH,AHNAK,PCDHGC3,GNAZ
POLH,AHNAK,PHLPP1,MCAM
POLH,UBC,ATP5F1A,ABCA2
POLH,AHNAK,FMR1,CD6
POLH,AHNAK,EGFR,EGF
POLH,REV1,UBB,SLC14A1
POLH,AHNAK,GRB2,TBC1D3G
POLH,RPS27A,HRAS,RASGRP4
POLH,UBC,CUL3,KLHL7
POLH,AHNAK,ACTN4,SORBS2,AMBP
POLH,AHNAK,NXF1,DDX19A,SLC23A1
POLH,UBC,CBL,FRS3
POLH,AHNAK,EGFR,EGF
POLH,AHNAK,RNF4,VEZF1,REEP2
POLH,UBC,PSEN1,APH1A
POLH,UBC,PSEN1,APH1A
POLH,AHNAK,ING2
POLH,AHNAK,ECT2,DDX50,SLC16A9
POLH,UBC,MACF1
POLH,UBC,HGS,SNAP25
POLH,UBE2B,UBR4
POLH,UBC,TOM1
POLH,UBC,MIB1,GRIN2A
POLH,UBC,ABL1,WNK2
POLH,UBC,BAP1
POLH,AHNAK,EGFR,EGF,CLCN7,MCOLN3
POLH,REV1,UBB,SLC14A1
POLH,RPS27A,GABARAP,GABRG2
POLH,AHNAK,ACTN4,SORBS2
POLH,UBC,LARP7,EPB42
POLH,AHNAK,EGFR,EGF
POLH,UBC,HTT,SLC25A11
POLH,UBC,GNB2,RGS6
POLH,UBC,IKBKE,CD209
POLH,AHNAK,ECT2,DDX50
POLH,UBC,ZBTB1,MUCL1
POLH,RPS27A,NOTCH1,WNT3A
POLH,REV1,UBB,SLC14A1
POLH,AHNAK,PRPF8,SF3A3,KCND3
POLH,RAD18,EPHA2
POLH,UBC,ACTC1,NEXN
POLH,UBC,ATP5F1A,ABCA2
POLH,UBC,MIB1,GRIN2A
POLH,AHNAK,RHBDF2,ADAM17
POLH,UBC,CHP1
POLH,AHNAK,H2BC3,H1-2,SPAM1
POLH,AHNAK,MYO19,RAB27A,DUOX1
POLH,AHNAK,LASP1,VASP
POLH,AHNAK,MAPT,APOE
POLH,AHNAK,CDH1,ITGA6
POLH,AHNAK,MAPT,APOE
POLH,POLI,SETDB1,ARL14EP
POLH,UBC,ABL1,WNK2
POLH,RPS27A,RPL36AL
POLH,AHNAK,RNF4,VEZF1,CHRNA9
POLH,AHNAK,EGFR,EGF,TECTA
POLH,AHNAK,MAPT,APOE
POLH,AHNAK,EGFR,EGF
POLH,AHNAK,ACTN4,SORBS2
POLH,PCNA,ATM,PVR
POLH,PIAS1,PTPN1,C1orf210
POLH,RPS27A,PRKCA,AKAP5
POLH,UBC,CUL1
POLH,UBC,KDR,ANOS1
POLH,AHNAK,MAPT,APOE
POLH,UBC,GNB2,RGS6
POLH,AHNAK,RNF4,VEZF1,SLC16A7
POLH,UBC,HSP90AB1,IRAK3
POLH,AHNAK,ACTN4,SORBS2
POLH,RPS27A,SRC,CYSTM1
POLH,UBC,UBE2T,TGM1
POLH,UBC,FZR1,RGS11
POLH,AHNAK,EGFR,EGF
POLH,UBE2B,UBQLN1,FGF7,GABRA4
POLH,UBC,GNB2
POLH,UBC,MIB1,GRIN2A
POLH,UBC,GSK3B,ACSBG1
POLH,UBC,HTT,SLC25A11
POLH,AHNAK,HSPA5,LOC102723407,RAB22A
POLH,UBC,RHOA,EHBP1
POLH,AHNAK,FMR1,CD6
POLH,UBC,CUL3,KLHL7
POLH,UBC,RHOA,EHBP1
POLH,UBC,NEDD4,LAPTM4B
POLH,RPS27A,BTF3,LILRB4
POLH,AHNAK,EGFR,EGF
POLH,RPS27A,NRAS,PCDH18
POLH,UBC,DNAJB6,AQP8
POLH,RPS27A,HSPA8,OSBPL7
POLH,UBC,RAC1,ITGB5
POLH,AHNAK,ACTN4,SORBS2
POLH,AHNAK,ACTN4,SORBS2,SLC29A1
POLH,UBC,RHOA,EHBP1
POLH,AHNAK,FMR1,CD6,FCER1G
POLH,UBE2B,ZMYM2,C8A
POLH,AHNAK,BRD4,CCNT2
POLH,UBC,EEF1A2,SLC13A5
POLH,UBC,PSMB3,NCR3LG1
POLH,AHNAK,EGFR,EGF
POLH,RPS27A,LITAF
POLH,UBE2B,RNF20,DIS3L
POLH,AHNAK,EGFR,EGF,TSPAN2
POLH,AHNAK,HSPA5,LOC102723407,JPT2
POLH,UBC,LNX1,SAT1
POLH,UBC,NEDD4,LAPTM4B
POLH,PCNA,CDK6,CA4
POLH,RPS27A,DNAJC5B,JPH1
POLH,AHNAK,RNF4,VEZF1,SERPINA12
POLH,RPS27A,HSPA8,OSBPL7
POLH,UBC,TAB3
POLH,AHNAK,EGFR,EGF
POLH,UBE2B,BIRC2,LRRN2,TNFSF14
POLH,UBE2B,UBQLN4,DMPK
POLH,KNL1,BUB1,TBC1D2
POLH,AHNAK,CHMP4B,METRNL,GPR35
POLH,AHNAK,CHMP4B,METRNL,RGS17
POLH,UBC,RHOT2,CNR2,GPR18
POLH,UBC,NEDD4,LAPTM4B
POLH,AHNAK,STIP1,HINT1
POLH,RPS27A,ENTREP1
POLH,AHNAK,KIF20A,MGAT5B,KCNJ11
POLH,AHNAK,EGFR,EGF
POLH,AHNAK,YAP1,GLIS3,KCNK18
POLH,AHNAK,CCT5,PEX7,PLPPR4
POLH,AHNAK,GRB2,TBC1D3G
POLH,RPS27A,KLK3,PLXNA3
POLH,AHNAK,ACTN4,SORBS2
POLH,AHNAK,SUMO2,SERPINB6
POLH,UBC,HSD17B11,PGRMC1
POLH,AHNAK,GRB2,TBC1D3G
POLH,AHNAK,PLEKHA7,GJA1
POLH,AHNAK,FMR1,CD6,IL15RA
POLH,AHNAK,YWHAZ,COP1,ABHD6
POLH,AHNAK,GRB2,TBC1D3G
POLH,AHNAK,HSPA5,LOC102723407,TM9SF2
POLH,AHNAK,NDN,LTF,ITPRIP
POLH,UBC,ABL1,WNK2
POLH,RPS27A,PRKCA,AKAP5,KCNMB1
POLH,AHNAK,KIF23,ARF3
POLH,AHNAK,RNF4,VEZF1,TRHDE
POLH,UBC,ZBTB1,MUCL1
POLH,AHNAK,SUMO2,SERPINB6
POLH,AHNAK,EGFR,EGF,SLC9A7
POLH,UBC,RPS9,RRP8
POLH,AHNAK,PLEKHA4,MTERF4,SLC5A1
POLH,AHNAK,NDN,LTF
POLH,AHNAK,YTHDC1,FOXK2,NPDC1
POLH,AHNAK,EZR
POLH,UBC,ABL1,WNK2
POLH,UBC,RHOA,EHBP1
POLH,UBC,GSK3B,ACSBG1
POLH,UBC,USP21
POLH,AHNAK,EGFR,EGF
POLH,AHNAK,GRB2,TBC1D3G
POLH,AHNAK,STIP1,HINT1,TRPM3
POLH,AHNAK,HSPA5,LOC102723407,RASGRP1
POLH,AHNAK,S100A10,TRPV6
POLH,UBC,AMOT,LIN7A
POLH,KNL1,KRAS,AP4S1,PALM
POLH,AHNAK,HSPA5,LOC102723407,DCT
POLH,RPS27A,ERN1,PCDHGB5
POLH,RPS27A,RACK1,KCNAB1
POLH,UBC,DAXX,USH1G
POLH,AHNAK,PMS1,F12
POLH,UBC,LARP7,EPB42
POLH,RPS27A,KCNA5,CD320
POLH,UBE2B,PRKN,ZFAND4,GPR17
POLH,AHNAK,STIP1,HINT1,MYADM
POLH,AHNAK,HSPA5,LOC102723407,PON2,ASIC4
POLH,AHNAK,AKIRIN2,MUC13
POLH,AHNAK,EGFR,EGF
POLH,UBC,MIB1,GRIN2A
POLH,UBC,NEDD4,LAPTM4B
POLH,AHNAK,CDH1,ITGA6
POLH,UBC,GLUL
POLH,UBC,ZAP70,CD3G
POLH,UBC,RHOA,EHBP1
POLH,UBC,HTT,SLC25A11
POLH,AHNAK,HSPA5,LOC102723407,ABCA3
POLH,AHNAK,EGFR,EGF,CSF2RA
POLH,AHNAK,FMR1,CD6
POLH,AHNAK,U2AF2,FUBP1,RTN4R
POLH,UBC,WDR5,KANSL2
POLH,AHNAK,MAPT,APOE
POLH,AHNAK,FMR1,CD6,CD72
POLH,UBC,RHOA
POLH,AHNAK,GRB2,TBC1D3G
POLH,UBC,NPTN,IPO13,EFR3A
POLH,UBC,FLOT1,VAMP2
POLH,RPS27A,CFTR,CLCA1
POLH,RPS27A,NOTCH1,WNT3A
POLH,AHNAK,ZBTB18,ATXN1L,STXBP5L
POLH,UBC,HSD17B11,PGRMC1
POLH,UBC,TRAF3IP2,IL17RC
POLH,AHNAK,NDN,LTF
POLH,AHNAK,SUMO2,SERPINB6,GPRC5D
POLH,AHNAK,PRPF8,SF3A3,SNUPN
POLH,RPS27A,APBB3,APLP1
POLH,AHNAK,RNF4,VEZF1,PSTPIP2
POLH,AHNAK,FMR1,CD6,NLGN2
POLH,REV1,MSH2,HLA-DPB1
POLH,AHNAK,MAPT,APOE
POLH,UBC,TAPBP,HLA-DQA1
POLH,AHNAK,NXF1,DDX19A,JTB
POLH,AHNAK,AKIRIN2,MUC13
POLH,AHNAK,EGFR,EGF
POLH,UBC,BSG,CTSL
POLH,UBC,RHOA,EHBP1
POLH,AHNAK,PLEKHA7,GJA1
POLH,UBC,MIB1,GRIN2A
POLH,AHNAK,LRRK2,ZC3H15,SLC22A5
POLH,AHNAK,ACTN4,SORBS2,RAB27B
POLH,UBC,RAC1,ITGB5
POLH,KNL1,PPP1CC,PDE6B
POLH,PIAS1,STAT1,AGAP3,IL12RB2
POLH,AHNAK,FMR1,CD6
POLH,AHNAK,ACTN4,SORBS2,GLP1R
POLH,UBC,RAC1,ITGB5
POLH,AHNAK,FMR1,CD6,MYO16
POLH,AHNAK,MAPT,APOE
POLH,AHNAK,HSPA5,LOC102723407,CKAP4
POLH,AHNAK,CDH1,ITGA6
POLH,AHNAK,EGFR,EGF
POLH,AHNAK,OR10H1
POLH,AHNAK,ECT2,DDX50
POLH,UBC,RHOA,EHBP1
POLH,AHNAK,H2BC3,H1-2,ART3
POLH,UBC,WWP2,ARRDC4
POLH,RPS27A,SRC,CYSTM1
POLH,UBC,DNAJB6,AQP8
POLH,AHNAK,GRB2,TBC1D3G
POLH,PIAS1,FHL1,FERMT2
POLH,RPS27A,SRC,CYSTM1
POLH,AHNAK,ECT2,DDX50
POLH,RPS27A,PRKCA,AKAP5
POLH,AHNAK,ITK
POLH,AHNAK,MYH9,WFDC2,OR2K2
POLH,AHNAK,S100A10,TRPV6
POLH,AHNAK,HSPB1,MAPKAPK5,IL6ST,CNTFR
POLH,AHNAK,EGFR,EGF
POLH,AHNAK,ECT2,DDX50,TRPM8
POLH,UBE2B,UBXN7,XKRX
POLH,AHNAK,RBM15,KLHL20,RANGRF
POLH,AHNAK,H4C6,CENPL,COPRS
POLH,RPS27A,CTTN,SH3BGRL
POLH,AHNAK,FMR1,CD6
POLH,AHNAK,PLEC,SPTAN1
POLH,UBC,HTT,SLC25A11
POLH,UBC,UCHL1,CD163
POLH,AHNAK,CDH1,ITGA6
POLH,AHNAK,PRPF8,SF3A3,AQP10,LYVE1
POLH,RPS27A,HSPA8,OSBPL7
POLH,AHNAK,HSPA5,LOC102723407,ELAPOR1
POLH,UBC,LNX1,SAT1
POLH,AHNAK,HSPA5,LOC102723407,PCDHA5
POLH,AHNAK,ITK,WAS,MPP4
POLH,AHNAK,EGFR,EGF
POLH,AHNAK,AKIRIN2,MUC13
POLH,UBC,GSK3B,ACSBG1
POLH,UBC,NTRK1,NCSTN
POLH,RPS27A,KCNS3,KCNB2
POLH,AHNAK,HSPB1,MAPKAPK5,TMC7
POLH,UBC,RAC1,ITGB5
POLH,UBC,JUN,CX3CL1
POLH,UBC,RHOA,EHBP1
POLH,UBC,ATXN3
POLH,AHNAK,EGFR,EGF
POLH,UBC,HTT,SLC25A11
POLH,AHNAK,EGFR,EGF
POLH,UBC,FZR1,RGS11
POLH,AHNAK,ECT2,DDX50
POLH,UBC,GSK3B,ACSBG1
POLH,UBC,KDR,ANOS1
POLH,AHNAK,EGFR,EGF
POLH,AHNAK,EGFR,EGF
POLH,AHNAK,U2AF2,FUBP1,SLAMF7
POLH,UBC,CUL3,KLHL7
POLH,AHNAK,CHMP4B,METRNL,CXCR1
POLH,UBC,LNX1,SAT1
POLH,AHNAK,PLEKHA4,MTERF4,TIMD4
POLH,AHNAK,FMR1,CD6,CD300A
POLH,AHNAK,BRD4,CCNT2
POLH,RPS27A,HNRNPA1,FREM2
POLH,UBC,FGFR1,FLRT1
POLH,AHNAK,ACTN4,SORBS2,GRIN3A
POLH,UBC,CSNK2A1
POLH,MAD2L2,REL,SLC6A12
POLH,UBC,FGFR1,FLRT1,ADGRL3,TENM2
POLH,TRAIP,TBK1,WHRN
POLH,AHNAK,FMR1,CD6,CSF2RB
POLH,PIAS1,FHL1
POLH,UBC,UCHL1,CD163
POLH,UBC,RHOA,EHBP1
POLH,MAD2L2,REL,SLC6A12,STOML3
POLH,RPS27A,INSR,CYTH3
POLH,AHNAK,FMR1,CD6,CLEC12A
POLH,AHNAK,ECT2,DDX50
POLH,AHNAK,STIP1,HINT1
POLH,AHNAK,STIP1,HINT1,HTR1D
POLH,AHNAK,RPL14,MYCN,SLC12A9
POLH,UBC,HTT,SLC25A11
POLH,AHNAK,EGFR,EGF
POLH,UBC,AGO2,SLC7A9
POLH,RPS27A,PRKCA,AKAP5
POLH,AHNAK,FMR1,CD6,LAIR1
POLH,UBE2B,UNK,PNRC1,RAB3C
POLH,KNL1,KRAS
POLH,UBC,PODXL,SELL
POLH,AHNAK,FMR1,CD6
POLH,UBC,TRIM32,PDE9A,SYT10
POLH,UBC,ARRB2,APLNR
POLH,TRAIP,TBK1,WHRN
POLH,AHNAK,SUMO2,SERPINB6
POLH,AHNAK,EGFR,EGF,GRK4
POLH,RPS27A,HRAS,RASGRP4
POLH,AHNAK,EGFR,EGF
POLH,AHNAK,RNF4,VEZF1,ACKR2
POLH,UBC,IKBKE,CD209
POLH,PCNA,ATM,PVR
POLH,RPS27A,GPR143
POLH,RPS27A,CDK1,NEDD1,DCST1
POLH,AHNAK,STIP1,HINT1,GALR1
POLH,AHNAK,HSPA5,LOC102723407,SLC6A4
POLH,AHNAK,PLEKHA7,GJA1
POLH,AHNAK,PLEKHA4,MTERF4,SLC10A7
POLH,AHNAK,SUMO2,SERPINB6
POLH,UBC,TNK2
POLH,UBC,PHPT1
POLH,AHNAK,RPL14,MYCN,GPR22
POLH,UBC,RHOT2,CNR2
POLH,AHNAK,ACTN4,SORBS2
POLH,POLI,SETDB1,ARL14EP
POLH,UBC,PJA1,DGKD
POLH,UBC,LARP7,EPB42
POLH,AHNAK,SDC1
POLH,AHNAK,FMR1,CD6
POLH,AHNAK,EGFR,EGF
POLH,UBC,CBL,FRS3
POLH,RPS27A,YWHAB,VIPAS39,P2RX1
POLH,UBC,CYLD,PPIP5K1
POLH,AHNAK,ATF2,TMED10,SPPL3
POLH,AHNAK,BRD4,CCNT2
POLH,UBC,ARRB2,APLNR
POLH,AHNAK,LRRK2,ZC3H15,CNNM4
POLH,AHNAK,STIP1,HINT1,CCR3
POLH,AHNAK,YAP1,GLIS3,OR1D2
POLH,AHNAK,PLEC,SPTAN1
POLH,AHNAK,HNRNPD,TOMM34,TNFRSF1B
POLH,RPS27A,HSPA8,OSBPL7
POLH,UBC,HSP90AB1,IRAK3
POLH,AHNAK,RPL14,MYCN,CP
POLH,AHNAK,STIP1,HINT1
POLH,AHNAK,STIP1,HINT1
POLH,AHNAK,ACTN4,SORBS2,GLP2R
POLH,AHNAK,STIP1,HINT1
POLH,AHNAK,MAPT,APOE
POLH,AHNAK,AKIRIN2,MUC13
POLH,PIAS1,AKT,GRIN2C
POLH,AHNAK,ACTN4,SORBS2,CLDN8
POLH,UBC,KDR,ANOS1
POLH,UBC,STX3,SYT1
POLH,AHNAK,RPL14,MYCN,SIDT2
POLH,UBC,NTRK1,NCSTN
POLH,AHNAK,STIP1,HINT1
POLH,AHNAK,STIP1,HINT1
POLH,AHNAK,EMC1,TRDN
POLH,AHNAK,ATF2,TMED10
POLH,AHNAK,TP53,ZNF763,GDPD5
POLH,UBC,PSMB5,CLP1,GLDC
POLH,AHNAK,ECT2,DDX50
POLH,UBC,HSD17B11,PGRMC1
POLH,AHNAK,FMNL1,NHLRC2,SLC30A2,SLC30A10
POLH,RPS27A,SLC38A1
POLH,UBC,TRAF1,TNFRSF13C
POLH,AHNAK,GRB2,TBC1D3G
POLH,AHNAK,TANK,CCDC112,PSG3
POLH,UBC,LNX1,SAT1
POLH,AHNAK,SUMO2,SERPINB6
POLH,KNL1,KRAS,AP4S1,HJV
POLH,AHNAK,EGFR,EGF
POLH,UBC,TRAF1,TNFRSF13C
POLH,AHNAK,ACTN4,SORBS2,CRHR1
POLH,AHNAK,HSPA5,LOC102723407,CATIP
POLH,UBC,IKBKE,CD209
POLH,AHNAK,RHBDF2,ADAM17
POLH,AHNAK,BRD4,CCNT2
POLH,UBC,IKBKG,NOD2
POLH,UBE2B,UBQLN4,DMPK
POLH,RPS27A,HRAS,RASGRP4
POLH,AHNAK,ECT2,DDX50
POLH,AHNAK,CDH1,ITGA6
POLH,UBC,FGFR1,FLRT1
POLH,UBC,AMOT,LIN7A
POLH,UBC,MAVS,TLR1
POLH,AHNAK,ZBTB18,ATXN1L,PLA2G6
POLH,UBC,PTPN14,LRFN1
POLH,AHNAK,EGFR,EGF
POLH,RPS27A,NOTCH1
POLH,UBC,UBE2C
POLH,AHNAK,RNF4,VEZF1,AMIGO1,PROM2
POLH,AHNAK,PLEC,SPTAN1,SPTBN5
POLH,AHNAK,EGFR,EGF
POLH,RPS27A,GABARAPL2,DOK7
POLH,AHNAK,STIP1,HINT1
POLH,AHNAK,H2BC3,H1-2,CEACAM7
POLH,AHNAK,MAPT,APOE
POLH,UBC,FGFR1
POLH,AHNAK,EGFR,EGF
POLH,UBC,MIB1,GRIN2A
POLH,AHNAK,ACTN4,SORBS2,SERPINB3
POLH,UBC,AREL1,PCDHGC4
POLH,AHNAK,STIP1,HINT1,ADGRG3
POLH,UBC,USP33,ROBO1
POLH,AHNAK,GRB2,TBC1D3G
POLH,UBC,FZR1,RGS11
POLH,UBE2B,UBR1,PSG1,GPR42
POLH,AHNAK,PLEKHA4,MTERF4,SLC20A2
POLH,UBC,PGAM2,PLPP3
POLH,AHNAK,GRB2,TBC1D3G
POLH,UBC,HSP90AB1,IRAK3
POLH,RPS27A,HSPA8,OSBPL7
POLH,UBC,FZR1,RGS11
POLH,UBC,SMC1A,GRM3
POLH,AHNAK,EGFR,EGF
POLH,AHNAK,HSPA5,LOC102723407,KLRC2
POLH,PCNA,ZBTB38,ALX1,OR52L1
POLH,AHNAK,PPP1R9A,DCLK2,SLC9A6
POLH,UBC,RHOT2,CNR2
POLH,UBC,HGS,SNAP25
POLH,AHNAK,EGFR,EGF
POLH,AHNAK,ACTN4,SORBS2,FGA
POLH,RPS27A,SRC,CYSTM1
POLH,RPS27A,RAB33B,RAB39B
POLH,UBC,AGO2,SLC7A9
POLH,AHNAK,ECT2,DDX50,DSG3
POLH,UBC,LARP7,EPB42
POLH,UBC,HSP90AB1,IRAK3
POLH,AHNAK,GRB2,TBC1D3G
POLH,AHNAK,EGFR,EGF
POLH,AHNAK,SUMO2,SERPINB6
POLH,AHNAK,GRB2,TBC1D3G,TLR5
POLH,AHNAK,TUBA1C,KLK15,SYT5
POLH,AHNAK,HSPA9,AQP12B,FGFBP1
POLH,AHNAK,EGFR,EGF
POLH,UBC,GSK3B,ACSBG1
POLH,AHNAK,KIF20A,MGAT5B,ABCC8
POLH,AHNAK,KIF23,ARF3
POLH,RPS27A,EXOSC10,DXO
POLH,UBC,ABL1,WNK2
POLH,AHNAK,KIF23,ARF3,GRPR
POLH,UBC,LNX1,SAT1
POLH,RPS27A,IRAK1
POLH,UBC,HSPD1
POLH,AHNAK,EGFR,EGF
POLH,UBE2B,UBQLN1,FGF7,PSG4
POLH,AHNAK,STIP1,HINT1
POLH,AHNAK,ATF2,TMED10
POLH,AHNAK,STIP1,HINT1
POLH,AHNAK,HDAC2,PROX1,UBL3
POLH,AHNAK,EGFR,EGF
POLH,RPS27A,CD3D
POLH,UBC,UBQLN2,MPST,CPNE5
POLH,AHNAK,ESR1,SPECC1,SLC17A1
POLH,UBC,RHOA,EHBP1
POLH,RPS27A,INTU,WDPCP
POLH,AHNAK,FMR1,CD6,PDE2A
POLH,AHNAK,EMC1,TRDN
POLH,AHNAK,CDH1,ITGA6
POLH,UBC,RHOA,EHBP1
POLH,AHNAK,SUMO2,SERPINB6
POLH,AHNAK,AKIRIN2,MUC13
POLH,AHNAK,HSPA5,LOC102723407,OR52W1
POLH,AHNAK,EGFR,EGF
POLH,AHNAK,MAPT,APOE
POLH,AHNAK,HSPA5,LOC102723407,ALG10B
POLH,UBC,HTT,SLC25A11
POLH,AHNAK,FMR1,CD6,CACNG2
POLH,AHNAK,EGFR,EGF
POLH,AHNAK,CDH1,ITGA6,GPC2
POLH,AHNAK,USP14
POLH,AHNAK,HSPA5,LOC102723407,LARGE1
POLH,AHNAK,KIF23,ARF3,RAB9B
POLH,UBC,ARRB2,APLNR,LRP12
POLH,RPS27A,SRC,CYSTM1
POLH,UBC,RHOA,EHBP1
POLH,PIAS1,NR3C1,CLPTM1L,CNGB1,CNGA1
POLH,UBC,NTRK1,NCSTN
POLH,RPS27A,SHANK1,CACNA1D
POLH,AHNAK,S100A10,TRPV6
POLH,UBC,ATP5F1A,ABCA2
POLH,AHNAK,RNF4,VEZF1,ADAM30
POLH,RPS27A,PRKCA,AKAP5
POLH,UBE2B,ZMYM2,C8A
POLH,UBC,STX3,SYT1
POLH,UBC,FZR1,RGS11
POLH,UBC,RHOA,EHBP1
POLH,UBC,BSG,CTSL
POLH,UBC,CASP8,PLIN4
POLH,UBC,MIB1,GRIN2A
POLH,AHNAK,HSPA5,LOC102723407,MYOT
POLH,AHNAK,EGFR,EGF
POLH,UBC,LNX1,SAT1
POLH,UBC,STX3,SYT1,SLC26A9
POLH,PIAS1,STAT1,AGAP3,EBI3
POLH,AHNAK,KIF23,ARF3
POLH,UBC,ABL1,WNK2
POLH,AHNAK,KIF23,ARF3,ADAM11
POLH,AHNAK,PLEKHA4,MTERF4,ARF1
POLH,UBC,NEDD4L,SLC22A11
POLH,UBC,HACD1,SLC22A4
POLH,AHNAK,PLEKHA7,GJA1
POLH,UBC,GSK3B,ACSBG1
POLH,AHNAK,EGFR,EGF
POLH,AHNAK,SUMO2,SERPINB6
POLH,AHNAK,FMR1,CD6
POLH,AHNAK,PLEC,SPTAN1
POLH,AHNAK,EGFR,EGF
POLH,AHNAK,EGFR,EGF
POLH,AHNAK,GRB2,TBC1D3G
POLH,UBC,BSG,CTSL,MR1
POLH,UBC,PIP5K1C
POLH,UBC,TRIM21,TRPM2
POLH,RPS27A,HSPA8,OSBPL7
POLH,UBC,AREL1,PCDHGC4
POLH,AHNAK,KIF23,ARF3
POLH,AHNAK,SUMO2,SERPINB6
POLH,AHNAK,ACTN4,SORBS2
POLH,UBC,ARRB2,APLNR
POLH,AHNAK,RPL14,MYCN,CD226
POLH,UBC,VDAC1
POLH,AHNAK,STIP1,HINT1,FPR1
POLH,AHNAK,HNRNPH1,SCUBE3
POLH,AHNAK,HSPA5,LOC102723407,MANSC4
POLH,UBC,AKT1
POLH,AHNAK,STIP1,HINT1
POLH,AHNAK,AKIRIN2,MUC13
POLH,MAD2L2,REL,SLC6A12
POLH,AHNAK,AKIRIN2,MUC13
POLH,UBC,RELA,COMMD10,KIR2DL1
POLH,UBC,CUL3,KLHL7
POLH,AHNAK,CDK2,TSPYL2,AKAP10
POLH,UBC,HSD17B11,PGRMC1
POLH,AHNAK,USP2,TNFAIP2,SCNN1D
POLH,AHNAK,BRD4,CCNT2
POLH,UBC,HTT,SLC25A11
POLH,AHNAK,KIF23,ARF3
POLH,AHNAK,FMR1,CD6,ADAP2
POLH,AHNAK,EGFR,EGF
POLH,RPS27A,SRC,CYSTM1
POLH,UBC,HTT,SLC25A11
POLH,UBC,RAC1,ITGB5
POLH,UBC,NTRK1,NCSTN
POLH,RAD18,AXL
POLH,AHNAK,MAPT,APOE
POLH,AHNAK,YAP1,GLIS3,KLRK1
POLH,AHNAK,PRPF8,SF3A3,CR2
POLH,UBC,ARRB2,APLNR
POLH,UBC,HTT,SLC25A11
POLH,AHNAK,EGFR,EGF
POLH,AHNAK,ECT2,DDX50,SGCD
POLH,UBC,ABL1,WNK2
POLH,AHNAK,NR2C2,DIS3,KCTD3
POLH,AHNAK,BRD4,CCNT2
POLH,AHNAK,ECT2,DDX50
POLH,RPS27A,SRC,CYSTM1
POLH,AHNAK,HSPA5,LOC102723407,SLC40A1
POLH,AHNAK,HSPA5,LOC102723407,ADGRV1
POLH,UBC,ITSN2
POLH,UBC,LARP7,EPB42
POLH,AHNAK,SUMO2,SERPINB6
POLH,UBC,TRIM21,TRPM2
POLH,AHNAK,EGFR,EGF
POLH,AHNAK,ACTN4,SORBS2,EPB41L4B
POLH,UBC,TAX1BP1,PLPP4
POLH,AHNAK,EGFR,EGF
POLH,AHNAK,U2AF2,FUBP1,TFPI
POLH,UBC,HSD17B11,PGRMC1
POLH,AHNAK,NDN,LTF
POLH,AHNAK,S100A10,TRPV6
POLH,AHNAK,ACTN4,SORBS2,GABBR1
POLH,AHNAK,EGFR,EGF
POLH,AHNAK,SUMO2,SERPINB6
POLH,AHNAK,KIF20A,MGAT5B,SYTL5
POLH,AHNAK,HSPA5,LOC102723407,ERAS
POLH,AHNAK,RNF4,VEZF1,DRC3
POLH,UBC,CALCOCO2,ZNF337,SLC22A13
POLH,KNL1,PPP1CC,PDE6B
POLH,UBC,AP2M1,CTLA4
POLH,UBC,RAC1,ITGB5
POLH,AHNAK,ECT2,DDX50,HTR7
POLH,UBC,NEDD4L,SLC22A11
POLH,AHNAK,HSPA5,LOC102723407,F11
POLH,UBC,SMC1A,GRM3
POLH,AHNAK,FMR1,CD6,SIGLEC11
POLH,UBC,USP33,ROBO1
POLH,UBC,PODXL
POLH,AHNAK,EGFR,EGF
POLH,AHNAK,PLEKHA7,GJA1
POLH,UBC,GSK3B,ACSBG1
POLH,RPS27A,SRC,CYSTM1
POLH,PCNA,CDK6,CA4
POLH,AHNAK,H2BC3,H1-2,CSF1
POLH,AHNAK,PRPF8,SF3A3,OR1C1
POLH,AHNAK,GRB2,TBC1D3G
POLH,AHNAK,KIF20A,MGAT5B,CACNG8
POLH,AHNAK,KIF23,ARF3
POLH,AHNAK,HSPA5,LOC102723407,TAS1R2
POLH,UBE2B,UBQLN1,FGF7,GABRA6
POLH,UBC,IKBKG,NOD2
POLH,AHNAK,PLEKHA4,MTERF4,SLC30A8
POLH,UBE2B
POLH,UBC,NEDD4,LAPTM4B
POLH,UBE2B,UBR1,PSG1,GPR42,MGAM
POLH,AHNAK,MAPT,APOE
POLH,AHNAK,CHMP4B,METRNL,RGS4
POLH,AHNAK,AKIRIN2,MUC13
POLH,UBC,ITCH
POLH,UBC,LARP7,EPB42
POLH,UBC,MIB1,GRIN2A
POLH,AHNAK,GRK7,TESK1,HTR3B
POLH,AHNAK,EGFR,EGF
POLH,AHNAK,HSPB1,MAPKAPK5,IL6ST
POLH,UBC,TRAF1,TNFRSF13C
POLH,UBC,FZR1,RGS11
POLH,UBE2B,UBQLN4,DMPK
POLH,AHNAK,ACTN4,SORBS2
POLH,RPS27A,ZNF16,ACSL6
POLH,UBC,TRIM23
POLH,UBC,ACTC1,NEXN
POLH,AHNAK,HSPA5,LOC102723407,ABCG8
POLH,AHNAK,FMR1,CD6
POLH,AHNAK,EGFR,EGF
POLH,RPS27A,ARRDC3
POLH,RPS27A,INSR,CYTH3
POLH,AHNAK,STIP1,HINT1
POLH,UBE2B,UBE2D1,LRR1,ABCA7
POLH,UBC,PTEN
POLH,AHNAK,MYC,ELL,KREMEN1
POLH,AHNAK,HSPA5,LOC102723407,OR1D5
POLH,AHNAK,SUMO2,SERPINB6
POLH,UBC,HGS,SNAP25
POLH,UBC,RHOA,EHBP1
POLH,AHNAK,ECT2,DDX50,CALCRL,RAMP1
POLH,RPS27A,SRC,CYSTM1,OR10H2
POLH,AHNAK,ACTN4,SORBS2,UNC13A
POLH,AHNAK,YAP1,GLIS3,TGFBI
POLH,UBC,GNB2,RGS6
POLH,RPS27A,NOTCH1,WNT3A
POLH,UBC,LNX1,SAT1
POLH,AHNAK,PPP1R9A,DCLK2,SULF2
POLH,UBC,RHOA,EHBP1
POLH,UBC,STUB1,AQP2,DGKH
POLH,UBC,ZAP70,CD3G
POLH,AHNAK,EGFR,EGF
POLH,UBC,RHOA,EHBP1
POLH,AHNAK,ECT2,DDX50
POLH,AHNAK,RPL14,MYCN,CTSZ
POLH,AHNAK,GRB2,TBC1D3G
POLH,UBC,RHOA,EHBP1
POLH,UBE2B,UNK,PNRC1,TMEM50B
POLH,AHNAK,H2BC3,H1-2,SLC44A2
POLH,UBC,BSG,CTSL,MS4A10
POLH,AHNAK,GRB2,TBC1D3G
POLH,UBC,SMC1A,GRM3
POLH,AHNAK,ACTN4,SORBS2,TSPAN15
POLH,AHNAK,LRRK2
POLH,UBC,TAPBP,HLA-DQA1
POLH,UBC,NTRK1,NCSTN
POLH,UBC,HSP90AB1,IRAK3
POLH,AHNAK,SUMO2,SERPINB6
POLH,AHNAK,PRPF8,SF3A3,PIGN
POLH,UBC,TRAF3IP2,IL17RC
POLH,AHNAK,CDH1,ITGA6
POLH,UBC,TNIP2,APBA2
POLH,AHNAK,HSPA5,LOC102723407,KCNE3
POLH,AHNAK,EGFR,EGF
POLH,AHNAK,ECT2,DDX50
POLH,UBC,RAC1,ITGB5
POLH,UBC,PSMB3,NCR3LG1,MICA
POLH,UBE2B,UBXN7,XKRX
POLH,UBC,LNX1,SAT1
POLH,UBC,RHOA,EHBP1
POLH,AHNAK,HSPB1,MAPKAPK5,KCNG3
POLH,AHNAK,HNRNPD,TOMM34,CA9
POLH,UBC,ARRB2,APLNR
POLH,AHNAK,CDH1,ITGA6
POLH,UBC,MACF1,TESC
POLH,UBC,RHOA,EHBP1
POLH,AHNAK,HSPA5,LOC102723407,PLPP1
POLH,UBC,MAP1LC3B,CLEC7A
POLH,UBC,ARRB2,APLNR
POLH,AHNAK,STIP1,HINT1
POLH,RPS27A,KCNA5
POLH,AHNAK,CHMP4B,METRNL,LAMP3
POLH,UBC,IKBKE,CD209
POLH,AHNAK,STIP1,HINT1
POLH,UBC,FGFR1,FLRT1,ADGRL3
POLH,AHNAK,BRD4,CCNT2
POLH,RPS27A,RHEB
POLH,UBC,GNB2,RGS6
POLH,RPS27A,CFTR
POLH,AHNAK,TARDBP,ATF3,MMD
POLH,UBC,LNX1,SAT1
POLH,UBC,JUN,CX3CL1
POLH,UBC,LARP7,EPB42
POLH,AHNAK,HSPA5,LOC102723407,NCF4
POLH,UBC,HTT,SLC25A11
POLH,AHNAK,EGFR,EGF
POLH,UBC,LNX1,SAT1
POLH,AHNAK,NXF1,DDX19A,AQP5
POLH,AHNAK,ACTN4,SORBS2,NALCN
POLH,RPS27A,NOTCH1,WNT3A
POLH,AHNAK,ECT2,DDX50
POLH,UBE2B,UBE2D1,LRR1,KIRREL2
POLH,AHNAK,HSPA5,LOC102723407,SLC7A3
POLH,AHNAK,RNF4,VEZF1,ITGAX
POLH,AHNAK,PRPF8,SF3A3,HPN
POLH,AHNAK,EGFR,EGF
POLH,UBC,IKBKG,NOD2
POLH,UBC,MAP1LC3B,CLEC7A
POLH,AHNAK,RHBDF2,ADAM17
POLH,UBC,DAXX,USH1G
POLH,UBC,NEDD4,LAPTM4B
POLH,UBC,RHOA,EHBP1
POLH,UBC,DAXX,USH1G
POLH,RPS27A,SRC,CYSTM1,SGCE
POLH,UBE2B,ZMYM2,C8A,C8B
POLH,UBC,PRKCB,NOX1
POLH,AHNAK,CDH1,ITGA6,TSPAN4
POLH,RPS27A,CD207
POLH,UBC,BSG,CTSL
POLH,UBC,RAC1,ITGB5
POLH,AHNAK,FMR1,CD6
POLH,AHNAK,ANKRD26,BICD1,SLC16A3
POLH,UBC,BSG,CTSL
POLH,AHNAK,STIP1,HINT1
POLH,UBC,GNB2,RGS6
POLH,UBC,ANTXR1
POLH,AHNAK,RNF4,VEZF1,PLCD4
POLH,AHNAK,PRPF8,SF3A3,NAA38,NAA35
POLH,UBC,DAXX,USH1G
POLH,AHNAK,ACTN4,SORBS2
POLH,AHNAK,RHBDF2,ADAM17
POLH,UBC,RHOA,EHBP1
POLH,AHNAK,RHBDF2,ADAM17,OR2M7
POLH,AHNAK,AKIRIN2,MUC13,OR4E2
POLH,AHNAK,PRPF8,SF3A3,CRLF3
POLH,UBC,RHOA,EHBP1
POLH,AHNAK,EGFR,EGF
POLH,UBC,MIB1
POLH,AHNAK,ACTN4,SORBS2
POLH,UBC,CBL
POLH,AHNAK,ATF2,TMED10
POLH,AHNAK,KIF20A,MGAT5B,PLEKHM3
POLH,AHNAK,HDAC2,PROX1,SERPINB2
POLH,AHNAK,ACTN4,SORBS2,KCNQ3
POLH,AHNAK,ACTN4,SORBS2
POLH,AHNAK,PHLPP1,MCAM
POLH,AHNAK,ALPG
POLH,UBC,CHP1,SLC9A3
POLH,UBC,HSD17B11,PGRMC1
POLH,UBC,ADRM1
POLH,UBC,HTT,SLC25A11
POLH,AHNAK,HSPA5,LOC102723407,COL26A1
POLH,AHNAK,SUMO2,SERPINB6
POLH,AHNAK,CDK2,TSPYL2,MEP1A
POLH,RPS27A,NRAS,PCDH18
POLH,UBC,STUB1,AQP2
POLH,UBE2B,UBQLN4,DMPK
POLH,AHNAK,CDK2,TSPYL2,EFNB3
POLH,UBC,JUN,CX3CL1
POLH,UBC,CYLD,PPIP5K1
POLH,AHNAK,PLEC,SPTAN1
POLH,AHNAK,BRD4,CCNT2
POLH,AHNAK,EGFR,EGF
POLH,UBC,DRG1
POLH,UBC,TRAF1,TNFRSF13C
POLH,AHNAK,GRB2,TBC1D3G
POLH,UBC,NTRK1,NCSTN
POLH,AHNAK,EGFR,EGF
POLH,AHNAK,ECT2,DDX50,SLC4A8
POLH,AHNAK,SUMO2,SERPINB6
POLH,AHNAK,ACTN4,SORBS2
POLH,AHNAK,STIP1,HINT1
POLH,AHNAK,EGFR,EGF
POLH,UBC,RHOA,EHBP1
POLH,AHNAK,EGFR,EGF
POLH,AHNAK,BRD4,CCNT2
POLH,RPS27A,TRADD
POLH,AHNAK,RNF4,VEZF1,LRRC52
POLH,AHNAK,HDAC2,PROX1,ITGA10
POLH,AHNAK,FMR1,CD6
POLH,UBC,FLT3
POLH,UBC,CPS1
POLH,AHNAK,FMR1,CD6,SIGLEC9
POLH,AHNAK,STIP1,HINT1,FPR2
POLH,UBC,RHOT2,CNR2
POLH,AHNAK,EGFR,EGF
POLH,UBC,ABL1,WNK2
POLH,UBC,RHOA,EHBP1
POLH,UBC,H2BC8,CCDC25
POLH,UBC,ANKRD13D
POLH,AHNAK,HNRNPH1,SCUBE3
POLH,UBC,RHOA,EHBP1
POLH,AHNAK,FMR1,CD6,CDV3
POLH,AHNAK,YAP1,GLIS3,KCNC1
POLH,RPS27A,RPL38,RIC8A
POLH,UBC,RHOA,EHBP1
POLH,UBC,PRKCB,NOX1
POLH,UBC,PRKCB,NOX1
POLH,UBC,RHOA,EHBP1,KLRF1
POLH,AHNAK,EGFR,EGF
POLH,AHNAK,HSPA5,LOC102723407,PCDHGB3
POLH,UBC,ZAP70,CD3G
POLH,UBC,BCR
POLH,AHNAK,EGFR,EGF
POLH,UBC,NEDD4L,SLC22A11
POLH,AHNAK,ECT2,DDX50,SLC24A1
POLH,AHNAK,ACTN4,SORBS2,NALCN,NALF1
POLH,AHNAK,SUMO2,SERPINB6
POLH,AHNAK,HSPB1,MAPKAPK5,DCXR
POLH,UBC,FGFR1,FLRT1
POLH,UBC,LNX1,SAT1
POLH,AHNAK,EGFR,EGF
POLH,AHNAK,ACTN4,SORBS2
POLH,AHNAK,GORASP2,SELENBP1,TMED1
POLH,AHNAK,ECT2,DDX50
POLH,AHNAK,FMR1,CD6,FCER1G,CD300C
POLH,AHNAK,GRB2,TBC1D3G
POLH,AHNAK,FMR1,CD6
POLH,RPS27A,HSPA8,OSBPL7
POLH,UBC,GSK3B,ACSBG1
POLH,PIAS1,PRDM1,FCER2
POLH,AHNAK,RPL14,MYCN,SLC39A4
POLH,AHNAK,HDAC2,PROX1,ITGA1
POLH,AHNAK,NR2C2,DIS3,STK16
POLH,UBC,RHOA,EHBP1
POLH,UBC,RHOA,EHBP1
POLH,UBC,JUN,CX3CL1,PALM2AKAP2
POLH,AHNAK,EGFR,EGF
POLH,UBC,ZAP70,CD3G
POLH,AHNAK,HSPA9,AQP12B,OR4X2
POLH,UBC,CUL3,KLHL7
POLH,AHNAK,BRD4,CCNT2,CNNM2
POLH,UBC,FZR1,RGS11
POLH,UBC,MIB1,GRIN2A
POLH,AHNAK,ECT2,DDX50,CNNM3
POLH,UBC,RHOA,EHBP1
POLH,AHNAK,FGD5
POLH,AHNAK,RNF4,VEZF1,AQP7
POLH,UBC,RHOA,EHBP1
POLH,UBC,TRAF3IP2,IL17RC
POLH,AHNAK,TUBA1C,KLK15,ADGRL1
POLH,UBC,BSG,CTSL
POLH,AHNAK,STIP1,HINT1
POLH,RPS27A,HNRNPA1,FREM2
POLH,AHNAK,S100A10,TRPV6,OR51E2
POLH,UBC,SMC1A,GRM3
POLH,UBE2B,UBXN7,XKRX
POLH,AHNAK,FMR1,CD6
POLH,UBE2B,UBXN7,XKRX
POLH,RPS27A,DAPK1
POLH,UBC,RHOA,EHBP1
POLH,PCNA,ATM,PVR
POLH,AHNAK,PMS1,F12
POLH,AHNAK,KIF23,ARF3
POLH,AHNAK,ACTN4,SORBS2,VIPR1
POLH,UBC,TRIM32,PDE9A
POLH,RPS27A,SRC,CYSTM1
POLH,RPS27A,HRAS,RASGRP4
POLH,UBC,ARRB2,APLNR,NPHS2
POLH,UBC,H2BC8,CCDC25
POLH,AHNAK,HSPA5,LOC102723407,OSBPL1A
POLH,UBC,EPS15L1
POLH,UBC,RHOA,EHBP1,GRAMD2A
POLH,UBC,TRAF5,TNFRSF13B
POLH,AHNAK,ACTN4,SORBS2,UNC13B,DOC2B
POLH,AHNAK,RNF4,VEZF1,HTR3A
POLH,UBE2B,ZMYM2,C8A
POLH,AHNAK,ECT2,DDX50
POLH,UBC,NTRK1,NCSTN
POLH,UBC,ARRB2,APLNR
POLH,UBC,SGTA,DPP3,SLC23A2
POLH,UBC,PHB1
POLH,UBC,HTT,SLC25A11
POLH,AHNAK,FMR1,CD6
POLH,AHNAK,CHMP4B,METRNL,RGS8
POLH,UBC,TNIP2,APBA2
POLH,AHNAK,YTHDC1,FOXK2,NDC1
POLH,UBC,RHOA,EHBP1
POLH,UBC,GNB2,RGS6
POLH,UBC,RHOA,EHBP1
POLH,UBE2B,UBQLN4,DMPK
POLH,AHNAK,STIP1,HINT1
POLH,REV1,MSH2,HLA-DPB1
POLH,RPS27A,HRAS,RASGRP4
POLH,AHNAK,RHBDF2,ADAM17
POLH,UBC,RELA,COMMD10,CD1C
POLH,UBC,DNAJB6,AQP8
POLH,UBC,UBASH3B,MYO1D
POLH,UBC,BSG,CTSL
POLH,UBC,WDR5,KANSL2
POLH,AHNAK,YAP1,GLIS3,KLRK1,RAET1L
POLH,UBC,CBL,FRS3
POLH,RAD18,EPHA2,CAMK1G
POLH,UBC,RHOA,EHBP1
POLH,AHNAK,ECT2,DDX50
POLH,UBC,BSG,CTSL
POLH,RPS27A,HSPA8,OSBPL7
POLH,AHNAK,SUMO2,SERPINB6
POLH,AHNAK,BRD4,CCNT2
POLH,UBC,HUWE1,FURIN
POLH,AHNAK,CDH1,ITGA6
POLH,UBC,AMOT,LIN7A
POLH,AHNAK,EEF2,ISYNA1,PI4K2B
POLH,UBC,HSD17B11,PGRMC1
POLH,UBE2B,UBR1,PSG1,SLC39A2
POLH,UBC,UBE2R2,GSC2,BEST3
POLH,AHNAK,HNRNPD,TOMM34,ZAN
POLH,AHNAK,ACTN4,SORBS2,RASGEF1B
POLH,AHNAK,STIP1,HINT1,GNG13
POLH,AHNAK,SUMO2,SERPINB6
POLH,AHNAK,PLEKHA4,MTERF4,SEPHS1
POLH,AHNAK,MAPT,APOE
POLH,UBC,MAVS,TLR1
POLH,AHNAK,NUDT12,EPS8L1
POLH,RPS27A,SRC,CYSTM1
POLH,UBC,HSD17B11,PGRMC1
POLH,AHNAK,PRPF8,SF3A3,ADI1
POLH,AHNAK,GRB2,TBC1D3G
POLH,AHNAK,HSPA5,LOC102723407,TCN2
POLH,UBC,ARRB2,APLNR
POLH,AHNAK,KIF23,ARF3
POLH,UBC,HSP90AB1,IRAK3
POLH,AHNAK,ESR1
POLH,UBC,GNB2,RGS6
POLH,AHNAK,ACTN4,SORBS2
POLH,UBC,MIB1,GRIN2A
POLH,AHNAK,PRPF8,SF3A3,CLCA4
POLH,UBC,TNIP2,APBA2
POLH,UBC,PGAM2,PLPP3
POLH,AHNAK,FMR1,CD6
POLH,UBC,RHOA,EHBP1
POLH,AHNAK,LRRK2,ZC3H15,BLVRB
POLH,AHNAK,HSPA5,LOC102723407,CNTNAP3
POLH,UBC,JUN,CX3CL1
POLH,AHNAK,EGFR,EGF
POLH,UBC,JUN,CX3CL1
POLH,AHNAK,CCDC8,SLIT2,ROBO4
POLH,UBC,GSK3B,ACSBG1
POLH,UBC,AGO2,SLC7A9
POLH,UBC,IKBKG,NOD2
POLH,UBC,HSP90AB1,IRAK3
POLH,UBC,CASP8,PLIN4
POLH,AHNAK,EGFR,EGF
POLH,AHNAK,GRB2
POLH,RPS27A,HSPA8,OSBPL7
POLH,TRAIP,UBE2U,CGRRF1,C9
POLH,AHNAK,EFTUD2,MRRF,SLC39A14
POLH,UBC,AP2M1,CTLA4
POLH,AHNAK,ECT2,DDX50
POLH,AHNAK,HSPA5,LOC102723407,SHH
POLH,AHNAK,GRB2,TBC1D3G
POLH,AHNAK,EMC1,TRDN
POLH,AHNAK,STIP1,HINT1,SNX15
POLH,UBC,ABL1,WNK2
POLH,AHNAK,PLEC,SPTAN1
POLH,AHNAK,ECT2,DDX50,CALCRL,RAMP1
POLH,AHNAK,FGD5,LIMCH1,FRMPD2
POLH,UBC,FLOT1,VAMP2
POLH,AHNAK,ECT2,DDX50
POLH,AHNAK,EGFR,EGF
POLH,AHNAK,RNF4,VEZF1,ZACN
POLH,UBC,HSP90AB1,IRAK3
POLH,AHNAK,FMNL1,NHLRC2,PIGR
POLH,UBC,CUL3,KLHL7
POLH,AHNAK,HSPA5,LOC102723407,RILPL1
POLH,RPS27A,INSR,CYTH3
POLH,AHNAK,H2BC3,H1-2,PAWR
POLH,UBC,AMOT
POLH,UBC,PRKCB,NOX1
POLH,UBC,BSG,CTSL,SCAMP5
POLH,UBC,JUN,CX3CL1
POLH,AHNAK,EGFR,EGF
POLH,AHNAK,HSPA5,LOC102723407,GRID1
POLH,UBC,UBE2E1,DDA1,SLC22A18
POLH,RPS27A,UTP20
POLH,AHNAK,CDH1,ITGA6
POLH,UBC,NPTN,IPO13,TTC7B
POLH,UBE2B,SLF1,PARD6B
POLH,RPS27A,SRC,CYSTM1
POLH,AHNAK,ECT2,DDX50,ATP8B2
POLH,UBC,RHOA,EHBP1
POLH,AHNAK,HSPA5,LOC102723407,VMP1
POLH,AHNAK,RNF4,VEZF1,KCNA10
POLH,RPS27A,RPL36A
POLH,AHNAK,ECT2,DDX50,GHRHR
POLH,AHNAK,SQSTM1,SESN1,RAPSN
POLH,RPS27A,HNRNPA1,FREM2
POLH,AHNAK,EGFR,EGF
POLH,AHNAK,HNRNPD,TOMM34,TVP23B,YIPF1
POLH,UBC,ZAP70,CD3G
POLH,UBC,LNX1,SAT1
POLH,AHNAK,PLEKHA4,MTERF4,PARP14
POLH,RPS27A,HSPA8,OSBPL7
POLH,UBC,HTT,SLC25A11
POLH,UBE2B,UBE2L3,HERC6,RIMBP2
POLH,RPS27A,PRKCA,AKAP5
POLH,AHNAK,ECT2,DDX50
POLH,AHNAK,GRB2,TBC1D3G
POLH,UBC,WWP2,ARRDC4,BAIAP2L2
POLH,UBC,GSK3B,ACSBG1
POLH,AHNAK,FAM20C,DMP1,DSCAML1
POLH,AHNAK,HDAC2,PROX1,GYPC
POLH,RPS27A,CFTR,CLCA1
POLH,MLH1,ACTG1
POLH,RPS27A,HSPA8,OSBPL7
POLH,AHNAK,PRPF8,SF3A3,C11orf24
POLH,UBC,TRAF2,TNFRSF25
POLH,AHNAK,ECT2,DDX50,SLC16A8
POLH,AHNAK,EGFR,EGF
POLH,UBC,WWP2,ARRDC4
POLH,UBC,ARRB2,APLNR
POLH,AHNAK,PRPF8,SF3A3,P2RX6
POLH,AHNAK,HSPA5,LOC102723407,PCDHB12
POLH,UBC,MAP1LC3B,CLEC7A
POLH,PIAS1,AKT,GRIN2C
POLH,AHNAK,MAPT,APOE
POLH,UBC,RHOA,EHBP1,SLC30A3
POLH,RPS27A,LITAF,KCNIP4
POLH,AHNAK,STIP1,HINT1
POLH,RPS27A,CFTR,CLCA1,MICB
POLH,RPS27A,SRC,CYSTM1
POLH,MAD2L2,REL,SLC6A12
POLH,UBC,RNF114
POLH,UBE2B,UBXN7,XKRX
POLH,AHNAK,ACTN4,SORBS2
POLH,AHNAK,FMR1,CD6,SIRPB1
POLH,AHNAK,RHBDF2,ADAM17,OR6T1
POLH,AHNAK,STIP1,HINT1
POLH,RPS27A,CFTR,CLCA1
POLH,UBC,HIF1A,E2F7,PDCD1,PDCD1LG2
POLH,UBC,HGS,SNAP25
POLH,AHNAK,BRD4,CCNT2
POLH,RPS27A,HRAS,RASGRP4
POLH,AHNAK,KIF23,ARF3
POLH,UBC,LNX1,SAT1
POLH,AHNAK,HSPA5,LOC102723407,COL25A1
POLH,AHNAK,FMR1,CD6,FCER1G,CD300C
POLH,UBC,RHOA,EHBP1
POLH,AHNAK,STIP1,HINT1,KCNJ3
POLH,UBC,TNFRSF1A,CYBA
POLH,UBC,NTRK1,NCSTN
POLH,AHNAK,EGFR,EGF,LY96
POLH,UBC,HSP90AB1,IRAK3
POLH,UBC,LARP7,EPB42
POLH,RPS27A,CTTN,SH3BGRL
POLH,AHNAK,AKIRIN2,MUC13
POLH,RPS27A,CAV3
POLH,UBC,CASP8,PLIN4
POLH,AHNAK,PRPF8,SF3A3,CHRNA5,LYPD1
POLH,UBC,TNIP2,APBA2
POLH,AHNAK,BRD4,CCNT2
POLH,UBC,HGS,SNAP25
POLH,UBC,AMFR,OR4N2
POLH,AHNAK,ACTN4,SORBS2
POLH,AHNAK,AURKB,ZNF415,TMC5
POLH,AHNAK,HSPA5,LOC102723407,OSBPL2
POLH,AHNAK,ACTN4,SORBS2,UNC13B
POLH,UBC,HSP90AB1,IRAK3
POLH,UBE2B,ZMYM2,C8A
POLH,AHNAK,SQSTM1,SESN1,SLC44A5
POLH,AHNAK,EGFR,EGF
POLH,AHNAK,H2BC21,NSD1,LRRC55
POLH,AHNAK,PRC1
POLH,UBC,ABL1,WNK2
POLH,UBC,WWP2,ARRDC4
POLH,RPS27A,HSPA8,OSBPL7
POLH,AHNAK,EGFR,EGF
POLH,RPS27A,HSPA8,OSBPL7
POLH,UBE2B,SKP1,FBXO9,IHH
POLH,AHNAK,RBM15,KLHL20,NRXN1
POLH,AHNAK,RPL14,MYCN,CR1L
POLH,AHNAK,GRB2,TBC1D3G
POLH,UBC,TNIP2,APBA2
POLH,AHNAK,LRRK2,ZC3H15,SLC22A16
POLH,RPS27A,SRC,CYSTM1
POLH,UBC,ABL1,WNK2
POLH,PCNA,HOOK2,CEP295
POLH,AHNAK,EGFR,EGF
POLH,PIAS1,HIC1,ACKR3
POLH,AHNAK,RPL14,MYCN,GUCY2F
POLH,AHNAK,SUMO2,SERPINB6
POLH,AHNAK,GRB2,TBC1D3G
POLH,AHNAK,HSPA5,LOC102723407,TNFRSF21
POLH,AHNAK,EGFR,EGF
POLH,AHNAK,HSPA5
POLH,AHNAK,BRD4,CCNT2
POLH,AHNAK,EGFR,EGF
POLH,UBC,WWP2,ARRDC4
POLH,AHNAK,MAPT,APOE
POLH,AHNAK,EGFR,EGF
POLH,UBC,FGFR1,FLRT1
POLH,RPS27A,CPNE7
POLH,UBC,ABL1,WNK2
POLH,AHNAK,HSPB1,MAPKAPK5,CLDN12
POLH,UBC,ARRB2
POLH,UBC,OSBPL8,IFNLR1
POLH,UBC,RHOA,EHBP1
POLH,RPS27A,CTSG
POLH,RPS27A,HSPA8
POLH,UBC,RNF5,ERLIN2
POLH,UBC,HSD17B11,PGRMC1
POLH,AHNAK,STIP1,HINT1,GPR139
POLH,UBC,CHP1,SLC9A3
POLH,UBC,AGO2,SLC7A9
POLH,AHNAK,ECT2,DDX50,CNR1
POLH,AHNAK,PPP1R9A,DCLK2,RTKN2
POLH,AHNAK,GRB2,TBC1D3G
POLH,AHNAK,HNRNPH1,SCUBE3
POLH,AHNAK,KIF23,ARF3
POLH,UBC,NPTN,IPO13,TTC7A
POLH,UBE2B,UBQLN1
POLH,AHNAK,FMR1,CD6
POLH,UBC,GNB2,RGS6
POLH,AHNAK,GRB2,TBC1D3G
POLH,AHNAK,PLEKHA7,GJA1
POLH,AHNAK,EGFR,EGF
POLH,AHNAK,EGFR,EGF
POLH,AHNAK,H4C6,CENPL,ANO8
POLH,TRAIP,TBK1,WHRN
POLH,UBC,PSEN1,APH1A
POLH,AHNAK,KIF23,ARF3
POLH,AHNAK,HSPB1,MAPKAPK5,CATSPERG
POLH,UBC,BRAF
POLH,AHNAK,HSPA5,LOC102723407,PCDHGA9
POLH,AHNAK,HSPA5,LOC102723407,LRRC45
POLH,AHNAK,SUMO2,SERPINB6
POLH,AHNAK,EGFR,EGF
POLH,UBE2B,UBQLN4,DMPK
POLH,AHNAK,CDH1
POLH,RPS27A,ANTXR2,COL4A5,SLC10A4
POLH,RPS27A,RNF43,FZD2
POLH,UBC,PRDX3
POLH,RPS27A,SRC,CYSTM1
POLH,AHNAK,RPL14,MYCN,LIM2
POLH,AHNAK,GRB2,TBC1D3G
POLH,AHNAK,ACTN4,SORBS2
POLH,UBC,NTRK1,NCSTN
POLH,AHNAK,U2AF2,FUBP1,ENPP6
POLH,AHNAK,EGFR,EGF
POLH,AHNAK,ACTN4,SORBS2,GRIN3B
POLH,AHNAK,H2BC3,H1-2,HAS1
POLH,UBC,JUN,CX3CL1
POLH,UBC,RHOA,EHBP1
POLH,AHNAK,RHBDF2,ADAM17,IL2RG
POLH,UBC,LNX1,SAT1
POLH,AHNAK,STIP1,HINT1,ADGRD1
POLH,RPS27A,PDGFRB
POLH,AHNAK,RHBDF2,ADAM17
POLH,AHNAK,ECT2,DDX50,IL3RA
POLH,UBC,PRKCB,NOX1
POLH,AHNAK,PLEKHA7,GJA1
POLH,UBE2B,RNF20,DIS3L
POLH,UBC,GSK3B
POLH,UBC,HGS,SNAP25
POLH,PCNA,HOOK2,CEP295
POLH,UBC,GNB2,RGS6
POLH,UBC,GSK3B,ACSBG1
POLH,AHNAK,MAPT,APOE
POLH,PCNA,RHOF,ASIC1
POLH,UBC,ARRB2,APLNR
POLH,AHNAK,ECT2,DDX50
POLH,UBC,UBQLN2
POLH,AHNAK,ACTN4,SORBS2,CLDN6
POLH,RAD18,EPHA2,CAMK1G
POLH,RPS27A,CFTR,CLCA1
POLH,AHNAK,HSPA5,LOC102723407,PCDHGC5
POLH,UBE2B,UBE2D1,LRR1,NLRP6
POLH,RPS27A,IMP4
POLH,RPS27A,IRAK1,KLRB1
POLH,RPS27A,HRAS,RASGRP4
POLH,AHNAK,STIP1,HINT1
POLH,UBC,RHOA,EHBP1
POLH,AHNAK,EGFR,EGF
POLH,AHNAK,GRB2,TBC1D3G
POLH,AHNAK,ACTN4,SORBS2
POLH,UBC,FZR1,RGS11
POLH,AHNAK,EGFR,EGF,PAQR6
POLH,UBC,ACTR1A,DHCR7,KNTC1
POLH,UBC,EPN3
POLH,AHNAK,GRB2,TBC1D3G
POLH,AHNAK,EGFR,EGF
POLH,AHNAK,EGFR,EGF
POLH,UBC,RAPGEF2
POLH,AHNAK,EMC1,TRDN
POLH,AHNAK,STIP1,HINT1
POLH,UBC,UCHL1,CD163
POLH,UBC,LNX1,SAT1
POLH,AHNAK,EMC1,TRDN,PCDHA11
POLH,RPS27A,IRAK1,KLRB1
POLH,PIAS1,PASK,ADAMTS13,CELSR1
POLH,AHNAK,GRB2,TBC1D3G
POLH,AHNAK,RNF4,VEZF1,CD8A
POLH,UBC,NTRK1,NCSTN
POLH,UBC,PRKCB,NOX1
POLH,AHNAK,PRPF8,SF3A3,NMT2
POLH,UBC,BRCA1
POLH,AHNAK,FMR1,CD6,LRRC3
POLH,AHNAK,ECT2,DDX50
POLH,UBC,NTRK1,NCSTN
POLH,UBE2B,UBXN7,XKRX
POLH,AHNAK,CDK2,TSPYL2,ADGRA2
POLH,UBC,LACTB,OMA1,ADAM2
POLH,UBC,RHOA,EHBP1
POLH,AHNAK,STIP1,HINT1,S1PR5
POLH,UBC,EEF1A2,SLC13A5
POLH,AHNAK,U2AF2,FUBP1,RTN4R,OMG
POLH,UBC,RHOA,EHBP1
POLH,AHNAK,EGFR,EGF
POLH,AHNAK,ECT2,DDX50
POLH,AHNAK,ACTN4,SORBS2
POLH,UBC,HSP90AB1
POLH,AHNAK,YAP1,GLIS3,OR2AG1
POLH,AHNAK,ACTN4,SORBS2,PDE4A
POLH,AHNAK,EGFR,EGF,GABRA3
POLH,UBC,FBXO7,FGF10
POLH,AHNAK,EGFR,EGF
POLH,UBC,GGA3,IGF2R
POLH,AHNAK,GRB2,TBC1D3G
POLH,AHNAK,OBSL1,MTMR2,CACNB1
POLH,AHNAK,ECT2,DDX50
POLH,AHNAK,PHLPP1,MCAM
POLH,AHNAK,TRIM37,KRBA1,RAPGEF3
POLH,AHNAK,ECT2,DDX50
POLH,UBC,HSD17B11,PGRMC1
POLH,AHNAK,FMR1,CD6,SLAMF6
POLH,UBC,JUN,CX3CL1
POLH,RPS27A,ERN1,PCDHGB5
POLH,UBC,NEDD4L,SLC22A11
POLH,UBC,MIB1,GRIN2A
POLH,AHNAK,CDH1,ITGA6
POLH,AHNAK,ATF2,TMED10
POLH,UBC,HUWE1,FURIN
POLH,UBC,UCHL1,CD163
POLH,UBC,DAXX,USH1G
POLH,UBC,GSK3B,ACSBG1
POLH,UBC,RHOA,EHBP1
POLH,AHNAK,HNRNPH1,SCUBE3
POLH,AHNAK,PCDHGC3,GNAZ
POLH,AHNAK,ECT2,DDX50,CD300LB,TYROBP,TREM1
POLH,RPS27A,SLC36A1,alanine,GLRA2
POLH,RPS27A,CFTR,CLCA1
POLH,AHNAK,KIF23,ARF3
POLH,AHNAK,ACTN4,SORBS2
POLH,UBE2B,ZMYM2,C8A
POLH,RPS27A,SRC,CYSTM1
POLH,AHNAK,U2AF2,FUBP1,NCAM2
POLH,UBC,ABRAXAS2,IFNAR1
POLH,UBC,NFE2L2
POLH,AHNAK,ACTN4,SORBS2,NALCN,NALF1
POLH,UBC,CUL3,KLHL7
POLH,UBC,RAC1,ITGB5
POLH,AHNAK,KIF23,ARF3
POLH,AHNAK,STIP1,HINT1,HTR1E
POLH,UBC,RIPK1
POLH,UBC,GSK3B,ACSBG1
POLH,AHNAK,KIF23,ARF3
POLH,UBC,ANKRD13B
POLH,RPS27A,ERBB2
POLH,AHNAK,EGFR,EGF
POLH,AHNAK,U2AF2,FUBP1,CPNE6
POLH,UBC,HSP90AB1,IRAK3
POLH,UBC,RAC1,ITGB5
POLH,AHNAK,ACTN4,SORBS2
POLH,AHNAK,SUMO2,SERPINB6
POLH,RPS27A,SRC,CYSTM1,SLC9A3R2,OR52B2
POLH,AHNAK,STIP1,HINT1
POLH,AHNAK,NUDT12,EPS8L1
POLH,UBC,HTT,SLC25A11
POLH,UBC,RNF5,ERLIN2
POLH,RPS27A,YBX1
POLH,AHNAK,ECT2,DDX50,GCGR
POLH,UBC,FBXO7,FGF10
POLH,AHNAK,LIMA1
POLH,AHNAK,EGFR,EGF
POLH,AHNAK,RBM15,KLHL20,NRXN1,SYT13
POLH,AHNAK,EGFR,EGF
POLH,RPS27A,SRC,CYSTM1
POLH,AHNAK,GRB2,TBC1D3G
POLH,AHNAK,ACTN4,SORBS2
POLH,RPS27A,NRAS,PCDH18
POLH,UBC,LNX1,SAT1
POLH,RPS27A,SRC,CYSTM1
POLH,UBC,ABL1,WNK2
POLH,AHNAK,AKIRIN2,MUC13
POLH,UBC,ATP5F1A
POLH,AHNAK,NCBP2,INA,PRRT2
POLH,RPS27A,SRC,CYSTM1
POLH,AHNAK,FMR1,CD6,APBA3
POLH,UBC,HSP90AB1,IRAK3
POLH,UBC,LNX1,SAT1
POLH,UBC,HTT,SLC25A11
POLH,AHNAK,FMR1,CD6,GRIK5
POLH,AHNAK,BRD4,CCNT2
POLH,AHNAK,ANKRD26,BICD1,CHRNA4
POLH,UBC,ABL1,WNK2
POLH,UBC,SMC1A,GRM3
POLH,AHNAK,PLEKHA7,GJA1,CNST
POLH,AHNAK,AKIRIN2,MUC13
POLH,AHNAK,ANKRD26,BICD1,INPP5B
POLH,AHNAK,PLEKHA7,GJA1
POLH,AHNAK,FMR1,CD6,CD84
POLH,AHNAK,EGFR,EGF
POLH,RPS27A,PRKCA,AKAP5
POLH,AHNAK,NDN,LTF,SIRPG
POLH,AHNAK,RNF4,VEZF1,CD68
POLH,UBC,TRAF1,TNFRSF13C
POLH,AHNAK,ECT2,DDX50,CHRNA1
POLH,PCNA,LIG1
POLH,UBC,FZR1,RGS11
POLH,UBC,ABL1,WNK2
POLH,AHNAK,CDH1,ITGA6
POLH,AHNAK,NR2C2,DIS3,C1QTNF5
POLH,UBC,BSG,CTSL
POLH,AHNAK,SUMO2,SERPINB6
POLH,UBC,WWP2,ARRDC4
POLH,UBC,RHOA,EHBP1
POLH,AHNAK,HNRNPH1,SCUBE3
POLH,AHNAK,STIP1,HINT1
POLH,RPS27A,NRAS
POLH,UBC,FZR1,RGS11
POLH,AHNAK,PLEKHA4,MTERF4,SLC27A6
POLH,RPS27A,MARK3
POLH,UBC,RHOA,EHBP1
POLH,RPS27A,HRAS,RASGRP4
POLH,AHNAK,ACTN4,SORBS2
POLH,UBC,RHOA,EHBP1
POLH,AHNAK,EGFR,EGF,CBLB
POLH,UBC,RHOA,EHBP1,ABCA6
POLH,AHNAK,BRD4,CCNT2
POLH,UBC,RHOA,EHBP1
POLH,UBC,GGA3,IGF2R
POLH,AHNAK,RPL14,MYCN,PLPP2
POLH,AHNAK,PMS1,F12
POLH,UBC,PJA1,DGKD
POLH,PCNA,PIDD1,MADD
POLH,UBC,LNX1,SAT1
POLH,UBC,PSMB3,NCR3LG1
POLH,AHNAK,KIF23,ARF3
POLH,AHNAK,EMC1,TRDN
POLH,AHNAK,ACTN4,SORBS2,OPRM1
POLH,AHNAK,HSPA5,LOC102723407,ITGAD
POLH,AHNAK,FMR1,CD6
POLH,UBC,RHOA,EHBP1
POLH,AHNAK,ACTN4,SORBS2,RAB35
POLH,UBC,HSD17B11,PGRMC1,ADAM18
POLH,UBC,HTT,SLC25A11
POLH,AHNAK,GRB2,TBC1D3G
POLH,AHNAK,RNF4,VEZF1,SDK2
POLH,AHNAK,HNRNPD,TOMM34,RAPGEF4
POLH,AHNAK,STIP1,HINT1
POLH,AHNAK,ECT2,DDX50,GALR2
POLH,AHNAK,ECT2,DDX50
POLH,AHNAK,FMR1,CD6,GRIK5,GRIK3
POLH,AHNAK,CDH1,ITGA6
POLH,AHNAK,CHMP4C,RIT2
POLH,UBC,AMOT,LIN7A
POLH,AHNAK,EGFR,EGF
POLH,UBC,GSK3B,ACSBG1
POLH,AHNAK,PCDHGC3,GNAZ,ATP8A1
POLH,RPS27A,SRC,CYSTM1
POLH,RPS27A,HRAS,RASGRP4
POLH,UBC,RAC1,ITGB5
POLH,UBC,TRIM32,PDE9A
POLH,AHNAK,ECT2,DDX50
POLH,UBC,SMC1A,GRM3
POLH,UBC,NTRK1,NCSTN
POLH,AHNAK,YAP1,GLIS3,CYTH4
POLH,AHNAK,BRD4,CCNT2
POLH,AHNAK,RNF4,VEZF1,BMP2,RGMA
POLH,AHNAK,EGFR,EGF
POLH,PIAS1,PTPN1,C1orf210
POLH,AHNAK,STIP1,HINT1
POLH,UBC,HTT,SLC25A11
POLH,AHNAK,RNF4,VEZF1,DPEP1
POLH,AHNAK,HSPA5,LOC102723407,ENTPD6
POLH,UBC,STX3,SYT1
POLH,UBC,WWP2,ARRDC4
POLH,UBC,RHOA,EHBP1
POLH,AHNAK,RNF4,VEZF1,CHRNB4
POLH,UBE2B,UBR1,PSG1
POLH,AHNAK,EGFR,EGF
POLH,UBE2B,SKP1,FBXO9,VPS35L
POLH,AHNAK,ECT2,DDX50,ADH1C
POLH,AHNAK,ECT2,DDX50
POLH,UBC,TRAF2,TNFRSF25
POLH,AHNAK,EGFR,EGF
POLH,UBC,LNX1,SAT1,KCNS2
POLH,UBC,GSK3B,ACSBG1
POLH,UBC,STX3,SYT1
POLH,UBC,GNB2,RGS6
POLH,RPS27A,SRC,CYSTM1
POLH,AHNAK,CDK2,TSPYL2,CPEB3
POLH,AHNAK,EGFR,EGF
POLH,UBC,RNF216,TIRAP
POLH,UBC,LARP7,EPB42
POLH,UBC,TNIP2,APBA2
POLH,AHNAK,ACTN4,SORBS2,HAS3
POLH,AHNAK,HSPB1,MAPKAPK5,LSP1
POLH,AHNAK,RPL14,MYCN,CD226,MBLAC2
POLH,UBC,MIB1,GRIN2A
POLH,AHNAK,EGFR,EGF,KCNN3
POLH,AHNAK,MYC,ELL,KIR3DL2
POLH,UBC,TSG101
POLH,AHNAK,FMR1,CD6
POLH,AHNAK,EGFR,EGF
POLH,UBC,HTT
POLH,AHNAK,SUMO2,SERPINB6
POLH,UBE2B,UBXN7,XKRX
POLH,UBC,PODXL,SELL
POLH,AHNAK,ECT2,DDX50,NUCB2
POLH,UBE2B,UBR1,PSG1
POLH,UBC,WDR5,KANSL2
POLH,RAD18,PNISR,PNN
POLH,UBC,BIN1
POLH,AHNAK,ST14
POLH,AHNAK,GRB2,TBC1D3G
POLH,AHNAK,AKIRIN2,MUC13,SLC9C1
POLH,RPS27A,ZNF324B,RGS3
POLH,AHNAK,SUMO2,SERPINB6
POLH,AHNAK,STIP1,HINT1,TACR1
POLH,UBC,RHOA,EHBP1
POLH,PIAS1,NR0B2,HNF4G,HAS2
POLH,UBC,SUMO1
POLH,UBE2B,UBR1,PSG1
POLH,PCNA,CDK5
POLH,AHNAK,ECT2,DDX50
POLH,RPS27A,ERBB2,PTGER3
POLH,RPS27A,PRKCA,AKAP5
POLH,AHNAK,HSPA5,LOC102723407,GABRA1
POLH,UBC,FASN
POLH,UBC,PTPN5,CLEC4G
POLH,AHNAK,SUMO2,SERPINB6
POLH,UBC,FGFR1,FLRT1
POLH,AHNAK,BRD4,CCNT2
POLH,AHNAK,GRB2,TBC1D3G
POLH,UBC,BSG,CTSL
POLH,RAD18,EPHA2,CAMK1G
POLH,UBC,RAC1,ITGB5
POLH,UBC,TNIP2,APBA2
POLH,UBC,RHOA,EHBP1
POLH,UBC,RHOA,EHBP1,NDRG4
POLH,AHNAK,EGFR,EGF
POLH,AHNAK,FMR1,CD6
POLH,AHNAK,ECT2,DDX50
POLH,AHNAK,EGFR,EGF
POLH,UBC,NTRK1,NCSTN
POLH,AHNAK,EGFR,EGF
POLH,UBC,RHOA,EHBP1
POLH,AHNAK,MAPT,APOE,CR1
POLH,REV1,UBB
POLH,UBC,HSP90AB1,IRAK3
POLH,RPS27A,SRC,CYSTM1
POLH,UBC,IKZF3,POLM,SLC15A2
POLH,RPS27A,HRAS,RASGRP4
POLH,AHNAK,HSPB1,MAPKAPK5,ATP8B1
POLH,AHNAK,EGFR,EGF
POLH,AHNAK,CDH1,ITGA6
POLH,AHNAK,BRD4,CCNT2
POLH,AHNAK,FMR1,CD6
POLH,AHNAK,ECT2,DDX50,CALCRL
POLH,UBC,RHOT2,CNR2
POLH,RPS27A,HSPA8,OSBPL7
POLH,UBC,TRAF1,TNFRSF13C,CD70
POLH,UBC,PSEN1,APH1A
POLH,UBC,NEDD4,LAPTM4B
POLH,UBC,HGS,SNAP25
POLH,AHNAK,FBXW7,CREB3L1,RHBDL1
POLH,AHNAK,GRB2,TBC1D3G
POLH,RPS27A,ERBB4
POLH,AHNAK,EGFR,EGF
POLH,UBC,RHOA,EHBP1
POLH,RPS27A,NOTCH2
POLH,AHNAK,STIP1,HINT1,BDKRB1
POLH,UBC,MALT1,CARD14,OR51B2
POLH,AHNAK,GRB2,TBC1D3G
POLH,UBC,RHOT2,CNR2
POLH,RAD18,EPHA2,CAMK1G
POLH,RPS27A,SRC,CYSTM1
POLH,POLI,SETDB1,ARL14EP
POLH,AHNAK,H4C6,CENPL,DGAT1
POLH,AHNAK,YWHAZ,COP1,HLA-DPA1
POLH,AHNAK,FMR1,CD6
POLH,PIAS1,CEP250,ENTHD1
POLH,UBC,IKBKG,NOD2,OLFM4
POLH,RPS27A,SRC,CYSTM1
POLH,AHNAK,GRB2,TBC1D3G
POLH,AHNAK,ACTN4,SORBS2,CACNA2D1
POLH,UBC,JUN,CX3CL1
POLH,AHNAK,EGFR,EGF,ULBP1
POLH,UBC,AUP1,CLN3
POLH,AHNAK,LRRK2,ZC3H15,PKD2L1,PKD1L3
POLH,AHNAK,MYH9,WFDC2,OR5F1
POLH,RPS27A,ERBB3,EYA4,ATP23
POLH,AHNAK,HSPA5,LOC102723407,SEMA4G
POLH,AHNAK,PLEKHA7,GJA1
POLH,AHNAK,FMR1,CD6
POLH,UBC,ULK1,ATG101,RAB12
POLH,UBC,RAC1
POLH,UBC,ABL1,WNK2
POLH,AHNAK,GRB2,TBC1D3G
POLH,UBC,HTT,SLC25A11
POLH,UBC,HTT,SLC25A11
POLH,UBC,RAC1,ITGB5
POLH,AHNAK,HSPA5,LOC102723407,STAB2
POLH,UBC,NEDD4,LAPTM4B
POLH,RPS27A,NRAS,PCDH18
POLH,RPS27A,RPSA
POLH,AHNAK,HSPA5,LOC102723407,PRCP
POLH,AHNAK,HNRNPH1,SCUBE3
POLH,UBC,ACTC1,NEXN
POLH,AHNAK,NUDT12,EPS8L1
POLH,AHNAK,ACTN4,SORBS2,SCTR
POLH,RPS27A,HSPA8,OSBPL7
POLH,RPS27A,CFTR,CLCA1
POLH,UBC,RHOA,EHBP1
POLH,AHNAK,EGFR,EGF
POLH,AHNAK,ACTN4,SORBS2,DFFA
POLH,UBC,ARRB2,APLNR
POLH,UBC,MACF1,TESC
POLH,AHNAK,EGFR,EGF
POLH,UBC,PTPN5,CLEC4G
POLH,AHNAK,GRB2,TBC1D3G
POLH,AHNAK,ACTN4,SORBS2,KCNN4
POLH,AHNAK,STIP1,HINT1,NMUR1
POLH,AHNAK,FMR1,CD6
POLH,AHNAK,STIP1,HINT1,ADGRF1
POLH,AHNAK,SUMO2,SERPINB6
POLH,AHNAK,H2BC21,NSD1,GDE1
POLH,AHNAK,EGFR,EGF
POLH,UBC,NEDD4L,SLC22A11
POLH,AHNAK,MAPT,APOE
POLH,AHNAK,AKIRIN2,MUC13
POLH,AHNAK,HSPA5,LOC102723407,P2RX5
POLH,AHNAK,EGFR,EGF
POLH,AHNAK,HNRNPH1,SCUBE3
POLH,UBC,MIB1,GRIN2A
POLH,AHNAK,ACTN4,SORBS2
POLH,AHNAK,ACTN4,SORBS2
POLH,UBC,NTRK1,NCSTN,CATSPER1,CACNA1I
POLH,UBC,PSMB3,NCR3LG1,CD200R1,CD200
POLH,RPS27A,HRAS,RASGRP4
POLH,AHNAK,BRD4,CCNT2
POLH,UBC,AGO2,SLC7A9
POLH,AHNAK,CDH1,ITGA6
POLH,AHNAK,STIP1,HINT1
POLH,UBC,HSD17B11,PGRMC1
POLH,UBC,RAC1,ITGB5
POLH,AHNAK,H2BC3,H1-2,S100A13
POLH,UBC,RAC1,ITGB5
POLH,UBC,MIB1,GRIN2A
POLH,AHNAK,EGFR,EGF,SLC39A6
POLH,AHNAK,STIP1,HINT1,NPY4R2
POLH,RAD18,EPHA2,CAMK1G
POLH,AHNAK,EGFR,EGF
POLH,UBC,TRIM32,PDE9A
POLH,RPS27A,HSPA8,OSBPL7
POLH,AHNAK,CDH1,ITGA6
POLH,UBC,GNB2,RGS6
POLH,UBE2B,UBQLN4,DMPK
