POLM,KRAS,MAP3K1,MAPK9
POLM,KRAS,GNAI3,GNG5
POLM,IKZF3,RHOA,SYNPO2,C3orf52,SLC23A2
POLM,IKZF3,PPP1R16B,GRK2
POLM,IKZF3,AKAP9,KCNQ1
POLM,KRAS,YWHAH,SIPA1L3
POLM,KRAS,PHB1
POLM,IKZF3,RHOA,SYNPO2,AOC3
POLM,IKZF3,ARHGEF6,RHOJ
POLM,KRAS,GNAI3,GNG5
POLM,KRAS,CYFIP1,PCDH10
POLM,KRAS,ITGB1,ITGA1
POLM,KRAS,CXADR
POLM,KRAS,TMPO,VIL1
POLM,KRAS,PRMT1,GAS7
POLM,KRAS,GNB2,RGS6
POLM,IKZF3,HRAS,LRBA
POLM,KRAS,RAB10,MAPK8IP1
POLM,KRAS,ROBO2,HLA-DPB1
POLM,KRAS,OPA1,MIGA1
POLM,KRAS,DDX21,PNN
POLM,KRAS,YWHAH,SIPA1L3
POLM,IKZF3,HRAS,LRBA
POLM,IKZF3,GRB2,ALK
POLM,IKZF3,ZMYM2,SOX2,B2M,KIR2DL3
POLM,KRAS,TINF2,STAG1
POLM,KRAS,CASK,CYSLTR2
POLM,IKZF3,HRAS,LRBA
POLM,IKZF3,UBC,MDM4,AQP8
POLM,KRAS,MAP3K1,MAPK9
POLM,KRAS,PPP1CC,EIF2A,KLRK1,RAET1L
POLM,KRAS,EPHA2,CAMK1G
POLM,IKZF3,ARHGEF6,RHOJ,MYCBPAP
POLM,KRAS,STX3,SYT1
POLM,IKZF3,RCOR3,NECAB2
POLM,IKZF3,HRAS,LRBA
POLM,IKZF3,UBE2I,PCGF2,PI4K2B
POLM,KRAS,PIK3CD,PTPRZ1
POLM,KRAS,APBB1,SLAMF7
POLM,KRAS,UBE2R2,WDR4,BEST3
POLM,KRAS,APP,APBB2,ZAN
POLM,IKZF3,RBBP4,KPNA5,RASGEF1B
POLM,IKZF3,RHOA,SYNPO2,GNG13
POLM,KRAS,PARD3
POLM,KRAS,BAIAP2
POLM,IKZF3,AKAP9,KCNQ1,SEPHS1
POLM,KRAS,PRPF40A,SDCBP2
POLM,IKZF3,SUMO1,ZCCHC7,DPP6
POLM,KRAS,PGK1,ADI1
POLM,IKZF3,GRB2,ALK
POLM,KRAS,HSPA9,ADCK5,TCN2
POLM,KRAS,CFAP20,CFAP95
POLM,IKZF3,AKAP9,KCNQ1
POLM,IKZF3,UBC,MDM4,OXER1
POLM,KRAS,EPRS1
POLM,KRAS,DIAPH1
POLM,IKZF3,KRT19,AMOTL2
POLM,KRAS,GNAI3,GNG5
POLM,IKZF3,HRAS,LRBA,CLCA4
POLM,IKZF3,UBC,MDM4,ABCC10
POLM,KRAS,FMR1,CD6
POLM,KRAS,HCAR1
POLM,KRAS,LRRC32
POLM,KRAS,MDH2,BLVRB
POLM,KRAS,EPHA2,CAMK1G
POLM,KRAS,ROBO1,ROBO4
POLM,IKZF3,ZMYM2,SOX2,AIFM2
POLM,KRAS,CDK1,CKS2,CSMD3
POLM,IKZF3,PPP1R16B,GRK2,PLIN4
POLM,KRAS,YWHAH,SIPA1L3
POLM,IKZF3,GRB2
POLM,KRAS,APP,APBB2,C9
POLM,KRAS,ATP13A3,TMCO3,SLC39A14
POLM,IKZF3,GRB2,ALK
POLM,KRAS,AP2M1,CTLA4
POLM,KRAS,SLITRK5,SHH
POLM,IKZF3,GRB2,ALK
POLM,KRAS,NEDD4L,HCN1
POLM,KRAS,HSP90B1,LDLR
POLM,KRAS,ITGB1,ITGA1
POLM,KRAS,MAP3K1,MAPK9
POLM,IKZF3,HDAC4,RFXANK,CALCRL,RAMP1
POLM,KRAS,LMO7,FRMPD2
POLM,KRAS,TCP1,FRAS1
POLM,IKZF3,ZMYM2,SOX2,TRIM4
POLM,KRAS,SEC13,RAB14
POLM,KRAS,SLC43A1,ZACN
POLM,IKZF3,RHOA,SYNPO2,COL23A1
POLM,KRAS,TMEM237,PIGR
POLM,KRAS,CUL3,LRFN2
POLM,IKZF3,RHOA,SYNPO2,RGS1
POLM,IKZF3,PAX7,FHL1
POLM,KRAS,PCNT,SYNGAP1
POLM,IKZF3,LNPEP,AQP12B,RAB18
POLM,KRAS,RAB10,MAPK8IP1
POLM,IKZF3,HDAC2,PROX1,PAWR
POLM,IKZF3,GRB2,ALK
POLM,IKZF3,KRT19,AMOTL2
POLM,KRAS,STX3,SYT1,SCAMP5
POLM,KRAS,SLC6A8
POLM,KRAS,RAB10,MAPK8IP1,GRID1
POLM,KRAS,SLC7A1,SLC22A18
POLM,KRAS,APBB1,SLAMF7
POLM,IKZF3,RHOA,SYNPO2,PI4KA,TTC7B
POLM,KRAS,BMPR2
POLM,KRAS,AFDN,PRICKLE3
POLM,KRAS,PTK7,BTNL8
POLM,KRAS,VAPA
POLM,KRAS,ARF6,NMT2
POLM,KRAS,ADCY8,ANKMY2,KCNA10
POLM,IKZF3,HDAC4,RFXANK,GHRHR
POLM,KRAS,CCDC120,KLHL8,RAPSN
POLM,IKZF3,GRB2,ALK
POLM,KRAS,COPS5,TTC27,TVP23B,YIPF1
POLM,KRAS,DLG2
POLM,KRAS,MDH2,BLVRB
POLM,KRAS,MPDZ,HTR2A
POLM,KRAS,PTPRF,PCDHAC1
POLM,IKZF3,PRDM1,IRF1,PARP14
POLM,KRAS,ANK2,CEP120,RIMBP2
POLM,KRAS,APBB1,SLAMF7
POLM,KRAS,WASF2,HSBP1,BAIAP2L2
POLM,KRAS,MATN2,CP
POLM,KRAS,IPO5,DSCAML1
POLM,IKZF3,GRB2,ALK
POLM,KRAS,MAP3K1,MAPK9
POLM,KRAS,ABCC2,NHERF4
POLM,KRAS,ACTG1
POLM,IKZF3,HRAS,LRBA,C11orf24
POLM,IKZF3,REL,EIF5A2,CACNA1G
POLM,KRAS,BCLAF1,CORO2A,SLC16A8
POLM,IKZF3,GRAP2,LAT
POLM,KRAS,PTPRF,PCDHAC1
POLM,IKZF3,AKAP9,KCNQ1
POLM,KRAS,STOM
POLM,IKZF3,ARHGEF6,RHOJ
POLM,IKZF3,NOTCH1,PHF8,MC1R
POLM,IKZF3,GRB2,ALK,P2RX6
POLM,KRAS,HSPA8,PPEF1,PCDHB12
POLM,KRAS,DDX21,PNN
POLM,KRAS,NAT1
POLM,KRAS,NOTCH2,PRG3
POLM,KRAS,PRPF40A,SDCBP2
POLM,KRAS,PRKAR1A,GPR161
POLM,IKZF3,RHOA,SYNPO2,SLC30A3
POLM,IKZF3,HDAC2,PROX1,KCNIP4
POLM,KRAS,ITM2B,CACNA2D1,MICB
POLM,KRAS,LYN,ITGA2
POLM,IKZF3,UBC,MDM4,CD99
POLM,IKZF3,HRAS,LRBA
POLM,KRAS,ANK3,SPTBN4
POLM,KRAS,NF2
POLM,KRAS,FKBPL,PLS1
POLM,KRAS,KLRG2,PCDHA12
POLM,IKZF3,GRB2,ALK
POLM,IKZF3,NOTCH1,PHF8,SIRPB1
POLM,IKZF3,RHOA,SYNPO2,OR6T1
POLM,KRAS,CTNNAL1,DTNA
POLM,KRAS,ABCB5
POLM,KRAS,TMEM237,PIGR
POLM,KRAS,CFTR,CLCA1
POLM,IKZF3,HDAC7,NCOR1,CD274,PDCD1,PDCD1LG2
POLM,KRAS,SEC13,RAB14
POLM,IKZF3,HRAS,LRBA
POLM,IKZF3,HRAS,LRBA
POLM,KRAS,DDX21,PNN
POLM,IKZF3,GRAP2,LAT,FCER1G,CD300C
POLM,IKZF3,GRB2,ALK
POLM,KRAS,PCNT,SYNGAP1
POLM,IKZF3,GRB2,ALK
POLM,KRAS,EHBP1
POLM,IKZF3,RHOA,SYNPO2,KCNJ3
POLM,KRAS,GPX8,SLC34A3
POLM,IKZF3,RHOA,SYNPO2,CYBA
POLM,IKZF3,BLK,CHIT1,LY96
POLM,KRAS,CFLAR,TNFRSF10B
POLM,IKZF3,SUMO1,ZCCHC7,CHRNA5,LYPD1
POLM,KRAS,PLEKHA2
POLM,KRAS,CASK,CYSLTR2
POLM,KRAS,HGS,LRIG1
POLM,KRAS,APBB1,SLAMF7
POLM,KRAS,TMEM237,PIGR
POLM,KRAS,NUMBL,TMC5
POLM,KRAS,PDS5A
POLM,IKZF3,REL,EIF5A2,UNC13B
POLM,KRAS,DYNLL2
POLM,KRAS,ATG9A,SLC44A5
POLM,KRAS,ACTR3,ARPC1A,LRRC55
POLM,IKZF3,AKAP9,KCNQ1
POLM,KRAS,PTK7,BTNL8
POLM,KRAS,ITCH,SCNN1A
POLM,KRAS,APBB1,SLAMF7
POLM,KRAS,CTNNB1,ZFP82,IHH
POLM,IKZF3,RHOA,SYNPO2,BLTP1
POLM,KRAS,AFDN,PRICKLE3
POLM,KRAS,SEC13,RAB14
POLM,KRAS,APBB1,SLAMF7
POLM,IKZF3,RHOA,SYNPO2,CR1L
POLM,KRAS,DDX21,PNN
POLM,KRAS,YWHAH,SIPA1L3
POLM,KRAS,KLHL25,PSG1
POLM,IKZF3,GRB2,ALK
POLM,KRAS,LYN,ITGA2
POLM,KRAS,ADIPOR1,SLC22A16
POLM,KRAS,PSMD14,MICALL2
POLM,KRAS,HSP90B1,LDLR
POLM,KRAS,MET,LAPTM4B
POLM,IKZF3,KRT19,AMOTL2,SNTG2
POLM,KRAS,ABL2,SORBS2
POLM,KRAS,ITCH,SCNN1A
POLM,IKZF3,RHOA,SYNPO2,PI4KA
POLM,KRAS,EPHA3,EFNA1
POLM,IKZF3,RHOA,SYNPO2,GUCY2F
POLM,KRAS,SUMO2,SERPINB6
POLM,KRAS,NAPA
POLM,IKZF3,GRB2,ALK
POLM,KRAS,HSPA5
POLM,IKZF3,HRAS,LRBA
POLM,KRAS,NCAM1,SIGLEC9
POLM,IKZF3,GRB2,ALK
POLM,KRAS,AP2M1,CTLA4
POLM,IKZF3,PTK6,RET
POLM,KRAS,MDN1,STK17B
POLM,IKZF3,ZNF417,DDX39A,CLDN12
POLM,KRAS,LLGL2
POLM,KRAS,ARF6,NMT2
POLM,IKZF3,GRB2,ALK
POLM,KRAS,VAMP4,SYT2
POLM,KRAS,HSPA8
POLM,IKZF3,UBC,MDM4,SLC26A4
POLM,IKZF3,KRT19,AMOTL2
POLM,KRAS,YWHAH,SIPA1L3
POLM,IKZF3,HDAC5,GABARAP
POLM,IKZF3,HDAC4,RFXANK,GPR139
POLM,KRAS,GNAI3,GNG5
POLM,IKZF3,NOTCH1,PHF8,RTKN2
POLM,KRAS,CFTR,CLCA1
POLM,IKZF3,RHOA,SYNPO2,LTA
POLM,IKZF3,GRB2,ALK
POLM,KRAS,PRPF40A,SDCBP2
POLM,KRAS,GNAI2,FPR2
POLM,IKZF3,NOTCH1,PHF8,CACNA2D2
POLM,KRAS,SEC61B,HSPA13
POLM,IKZF3,RHOA,SYNPO2,PI4KA,TTC7B
POLM,KRAS,APBB1,SLAMF7
POLM,KRAS,GNB2,RGS6
POLM,IKZF3,GRB2,ALK
POLM,IKZF3,GRB2,ALK
POLM,IKZF3,GRB2,ALK
POLM,IKZF3,PAX7,FHL1
POLM,KRAS,SLC9A1,TESC,ANO8
POLM,KRAS,PSEN1,TMBIM6
POLM,IKZF3,ZNF417,DDX39A,CATSPERG
POLM,KRAS,BRAF
POLM,IKZF3,STX11,BACE2,PCDHGA9
POLM,KRAS,MDH2,BLVRB
POLM,KRAS,HSPA9,ADCK5,LRRC45
POLM,IKZF3,HRAS,LRBA
POLM,KRAS,CDH1
POLM,KRAS,NOTCH2,PRG3
POLM,KRAS,GPX8,SLC34A3,SLC10A4
POLM,IKZF3,NOTCH1,PHF8,FZD2
POLM,IKZF3,RHOA,SYNPO2,LIM2
POLM,KRAS,YWHAH
POLM,IKZF3,GRB2,ALK,RGS9
POLM,IKZF3,PAX7,FHL1
POLM,KRAS,APBB1,SLAMF7
POLM,KRAS,FMR1,CD6
POLM,IKZF3,ZMYM2,SOX2,COL13A1
POLM,KRAS,ERBB2,TEK
POLM,KRAS,YWHAH,SIPA1L3
POLM,IKZF3,CDK4,ANKRD52,GRIN3B
POLM,KRAS,DYNC1H1,DYNC1LI1
POLM,KRAS,ROCK1
POLM,IKZF3,FOXP3,RORC,IL2RG
POLM,IKZF3,HDAC4,RFXANK,ADGRD1
POLM,KRAS,MET
POLM,IKZF3,GRB2,ALK
POLM,KRAS,VAPB
POLM,IKZF3,RHOA,SYNPO2,IL3RA
POLM,KRAS,CADM1
POLM,KRAS,HGS,LRIG1
POLM,IKZF3,CDKN2D,SH3GLB1,CABP2
POLM,KRAS,CYB5B,GDE1
POLM,KRAS,GNAI3,GNG5
POLM,KRAS,MAPKAP1
POLM,KRAS,JUP
POLM,KRAS,PRKCI,ARHGEF16,CLDN6
POLM,KRAS,EPHA3,EFNA1
POLM,KRAS,SEC61B,HSPA13
POLM,KRAS,NOTCH2,PRG3
POLM,IKZF3,HDAC2,PROX1,PCDHGC5
POLM,IKZF3,UBE2I,PCGF2,NLRP6
POLM,KRAS,AKT2,CLIP3
POLM,IKZF3,HRAS,LRBA
POLM,KRAS,GPR50
POLM,KRAS,LYN,ITGA2
POLM,KRAS,JAG2,ADAM32
POLM,KRAS,TMPO,VIL1
POLM,KRAS,MDN1,STK17B
POLM,IKZF3,PTK6,RET
POLM,IKZF3,STX11,BACE2
POLM,KRAS,UBAP2L,CDV3
POLM,KRAS,EGFR,STIL,PAQR6
POLM,IKZF3,MAD1L1,ASB7,KNTC1
POLM,IKZF3,GRB2,ALK
POLM,KRAS,IQGAP2
POLM,KRAS,CAP1
POLM,KRAS,SLC15A1
POLM,KRAS,GNAI2,FPR2
POLM,KRAS,RAP1A,RAPGEF3
POLM,KRAS,PDZK1,GUCY2C
POLM,KRAS,ATP5F1B,SQOR,PCDHA11
POLM,IKZF3,BLK,CHIT1,IL1RL1
POLM,KRAS,DLG3,GRIK5
POLM,IKZF3,RHOA,SYNPO2,ADAMTS13,CELSR1
POLM,IKZF3,GRAP2,LAT
POLM,IKZF3,KRT19,AMOTL2,NTNG2
POLM,KRAS,YWHAH,SIPA1L3
POLM,IKZF3,HDAC2,PROX1,CD8A
POLM,KRAS,CYB5B,GDE1
POLM,IKZF3,RHOA,SYNPO2,MEP1B
POLM,IKZF3,PPP1R16B,GRK2
POLM,KRAS,ARF6,NMT2
POLM,IKZF3,ARHGEF6,RHOJ,LRRC3
POLM,IKZF3,ARHGEF6,RHOJ
POLM,KRAS,SEC61B,HSPA13
POLM,KRAS,DLG1,CACNG2
POLM,KRAS,CD276,TMPRSS11B,ADAM2
POLM,KRAS,ATP2B1
POLM,IKZF3,HDAC4,RFXANK,S1PR5
POLM,IKZF3,ZNF417,DDX39A,RTN4R,OMG
POLM,KRAS,SNAP47
POLM,KRAS,PTPN13,LRFN1
POLM,IKZF3,GRB2,ALK,IGSF8
POLM,KRAS,EPRS1,KARS1
POLM,KRAS,HSP90AB1
POLM,IKZF3,KRT19,AMOTL2
POLM,KRAS,MPDZ,HTR2A
POLM,IKZF3,GRB2,ALK
POLM,KRAS,RALBP1,PPL
POLM,KRAS,PSMD4,UBAC1
POLM,IKZF3,CTBP2,TTC28,FGF10
POLM,KRAS,GGA3,ARF3
POLM,IKZF3,GRB2,ALK
POLM,KRAS,MAP3K1,MAPK9,CACNB1
POLM,IKZF3,KRT19,AMOTL2
POLM,KRAS,MCAM
POLM,KRAS,NOTCH2,PRG3
POLM,KRAS,RAP1A,RAPGEF3
POLM,IKZF3,KRT19,AMOTL2
POLM,IKZF3,RHOA,SYNPO2,SLAMF6
POLM,KRAS,NEDD4L,HCN1
POLM,KRAS,GNA13
POLM,IKZF3,CDKN2D,SH3GLB1,TRPA1
POLM,KRAS,RHOD
POLM,IKZF3,UBC,MDM4,GABRB1
POLM,IKZF3,UBC,MDM4,ADRA2B
POLM,KRAS,YWHAH,SIPA1L3
POLM,KRAS,ARF6,NMT2
POLM,KRAS,DSC3,TMEM30B
POLM,KRAS,TBCD,NCR3LG1
POLM,IKZF3,RHOA,SYNPO2,CD300LB,TYROBP,TREM1
POLM,KRAS,ARF6,NMT2,GLRA2
POLM,KRAS,MDH2,BLVRB
POLM,KRAS,PPP1R12A
POLM,KRAS,AMIGO2,KCNB2
POLM,IKZF3,KRT19,AMOTL2
POLM,KRAS,MATN2,CP
POLM,KRAS,APBB1,SLAMF7
POLM,KRAS,ITM2B,CACNA2D1
POLM,KRAS,NFE2L2
POLM,IKZF3,REL,EIF5A2,NALCN,NALF1
POLM,KRAS,OGDH,SUCLG2
POLM,IKZF3,PAX7,FHL1
POLM,KRAS,KIF23,ATAD3B
POLM,IKZF3,HDAC4,RFXANK,HTR1E
POLM,KRAS,GGA3,ARF3
POLM,KRAS,LYN,ITGA2
POLM,KRAS,ERBB2
POLM,IKZF3,GRB2,ALK
POLM,KRAS,LAMTOR3,LPCAT1
POLM,KRAS,PLXNA1
POLM,IKZF3,GRB2,ALK
POLM,IKZF3,HRAS,LRBA,SLC9A3R2,OR52B2
POLM,KRAS,RAB7A,ERLIN2
POLM,KRAS,YBX1
POLM,KRAS,TINF2,STAG1
POLM,KRAS,RAB13
POLM,IKZF3,HDAC4,RFXANK,GCGR
POLM,IKZF3,RHOA,SYNPO2,SLC22A1
POLM,KRAS,LIMA1
POLM,KRAS,AFDN,PRICKLE3,SYT13
POLM,IKZF3,GRB2,ALK
POLM,IKZF3,GRB2,ALK
POLM,IKZF3,PPP1R16B
POLM,KRAS,APBB1,SLAMF7
POLM,IKZF3,RHOA,SYNPO2,MAG
POLM,KRAS,SLC6A15
POLM,KRAS,PATJ,HOMER2
POLM,KRAS,PTPN13,LRFN1
POLM,IKZF3,KRT19,AMOTL2
POLM,KRAS,ATP5F1A
POLM,IKZF3,STX11,BACE2
POLM,KRAS,SNAP25,SYT3
POLM,KRAS,CASK,CYSLTR2
POLM,IKZF3,HDAC5,GABARAP
POLM,KRAS,PHF7
POLM,KRAS,DLG3,GRIK5
POLM,KRAS,YWHAH,SIPA1L3
POLM,KRAS,EPHA3,EFNA1
POLM,KRAS,USP8,FZD5
POLM,KRAS,PTPN13
POLM,IKZF3,ARHGEF6,RHOJ,CHRNA4
POLM,IKZF3,HDAC7,NCOR1,GRM3
POLM,KRAS,INSR,DUSP14,CNST
POLM,IKZF3,EXOC8,EXOC5,INPP5B
POLM,KRAS,ABL2,SORBS2
POLM,IKZF3,KRT19,AMOTL2
POLM,IKZF3,CHD4,KRT31,SIRPG
POLM,KRAS,KTN1,SLC16A7
POLM,IKZF3,GRB2,ALK
POLM,KRAS,YWHAH,SIPA1L3
POLM,IKZF3,MRPL28,MRPL34,C4BPB
POLM,KRAS,ACTR3,ARPC1A,CHRNA1
POLM,KRAS,PKP4
POLM,KRAS,RAB7A
POLM,IKZF3,GRB2,ALK
POLM,IKZF3,UBE2I,PCGF2,C1QTNF5
POLM,KRAS,GNAI2,FPR2
POLM,KRAS,DDX21,PNN
POLM,KRAS,CFTR,CLCA1
POLM,KRAS,YWHAH,SIPA1L3
POLM,IKZF3,ZMYM2,SOX2,PCSK9
POLM,IKZF3,HRAS,LRBA
POLM,KRAS,PIP4K2A,PLCD3
POLM,KRAS,ABL2,SORBS2
POLM,KRAS,AKT2,CLIP3
POLM,IKZF3,GRB2,ALK,CD28
POLM,KRAS,STX6,SLC38A2
POLM,KRAS,PCDH9
POLM,KRAS,TINF2,STAG1
POLM,KRAS,GGA3,ARF3
POLM,IKZF3,MRPL28,MRPL34,PLPP2
POLM,KRAS,ABCB1
POLM,KRAS,PRKAR1A,GPR161
POLM,KRAS,IGSF21,DGKD
POLM,KRAS,KTN1
POLM,KRAS,SDK1
POLM,KRAS,PSMA4,EPB41L1
POLM,IKZF3,KRT19,AMOTL2,ITGAD
POLM,KRAS,RAB10,MAPK8IP1
POLM,KRAS,TMX4,ATP1B4
POLM,KRAS,TINF2,STAG1
POLM,IKZF3,GRB2,ALK
POLM,KRAS,ITSN1,FCHO1
POLM,IKZF3,HRAS,LRBA
POLM,KRAS,LYN,ITGA2
POLM,KRAS,RAP1A,RAPGEF3
POLM,IKZF3,HDAC4,RFXANK,GALR2
POLM,KRAS,RAF1,RMDN3,ENPP7
POLM,KRAS,DLG3,GRIK5,GRIK3
POLM,IKZF3,KRT19,AMOTL2
POLM,IKZF3,GRB2,ALK
POLM,IKZF3,PAX7,FHL1
POLM,KRAS,ATP6V0C
POLM,IKZF3,GRB2,ALK
POLM,KRAS,ATP10D,TMEM30A,ATP8A1
POLM,IKZF3,KRT19,AMOTL2
POLM,IKZF3,UBE2I,PCGF2,OAS3
POLM,KRAS,MACROH2A1,CGAS
POLM,IKZF3,HRAS,LRBA
POLM,IKZF3,GRB2,ALK
POLM,IKZF3,KRT19,AMOTL2,C4A
POLM,KRAS,BMPR2,GDF2,RGMA
POLM,KRAS,YWHAH,SIPA1L3
POLM,KRAS,SLC9A1,TESC
POLM,IKZF3,HRAS,LRBA,DPEP1
POLM,IKZF3,HRAS,LRBA,ENTPD6
POLM,KRAS,TMPO,VIL1
POLM,KRAS,STX3,SYT1
POLM,KRAS,SEC13,RAB14
POLM,KRAS,RASGRF2
POLM,IKZF3,RHOA,SYNPO2,CHRNB4
POLM,IKZF3,PTK6,RET
POLM,KRAS,ACTG1,MYBPC3,VPS35L
POLM,KRAS,PPP1CC,EIF2A,ADH1C
POLM,IKZF3,PPP1R16B,GRK2
POLM,IKZF3,HDAC5,GABARAP
POLM,KRAS,PTK7,BTNL8
POLM,IKZF3,AQP1,EFEMP2,KCNS2
POLM,KRAS,SEC61B,HSPA13
POLM,KRAS,STX3,SYT1
POLM,KRAS,GNB2,RGS6
POLM,IKZF3,CDK4,ANKRD52,CPEB3
POLM,IKZF3,PTK6,RET
POLM,KRAS,SLC7A1,SLC22A18
POLM,KRAS,BTK,TLR8
POLM,IKZF3,LNPEP
POLM,IKZF3,AKAP9,KCNQ1,HAS3
POLM,KRAS,S100P,TEAD3,LSP1
POLM,KRAS,EPRS1,KARS1
POLM,IKZF3,HRAS,LRBA
POLM,KRAS,TMX4,ATP1B4,MBLAC2
POLM,KRAS,STAMBP,CHMP3
POLM,KRAS,ADCY3,CNGA3
POLM,KRAS,INSR,DUSP14,KCNN3
POLM,IKZF3,HRAS,LRBA
POLM,KRAS,MYC,ZNF384,KIR3DL2
POLM,IKZF3,PPP1R16B,GRK2,MPL
POLM,KRAS,FMR1,CD6
POLM,IKZF3,PPP1R16B,GRK2
POLM,KRAS,SIGIRR,PALM3
POLM,KRAS,DNAJC1
POLM,KRAS,YWHAH,SIPA1L3
POLM,KRAS,NOTCH2,PRG3
POLM,KRAS,PATJ,HOMER2
POLM,KRAS,PODXL,SELL
POLM,KRAS,GNAI3,GNG5
POLM,IKZF3,HDAC7,NCOR1,CHRDL1
POLM,KRAS,KANSL2
POLM,KRAS,DDX21,PNN
POLM,KRAS,ST14
POLM,KRAS,RALGPS2
POLM,KRAS,DOCK1
POLM,IKZF3,KRT19,AMOTL2,SLC9C1
POLM,KRAS,DLG3,GRIK5
POLM,KRAS,ATP2B4
POLM,KRAS,GPR50,TACR1
POLM,KRAS,PHB2
POLM,IKZF3,LDOC1,JAK2,HNF4G,HAS2
POLM,IKZF3,SUMO1
POLM,KRAS,KLHL25,PSG1
POLM,KRAS,KRT18,PSTPIP2
POLM,KRAS,YWHAH,SIPA1L3
POLM,IKZF3,RHOA,SYNPO2,SDC4
POLM,KRAS,HSP90B1,LDLR
POLM,KRAS,ERBB2,TEK
POLM,KRAS,POLE,NUBP1
POLM,IKZF3,MRPL28,MRPL34,PIP4K2B
POLM,IKZF3,GRB2,ALK
POLM,KRAS,EPHA2,CAMK1G
POLM,IKZF3,HRAS,LRBA
POLM,IKZF3,RHOA,SYNPO2,NDRG4
POLM,IKZF3,HRAS,LRBA
POLM,KRAS,TBCD,NCR3LG1
POLM,IKZF3,UBC,MDM4,ISLR2
POLM,KRAS,AGER
POLM,KRAS,STIM2
POLM,KRAS,GNAI3,GNG5,CR1
POLM,KRAS,NF2,IQCJ-SCHIP1
POLM,IKZF3,HRAS,LRBA
POLM,IKZF3,ZNF417,DDX39A,ATP8B1
POLM,IKZF3,KRT19,AMOTL2
POLM,KRAS,RALGDS
POLM,KRAS,PSMD14,MICALL2
POLM,KRAS,IPO7,RP2
POLM,KRAS,ARVCF
POLM,IKZF3,STX11,BACE2
POLM,KRAS,TMPO,VIL1
POLM,IKZF3,HDAC4,RFXANK,CALCRL
POLM,KRAS,EPRS1,KARS1
POLM,IKZF3,ZNF417,DDX39A,CD27,CD70
POLM,IKZF3,UBC,MDM4,MVB12B
POLM,KRAS,ITGB1,ITGA1
POLM,KRAS,ITGB1,ITGA1
POLM,KRAS,NMT1,ANXA13
POLM,KRAS,YWHAH,SIPA1L3
POLM,KRAS,HGS,LRIG1
POLM,IKZF3,PAX7,FHL1
POLM,KRAS,DLG1,CACNG2
POLM,KRAS,RAB7A,ERLIN2
POLM,KRAS,MSN
POLM,IKZF3,RHOA,SYNPO2,RHBDL1
POLM,IKZF3,GRB2,ALK
POLM,IKZF3,PTK6,RET
POLM,IKZF3,KRT19,AMOTL2
POLM,IKZF3,GRB2,ALK
POLM,KRAS,KIRREL1
POLM,KRAS,STX3,SYT1
POLM,KRAS,MDN1,STK17B
POLM,KRAS,NOTCH2
POLM,KRAS,SEC13,RAB14
POLM,IKZF3,HDAC4,RFXANK,BDKRB1
POLM,KRAS,COPS5,TTC27,OR51B2
POLM,KRAS,PTPRG,TIE1
POLM,IKZF3,GRB2,ALK
POLM,KRAS,LYN,ITGA2
POLM,KRAS,YWHAH,SIPA1L3
POLM,KRAS,OSBP
POLM,KRAS,SLC9A1,TESC,DGAT1
POLM,KRAS,EIF1,CD74,HLA-DPA1
POLM,IKZF3,REL,EIF5A2,KCNH1
POLM,KRAS,PARD3,JAM3
POLM,KRAS,TINF2,STAG1
POLM,KRAS,GNAI3,GNG5
POLM,KRAS,PCNT,SYNGAP1
POLM,KRAS,TACC3,KXD1,OLFM4
POLM,IKZF3,GRB2,ALK
POLM,KRAS,ITM2B,CACNA2D1
POLM,KRAS,GNAI3,GNG5
POLM,KRAS,MATN2,CP,ULBP1
POLM,KRAS,TMEM237,PIGR
POLM,IKZF3,RHOA,SYNPO2,PKD2L1,PKD1L3
POLM,KRAS,ARPC3,EFHD2,OR5F1
POLM,KRAS,CDK1,CKS2,ATP23
POLM,KRAS,TMX1,TMEM179B
POLM,KRAS,RALBP1,PPL
POLM,KRAS,SEC13,RAB14
POLM,IKZF3,HRAS,LRBA
POLM,IKZF3,GRAP2,LAT
POLM,IKZF3,PRKAB2,GYS1,DENND3,RAB12
POLM,KRAS,EPHB2
POLM,KRAS,RAC1
POLM,KRAS,AFDN,PRICKLE3
POLM,KRAS,DOCK5
POLM,KRAS,ITGB5
POLM,KRAS,MET,LAPTM4B
POLM,KRAS,RAB7A,ERLIN2
POLM,KRAS,RPSA
POLM,KRAS,PGAM1,PRCP
POLM,IKZF3,HRAS,LRBA
POLM,IKZF3,RHOA,SYNPO2,NEXN
POLM,IKZF3,HRAS,LRBA
POLM,IKZF3,REL,EIF5A2,SCTR
POLM,KRAS,CFTR,CLCA1
POLM,IKZF3,PTK6,RET,DFFA
POLM,IKZF3,AKAP9,KCNQ1
POLM,KRAS,EZR,CROCC
POLM,KRAS,GNA12,TBXA2R
POLM,KRAS,APPL1
POLM,IKZF3,SETMAR,LEO1,SLC7A10
POLM,KRAS,RIN1
POLM,IKZF3,GRB2,ALK
POLM,IKZF3,REL,EIF5A2,KCNN4
POLM,IKZF3,HDAC4,RFXANK,NMUR1
POLM,KRAS,NOTCH2,PRG3
POLM,KRAS,ITM2B,CACNA2D1
POLM,IKZF3,HDAC4,RFXANK,ADGRF1
POLM,KRAS,MYO1E
POLM,IKZF3,RHOA,SYNPO2,PHKA1
POLM,KRAS,CYB5B,GDE1
POLM,KRAS,TWIST1,ICAM1
POLM,KRAS,MDH2,BLVRB
POLM,IKZF3,LNPEP,AQP12B,P2RX5
POLM,KRAS,ERBB2,TEK
POLM,KRAS,PTK7,BTNL8
POLM,KRAS,VAMP8
POLM,IKZF3,AKAP9,KCNQ1
POLM,IKZF3,KRT19,AMOTL2
POLM,KRAS,SCRIB
POLM,KRAS,GNAI3,GNG5
POLM,KRAS,GNAI3,GNG5,CATSPER1,CACNA1I
POLM,KRAS,TBCD,NCR3LG1,CD200R1,CD200
POLM,IKZF3,HRAS,LRBA
POLM,KRAS,CDH1,ITGA6
POLM,KRAS,SEC13,RAB14
POLM,IKZF3,RHOA,SYNPO2,GRAMD1C
POLM,IKZF3,NOTCH1,PHF8,S100A13
POLM,KRAS,TAOK3
POLM,IKZF3,BLK,CHIT1,SLC39A6
POLM,IKZF3,HDAC4,RFXANK,NPY4R2
POLM,KRAS,EPHA2,CAMK1G
POLM,IKZF3,HRAS,LRBA
POLM,KRAS,TBC1D5,WASHC2A
POLM,IKZF3,ZNF417,DDX39A,PDE9A
POLM,KRAS,CDH1,ITGA6
POLM,KRAS,GNB2,RGS6
POLM,KRAS,CDIPT
POLM,KRAS,PCNT,SYNGAP1
POLM,IKZF3,REL,EIF5A2,ADORA2A,ADORA2B
POLM,KRAS,RAB7A,ERLIN2
POLM,IKZF3,HRAS,LRBA
POLM,IKZF3,ZNF417,DDX39A,SLC8A3
POLM,IKZF3,ZNF417,DDX39A,TNFRSF17
POLM,KRAS,STOM,STOML1
POLM,KRAS,GRIP2,CSPG4
POLM,KRAS,LYN,ITGA2
POLM,KRAS,ITGB1,ITGA1
POLM,IKZF3,ZNF417,DDX39A,COLQ
POLM,KRAS,GNAI3,GNG5
POLM,KRAS,CUL3,LRFN2
POLM,KRAS,ITGB1,ITGA1
POLM,KRAS,SEC61B,HSPA13
POLM,IKZF3,LNPEP,AQP12B,SLC17A8
POLM,KRAS,MINK1,TRAF3IP3
POLM,IKZF3,HRAS,LRBA
POLM,IKZF3,HRAS,LRBA
POLM,IKZF3,REL,EIF5A2,SLC12A5
POLM,IKZF3,NOTCH1,PHF8,SSTR5
POLM,KRAS,ACTG1,MYBPC3,PAQR8
POLM,KRAS,NSF
POLM,KRAS,PIK3CG,ACVR1
POLM,KRAS,HSPA5,BMP1,TNFSF18
POLM,KRAS,PKP4,AMHR2
POLM,KRAS,PGAM1,PRCP
POLM,KRAS,AKT2,CLIP3
POLM,KRAS,TMEM237,PIGR
POLM,IKZF3,HRAS,LRBA
POLM,IKZF3,KRT19,AMOTL2
POLM,IKZF3,UBC,MDM4,PCDHGB2
POLM,IKZF3,GRB2,ALK
POLM,KRAS,HSPA8,PPEF1,KCNIP1
POLM,IKZF3,UBE2I,PCGF2,ABCA12
POLM,KRAS,CUL3,LRFN2
POLM,KRAS,NOTCH2,PRG3
POLM,KRAS,PPP1R12A,TTLL12
POLM,IKZF3,AKAP9,KCNQ1
POLM,KRAS,SIGIRR,PALM3
POLM,KRAS,PDZK1,GUCY2C
POLM,KRAS,HSPA8,PPEF1,CD1A
POLM,IKZF3,PTK6,RET
POLM,IKZF3,PAX7,FHL1
POLM,IKZF3,CBFB,APOBEC3F,CLDN5
POLM,IKZF3,HDAC4,RFXANK,NPY1R
POLM,KRAS,ITSN1,FCHO1
POLM,KRAS,ITSN1,FCHO1
POLM,KRAS,YWHAH,SIPA1L3
POLM,IKZF3,PPP1R16B,GRK2
POLM,IKZF3,RHOA,SYNPO2,NTM
POLM,KRAS,CASK,CYSLTR2
POLM,IKZF3,ARHGEF6,RHOJ,LGR5
POLM,KRAS,PSEN1
POLM,KRAS,STX6,SLC38A2
POLM,IKZF3,HDAC2,PROX1,NPPA,NPR3
POLM,IKZF3,NOTCH1,PHF8,PTGER4
POLM,KRAS,EPN1,SLC6A3,ZDHHC22
POLM,IKZF3,HDAC4,RFXANK,S1PR3
POLM,KRAS,SLC12A2
POLM,IKZF3,GRB2,ALK
POLM,IKZF3,RHOA,SYNPO2,MADD
POLM,KRAS,ACSL4,SLC22A2
POLM,KRAS,USP6
POLM,KRAS,STX3
POLM,KRAS,ITSN1
POLM,KRAS,SLC12A7
POLM,IKZF3,CTBP2,TTC28,GLG1
POLM,KRAS,KTN1,SLC16A7
POLM,KRAS,PARD3,JAM3
POLM,IKZF3,GRB2,ALK
POLM,KRAS,SERPINB5,PRSS21,OR14J1
POLM,KRAS,AFDN,PRICKLE3
POLM,KRAS,DLG1,CACNG2
POLM,IKZF3,GRAP2,LAT,SKAP1
POLM,KRAS,EPHA4
POLM,KRAS,DYNC1H1,DYNC1LI1
POLM,KRAS,TXNDC11,DUOX2
POLM,KRAS,SEC13,RAB14
POLM,KRAS,SEC13,RAB14
POLM,IKZF3,GRB2,ALK
POLM,IKZF3,GRB2,ALK
POLM,IKZF3,UBC,MDM4,LRP10
POLM,KRAS,TBCD,NCR3LG1,CD200R1
POLM,IKZF3,KRT19,AMOTL2,SLC16A6
POLM,KRAS,YWHAG,PPIP5K1
POLM,KRAS,ATP10D,TMEM30A,ATP8B4
POLM,KRAS,UNC5B
POLM,IKZF3,ZNF417,DDX39A,RTN4RL1
POLM,KRAS,PSMD14,MICALL2
POLM,KRAS,SRC,CYP4F2,LYNX1
POLM,IKZF3,UBC,MDM4,KL
POLM,KRAS,GNAI2,FPR2
POLM,IKZF3,HRAS,LRBA
POLM,KRAS,ARF4
POLM,IKZF3,GRB2,ALK
POLM,KRAS,PGK1,ADI1
POLM,IKZF3,SUMO1,ZCCHC7,C2CD5
POLM,IKZF3,GRB2,ALK
POLM,IKZF3,HDAC5,GABARAP
POLM,KRAS,VAMP3,SYPL1
POLM,KRAS,ITGB5,ITGA5
POLM,IKZF3,RHOA,SYNPO2,GPR162
POLM,KRAS,MATN2,CP
POLM,KRAS,GNAI3,GNG5
POLM,KRAS,PRKAR1A,GPR161
POLM,IKZF3,GRB2,ALK,CD300LF
POLM,IKZF3,UBE2I,PCGF2,CHMP7
POLM,IKZF3,RHOA,SYNPO2,ACSL5
POLM,IKZF3,HRAS,LRBA
POLM,IKZF3,GRB2,ALK
POLM,KRAS,DLG5
POLM,IKZF3,PPP1R16B,GRK2
POLM,KRAS,PRPF40A,SDCBP2
POLM,KRAS,PTK7,BTNL8
POLM,KRAS,PRKAR1A,GPR161
POLM,KRAS,ERBB2,TEK
POLM,KRAS,YWHAH,SIPA1L3
POLM,KRAS,SLC30A1,SLC30A2
POLM,IKZF3,ARHGEF6,RHOJ,PLEKHH2
POLM,KRAS,CDK1,CKS2,PSG6
POLM,KRAS,GNB2,RGS6
POLM,IKZF3,RHOA,SYNPO2,TLCD3A
POLM,KRAS,YWHAH,SIPA1L3
POLM,KRAS,DDX21,PNN
POLM,KRAS,ARF6,NMT2
POLM,KRAS,HGS,LRIG1
POLM,KRAS,KREMEN2
POLM,KRAS,PATJ,HOMER2
POLM,KRAS,NEO1,RGMB
POLM,KRAS,SLC9A1
POLM,KRAS,NOTCH2,PRG3
POLM,IKZF3,KRT19,AMOTL2
POLM,IKZF3,RHOA,SYNPO2,TMPRSS12
POLM,KRAS,PTK7,BTNL8
POLM,KRAS,HGS,LRIG1
POLM,KRAS,RAF1,RMDN3,ADAM9
POLM,IKZF3,HRAS,LRBA
POLM,IKZF3,GRAP2,LAT,FCER1G,CD300C
POLM,KRAS,CUL3,LRFN2
POLM,KRAS,SAMM50,SLC22A8
POLM,IKZF3,PPP1R16B,GRK2,CXCR2
POLM,KRAS,MAGI1
POLM,KRAS,NOTCH2,PRG3
POLM,KRAS,FCHO2
POLM,KRAS,SLITRK2
POLM,KRAS,PSMD14,MICALL2
POLM,KRAS,HGS,LRIG1
POLM,KRAS,NOTCH2,PRG3
POLM,KRAS,VRK2,CYP2C18
POLM,KRAS,CFAP20,CFAP95
POLM,KRAS,HSP90B1,LDLR,GABRG3
POLM,IKZF3,HDAC7,NCOR1,CD80
POLM,KRAS,PLCD1
POLM,KRAS,SIRPA,CD47
POLM,IKZF3,RHOA,SYNPO2,CXCL12,CCR10
POLM,IKZF3,KAT5,EPC1,ZNF804A
POLM,KRAS,GNB2,RGS6
POLM,KRAS,KIF23,ATAD3B
POLM,KRAS,NOTCH2,PRG3
POLM,IKZF3,CHD4,KRT31,ITGB1BP1
POLM,KRAS,HSP90B1,LDLR
POLM,IKZF3,RHOA,SYNPO2,LIMS2
POLM,KRAS,VAMP3,SYPL1
POLM,KRAS,RABGGTB,RAB40B
POLM,IKZF3,ZMYM2,SOX2,UGT1A1
POLM,KRAS,PSMD14,MICALL2
POLM,KRAS,ITGB1,ITGA1
POLM,KRAS,CAV1,SCP2,SLC1A4
POLM,KRAS,GNB2,RGS6
POLM,KRAS,NDRG1
POLM,KRAS,DAB2IP,RAB4B
POLM,KRAS,RACK1,KCNAB1
POLM,IKZF3,HDAC7,NCOR1,GRIK1
POLM,IKZF3,PAX7,FHL1
POLM,KRAS,CASK,CYSLTR2
POLM,IKZF3,UBC,MDM4,ACP3
POLM,IKZF3,GRB2,ALK
POLM,IKZF3,RHOA,SYNPO2,FZD10
POLM,KRAS,PSMD14,MICALL2
POLM,KRAS,CA12
POLM,IKZF3,RHOA,SYNPO2,GPR152
POLM,KRAS,DLG2,NLGN1
POLM,IKZF3,AKAP9,KCNQ1,KIR3DL1
POLM,IKZF3,GRB2,ALK
POLM,KRAS,DDX21,PNN
POLM,IKZF3,RHOA,SYNPO2,MOG
POLM,KRAS,VAMP2,STX1B
POLM,KRAS,NOTCH2,PRG3
POLM,KRAS,INSR,DUSP14,GJC1
POLM,KRAS,APP,APBB2,NLGN4X
POLM,KRAS,ABL2,SORBS2
POLM,KRAS,HGS,LRIG1
POLM,KRAS,TRAF6,TNFRSF13B
POLM,IKZF3,NOTCH1,PHF8,ADRB1
POLM,KRAS,PDZK1,GUCY2C
POLM,IKZF3,KRT19,AMOTL2,SNTB2
POLM,KRAS,MACROH2A1,CGAS
POLM,KRAS,RAB7A,ERLIN2
POLM,KRAS,NCAM1,SIGLEC9,ROM1
POLM,KRAS,VRK2,CYP2C18
POLM,KRAS,TWIST1,ICAM1
POLM,KRAS,LRRC4B
POLM,KRAS,STX6,SLC38A2
POLM,IKZF3,NOTCH1,PHF8,DRD4
POLM,IKZF3,UBC,MDM4,VPS37B
POLM,KRAS,EPHB4
POLM,IKZF3,LNPEP,AQP12B,BCHE
POLM,KRAS,YWHAH,SIPA1L3
POLM,KRAS,VAMP3,SYPL1
POLM,KRAS,MATN2,CP
POLM,IKZF3,KRT19,AMOTL2
POLM,KRAS,CYB5B,GDE1
POLM,IKZF3,MORN3,HOOK2,BTNL9
POLM,KRAS,CDHR5,CDHR2
POLM,IKZF3,HDAC4,RFXANK,CX3CR1
POLM,KRAS,APBB1,SLAMF7
POLM,KRAS,SERPINB5,PRSS21
POLM,KRAS,TRAF6,TNFRSF13B
POLM,KRAS,DYNC1H1,DYNC1LI1
POLM,IKZF3,PAX7,FHL1
POLM,KRAS,CSNK1G2
POLM,KRAS,PSEN1,TMBIM6
POLM,KRAS,CAV1,SCP2,AGTRAP
POLM,IKZF3,HDAC7,NCOR1,FZD8
POLM,IKZF3,LDOC1,JAK2
POLM,KRAS,JAG2,ADAM32
POLM,IKZF3,KRT19,AMOTL2
POLM,KRAS,STOM,STOML1
POLM,IKZF3,PPP1R16B,GRK2
POLM,KRAS,AKT2,CLIP3
POLM,IKZF3,HRAS,LRBA
POLM,KRAS,VAMP3,SYPL1
POLM,KRAS,TMX1,TMEM179B
POLM,KRAS,AP2M1,CTLA4
POLM,KRAS,HGS,LRIG1
POLM,KRAS,ATP10D,TMEM30A
POLM,KRAS,RAB10,MAPK8IP1
POLM,IKZF3,GRB2,ALK
POLM,IKZF3,HRAS,LRBA
POLM,IKZF3,RHOA,SYNPO2,CD59
POLM,KRAS,LYN
POLM,IKZF3,RHOA,SYNPO2,GNAT3
POLM,IKZF3,REL,EIF5A2,NALCN,NALF1
POLM,KRAS,SLC7A1,SLC22A18
POLM,KRAS,NF2,IQCJ-SCHIP1
POLM,KRAS,GNAI3,GNG5
POLM,KRAS,CD276,TMPRSS11B
POLM,KRAS,TRIM36
POLM,KRAS,TINF2,STAG1
POLM,IKZF3,RHOA,SYNPO2,NEGR1
POLM,IKZF3,ARHGEF6,RHOJ
POLM,KRAS,GNAI2
POLM,IKZF3,AKAP9,KCNQ1
POLM,KRAS,GNAI3,GNG5
POLM,IKZF3,ZMYM2,SOX2,FOLH1
POLM,KRAS,MAPK1
POLM,KRAS,FLRT2,UNC5D
POLM,KRAS,GNAI3,GNG5,CALN1
POLM,IKZF3,GRB2,ALK
POLM,KRAS,PRPF40A,SDCBP2
POLM,IKZF3,HRAS,LRBA
POLM,KRAS,PAK4,TMPRSS11A
POLM,KRAS,SH2D3A,GSDMA
POLM,IKZF3,RHOA,SYNPO2,PCDH18
POLM,KRAS,NOTCH2,PRG3
POLM,IKZF3,GRB2,ALK
POLM,KRAS,PPP1R12A,TTLL12
POLM,KRAS,RAP1A,RAPGEF3
POLM,KRAS,NECTIN3,PCDHB3
POLM,KRAS,UBE2R2,WDR4,GGT7
POLM,KRAS,S100P,TEAD3,OR6C70
POLM,IKZF3,ZMYM2,SOX2,C3
POLM,IKZF3,ZMYM2,SOX2,SLC39A12
POLM,IKZF3,RHOA,SYNPO2,CD300LB,TYROBP
POLM,KRAS,KIF11,IRAK4
POLM,KRAS,DLG3,GRIK5
POLM,KRAS,CCT2,NPSR1
POLM,KRAS,SNAP25,SYT3
POLM,KRAS,BRAF,RPS6KA2,SLC20A1
POLM,IKZF3,GRB2,ALK
POLM,KRAS,HSCB,ZNF648,GBP1
POLM,IKZF3,PTK6,RET,GFRAL
POLM,KRAS,TMPO,VIL1
POLM,KRAS,ATP2A2,PLN,CDH19
POLM,KRAS,CFAP20,CFAP95
POLM,IKZF3,RHOA,SYNPO2,PKD2L1
POLM,KRAS,PTPRF,PCDHAC1
POLM,IKZF3,HRAS,LRBA
POLM,IKZF3,ZNF417,DDX39A,TNFRSF13C
POLM,IKZF3,HRAS,LRBA
POLM,KRAS,HSP90B1,LDLR
POLM,IKZF3,ZMYM2,SOX2,LRRC70
POLM,KRAS,HGS,LRIG1
POLM,IKZF3,SETMAR,LEO1,SYT11
POLM,KRAS,PDE6D,RAB28
POLM,KRAS,SAMM50,SLC22A8
POLM,KRAS,TRAF6,TNFRSF13B
POLM,IKZF3,GRB2,ALK
POLM,IKZF3,KRT19
POLM,KRAS,CUL1,FBXO10,IL22RA1
POLM,KRAS,KTN1,SLC16A7
POLM,KRAS,PTPRF,PCDHAC1
POLM,IKZF3,NOTCH1,PHF8,CXCR3
POLM,IKZF3,ZMYM2,SOX2,CELSR2
POLM,KRAS,ARF6,NMT2
POLM,IKZF3,HRAS,LRBA
POLM,KRAS,LYN,ITGA2
POLM,KRAS,EZR,CROCC
POLM,KRAS,RAB7A,ERLIN2
POLM,KRAS,MDH2,BLVRB
POLM,KRAS,VRK2,CYP2C18
POLM,IKZF3,HDAC2,PROX1,IFITM1
POLM,IKZF3,GRB2,ALK
POLM,KRAS,STX17
POLM,KRAS,APBB1,SLAMF7
POLM,IKZF3,HDAC7,NCOR1,GRM7,GRM4
POLM,KRAS,AP2M1,CTLA4
POLM,KRAS,YWHAH,SIPA1L3
POLM,KRAS,TMPO,VIL1
POLM,KRAS,RAP1A,RAPGEF3,CLPTM1
POLM,KRAS,ITGB6
POLM,KRAS,RAB10,MAPK8IP1
POLM,KRAS,USP8,FZD5
POLM,IKZF3,HRAS,LRBA
POLM,IKZF3,PTK6,RET
POLM,KRAS,AP2M1,CTLA4
POLM,IKZF3,ZNF417,DDX39A,PARVG
POLM,KRAS,EPHA3,EFNA1
POLM,KRAS,RAB7A,ERLIN2
POLM,IKZF3,HDAC7,NCOR1,CD274
POLM,IKZF3,RHOA,SYNPO2,PCDHB5
POLM,KRAS,S100A8
POLM,KRAS,AKT2,CLIP3,RNF34
POLM,KRAS,EPHA3,EFNA1
POLM,KRAS,APBB1,SLAMF7
POLM,KRAS,CUL3,LRFN2
POLM,KRAS,SLC26A6
POLM,KRAS,ERBB2,TEK
POLM,KRAS,RACK1,KCNAB1
POLM,KRAS,PRKCI
POLM,KRAS,DLG1,CACNG2
POLM,IKZF3,RHOA,SYNPO2,LRP3
POLM,KRAS,PLEKHA7,ADA
POLM,IKZF3,NOTCH1,PHF8,SLC22A3
POLM,KRAS,YWHAH,SIPA1L3
POLM,KRAS,RAB10,MAPK8IP1
POLM,KRAS,TMX1,TMEM179B
POLM,IKZF3,AKAP9,KCNQ1
POLM,IKZF3,ARHGEF6,RHOJ,SLC22A15
POLM,IKZF3,GRB2,ALK,CCN2
POLM,IKZF3,STX11,BACE2
POLM,IKZF3,HRAS,LRBA
POLM,IKZF3,PTK6,RET,KITLG
POLM,IKZF3,RHOA,SYNPO2,CHRND
POLM,KRAS,YWHAH,SIPA1L3
POLM,KRAS,S100P,TEAD3,SERPINB10
POLM,KRAS,SUMO2,SERPINB6
POLM,KRAS,KLRG2,PCDHA12
POLM,KRAS,AURKA,TBX10,PIP4P1
POLM,IKZF3,PRKAB2,GYS1,TFR2
POLM,KRAS,GNAI3,GNG5
POLM,IKZF3,GRAP2,LAT
POLM,KRAS,SLC7A1,SLC22A18
POLM,KRAS,POLE
POLM,IKZF3,PTK6,RET,PCDH19
POLM,KRAS,SEMA6A
POLM,KRAS,DLG2,NLGN1
POLM,IKZF3,SUMO1,ZCCHC7,ATP8A2
POLM,IKZF3,FHL3,MAP7D2,DGLUCY,GPR45
POLM,KRAS,ERBB2,TEK
POLM,IKZF3,HDAC4,RFXANK,GIPR
POLM,IKZF3,HDAC5,GABARAP
POLM,IKZF3,HRAS,LRBA
POLM,IKZF3,PAX7,FHL1
POLM,IKZF3,GRB2,ALK
POLM,KRAS,STX6,SLC38A2
POLM,KRAS,TPP2,KBTBD7,LANCL2
POLM,KRAS,TRAF6,TNFRSF13B,IL17RE
POLM,IKZF3,HDAC5,GABARAP
POLM,IKZF3,ARHGEF6,RHOJ,KLRC3
POLM,IKZF3,KRT19,AMOTL2
POLM,KRAS,CUL3,LRFN2
POLM,KRAS,GNAI3
POLM,KRAS,INSR,DUSP14,IPCEF1
POLM,KRAS,TINF2,STAG1
POLM,KRAS,SCARB1,CLEC2D
POLM,KRAS,TINF2,STAG1
POLM,IKZF3,AKAP9,KCNQ1
POLM,KRAS,CASK,CYSLTR2
POLM,KRAS,AP2M1,CTLA4,C4B
POLM,KRAS,GNAI3,GNG5
POLM,KRAS,NHERF2
POLM,KRAS,DSC3
POLM,KRAS,MINK1,TRAF3IP3
POLM,KRAS,EPHA1
POLM,KRAS,TMPO,VIL1
POLM,KRAS,CASK,CYSLTR2
POLM,IKZF3,HRAS,LRBA
POLM,KRAS,NCAM1
POLM,KRAS,HSP90B1,LDLR
POLM,KRAS,YWHAH,SIPA1L3
POLM,KRAS,APBB1,SLAMF7
POLM,KRAS,HCK
POLM,KRAS,SLC7A1,SLC22A18
POLM,KRAS,GNAI2,FPR2
POLM,KRAS,MATN2,CP
POLM,KRAS,DSG2
POLM,IKZF3,REL,EIF5A2,SV2B
POLM,IKZF3,STX11,BACE2
POLM,KRAS,PLIN2
POLM,KRAS,YWHAH,SIPA1L3
POLM,IKZF3,GRB2,ALK
POLM,KRAS,CNOT9,DIS3L
POLM,KRAS,GNAI2,FPR2
POLM,KRAS,TMPO,VIL1
POLM,IKZF3,HRAS,LRBA,SLC9A3R2
POLM,KRAS,EGFR
POLM,KRAS,PRPF40A,SDCBP2
POLM,KRAS,DLGAP4
POLM,KRAS,MINK1,TRAF3IP3
POLM,IKZF3,HDAC4,RFXANK,VIPR2
POLM,KRAS,CUL3,LRFN2
POLM,IKZF3,RHOA,SYNPO2,OPRPN,SLC5A4
POLM,KRAS,YWHAH,SIPA1L3
POLM,KRAS,ITGB1,ITGA1
POLM,KRAS,ITGB1
POLM,KRAS,NAE1
POLM,KRAS,DLG3
POLM,IKZF3,CHD4,KRT31,LYPD6B
POLM,IKZF3,HRAS,LRBA
POLM,IKZF3,ZMYM2,SOX2,CSMD2
POLM,KRAS,PLEKHA1
POLM,KRAS,TXNDC11,DUOX2,DUOXA2
POLM,IKZF3,UBC,MDM4,SCARA5
POLM,KRAS,PSEN1,TMBIM6
POLM,KRAS,ADCY6,GDPD5
POLM,IKZF3,PTK6,RET
POLM,KRAS,GNAI3,GNG5
POLM,KRAS,CUL3,LRFN2
POLM,IKZF3,KRT19,AMOTL2
POLM,KRAS,SEC13,RAB14
POLM,IKZF3,LNPEP,AQP12B,KLKB1
POLM,KRAS,CTNNA1
POLM,KRAS,PLD1
POLM,IKZF3,HRAS,LRBA
POLM,IKZF3,PPP1R16B,GRK2
POLM,KRAS,EPHA4,ARHGEF15,ZDHHC20
POLM,IKZF3,HRAS,LRBA
POLM,IKZF3,HRAS,LRBA
POLM,IKZF3,HRAS,LRBA
POLM,KRAS,MTOR,CMAS,SLC5A6
POLM,IKZF3,KRT19,AMOTL2,FCRL5
POLM,KRAS,APBB1,SLAMF7
POLM,KRAS,MDN1,STK17B
POLM,KRAS,GNAI3,GNG5
POLM,KRAS,RABGGTB,RAB40B
POLM,IKZF3,HDAC4,RFXANK,HTR1F
POLM,IKZF3,HRAS,LRBA
POLM,KRAS,LARP7,H2BC17,CLDN18
POLM,KRAS,EZR,CROCC
POLM,KRAS,SOS2
POLM,KRAS,SH2D3A,GSDMA
POLM,KRAS,PSMD14,MICALL2
POLM,KRAS,ANKRD50,TJP2
POLM,IKZF3,LNPEP,AQP12B,SLC32A1
POLM,IKZF3,LNPEP,AQP12B,TLR7
POLM,KRAS,PLEKHA7,ADA
POLM,IKZF3,NOTCH1,PHF8,CERCAM
POLM,KRAS,PSMD14,MICALL2
POLM,KRAS,NEDD4L,HCN1
POLM,KRAS,SPRY2
POLM,KRAS,ANO10
POLM,IKZF3,GRB2,ALK
POLM,KRAS,DNAJC9
POLM,KRAS,MDH2,BLVRB
POLM,KRAS,PSMD4,UBAC1
POLM,IKZF3,HRAS,LRBA
POLM,IKZF3,RUNX3,TLE1,COMT,SLC35A4,SLC13A4
POLM,KRAS,SUMO2,SERPINB6
POLM,IKZF3,RHOA,SYNPO2,MYO1A
POLM,IKZF3,LNPEP,AQP12B,LRRC4C
POLM,IKZF3,GRB2,ALK
POLM,KRAS,APP,APBB2,KCNA1
POLM,KRAS,SUMO2,SERPINB6
POLM,KRAS,VRK2,CYP2C18
POLM,KRAS,IPO7,RP2
POLM,KRAS,MARCKS
POLM,KRAS,AP2M1,CTLA4
POLM,KRAS,NOTCH2,PRG3
POLM,KRAS,USP8,FZD5
POLM,IKZF3,RHOA,SYNPO2,C3orf52
POLM,KRAS,PRPF40A,SDCBP2
POLM,IKZF3,PAX7,FHL1
POLM,KRAS,COPE,SLC35A1
POLM,IKZF3,REL,EIF5A2,ADORA2A
POLM,KRAS,YWHAH,SIPA1L3
POLM,IKZF3,RHOA,SYNPO2,PLEKHF2,GPBP1
POLM,KRAS,NOTCH2,PRG3
POLM,KRAS,POLE,NUBP1
POLM,KRAS,ROBO1
POLM,IKZF3,GRB2,ALK
POLM,IKZF3,EXOC8,EXOC5,SDC3
POLM,KRAS,SLC7A2
POLM,IKZF3,SUMO1,ZCCHC7,DLL4
POLM,IKZF3,HRAS,LRBA
POLM,KRAS,NECTIN1,PVR
POLM,KRAS,PCNT,SYNGAP1
POLM,KRAS,TENM3
POLM,KRAS,CUL3,LRFN2
POLM,KRAS,SNAP25
POLM,KRAS,PTK7,BTNL8
POLM,KRAS,DLG1,CACNG2
POLM,KRAS,DLG3,GRIK5
POLM,KRAS,STOM,STOML1
POLM,KRAS,ITGB1,ITGA1
POLM,KRAS,ATP13A3,TMCO3,SLC2A5
POLM,KRAS,GNAI3,GNG5
POLM,KRAS,CYB5B,GDE1
POLM,IKZF3,RHOA,SYNPO2,GRM5
POLM,IKZF3,HRAS,LRBA
POLM,KRAS,CDH1,ITGA6
POLM,IKZF3,LDOC1,JAK2
POLM,KRAS,GNB2,RGS6
POLM,KRAS,BRAF,RPS6KA2,RXFP3
POLM,IKZF3,SUMO1,ZCCHC7,CD209
POLM,KRAS,YWHAH,SIPA1L3
POLM,IKZF3,HDAC2,PROX1,POMC,MC3R
POLM,KRAS,STX6,SLC38A2
POLM,IKZF3,PTK6,RET
POLM,KRAS,FMR1,CD6
POLM,IKZF3,HDAC4,RFXANK,CCKAR
POLM,KRAS,MYH9
POLM,KRAS,NOTCH2,PRG3
POLM,KRAS,HSPA9,ADCK5,CAPNS2
POLM,KRAS,ATP11A
POLM,KRAS,DLG2,NLGN1
POLM,KRAS,PODXL,SELL
POLM,KRAS,MATN2,CP
POLM,IKZF3,HDAC4,RFXANK,HTR1B
POLM,IKZF3,GRB2,ALK
POLM,KRAS,ADIPOR1
POLM,IKZF3,FOXP3,RORC,CHRNB1
POLM,KRAS,ANKRD50,TJP2
POLM,IKZF3,PPP1R16B,GRK2
POLM,IKZF3,UBC,MDM4,RSC1A1
POLM,IKZF3,ARHGEF6,RHOJ,WNT6
POLM,IKZF3,PTK6,RET
POLM,IKZF3,UBC,MDM4,IL17RD
POLM,KRAS,ADCY3,CNGA3
POLM,IKZF3,NOTCH1,PHF8,GPR39
POLM,IKZF3,HRAS,LRBA,AQP10
POLM,IKZF3,HRAS,LRBA
POLM,KRAS,YWHAH,SIPA1L3
POLM,KRAS,CDH1,ITGA6,RPE65
POLM,IKZF3,CHD4,KRT31,RPL36A-HNRNPH2
POLM,IKZF3,GRB2,ALK
POLM,KRAS,RALBP1,PPL
POLM,IKZF3,AKAP9,KCNQ1
POLM,KRAS,NOTCH2,PRG3
POLM,IKZF3,RHOA,SYNPO2,ASPH
POLM,KRAS,LRRC8A,LRRC8C
POLM,IKZF3,RHOA,SYNPO2,IL27RA
POLM,KRAS,MACROH2A1,CGAS
POLM,IKZF3,PPP1R16B,GRK2
POLM,IKZF3,GRB2,ALK
POLM,KRAS,STX3,SYT1,CACNB4
POLM,IKZF3,RHOA,SYNPO2,IGDCC4
POLM,KRAS,GNAI2,FPR2
POLM,IKZF3,PPP1R16B,GRK2,CDH23,PCDH15
POLM,KRAS,MDN1,STK17B
POLM,KRAS,DLG1,CACNG2
POLM,KRAS,ARF6,NMT2
POLM,KRAS,CADM1,CD81,SLC44A1
POLM,IKZF3,RHOA,SYNPO2,PARM1
POLM,KRAS,SEC61B,HSPA13
POLM,KRAS,MATN2,CP
POLM,KRAS,AP2M1,CTLA4
POLM,IKZF3,KRT19,AMOTL2
POLM,IKZF3,HDAC1,ZNF800,MS4A14
POLM,KRAS,PDZK1,GUCY2C
POLM,IKZF3,HDAC7,NCOR1,ATP7B
POLM,KRAS,VRK2,CYP2C18
POLM,KRAS,ERBB2,TEK
POLM,KRAS,VAMP3
POLM,IKZF3,HRAS,LRBA
POLM,KRAS,SLC7A5
POLM,KRAS,GNB2,RGS6
POLM,IKZF3,UBC
POLM,IKZF3,PAX7,FHL1
POLM,IKZF3,REL,EIF5A2,IFITM5
POLM,KRAS,CFTR,CLCA1
POLM,KRAS,EPRS1,KARS1
POLM,KRAS,PIK3CA,MANSC1,SLC39A3
POLM,KRAS,GNA12,TBXA2R
POLM,KRAS,DDX20,LSM2,AGPAT2
POLM,KRAS,CFAP20,CFAP95
POLM,KRAS,ITGB1,ITGA1
POLM,KRAS,ANK2,CEP120,CNTN6
POLM,KRAS,CUL3
POLM,KRAS,IPO5,DSCAML1
POLM,KRAS,TMEM237,PIGR
POLM,IKZF3,UBC,MDM4,ADRA2C
POLM,IKZF3,GRB2,ALK,ABCC9
POLM,KRAS,NEDD4L,HCN1
POLM,KRAS,TMX4,ATP1B4
POLM,IKZF3,HRAS,LRBA
POLM,KRAS,MATN2,CP
POLM,IKZF3,AQP1
POLM,IKZF3,UBE2I,PCGF2,SLC6A2
POLM,KRAS,GNAI3,GNG5,CATSPER1
POLM,KRAS,STX3,SYT1,XKR3
POLM,IKZF3,HDAC7,NCOR1,NT5E
POLM,KRAS,LYN,ITGA2
POLM,KRAS,ABL2,SORBS2
POLM,KRAS,HGS,LRIG1
POLM,KRAS,CDH1,ITGA6
POLM,KRAS,AKT2,CLIP3
POLM,IKZF3,HRAS,LRBA
POLM,IKZF3,HRAS,LRBA,SELP
POLM,IKZF3,RHOA,SYNPO2,DLL3
POLM,KRAS,YWHAH,SIPA1L3
POLM,KRAS,PLCH1
POLM,KRAS,SEPTIN5
POLM,KRAS,TMPO,VIL1
POLM,KRAS,PKP4,AMHR2
POLM,KRAS,PTK7,BTNL8
POLM,KRAS,AMIGO2,KCNB2
POLM,KRAS,PIP4K2A,PLCD3
POLM,KRAS,CHP1,SLC9A3
POLM,IKZF3,GRB2,ALK
POLM,IKZF3,HRAS,LRBA
POLM,IKZF3,HDAC5,GABARAP,GPC5
POLM,IKZF3,NOTCH1,PHF8,GRIN2D
POLM,KRAS,ITGB5,ITGA5
POLM,KRAS,FMR1,CD6
POLM,IKZF3,ZMYM2,SOX2,B2M,KIR2DL3
POLM,IKZF3,RHOA,SYNPO2,TMEFF1
POLM,IKZF3,RHOA,SYNPO2,SIGLEC7
POLM,IKZF3,STX11,BACE2
POLM,KRAS,CHN1,CDK5R1
POLM,IKZF3,PPP1R16B,GRK2
POLM,KRAS,GNA12
POLM,KRAS,EZR,CROCC
POLM,KRAS,DOCK7,LRCH4,PDE6C
POLM,KRAS,TUBB3,DNAL4
POLM,KRAS,PTPN14,SOCS7
POLM,KRAS,PKP4,AMHR2
POLM,KRAS,SRC,CYP4F2,GLRA3
POLM,KRAS,TBC1D5,WASHC2A
POLM,IKZF3,ZNF417,DDX39A,SLC17A5
POLM,IKZF3,HDAC5,GABARAP
POLM,KRAS,PDZK1,GUCY2C
POLM,KRAS,APBB1,SLAMF7
POLM,IKZF3,RHOA,SYNPO2,RTN4RL2
POLM,KRAS,MAP3K1,MAPK9
POLM,IKZF3,RHOA,SYNPO2,SLC38A6
POLM,KRAS,PPP1CC,EIF2A,KLRK1,RAET1L
POLM,KRAS,TUBB3,DNAL4
POLM,KRAS,CUL3,LRFN2
POLM,IKZF3,ZNF417,DDX39A,CD27
POLM,KRAS,SIRPA,CD47
POLM,KRAS,CDK14
POLM,KRAS,LYN,ITGA2
POLM,IKZF3,ZNF417,DDX39A,CEP112
POLM,KRAS,MINK1,TRAF3IP3
POLM,KRAS,CFTR,CLCA1
POLM,KRAS,EPRS1,KARS1
POLM,KRAS,VRK2,CYP2C18
POLM,IKZF3,CDKN1A,GADD45G,PCDHGB5
POLM,IKZF3,UBC,MDM4,IL1RL2
POLM,KRAS,ACSL4,SLC22A2
POLM,IKZF3,EXOC8,EXOC5,LRPAP1
POLM,IKZF3,KRT19,AMOTL2,MSMO1
POLM,IKZF3,STX11,BACE2
POLM,IKZF3,PTK6,RET,GFRA2
POLM,KRAS,PLXNB2,SEMA4A
POLM,IKZF3,SUMO1,ZCCHC7,ADM,RAMP2
POLM,IKZF3,PTK6,RET
POLM,KRAS,LAMTOR3,LPCAT1
POLM,KRAS,KIRREL1,CCKBR
POLM,KRAS,YWHAH,SIPA1L3
POLM,KRAS,GPRC5A
POLM,KRAS,SLC9A1,TESC,PIEZO1
POLM,IKZF3,UBC,MDM4,CARD14
POLM,KRAS,JAG2,ADAM32
POLM,IKZF3,GRB2,ALK
POLM,IKZF3,RBBP4,KPNA5,CD1B
POLM,KRAS,HNRNPA2B1,DCP1B,PXDNL
POLM,IKZF3,AKAP9,KCNQ1
POLM,KRAS,DYNC1H1,DYNC1LI1
POLM,IKZF3,PAX7,FHL1
POLM,IKZF3,UBC,MDM4,LRRN1
POLM,KRAS,SLC30A7,KLRD1
POLM,IKZF3,PAX7,FHL1
POLM,KRAS,DDX21,PNN
POLM,IKZF3,GRB2,ALK
POLM,KRAS,ITM2A
POLM,IKZF3,MRPL28,MRPL34,TNFRSF4,TNFSF4
POLM,KRAS,TMPO,VIL1
POLM,IKZF3,REL,EIF5A2,PTGER1
POLM,IKZF3,SUMO1,ZCCHC7,OPN1LW
POLM,IKZF3,GRB2,ALK
POLM,KRAS,PTPRF,PCDHAC1
POLM,KRAS,F11R
POLM,KRAS,NOTCH2,PRG3
POLM,KRAS,LYN,ITGA2
POLM,KRAS,LYN,ITGA2
POLM,IKZF3,KRT19,AMOTL2
POLM,KRAS,MET,LAPTM4B
POLM,KRAS,PTPRF,PCDHAC1
POLM,KRAS,APPL1,ADIPOR2
POLM,IKZF3,KRT19,AMOTL2
POLM,IKZF3,REL,EIF5A2,VIPR1,VIP,ADCYAP1R1
POLM,IKZF3,GRB2,ALK
POLM,KRAS,MATN2,CP
POLM,KRAS,RER1
POLM,KRAS,RAB10,MAPK8IP1,TMEM219
POLM,IKZF3,HDAC2,PROX1,CD8A,CD8B
POLM,IKZF3,HRAS,LRBA,C5AR2
POLM,KRAS,PALS1
POLM,KRAS,YES1
POLM,KRAS,ERBB2,TEK
POLM,IKZF3,RUNX3,TLE1,MPO,APCDD1
POLM,KRAS,CUL3,LRFN2
POLM,IKZF3,HRAS,LRBA
POLM,IKZF3,CHD4,KRT31,PCDHB2
POLM,KRAS,STOM,STOML1
POLM,IKZF3,UBC,MDM4,GPR55
POLM,KRAS,EPHB4,PCDHGA5
POLM,IKZF3,AKAP9,KCNQ1
POLM,KRAS,RABGGTB,RAB40B
POLM,IKZF3,PPP1R16B,GRK2
POLM,IKZF3,PTK6,RET,SELENOK
POLM,KRAS,DYNC1H1,DYNC1LI1
POLM,KRAS,AKT2,CLIP3
POLM,KRAS,PLXNC1
POLM,IKZF3,IKZF1,CUL2,P2RY1
POLM,IKZF3,GRB2,ALK
POLM,KRAS,PRPF40A,SDCBP2
POLM,KRAS,AP2M1,CTLA4
POLM,KRAS,JAG2,ADAM32
POLM,KRAS,NF1
POLM,KRAS,ABCC5
POLM,KRAS,CUL3,LRFN2
POLM,IKZF3,RHOA,SYNPO2,KCNK1
POLM,IKZF3,LNPEP,AQP12B,CD109
POLM,KRAS,PLSCR1
POLM,IKZF3,REL,EIF5A2,TRPV1,SYT9
POLM,KRAS,VRK2,CYP2C18
POLM,IKZF3,HDAC5,GABARAP
POLM,KRAS,ERBB2,TEK
POLM,IKZF3,RHOA,SYNPO2,ZDHHC4
POLM,KRAS,STOM,STOML1
POLM,KRAS,HSP90B1,LDLR
POLM,KRAS,RALBP1
POLM,IKZF3,RHOA,SYNPO2,CD151
POLM,IKZF3,HRAS,LRBA
POLM,IKZF3,GRB2,ALK
POLM,KRAS,NF2,IQCJ-SCHIP1
POLM,KRAS,GNAI3,GNG5,CATSPER1,CACNA1I,CATSPER2
POLM,KRAS,SLC30A7,KLRD1
POLM,KRAS,MPDZ,HTR2A
POLM,IKZF3,ARHGEF6,RHOJ
POLM,KRAS,DNM3
POLM,KRAS,FCGR1A,ULBP3
POLM,KRAS,RPS3,RPS4Y1,CLCA2
POLM,IKZF3,RHOA,SYNPO2,RASSF3
POLM,KRAS,SPTAN1,GRIN2A
POLM,KRAS,MAP2K1
POLM,KRAS,PARD3,JAM3
POLM,KRAS,HGS,LRIG1
POLM,KRAS,MAP4K5
POLM,KRAS,TMPO,VIL1
POLM,KRAS,PSEN1,TMBIM6
POLM,IKZF3,NOTCH1,PHF8,FHOD3
POLM,KRAS,MPDZ,HTR2A
POLM,IKZF3,GRB2,ALK
POLM,KRAS,TOMM20,NUDT19,ABHD17B
POLM,KRAS,PLEKHA7,ADA,ATRN
POLM,KRAS,CTNND1
POLM,KRAS,TBCD,NCR3LG1
POLM,KRAS,POLD3,MELTF
POLM,KRAS,EPN2,ARRDC2
POLM,KRAS,MDN1,STK17B
POLM,KRAS,FMR1,CD6
POLM,KRAS,PTK7,BTNL8,PCDHGA10
POLM,KRAS,AP2M1
POLM,IKZF3,NOTCH1,PHF8,NTSR1
POLM,IKZF3,NOTCH1,PHF8,HCRTR1
POLM,KRAS,ITGB1,ITGA1
POLM,KRAS,ANKRD50,TJP2
POLM,IKZF3,CTBP2,TTC28,TMPRSS11D
POLM,KRAS,BCORL1
POLM,KRAS,EPN2
POLM,IKZF3,RHOA,SYNPO2,KCNK7
POLM,KRAS,TMPO,VIL1
POLM,KRAS,TWIST1,ICAM1
POLM,KRAS,ADCY3,CNGA3
POLM,KRAS,CADM1,CD81
POLM,IKZF3,CHD4,KRT31,CPNE1
POLM,KRAS,YWHAH,SIPA1L3
POLM,KRAS,VRK2,CYP2C18
POLM,KRAS,ERBB2,TEK
POLM,IKZF3,KRT19,AMOTL2
POLM,KRAS,FRMPD1
POLM,IKZF3,AKAP9,KCNQ1
POLM,KRAS,AKT2,CLIP3
POLM,KRAS,DDX3X
POLM,IKZF3,GRB2,ALK
POLM,KRAS,DYNC1H1,DYNC1LI1
POLM,IKZF3,AKAP9,KCNQ1
POLM,KRAS,TMPO,VIL1
POLM,KRAS,DLG1,CACNG2
POLM,KRAS,TXNDC11,DUOX2
POLM,KRAS,ITGB5,ITGA5
POLM,KRAS,APBB1,SLAMF7,CNTN5
POLM,IKZF3,HRAS,LRBA
POLM,KRAS,VAMP3,SYPL1
POLM,KRAS,APBB1,SLAMF7
POLM,IKZF3,GRB2,ALK
POLM,KRAS,YWHAH,SIPA1L3
POLM,IKZF3,NOTCH1,PHF8,SLC26A11
POLM,KRAS,ITGB1,ITGA1
POLM,KRAS,STOM,STOML1
POLM,KRAS,CHP1,SLC9A3
POLM,KRAS,APBB1,SLAMF7
POLM,IKZF3,PAX7,FHL1
POLM,IKZF3,HRAS,LRBA
POLM,KRAS,APBB1
POLM,IKZF3,HRAS,LRBA
POLM,IKZF3,STX11,BACE2
POLM,KRAS,AP2M1,CTLA4
POLM,KRAS,CUL3,LRFN2
POLM,KRAS,PTPRF,PCDHAC1,SLC39A11
POLM,KRAS,TUBB3,DNAL4
POLM,IKZF3,HRAS,LRBA
POLM,IKZF3,GRB2,ALK
POLM,KRAS,TOMM20,NUDT19,NPC1
POLM,KRAS,POLE,NUBP1
POLM,IKZF3,ZMYM2,SOX2,MPDU1,SYNGR1
POLM,KRAS,TIAM1
POLM,KRAS,HGS,LRIG1
POLM,KRAS,SLC7A1
POLM,KRAS,SEC61B,HSPA13
POLM,KRAS,PTPRF,PCDHAC1
POLM,IKZF3,RHOA,SYNPO2,SLC13A1
POLM,KRAS,MDH2,BLVRB
POLM,IKZF3,HRAS,LRBA,SLC6A20
POLM,KRAS,VANGL1
POLM,IKZF3,AQP1,EFEMP2,SLC43A2
POLM,IKZF3,NOTCH1,PHF8,SLC39A1
POLM,KRAS,ROR2
POLM,IKZF3,PCID2,POLR1G,DXO
POLM,KRAS,NOTCH2,PRG3
POLM,KRAS,JAG1
POLM,IKZF3,PPP1R16B,GRK2
POLM,KRAS,GNAI2,FPR2
POLM,KRAS,PATJ,HOMER2
POLM,KRAS,CNOT3,TNFRSF11A
POLM,KRAS,SPTAN1,GRIN2A
POLM,KRAS,YWHAH,SIPA1L3
POLM,KRAS,EPN1,SLC6A3
POLM,KRAS,HGS,LRIG1
POLM,KRAS,JAK1,DLK1,SLC19A2
POLM,KRAS,ITM2C
POLM,IKZF3,PPP1R16B,GRK2,SCUBE3
POLM,KRAS,MINK1,TRAF3IP3
POLM,KRAS,SNAP23
POLM,KRAS,TMX1,TMEM179B
POLM,KRAS,PCNT,SYNGAP1
POLM,IKZF3,KRT19,AMOTL2,MARCO
POLM,KRAS,PIP4K2A,PLCD3
POLM,IKZF3,HDAC4,RFXANK,HCRTR2
POLM,IKZF3,UBC,MDM4,OR4N2
POLM,IKZF3,RUNX3,TLE1,COMT
POLM,IKZF3,CABP4,CACNA1F,MDGA1
POLM,IKZF3,AKAP9,KCNQ1,CDH24
POLM,KRAS,JAG2,ADAM32
POLM,IKZF3,FHL3,MAP7D2,WARS2
POLM,IKZF3,SUMO1,ZCCHC7,LRRC53
POLM,IKZF3,RHOA,SYNPO2,MS4A1
POLM,KRAS,PIK3R1,SPP1,TNFSF9
POLM,KRAS,PTK7,BTNL8
POLM,IKZF3,HRAS,LRBA
POLM,KRAS,PAK2
POLM,IKZF3,PPP1R16B,GRK2
POLM,KRAS,POLE,NUBP1
POLM,IKZF3,AKAP9,KCNQ1
POLM,IKZF3,ZMYM2,SOX2,ABCA4,CNGB1
POLM,KRAS,RAPH1,SH3GL1,ADRB3
POLM,KRAS,CUL3,LRFN2
POLM,KRAS,TMX1,TMEM179B
POLM,KRAS,OLR1
POLM,KRAS,LYN,ITGA2
POLM,IKZF3,GRB2,ALK
POLM,IKZF3,RHOA,SYNPO2,TRPC7
POLM,KRAS,DYNC1H1,DYNC1LI1
POLM,KRAS,SUMO2,SERPINB6
POLM,KRAS,CUL3,LRFN2
POLM,KRAS,INSR,DUSP14,CD1D
POLM,IKZF3,HDAC7,NCOR1,GRIA3
POLM,IKZF3,KRT19,AMOTL2
POLM,KRAS,CYB5B,GDE1
POLM,KRAS,GNAI3,GNG5
POLM,IKZF3,RHOA,SYNPO2,GAD2
POLM,IKZF3,KRT19,AMOTL2
POLM,KRAS,MYLIP,VLDLR
POLM,KRAS,APBB1,SLAMF7
POLM,KRAS,PTPRG,TIE1
POLM,KRAS,SAMM50,SLC22A8
POLM,IKZF3,GRB2,ALK
POLM,KRAS,PIK3CG,ACVR1
POLM,KRAS,APBB1,SLAMF7
POLM,KRAS,LYN,ITGA2
POLM,KRAS,LYN,ITGA2
POLM,KRAS,ARF6,NMT2
POLM,IKZF3,NME7,CCDC88B,GABRQ
POLM,KRAS,RAB7A,ERLIN2
POLM,IKZF3,ZMYM2,SOX2,AKTIP
POLM,IKZF3,HDAC7,NCOR1,PCDHGB4
POLM,KRAS,LAMTOR3,LPCAT1
POLM,IKZF3,GRB2,ALK
POLM,KRAS,SLITRK5,SHH,PTCH2
POLM,IKZF3,UBC,MDM4,PDAP1
POLM,IKZF3,ZMYM2,SOX2,NRG2
POLM,KRAS,PSEN1,TMBIM6
POLM,IKZF3,GRB2,ALK
POLM,KRAS,GNAI3,GNG5
POLM,KRAS,SLC30A1
POLM,KRAS,PRPF40A,SDCBP2
POLM,KRAS,AP2M1,CTLA4
POLM,KRAS,FCGR1A
POLM,KRAS,NOX1
POLM,KRAS,VAMP2,STX1B,GPM6B
POLM,IKZF3,RHOA,SYNPO2,SLC27A1
POLM,IKZF3,HRAS
POLM,KRAS,PTK7,BTNL8
POLM,IKZF3,HRAS,LRBA
POLM,IKZF3,GRB2,ALK,CHRNB3
POLM,IKZF3,RHOA,SYNPO2,ARHGAP18
POLM,IKZF3,ZNF417,DDX39A,CHRNG
POLM,KRAS,TRAF6,TNFRSF13B
POLM,KRAS,YWHAH,SIPA1L3
POLM,IKZF3,NOTCH1,PHF8,GRID2
POLM,IKZF3,HDAC2,PROX1,MUC17
POLM,KRAS,HSD3B2,CTSF
POLM,KRAS,ABCC2
POLM,KRAS,HGS,LRIG1
POLM,KRAS,VAMP2,STX1B
POLM,IKZF3,HDAC5,GABARAP
POLM,KRAS,PKP2,PCDHGB1
POLM,IKZF3,PTK6,RET,GABRB2
POLM,KRAS,PKP2
POLM,IKZF3,GRB2,ALK
POLM,IKZF3,KRT19,AMOTL2
POLM,IKZF3,REL,EIF5A2,KCNQ2
POLM,IKZF3,GRB2,ALK
POLM,KRAS,RPL13A,CYP2E1,ABCA5
POLM,KRAS,ERBB2,TEK
POLM,KRAS,FMN2
POLM,IKZF3,SUMO1,ZCCHC7,SOX11
POLM,KRAS,DLG1,CACNG2
POLM,KRAS,ITCH,SCNN1A
POLM,IKZF3,NOTCH1,PHF8,TSLP,CRLF2
POLM,KRAS,EEF2
POLM,IKZF3,PAX7,FHL1
POLM,KRAS,COBL
POLM,KRAS,ANKRD50,TJP2
POLM,KRAS,KLHL25,PSG1
POLM,KRAS,POLE,NUBP1
POLM,KRAS,SCFD1
POLM,KRAS,GNAI2,FPR2
POLM,IKZF3,GRB2,ALK
POLM,KRAS,RALBP1,PPL
POLM,KRAS,SERPINB5,PRSS21
POLM,IKZF3,SUMO1,ZCCHC7,EPB41L5
POLM,KRAS,NOTCH2,PRG3
POLM,KRAS,RAB7A,ERLIN2
POLM,IKZF3,RHOA,SYNPO2,SMPD1
POLM,KRAS,COPS5,TTC27,TVP23B,YIPF1
POLM,KRAS,NEDD4L,HCN1,CSPG5
POLM,IKZF3,AKAP9,KCNQ1
POLM,KRAS,FMR1,CD6
POLM,KRAS,ITGB6,FLNB
POLM,KRAS,HSP90B1,LDLR
POLM,KRAS,ADIPOR1,SLC22A16
POLM,KRAS,PARD3,JAM3,JAM2
POLM,KRAS,LYN,ITGA2
POLM,KRAS,LYN,ITGA2
POLM,KRAS,CD46
POLM,KRAS,SLC9A1,TESC
POLM,KRAS,ANK3,SPTBN4
POLM,IKZF3,ZNF417,DDX39A,TNFRSF14
POLM,IKZF3,GRB2,ALK
POLM,KRAS,CDH1,ITGA6
POLM,KRAS,ITGB1,ITGA1
POLM,KRAS,RALBP1,PPL
POLM,IKZF3,UBC,MDM4,PLEKHG4B
POLM,IKZF3,GRB2,ALK
POLM,KRAS,JAG2,ADAM32
POLM,IKZF3,HRAS,LRBA,SLC6A19
POLM,IKZF3,UBC,MDM4,LY9
POLM,KRAS,SRC
POLM,IKZF3,PAX6,HOXB1,PRTG
POLM,IKZF3,GRB2,ALK,PLEK
POLM,IKZF3,KRT19,AMOTL2
POLM,KRAS,PCNT,SYNGAP1
POLM,IKZF3,PPP1R16B,GRK2
POLM,IKZF3,GEM,ANKRD36B,TIP-LINK complex,LHFPL5
POLM,IKZF3,GRB2,ALK
POLM,KRAS,ITM2B
POLM,IKZF3,PTK6,RET
POLM,KRAS,POLD3,MELTF
POLM,KRAS,TINF2,STAG1
POLM,KRAS,COPE,SLC35A1
POLM,IKZF3,RHOA,SYNPO2,LDLRAP1
POLM,IKZF3,HDAC4,RFXANK,HTR5A
POLM,KRAS,CDH5,P2RX4
POLM,KRAS,TUBA1B,VASH2,BTN1A1
POLM,IKZF3,GRB2,ALK,ADGRB1
POLM,KRAS,PIP4K2A
POLM,KRAS,NOTCH2,PRG3
POLM,KRAS,YWHAH,SIPA1L3
POLM,IKZF3,KRT19,AMOTL2
POLM,KRAS,GPR50,TACR1
POLM,KRAS,SEC13,RAB14
POLM,KRAS,AKT2,CLIP3
POLM,IKZF3,HRAS,LRBA
POLM,KRAS,SEC61B,HSPA13
POLM,KRAS,CADM1,CD81,CDH17
POLM,IKZF3,LNPEP,AQP12B,PRF1
POLM,KRAS,PCNT,SYNGAP1
POLM,IKZF3,UBE2I,PCGF2,PSG7
POLM,IKZF3,CDKN1A,GADD45G,FBP2
POLM,IKZF3,PRDM1,IRF1,HLA-DOA
POLM,KRAS,NEDD4L,HCN1
POLM,KRAS,TMPO,VIL1
POLM,KRAS,IQGAP1
POLM,IKZF3,RHOA,SYNPO2,SLC10A6
POLM,IKZF3,ZMYM2,SOX2,CLEC5A
POLM,IKZF3,UBE2I,PCGF2,SLC46A1
POLM,IKZF3,HDAC4,RFXANK,GHSR
POLM,KRAS,COG3
POLM,KRAS,EIF1,CD74
POLM,KRAS,MYLIP
POLM,KRAS,NFIL3,CREB3L3,WNT3
POLM,IKZF3,RHOA,SYNPO2,ADRA1A
POLM,KRAS,PPP1CC,EIF2A,KLRK1,RAET1L
POLM,KRAS,CHP1,SLC9A3
POLM,IKZF3,UBC,MDM4,GABRD
POLM,KRAS,DDX21,PNN
POLM,IKZF3,GRB2,ALK
POLM,KRAS,MDH2,BLVRB
POLM,IKZF3,AKAP9,KCNQ1
POLM,KRAS,LSR
POLM,IKZF3,HDAC7,NCOR1,RECK
POLM,KRAS,EPHB2,FBXO45,CNNM1
POLM,IKZF3,HDAC2,PROX1,WNT7A
POLM,IKZF3,HDAC2,PROX1,POMC,MC3R
POLM,KRAS,OSBPL8,SEC62,ADK
POLM,KRAS,KIRREL1,CCKBR
POLM,IKZF3,PPP1R16B,GRK2,GPR12
POLM,KRAS,LYN,ITGA2
POLM,KRAS,CTNNAL1,DTNA
POLM,IKZF3,KRT19,AMOTL2,TMTC1,JPH2
POLM,KRAS,RACK1,KCNAB1
POLM,IKZF3,HRAS,LRBA
POLM,KRAS,NUMB
POLM,KRAS,PSEN1,TMBIM6
POLM,KRAS,GNAI3,GNG5
POLM,KRAS,RAB7A,ERLIN2
POLM,KRAS,DLG3,GRIK5
POLM,IKZF3,KRT19,AMOTL2
POLM,IKZF3,UBC,MDM4,JOSD1
POLM,IKZF3,KRT19,AMOTL2
POLM,KRAS,MDH2,BLVRB
POLM,KRAS,GNAI3,GNG5
POLM,KRAS,LYN,ITGA2
POLM,IKZF3,GRB2,ALK
POLM,IKZF3,PTK6,RET
POLM,KRAS,RAB10
POLM,KRAS,NECTIN1
POLM,IKZF3,HRAS,LRBA
POLM,IKZF3,KRT19,AMOTL2
POLM,KRAS,ANK2
POLM,IKZF3,SUMO1,ZCCHC7,CHRNA5
POLM,KRAS,PPP4C
POLM,IKZF3,KRT19,AMOTL2,ITGB7
POLM,IKZF3,RUNX3,TLE1,CD2
POLM,IKZF3,AKAP9,KCNQ1
POLM,IKZF3,GRAP2,LAT,SIT1
POLM,KRAS,SPRY4,CD82
POLM,IKZF3,LNPEP,AQP12B,OXTR
POLM,KRAS,TINF2,STAG1
POLM,KRAS,RAC2
POLM,KRAS,VRK2,CYP2C18
POLM,IKZF3,GRB2,ALK,TREML2
POLM,KRAS,CDC42BPA,HAVCR2,TSPAN7
POLM,KRAS,PDZK1
POLM,KRAS,YWHAH,SIPA1L3
POLM,IKZF3,BLK,CHIT1,MYD88
POLM,KRAS,TMPO,VIL1
POLM,IKZF3,RHOA,SYNPO2,SLC4A4
POLM,IKZF3,RUNX3,TLE1,AOC1
POLM,KRAS,AFDN
POLM,IKZF3,GRB2,ALK
POLM,KRAS,RAB10,MAPK8IP1
POLM,KRAS,TINF2,STAG1
POLM,KRAS,RANBP1,RANGRF
POLM,KRAS,TRAF7
POLM,IKZF3,RHOA,SYNPO2,GRK3
POLM,KRAS,DAB2IP,RAB4B
POLM,IKZF3,ARHGEF6,RHOJ,PCDHGA4
POLM,KRAS,PTK7,BTNL8,LRRC8B
POLM,KRAS,ERBB2,TEK
POLM,KRAS,CDK7
POLM,KRAS,GNAI3,GNG5
POLM,KRAS,RAB10,MAPK8IP1
POLM,KRAS,AKT2,CLIP3
POLM,KRAS,ERBB2,TEK
POLM,IKZF3,GATA2,MED1,TRHR
POLM,KRAS,POLE,NUBP1
POLM,IKZF3,ZNF417,DDX39A,ABCB4
POLM,IKZF3,HDAC7,NCOR1,FZD3
POLM,KRAS,CUL3,LRFN2
POLM,KRAS,ATP1A1
POLM,KRAS,SPTAN1,GRIN2A
POLM,IKZF3,ZMYM2,SOX2,ATP1A4
POLM,IKZF3,PAX7,FHL1,ANOS1
POLM,IKZF3,PTK6,RET,AGTR2
POLM,IKZF3,AKAP9,KCNQ1
POLM,KRAS,SEC61B,HSPA13,CYP2C8
POLM,KRAS,RHBDF2
POLM,IKZF3,GRB2,ALK,EFR3B
POLM,KRAS,ITM2B,CACNA2D1
POLM,IKZF3,NOTCH1,PHF8,ADAM21
POLM,IKZF3,GRB2,ALK,LILRB3
POLM,KRAS,ATP6V0D1,ATP6V1B1,FXYD6
POLM,IKZF3,RHOA,SYNPO2,NEU1
POLM,KRAS,AP2M1,CTLA4
POLM,IKZF3,OSGIN1,PPM1D,THEM4
POLM,KRAS,AP2M1,CTLA4
POLM,KRAS,BSG,SLC16A13
POLM,KRAS,PTPN1,C1orf210
POLM,IKZF3,GRB2,ALK
POLM,KRAS,TMPO,VIL1
POLM,KRAS,PPP1R12A,TTLL12
POLM,KRAS,MAP3K1,MAPK9
POLM,KRAS,KIF23,ATAD3B
POLM,KRAS,INSR,DUSP14,UGT8
POLM,KRAS,STX6,SLC38A2,ABCA8
POLM,IKZF3,AKAP9,KCNQ1,MUC2
POLM,KRAS,SPRY4,CD82
POLM,KRAS,PSMA4,EPB41L1
POLM,KRAS,APBB1,SLAMF7
POLM,IKZF3,AKAP9,KCNQ1
POLM,IKZF3,UBC,MDM4,PLSCR5
POLM,KRAS,SEC13,RAB14
POLM,IKZF3,ARHGEF6,RHOJ
POLM,KRAS,TRAF6
POLM,KRAS,PTPRF,PCDHAC1
POLM,KRAS,PSMD14,MICALL2
POLM,KRAS,APBB1,SLAMF7
POLM,IKZF3,RHOA,SYNPO2,HTR3C
POLM,IKZF3,KRT19,AMOTL2
POLM,KRAS,BSG
POLM,KRAS,CTNNAL1,DTNA,DRP2
POLM,KRAS,USP8,FZD5
POLM,IKZF3,GRB2,ALK
POLM,KRAS,GNB2,RGS6
POLM,KRAS,VAMP2,STX1B
POLM,IKZF3,KRT19,AMOTL2
POLM,IKZF3,AKAP9,KCNQ1
POLM,IKZF3,GRB2,ALK
POLM,IKZF3,ARHGEF6,RHOJ,TMPRSS2
POLM,KRAS,APBB1,SLAMF7
POLM,IKZF3,NOTCH1,PHF8,P2RX7
POLM,IKZF3,RHOA,SYNPO2,APOA1
POLM,KRAS,JAG2,ADAM32
POLM,IKZF3,HRAS,LRBA
POLM,KRAS,MATN2,CP
POLM,IKZF3,PTK6,RET
POLM,IKZF3,RHOA,SYNPO2,RAB3GAP2
POLM,KRAS,APBB1,SLAMF7
POLM,IKZF3,HRAS,LRBA
POLM,IKZF3,GRB2,ALK
POLM,KRAS,SELENOS
POLM,IKZF3,HRAS,LRBA,CHRNA3
POLM,KRAS,KLRG2,PCDHA12
POLM,KRAS,HSPA9,ADCK5,GCA
POLM,KRAS,DYNC1H1,DYNC1LI1
POLM,IKZF3,GRB2,ALK
POLM,IKZF3,GRB2,ALK
POLM,KRAS,PRKAR1A,GPR161
POLM,KRAS,ITCH,SCNN1A
POLM,KRAS,WDR20,IL17RB
POLM,KRAS,MPDZ,HTR2A
POLM,KRAS,CDH1,ITGA6
POLM,IKZF3,GEM
POLM,IKZF3,GRB2,ALK
POLM,KRAS,RABGGTB,RAB40B
POLM,IKZF3,UBE2I,PCGF2,CDAN1
POLM,KRAS,EPRS1,KARS1
POLM,KRAS,CD276,TMPRSS11B
POLM,IKZF3,RHOA,SYNPO2,KCNN2
POLM,IKZF3,NOTCH1,PHF8,GPR3
POLM,IKZF3,KRT19,AMOTL2
POLM,KRAS,PODXL,SELL
POLM,KRAS,VRK2,CYP2C18
POLM,KRAS,CUL3,LRFN2
POLM,KRAS,KRT18,PSTPIP2
POLM,KRAS,VAMP3,SYPL1
POLM,KRAS,MDH2,BLVRB
POLM,KRAS,JAG1,HTRA1
POLM,KRAS,STAMBP
POLM,KRAS,RANBP1,RANGRF
POLM,IKZF3,RHOA,SYNPO2,CD1E
POLM,KRAS,STXBP3
POLM,IKZF3,RHOA,SYNPO2,PI4KA,TTC7B
POLM,KRAS,JAG2,ADAM32
POLM,KRAS,NIBAN2
POLM,KRAS,KIAA0319L
POLM,IKZF3,CDKN1A,GADD45G,NLGN4Y
POLM,KRAS,FMR1,CD6
POLM,IKZF3,ZNF417,DDX39A,TNFRSF19
POLM,KRAS,PTK7,BTNL8
POLM,KRAS,ERBB2,TEK
POLM,IKZF3,RHOA,SYNPO2,WLS
POLM,IKZF3,ARHGEF6,RHOJ
POLM,IKZF3,HRAS,LRBA
POLM,IKZF3,ZMYM2,SOX2,NAIF1
POLM,IKZF3,LNPEP,AQP12B,GABA-A (a1-b1-g2) receptor,CRHR2
POLM,KRAS,TRAF6,TNFRSF13B
POLM,KRAS,ITGB5,ITGA5
POLM,IKZF3,HDAC4,RFXANK,MC2R
POLM,KRAS,STX3,SYT1,TSPO2
POLM,IKZF3,GRB2,ALK
POLM,KRAS,EPRS1,KARS1
POLM,IKZF3,PPP1R16B,GRK2
POLM,IKZF3,HRAS,LRBA
POLM,IKZF3,UBC,MDM4,GPR37L1
POLM,KRAS,LLGL1
POLM,KRAS,YWHAH,SIPA1L3
POLM,IKZF3,HDAC5,GABARAP
POLM,KRAS,POLE,NUBP1
POLM,KRAS,ABI1,VARS2,AMACR
POLM,KRAS,ARHGAP12,MUC5B
POLM,KRAS,TMPO,VIL1
POLM,KRAS,TINF2,STAG1
POLM,IKZF3,HRAS,LRBA
POLM,KRAS,NF2,IQCJ-SCHIP1
POLM,IKZF3,CDKN2D,SH3GLB1,ROBO3
POLM,KRAS,MET,LAPTM4B
POLM,KRAS,HSPA5,BMP1,SLC3A1
POLM,KRAS,COPE,SLC35A1
POLM,IKZF3,PPP1R16B,GRK2
POLM,KRAS,TMEM237,PIGR,LRP12,NMRK2
POLM,KRAS,UHRF1,DPPA3,FPGT,NLN
POLM,IKZF3,PTK6,RET
POLM,KRAS,STX6,SLC38A2
POLM,IKZF3,CDKN2D,SH3GLB1,NAA38,NAA35
POLM,IKZF3,RHOA,SYNPO2,GABBR2
POLM,KRAS,FNBP1
POLM,KRAS,OCLN
POLM,IKZF3,ARHGEF6,RHOJ
POLM,IKZF3,GRAP2,LAT,MS4A2
POLM,IKZF3,RHOA,SYNPO2,PCDHB14
POLM,KRAS,RDH8
POLM,IKZF3,RUNX3,TLE1,SAT1
POLM,KRAS,CLDN3
POLM,IKZF3,RHOA,SYNPO2,ENTPD2
POLM,KRAS,TXNDC11,DUOX2
POLM,KRAS,VAMP3,SYPL1
POLM,KRAS,SEC13,RAB14
POLM,IKZF3,REL,EIF5A2,SLC26A3
POLM,KRAS,LRRC8A
POLM,KRAS,SLC7A1,SLC22A18,SLC39A8
POLM,IKZF3,LDOC1,JAK2
POLM,KRAS,TTN,ANKRD1,FCMR
POLM,KRAS,PTK7,BTNL8,HTR3E
POLM,KRAS,ITCH,SCNN1A
POLM,IKZF3,AKAP9,KCNQ1
POLM,KRAS,RRAS2
POLM,IKZF3,PRKAB2,GYS1,SLC6A13
POLM,KRAS,MTOR,CMAS,NCR1
POLM,IKZF3,HDAC7,NCOR1,GRM7
POLM,KRAS,OPA1,MIGA1
POLM,KRAS,PLPP3
POLM,KRAS,CCDC8
POLM,KRAS,RAB10,MAPK8IP1
POLM,KRAS,CFAP20,CFAP95
POLM,KRAS,MATN2,CP,CD40LG
POLM,IKZF3,RHOA,SYNPO2,CD300LB,TYROBP,TREM1
POLM,IKZF3,CHD4,KRT31,ZGPAT
POLM,KRAS,SH2D3A,GSDMA
POLM,KRAS,PTK7,BTNL8
POLM,KRAS,RAPH1
POLM,IKZF3,HDAC4,RFXANK,GPR52
POLM,KRAS,HGS,LRIG1
POLM,KRAS,AKT2,CLIP3
POLM,IKZF3,GRB2,ALK
POLM,IKZF3,RHOA,SYNPO2,CAPRIN2
POLM,KRAS,CDHR5
POLM,KRAS,CAV1
POLM,IKZF3,HDAC4,RFXANK,CCR6
POLM,KRAS,HGS,LRIG1
POLM,IKZF3,RHOA,SYNPO2,PTN
POLM,KRAS,SPRY2,CREB5,TNFRSF11B
POLM,IKZF3,LDOC1,JAK2
POLM,IKZF3,OSGIN1,PPM1D,SYTL1
POLM,IKZF3,HRAS,LRBA
POLM,KRAS,CASK,CYSLTR2
POLM,KRAS,IMP3
POLM,KRAS,LYN,ITGA2
POLM,IKZF3,UBC,MDM4,LPCAT2
POLM,KRAS,YWHAH,SIPA1L3
POLM,KRAS,MDN1,STK17B,KCNIP2
POLM,KRAS,TINF2,STAG1
POLM,KRAS,DCTN2,MARCKSL1
POLM,IKZF3,PPP1R16B,GRK2
POLM,KRAS,YWHAH,SIPA1L3
POLM,IKZF3,GRAP2,LAT
POLM,IKZF3,GRAP2,LAT
POLM,KRAS,SEC61B,HSPA13
POLM,KRAS,PPP3CB,RCAN2,IL6R
POLM,KRAS,PDCD6IP,DRD1
POLM,KRAS,EPHA2,CAMK1G
POLM,IKZF3,RHOA,SYNPO2,SERINC5
POLM,KRAS,DHRS7,TLR5
POLM,KRAS,SLC9A1,TESC
POLM,KRAS,JAK1,DLK1,SLC16A2
POLM,IKZF3,UBC,MDM4,NTF3,NTRK3
POLM,KRAS,MPDZ
POLM,IKZF3,HRAS,LRBA
POLM,KRAS,JAG2
POLM,IKZF3,UBC,MDM4,PLXNA4
POLM,IKZF3,PPP1R16B,GRK2
POLM,KRAS,ENO1
POLM,KRAS,YKT6
POLM,KRAS,TMED10
POLM,KRAS,HSPD1,RTN4IP1,PLGRKT
POLM,KRAS,CD276,TMPRSS11B
POLM,KRAS,INSR
POLM,IKZF3,PTK6,RET,GFRA3
POLM,KRAS,KLHL25,PSG1
POLM,IKZF3,GRB2,ALK
POLM,KRAS,SH2D3A,GSDMA
POLM,IKZF3,HDAC4,RFXANK,MMP16
POLM,KRAS,PRKAR1A,GPR161
POLM,KRAS,METAP2
POLM,KRAS,PIK3CD
POLM,IKZF3,GRB2,ALK,TUB
POLM,KRAS,ATP6V1C1
POLM,KRAS,GNAI3,GNG5
POLM,IKZF3,RHOA,SYNPO2,SLC14A2
POLM,IKZF3,BLK,CHIT1,GPC3
POLM,IKZF3,PTK6,RET
POLM,KRAS,GNAI3,GNG5
POLM,KRAS,PRMT1,GAS7
POLM,KRAS,NEDD4L,HCN1
POLM,KRAS,PPP3CB
POLM,IKZF3,CHD4,KRT31,CDSN
POLM,KRAS,CLDN1
POLM,IKZF3,PTK6,RET
POLM,KRAS,SUMO2,SERPINB6
POLM,KRAS,PHLPP1
POLM,IKZF3,KRT19,AMOTL2
POLM,IKZF3,LDOC1,JAK2
POLM,KRAS,RPS3
POLM,IKZF3,GRAP2,LAT
POLM,IKZF3,HDAC7,NCOR1,TNFSF11
POLM,IKZF3,HRAS,LRBA,SLC31A2
POLM,IKZF3,HDAC2,PROX1,TMEM63B
POLM,KRAS,RACGAP1,SLC26A8
POLM,IKZF3,ZNF417,DDX39A,P2RY11
POLM,IKZF3,CTBP2,TTC28,BTBD17
POLM,KRAS,AKT2,CLIP3
POLM,KRAS,EIF1,CD74
POLM,IKZF3,BLK,CHIT1,PLAUR
POLM,KRAS,NEDD4L,HCN1
POLM,KRAS,PRMT1,GAS7
POLM,KRAS,ARC
POLM,IKZF3,NOTCH1,PHF8,PTGER2
POLM,KRAS,SH2D3A,GSDMA
POLM,KRAS,RAB10,MAPK8IP1
POLM,IKZF3,GRB2,ALK,RAB29
POLM,KRAS,ANKRD50,TJP2
POLM,KRAS,PDZK1,GUCY2C,CNGA4
POLM,IKZF3,ZMYM2,SOX2,B2M,KIR2DL3
POLM,KRAS,MAP3K1,MAPK9
POLM,KRAS,PKP3
POLM,KRAS,MAP3K1,MAPK9
POLM,IKZF3,PPP1R16B,GRK2,MC4R
POLM,KRAS,DCTN2,MARCKSL1
POLM,KRAS,VRK2,CYP2C18,PNPLA2
POLM,KRAS,SLC26A2
POLM,KRAS,EPRS1,KARS1
POLM,KRAS,BAIAP2L1
POLM,KRAS,PCNT,SYNGAP1
POLM,IKZF3,STX11,BACE2
POLM,KRAS,ABHD12
POLM,KRAS,DNAJC16,SEC23IP,LRFN3
POLM,KRAS,EPN1
POLM,IKZF3,AKAP9,KCNQ1
POLM,KRAS,RAB7A,ERLIN2
POLM,KRAS,ERBB2,TEK
POLM,IKZF3,ARHGEF6,RHOJ,CD33
POLM,KRAS,AMIGO2,KCNB2
POLM,KRAS,SEC13,RAB14
POLM,KRAS,APP,APBB2,LY86,CD180
POLM,IKZF3,HRAS,LRBA
POLM,IKZF3,AKAP9,KCNQ1
POLM,IKZF3,PPP1R16B,GRK2,INPP5J
POLM,KRAS,STOM,STOML1
POLM,KRAS,SOS1
POLM,KRAS,LYN,ITGA2
POLM,KRAS,ARFGAP1,SLC6A1
POLM,KRAS,LYN,ITGA2
POLM,KRAS,NHLRC2,MSL2,HAUS7
POLM,KRAS,SLC7A11
POLM,KRAS,PIK3CG
POLM,KRAS,RAB10,MAPK8IP1
POLM,IKZF3,AKAP9,KCNQ1
POLM,IKZF3,RHOA,SYNPO2,KCNF1
POLM,KRAS,SIGIRR
POLM,KRAS,ITGB1,ITGA1
POLM,KRAS,AP2M1,CTLA4
POLM,IKZF3,RUNX3,TLE1,HHIP
POLM,KRAS,RAP1GDS1,RAB15
POLM,IKZF3,PAX7,FHL1
POLM,IKZF3,RHOA,SYNPO2,CFC1
POLM,IKZF3,ZNF417,DDX39A,ICAM5
POLM,KRAS,FLRT3
POLM,IKZF3,RHOA,SYNPO2,BTLA
POLM,KRAS,UBXN8,SLC7A14
POLM,KRAS,OSBPL3
POLM,KRAS,ERBB2,TEK
POLM,IKZF3,RHOA,SYNPO2,ACKR3
POLM,KRAS,TXNDC11,DUOX2,DUOXA1
POLM,IKZF3,KRT19,AMOTL2,PCDHB15
POLM,KRAS,SEC61B,HSPA13
POLM,KRAS,TMPO,VIL1
POLM,KRAS,DLG1,CACNG2
POLM,IKZF3,ZMYM2,SOX2,XKRX
POLM,IKZF3,HRAS,LRBA
POLM,KRAS,TMPO,VIL1
POLM,IKZF3,NOTCH1,PHF8,UPK2
POLM,KRAS,ARVCF,CDH15
POLM,IKZF3,GRB2,ALK
POLM,KRAS,RASA1
POLM,KRAS,GNAI3,GNG5
POLM,KRAS,TWIST1,ICAM1
POLM,IKZF3,PAX7,FHL1
POLM,KRAS,CFTR,CLCA1
POLM,KRAS,PTPRF
POLM,KRAS,TMPO,VIL1
POLM,IKZF3,SUMO1,ZCCHC7,SMPD2
POLM,KRAS,SEC13,RAB14
POLM,IKZF3,RHOA,SYNPO2,SERINC3
POLM,KRAS,TSC1,CCDC160,CDHR3
POLM,KRAS,GNAI3,GNG5
POLM,KRAS,LRRC32,ERVMER34-1
POLM,IKZF3,ARHGEF6,RHOJ
POLM,KRAS,PIK3R1
POLM,IKZF3,GRB2,ALK
POLM,KRAS,ANK3,SPTBN4
POLM,IKZF3,KRT19,AMOTL2
POLM,KRAS,ANKRD50,TJP2
POLM,IKZF3,ZMYM2,SOX2,PTER,HYAL3
POLM,KRAS,ITGB1,ITGA1
POLM,KRAS,HSD3B2,CTSF
POLM,IKZF3,HRAS,LRBA
POLM,IKZF3,GRB2,ALK
POLM,KRAS,BRAF,RPS6KA2,UNC5A
POLM,KRAS,IGF1R
POLM,IKZF3,RHOA,SYNPO2,RASGEF1A
POLM,IKZF3,KRT19,AMOTL2
POLM,IKZF3,REL,EIF5A2,SLC12A4
POLM,IKZF3,LDOC1,JAK2
POLM,IKZF3,AKAP9,KCNQ1
POLM,IKZF3,PPP1R16B,GRK2
POLM,KRAS,SPAST,CBLIF,CUBN
POLM,IKZF3,GRB2,ALK
POLM,KRAS,HGS,LRIG1
POLM,IKZF3,UBC,MDM4,TRPV5
POLM,KRAS,MACROH2A1,CGAS
POLM,IKZF3,UBC,MDM4,TMEM106A
POLM,KRAS,COBL,TMOD3,PLB1
POLM,KRAS,RAP1A,RAPGEF3
POLM,KRAS,TINF2,STAG1
POLM,KRAS,ATP10D
POLM,KRAS,CARMIL2
POLM,KRAS,TMPO,VIL1
POLM,KRAS,PTK7,BTNL8
POLM,KRAS,YWHAH,SIPA1L3
POLM,IKZF3,LNPEP,AQP12B,TMEM87A
POLM,IKZF3,ARHGEF6,RHOJ
POLM,IKZF3,HRAS,LRBA
POLM,KRAS,NOTCH2,PRG3
POLM,KRAS,PTK7
POLM,KRAS,CASK
POLM,KRAS,KIF23,ATAD3B
POLM,IKZF3,HRAS,LRBA,APOLD1
POLM,IKZF3,KRT19,AMOTL2
POLM,KRAS,EPRS1,KARS1
POLM,IKZF3,AQP1,EFEMP2,SLC16A5
POLM,KRAS,PKN2
POLM,KRAS,TINF2,STAG1
POLM,KRAS,FMR1,CD6
POLM,KRAS,PTK7,BTNL8
POLM,KRAS,NEDD4L,HCN1
POLM,IKZF3,RHOA,SYNPO2,GAS6,PCDHA3
POLM,IKZF3,GRB2,ALK
POLM,IKZF3,FHL3,MAP7D2,PTP4A3
POLM,KRAS,RAP1A,RAPGEF3
POLM,IKZF3,SUMO1,ZCCHC7,GAS8
POLM,KRAS,AKT2,CLIP3
POLM,IKZF3,HDAC4,RFXANK,NPY2R
POLM,KRAS,CDH1,ITGA6
POLM,KRAS,PLEKHA7,ADA
POLM,KRAS,CXADR,SLC1A5
POLM,IKZF3,MRPL28,MRPL34,SYT17
POLM,IKZF3,KRT19,AMOTL2
POLM,KRAS,JUP,DSG3
POLM,KRAS,PRPF40A,SDCBP2
POLM,IKZF3,HDAC2,PROX1,SMPD3
POLM,IKZF3,HDAC4,RFXANK,MRGPRD
POLM,KRAS,DYNC1H1,DYNC1LI1
POLM,IKZF3,ARHGEF6,RHOJ
POLM,IKZF3,PTK6,RET
POLM,KRAS,APBB1,SLAMF7
POLM,KRAS,ITGB1,ITGA1
POLM,IKZF3,GRB2,ALK
POLM,KRAS,PALS2
POLM,KRAS,APBB1,SLAMF7
POLM,IKZF3,RUNX3,TLE1,PSG9
POLM,KRAS,TXNDC11,DUOX2
POLM,KRAS,DOCK7,LRCH4
POLM,KRAS,SLC6A9
POLM,KRAS,CDC42BPB
POLM,KRAS,YWHAG,PPIP5K1
POLM,IKZF3,HRAS,LRBA
POLM,IKZF3,REL,EIF5A2,UNC80
POLM,IKZF3,REL,EIF5A2,SLC19A3
POLM,KRAS,TRAF6,TNFRSF13B
POLM,IKZF3,AKAP9,KCNQ1
POLM,KRAS,PTPN13,LRFN1
POLM,IKZF3,GRB2,ALK
POLM,IKZF3,UBC,MDM4,GOLM1
POLM,IKZF3,HDAC5,GABARAP
POLM,IKZF3,HDAC2,PROX1,RXFP2
POLM,IKZF3,OSGIN1,PPM1D,NKD1
POLM,IKZF3,KRT19,AMOTL2,KCNAB2
POLM,KRAS,CDH1,ITGA6
POLM,KRAS,POLE,NUBP1
POLM,KRAS,MYC,ZNF384,KIR2DL4
POLM,IKZF3,CHD3,ATAD5,MGLL
POLM,KRAS,ERBB2,TEK
POLM,KRAS,STX8
POLM,KRAS,MICAL3
POLM,KRAS,YWHAH,SIPA1L3
POLM,KRAS,PLSCR3
POLM,KRAS,ANK3,SPTBN4
POLM,IKZF3,KRT19,AMOTL2
POLM,IKZF3,PTK6,RET
POLM,KRAS,YWHAH,SIPA1L3
POLM,KRAS,RAB10,MAPK8IP1
POLM,KRAS,POLD3,MELTF
POLM,KRAS,NOTCH2,PRG3
POLM,IKZF3,KRT19,AMOTL2
POLM,KRAS,HNRNPA2B1,DCP1B,PRSS41
POLM,IKZF3,PPP1R16B,GRK2,NSMF
POLM,KRAS,YWHAG,PPIP5K1
POLM,KRAS,CFAP20,CFAP95
POLM,KRAS,RABGGTB,RAB40B
POLM,KRAS,IGSF3,H2AP,ADGRG6
POLM,KRAS,BSG,SLC16A13
POLM,IKZF3,GRB2,ALK
POLM,IKZF3,ZNF417,DDX39A,VSTM4
POLM,KRAS,PPP1CC,EIF2A,KLRK1,RAET1L
POLM,KRAS,ARHGAP21
POLM,KRAS,MATN2,CP
POLM,IKZF3,GRB2,ALK
POLM,KRAS,COPB1
POLM,KRAS,YWHAH,SIPA1L3
POLM,KRAS,CXADR,SLC1A5
POLM,KRAS,CUL3,LRFN2
POLM,KRAS,SIRPA
POLM,IKZF3,ZMYM2,SOX2,ABCA4
POLM,KRAS,EZR,CROCC
POLM,KRAS,PRPF40A,SDCBP2
POLM,IKZF3,NOTCH1,PHF8,SEMA4F
POLM,KRAS,LYN,ITGA2
POLM,IKZF3,UBC,MDM4,SLC7A9
POLM,KRAS,SCARB1
POLM,KRAS,SEC61B,HSPA13
POLM,KRAS,ADCY3,CNGA3,CNGB3
POLM,KRAS,PIK3CB
POLM,KRAS,YES1,SLC16A14
POLM,IKZF3,ZMYM2,SOX2,B2M,KIR2DL3
POLM,KRAS,USP4
POLM,KRAS,MPDZ,HTR2A
POLM,IKZF3,RHOA,SYNPO2,GSDMD
POLM,IKZF3,HRAS,LRBA
POLM,KRAS,APPL1,ADIPOR2
POLM,KRAS,TMX1,TMEM179B,SLC47A1
POLM,KRAS,APBB1,SLAMF7
POLM,KRAS,MVD,FTO
POLM,IKZF3,GRB2,ALK
POLM,KRAS,LYN,ITGA2
POLM,KRAS,MPDZ,HTR2A
POLM,IKZF3,UBE2I,PCGF2,DPP10
POLM,KRAS,JAK1
POLM,IKZF3,HRAS,LRBA
POLM,IKZF3,HRAS,LRBA
POLM,IKZF3,PTK6,RET,GFRA1
POLM,IKZF3,HDAC2,PROX1,ARHGEF39
POLM,KRAS,CDH5
POLM,KRAS,YWHAH,SIPA1L3
POLM,KRAS,MPDZ,HTR2A
POLM,IKZF3,RHOA,SYNPO2,NTM,QRFPR
POLM,IKZF3,CDKN2D,SH3GLB1,CA4
POLM,KRAS,PDCD6IP,DRD1
POLM,IKZF3,RHOA,SYNPO2,PCDHB7
POLM,KRAS,COPE,SLC35A1
POLM,IKZF3,HDAC4,RFXANK,NMUR2
POLM,IKZF3,HRAS,LRBA
POLM,KRAS,GNAI3,GNG5
POLM,IKZF3,UBE2I,PCGF2,ALX1,OR52L1
POLM,KRAS,VAMP4
POLM,KRAS,YWHAH,SIPA1L3
POLM,KRAS,YWHAH,SIPA1L3
POLM,KRAS,NOTCH2,PRG3
POLM,IKZF3,UBE2I,PCGF2,LPL
POLM,KRAS,YWHAH,SIPA1L3
POLM,IKZF3,GRB2,ALK,CDHR4
POLM,KRAS,LYN,ITGA2
POLM,KRAS,NCAM1,SIGLEC9
POLM,KRAS,YES1,SLC16A14
POLM,IKZF3,HRAS,LRBA
POLM,KRAS,ABCC5,TRDN
POLM,IKZF3,NOTCH1,PHF8,C3AR1
POLM,KRAS,APBB1,SLAMF7
POLM,KRAS,APBB1,SLAMF7
POLM,KRAS,RAP1A,RAPGEF3
POLM,KRAS,ITGB1,ITGA1
POLM,IKZF3,KRT19,AMOTL2
POLM,KRAS,LYN,ITGA2
POLM,KRAS,ATP6V1A
POLM,IKZF3,RHOA,SYNPO2,VNN2
POLM,KRAS,RAB10,MAPK8IP1
POLM,IKZF3,BLK,CHIT1,CLEC4M
POLM,IKZF3,AKAP9,KCNQ1
POLM,KRAS,GNA12,TBXA2R
POLM,KRAS,TBC1D5,WASHC2A
POLM,KRAS,ABL2,SORBS2,CD38
POLM,KRAS,FMR1,CD6
POLM,KRAS,KRT18,PSTPIP2
POLM,IKZF3,PTK6,RET
POLM,KRAS,TUBB3,DNAL4
POLM,KRAS,RHPN2
POLM,KRAS,MAP3K1,MAPK9
POLM,IKZF3,RUNX3,TLE1,F5
POLM,KRAS,PREX1
POLM,KRAS,CTNNB1
POLM,KRAS,LYN,ITGA2,SLC10A1
POLM,IKZF3,HDAC4,RFXANK,SSTR4
POLM,IKZF3,EXOC8,EXOC5,PCDHGA11
POLM,KRAS,POLE,NUBP1
POLM,IKZF3,HDAC4,RFXANK,GPR88
POLM,IKZF3,ARHGEF6,RHOJ,SLC26A1
POLM,KRAS,CFAP20,CFAP95
POLM,IKZF3,GRB2,ALK
POLM,IKZF3,HRAS,LRBA,TPRA1
POLM,KRAS,NFIL3,CREB3L3,WNT7B
POLM,KRAS,EPHA2,CAMK1G
POLM,KRAS,LYN,ITGA2
POLM,KRAS,RAP1A
POLM,KRAS,EPRS1,KARS1
POLM,KRAS,AKT2
POLM,IKZF3,RHOA,SYNPO2,GAS6,PCDHA3
POLM,KRAS,ADCY9
POLM,KRAS,KIF11,IRAK4
POLM,IKZF3,ARHGEF6,RHOJ,PARVB
POLM,KRAS,NFE2L2,MAFK,CYBRD1
POLM,KRAS,RABGGTB
POLM,KRAS,TINF2,STAG1
POLM,KRAS,STX3,SYT1,SV2C
POLM,IKZF3,HRAS,LRBA
POLM,KRAS,RASSF2
POLM,IKZF3,RHOA,SYNPO2,OR1M1
POLM,KRAS,SEC61B,HSPA13
POLM,IKZF3,PPP1R16B,GRK2,KLRB1
POLM,KRAS,APBB1,SLAMF7
POLM,IKZF3,HRAS,LRBA
POLM,IKZF3,LNPEP,AQP12B,GBA2
POLM,KRAS,APBB1,SLAMF7
POLM,KRAS,HGS,LRIG1
POLM,KRAS,CFTR,CLCA1
POLM,IKZF3,CTBP2,TTC28,ANGPT1
POLM,KRAS,PRKAR1A,GPR161
POLM,KRAS,SLC7A6
POLM,KRAS,ERBIN
POLM,KRAS,ACTB
POLM,KRAS,PRPF40A,SDCBP2
POLM,KRAS,PCNT,SYNGAP1
POLM,IKZF3,EXOC8,EXOC5,DNAAF4
POLM,IKZF3,GRAP2,LAT,LAG3
POLM,KRAS,DLG1,CACNG2
POLM,KRAS,GNAT1,PDE6G
POLM,KRAS,GRIP2,CSPG4
POLM,IKZF3,PRDM1,IRF1,CCR5
POLM,KRAS,NEO1,RGMB
POLM,KRAS,TBCD,NCR3LG1
POLM,IKZF3,GRB2,ALK
POLM,IKZF3,HDAC4,RFXANK,HTR4
POLM,KRAS,PTPRG
POLM,KRAS,RAB10,MAPK8IP1
POLM,KRAS,NEDD4L,HCN1
POLM,KRAS,CDHR5,CDHR2
POLM,KRAS,NF2,IQCJ-SCHIP1
POLM,IKZF3,PPP1R16B,GRK2
POLM,IKZF3,HRAS,LRBA
POLM,KRAS,GNA12,TBXA2R
POLM,KRAS,SLC12A7,OXSR1,TP53I13
POLM,IKZF3,PTK6,RET
POLM,KRAS,KIF23,ATAD3B
POLM,KRAS,FFAR3
POLM,KRAS,AFDN,PRICKLE3
POLM,KRAS,ANK3,SPTBN4
POLM,IKZF3,AKAP9,KCNQ1
POLM,KRAS,YWHAH,SIPA1L3,TPSG1
POLM,KRAS,LGALS3
POLM,KRAS,NOTCH2,PRG3
POLM,IKZF3,GRAP2
POLM,KRAS,LAMTOR3
POLM,IKZF3,HRAS,LRBA
POLM,IKZF3,KRT19,AMOTL2
POLM,KRAS,POLE,NUBP1
POLM,IKZF3,UBC,MDM4,CCL1,CCR8
POLM,KRAS,KTN1,SLC16A7
POLM,KRAS,AKT2,CLIP3
POLM,IKZF3,PRDM1,IRF1,CCR2
POLM,IKZF3,HRAS,LRBA
POLM,KRAS,APPL1,ADIPOR2
POLM,KRAS,VAMP2,STX1B
POLM,KRAS,GAPDH
POLM,KRAS,MAP3K1,MAPK9
POLM,KRAS,ENPP5
POLM,IKZF3,RHOA,SYNPO2,TRPC5
POLM,IKZF3,CDKN2D,SH3GLB1,GPR142
POLM,KRAS,PRPF40A,SDCBP2,LRRN4
POLM,IKZF3,RHOA,SYNPO2,GPBAR1
POLM,KRAS,CFLAR,TNFRSF10B
POLM,IKZF3,UBC,MDM4,SLC24A3
POLM,KRAS,FLRT2
POLM,IKZF3,PTK6
POLM,KRAS,ADCY6
POLM,IKZF3,NOTCH1,PHF8,ECEL1
POLM,IKZF3,RHOA,SYNPO2,AVPR1A
POLM,KRAS,NOTCH2,PRG3
POLM,KRAS,ITM2C,TMEM106C,ADGRE2
POLM,IKZF3,KRT19,AMOTL2
POLM,KRAS,PDZK1,GUCY2C
POLM,KRAS,AGER,S100A12
POLM,KRAS,DOCK8
POLM,KRAS,APBB1,SLAMF7
POLM,IKZF3,HDAC7,NCOR1,CD274,PDCD1
POLM,IKZF3,AKAP9,KCNQ1
POLM,KRAS,RAPGEF6
POLM,KRAS,PSMD14,MICALL2
POLM,IKZF3,GRAP2,LAT
POLM,KRAS,FMR1,CD6
POLM,KRAS,SEMA6D
POLM,KRAS,PLXNB2
POLM,KRAS,MET,LAPTM4B
POLM,KRAS,LYN,ITGA2,RAET1E
POLM,IKZF3,KRT19,AMOTL2
POLM,IKZF3,ARHGEF6,RHOJ,NFASC
POLM,KRAS,APBB1,SLAMF7
POLM,KRAS,ERBB2,TEK
POLM,KRAS,APBB1,SLAMF7
POLM,KRAS,MAP3K1,MAPK9
POLM,IKZF3,KRT19,AMOTL2
POLM,KRAS,CTNNAL1,DTNA
POLM,KRAS,GNAI3,GNG5
POLM,IKZF3,AKAP9,KCNQ1
POLM,IKZF3,TLE5,RIPPLY1,PLA2G4E
POLM,KRAS,STX3,SYT1
POLM,KRAS,APBB1,SLAMF7,ATP4B
POLM,IKZF3,GRB2,ALK
POLM,IKZF3,HRAS,LRBA
POLM,KRAS,RPS27A
POLM,KRAS,TMX1,TMEM179B
POLM,IKZF3,ARHGEF6,RHOJ
POLM,IKZF3,UBC,MDM4,PCDHB6
POLM,IKZF3,PRKAB2,GYS1,LILRB1
POLM,KRAS,CUL3,LRFN2
POLM,KRAS,CCDC88A
POLM,KRAS,NECTIN3
POLM,KRAS,NEDD4L,HCN1
POLM,IKZF3,GRB2,ALK
POLM,IKZF3,HRAS,LRBA
POLM,KRAS,GPX8,SLC34A3
POLM,KRAS,CUL3,LRFN2
POLM,IKZF3,GRB2,ALK
POLM,IKZF3,ZNF417,DDX39A,SLC23A1
POLM,IKZF3,HRAS,LRBA,REEP2
POLM,KRAS,PRMT1,GAS7
POLM,KRAS,PSEN1,TMBIM6
POLM,IKZF3,ZMYM2,SOX2,NLRC4
POLM,KRAS,PSEN1,TMBIM6
POLM,IKZF3,LDOC1,JAK2
POLM,KRAS,TRIM28,ZNF684,SLC16A9
POLM,KRAS,MACF1
POLM,IKZF3,KRT19,AMOTL2
POLM,IKZF3,HRAS,LRBA
POLM,KRAS,PTK7,BTNL8
POLM,IKZF3,LNPEP,AQP12B,CLCN7,MCOLN3
POLM,IKZF3,CDKN1A,GADD45G,SLC14A1
POLM,IKZF3,HDAC5,GABARAP,GABRG2
POLM,KRAS,YWHAH,SIPA1L3
POLM,KRAS,VAMP4,SYT2
POLM,KRAS,GNAI3,GNG5
POLM,KRAS,STAMBP,CHMP3
POLM,IKZF3,GRB2,ALK
POLM,IKZF3,PTK6,RET
POLM,IKZF3,GRB2,ALK
POLM,IKZF3,HRAS,LRBA
POLM,KRAS,LYN,ITGA2
POLM,KRAS,FNTA
POLM,KRAS,PSMD14,MICALL2
POLM,KRAS,EPHA2
POLM,KRAS,CHP1
POLM,KRAS,MDN1,STK17B
POLM,IKZF3,CHD4,KRT31,SPAM1
POLM,KRAS,TXNDC11,DUOX2
POLM,KRAS,MAP3K1,MAPK9
POLM,KRAS,TRAF6,TNFRSF13B
POLM,KRAS,YWHAH,SIPA1L3
POLM,KRAS,YWHAH,SIPA1L3
POLM,IKZF3,STX11,BACE2
POLM,KRAS,APBB1,SLAMF7
POLM,KRAS,APBB1,SLAMF7
POLM,KRAS,RER1,CHRNA9
POLM,IKZF3,ZNF417,DDX39A,TECTA
POLM,KRAS,GNAI3,GNG5
POLM,IKZF3,KRT19,AMOTL2
POLM,IKZF3,RHOA,SYNPO2,TRPC3
POLM,KRAS,CUL1
POLM,IKZF3,UBC,MDM4,PLXND1
POLM,KRAS,GNB2,RGS6
POLM,KRAS,KTN1,SLC16A7
POLM,KRAS,PTPRG,TIE1
POLM,IKZF3,GRB2,ALK
POLM,IKZF3,TLE5,RIPPLY1,TGM1
POLM,KRAS,EPRS1,KARS1
POLM,KRAS,GNB2
POLM,IKZF3,UBC,MDM4,FZD4
POLM,IKZF3,REL,EIF5A2,SLC18A2
POLM,KRAS,RAB7A,ERLIN2
POLM,KRAS,HSP90AA1
POLM,KRAS,EPHA7
POLM,KRAS,STX7
POLM,KRAS,CUL3,LRFN2
POLM,KRAS,NMT1
POLM,IKZF3,GRB2,ALK
POLM,IKZF3,ZNF417,DDX39A,AMER2
POLM,IKZF3,RHOA,SYNPO2,SLC29A1
POLM,IKZF3,HRAS,LRBA
POLM,KRAS,SLITRK5
POLM,KRAS,TBL1XR1,SERPINC1
POLM,IKZF3,GRAP2,LAT,FCER1G
POLM,KRAS,YWHAH,SIPA1L3
POLM,IKZF3,UBC,MDM4,SLC13A5
POLM,KRAS,DDX21,PNN
POLM,KRAS,DDX21,PNN
POLM,KRAS,TMEM237,PIGR
POLM,IKZF3,ZNF417,DDX39A,ALPI
POLM,KRAS,APBB1,SLAMF7
POLM,IKZF3,RHOA,SYNPO2,TSPAN2
POLM,KRAS,ZC3H18,CLK1,JPT2
POLM,KRAS,APBB1,SLAMF7
POLM,KRAS,RAP1A,RAPGEF3
POLM,IKZF3,NOTCH1,PHF8,ANXA9
POLM,KRAS,STAMBP,CHMP3
POLM,IKZF3,HDAC5,GABARAP
POLM,KRAS,PRPF40A,SDCBP2
POLM,KRAS,JMJD6
POLM,IKZF3,SUMO1,ZCCHC7,SERPINA12
POLM,KRAS,PTK7,BTNL8
POLM,KRAS,YWHAH,SIPA1L3
POLM,KRAS,TRAF6,TNFRSF13B
POLM,KRAS,RGP1
POLM,KRAS,ATP2A2
POLM,IKZF3,MRPL28,MRPL34,LTBR,TNFSF14
POLM,IKZF3,ZNF417,DDX39A,TBC1D2
POLM,KRAS,GNAI3,GNG5
POLM,KRAS,S100A8,EFHD1,GPR18
POLM,KRAS,CFAP20,CFAP95
POLM,KRAS,YWHAH,SIPA1L3
POLM,KRAS,ITGB1,ITGA1
POLM,IKZF3,NFKBID,TRIM9,PLPPR4
POLM,IKZF3,AKAP9,KCNQ1
POLM,IKZF3,GRB2,ALK
POLM,KRAS,YWHAH,SIPA1L3
POLM,IKZF3,KRT19,AMOTL2
POLM,IKZF3,PAX7,FHL1
POLM,IKZF3,GRB2,ALK
POLM,KRAS,SEC13,RAB14
POLM,IKZF3,GRAP2,LAT,IL15RA
POLM,KRAS,TPP2,KBTBD7,ABHD6
POLM,IKZF3,GRB2,ALK
POLM,IKZF3,HDAC4,RFXANK,ITPRIP
POLM,KRAS,GRIP2
POLM,KRAS,MAGI1,IGSF5,KCNMB1
POLM,IKZF3,KRT19,AMOTL2
POLM,KRAS,ABCC1
POLM,IKZF3,SUMO1,ZCCHC7,MUCL1
POLM,IKZF3,LNPEP,AQP12B,TRHDE
POLM,KRAS,SUMO2,SERPINB6
POLM,KRAS,GNAI3,GNG5
POLM,IKZF3,NOTCH1,PHF8,SLC9A7
POLM,KRAS,NFIL3,CREB3L3,SLC5A1
POLM,KRAS,GNB2,RGS6
POLM,KRAS,YWHAH,SIPA1L3
POLM,IKZF3,PTK6,RET,NPDC1
POLM,KRAS,EZR
POLM,KRAS,SEC13,RAB14
POLM,KRAS,SEC13,RAB14
POLM,KRAS,GPX8,SLC34A3
POLM,IKZF3,RHOA,SYNPO2,CABP1
POLM,IKZF3,GRAP2,LAT
POLM,IKZF3,HDAC4,RFXANK,TRPM3
POLM,IKZF3,RBBP4,KPNA5,RASGRP1
POLM,KRAS,UBAP2L,CDV3
POLM,KRAS,RABGGTB,RAB40B
POLM,KRAS,NKTR
POLM,IKZF3,PTK6,RET
POLM,KRAS,RACK1,KCNAB1
POLM,KRAS,CADM1,CD81
POLM,IKZF3,SUMO1,ZCCHC7,CD320
POLM,KRAS,SYVN1,FAM8A1,GPR17
POLM,IKZF3,HDAC5,GABARAP
POLM,IKZF3,PPP1R16B,GRK2,MYADM
POLM,KRAS,STOM,STOML1,ASIC4
POLM,KRAS,ERBB2,TEK
POLM,IKZF3,KRT19,AMOTL2
POLM,KRAS,CDH1,ITGA6
POLM,IKZF3,GRAP2,LAT,CD3G
POLM,IKZF3,ARHGEF6,RHOJ,ABCA3
POLM,IKZF3,HDAC5,GABARAP
POLM,IKZF3,ZMYM2,SOX2,CRB2
POLM,IKZF3,LDOC1,JAK2,CSF2RA
POLM,IKZF3,ZNF417,DDX39A,RTN4R
POLM,KRAS,DDX21,PNN
POLM,KRAS,SNAP29
POLM,IKZF3,PPP1R16B,GRK2
POLM,KRAS,NCAM1,SIGLEC9
POLM,KRAS,LYN,ITGA2
POLM,IKZF3,RHOA
POLM,IKZF3,GRB2,ALK
POLM,IKZF3,RHOA,SYNPO2,PI4KA,TTC7B
POLM,IKZF3,RUNX3,TLE1,ALOX15
POLM,KRAS,VAMP2
POLM,KRAS,ITM2B,CACNA2D1
POLM,KRAS,VEZT
POLM,KRAS,POLE,NUBP1
POLM,KRAS,LRRC8A,LRRC8C
POLM,KRAS,TRAF6,TNFRSF13B
POLM,KRAS,EPRS1,KARS1
POLM,KRAS,ATG9A,SLC44A5
POLM,IKZF3,GRB2,ALK,GPRC5D
POLM,KRAS,SEC13,RAB14
POLM,KRAS,APBB1,SLAMF7
POLM,KRAS,STAMBP,CHMP3
POLM,KRAS,KRT18,PSTPIP2
POLM,KRAS,DLG2,NLGN1
POLM,IKZF3,RHOA,SYNPO2,LANCL1
POLM,IKZF3,UBC,MDM4,HLA-DQA1
POLM,KRAS,NXF1,DDX19A,JTB
POLM,KRAS,BSG,SLC16A13
POLM,KRAS,TMEM237,PIGR
POLM,KRAS,DSC3,TMEM30B
POLM,IKZF3,MRPL28,MRPL34,LTBR
POLM,IKZF3,RHOA,SYNPO2,RAB27B
POLM,KRAS,ITGB5,ITGA5,IL12RB2
POLM,IKZF3,ZMYM2,SOX2,HLA-DQB2
POLM,IKZF3,REL,EIF5A2,GLP1R
POLM,KRAS,CYFIP1,PCDH10
POLM,KRAS,PRKAR1A,GPR161
POLM,KRAS,RAB10,MAPK8IP1,CKAP4
POLM,KRAS,CDH1,ITGA6
POLM,KRAS,CADM1,CD81
POLM,IKZF3,UBC,MDM4,OR10H1
POLM,KRAS,SPRY4,CD82
POLM,KRAS,GGA3,ARF3
POLM,KRAS,TMEM97
POLM,KRAS,KIAA1549
POLM,KRAS,COPE,SLC35A1
POLM,KRAS,YWHAH,SIPA1L3
POLM,KRAS,HSPA8,PPEF1,ART3
POLM,KRAS,DAB2IP,RAB4B
POLM,IKZF3,PAX7,FHL1
POLM,KRAS,COPE,SLC35A1
POLM,IKZF3,GRB2,ALK
POLM,KRAS,PRMT1,GAS7
POLM,KRAS,RALGAPA2
POLM,IKZF3,GRB2,ALK
POLM,KRAS,ARPC3,EFHD2,OR2K2
POLM,KRAS,PTPN1,C1orf210
POLM,KRAS,MTM1
POLM,IKZF3,RHOA,SYNPO2,IL6ST,EBI3
POLM,IKZF3,PAX7,FHL1
POLM,KRAS,RANBP1,RANGRF
POLM,IKZF3,PAX7,FHL1
POLM,KRAS,APP
POLM,IKZF3,KRT19,AMOTL2,KCMF1
POLM,KRAS,PRMT5,COPRS
POLM,KRAS,ATP6V1G1
POLM,KRAS,ITCH,SCNN1A
POLM,KRAS,SPTA1
POLM,IKZF3,RHOA,SYNPO2,SYT12
POLM,KRAS,CDH1,ITGA6
POLM,IKZF3,HRAS,LRBA,AQP10,LYVE1
POLM,KRAS,CD276,TMPRSS11B
POLM,IKZF3,PRKAB2,GYS1,ELAPOR1
POLM,KRAS,RAB7A,ERLIN2
POLM,KRAS,HSPA8,PPEF1,PCDHA5
POLM,IKZF3,RHOA,SYNPO2,MPP4
POLM,KRAS,ERBB2,TEK
POLM,KRAS,RAB10,MAPK8IP1
POLM,IKZF3,ZNF417,DDX39A,TMC7
POLM,KRAS,AMIGO2
POLM,IKZF3,CTBP2,TTC28,CASP4
POLM,KRAS,ARF6,NMT2
POLM,KRAS,CEMIP2
POLM,KRAS,DYNC1H1,DYNC1LI1
POLM,IKZF3,PTK6,RET
POLM,KRAS,ADCY8
POLM,KRAS,VAMP3,SYPL1
POLM,KRAS,DNM3,SLC2A12
POLM,KRAS,POLE,NUBP1
POLM,IKZF3,GRB2,ALK
POLM,KRAS,ITCH,SCNN1A
POLM,KRAS,RHBDL2
POLM,KRAS,APBB1,SLAMF7
POLM,KRAS,CUL3,LRFN2
POLM,KRAS,GNAI2,FPR2
POLM,KRAS,TWIST1,ICAM1
POLM,KRAS,VRK2,CYP2C18
POLM,KRAS,ITGB5,ITGA5
POLM,IKZF3,RHOA,SYNPO2,CD300A
POLM,KRAS,APP,APBB2,GRIN3A
POLM,KRAS,RAP1A,RAPGEF3
POLM,KRAS,FLRT3,ADGRL3,TENM2
POLM,KRAS,TMPO,VIL1
POLM,KRAS,CUL3,LRFN2
POLM,KRAS,CASK,CYSLTR2
POLM,IKZF3,PAX7,FHL1
POLM,IKZF3,REL,EIF5A2,STOML3
POLM,IKZF3,KRT19,AMOTL2,PRAM1
POLM,KRAS,CDK16
POLM,KRAS,YWHAH,SIPA1L3
POLM,IKZF3,ZMYM2,SOX2,YIPF3
POLM,KRAS,AP2M1,CTLA4
POLM,KRAS,SEC13,RAB14
POLM,KRAS,LAMTOR3,LPCAT1
POLM,KRAS,CFTR,CLCA1
POLM,IKZF3,HDAC4,RFXANK,HTR1D
POLM,IKZF3,GRAP2,LAT,SLC12A9
POLM,IKZF3,ZMYM2,SOX2,ATP10B
POLM,KRAS,ANKRD50,TJP2
POLM,KRAS,LYN,ITGA2
POLM,KRAS,PRKAR1A,GPR161
POLM,IKZF3,RHOA,SYNPO2,LAIR1
POLM,KRAS,ITM2B,CACNA2D1
POLM,KRAS,DYNC1H1,DYNC1LI1
POLM,KRAS
POLM,KRAS,PODXL,SELL
POLM,KRAS,DUSP22
POLM,IKZF3,HRAS,LRBA
POLM,KRAS,PTPN14,SOCS7
POLM,KRAS,VAMP3,SYPL1,SYT10
POLM,KRAS,LYN,ITGA2
POLM,IKZF3,REL,EIF5A2,GRK4
POLM,IKZF3,HRAS,LRBA
POLM,IKZF3,HRAS,LRBA,ACKR2
POLM,KRAS,LCP1
POLM,KRAS,CDK1,CKS2,DCST1
POLM,IKZF3,HDAC4,RFXANK,GALR1
POLM,KRAS,VAMP2,STX1B
POLM,KRAS,WDR13
POLM,KRAS,PLEKHA7,ADA
POLM,KRAS,AP2M1,CTLA4
POLM,KRAS,ARID1B
POLM,KRAS,HSPA9,ADCK5,GPR22
POLM,IKZF3,NOTCH1,PHF8,SGPP1
POLM,IKZF3,HDAC2,PROX1,ARL14EP
POLM,IKZF3,UBC,MDM4,SLC16A10
POLM,IKZF3,HDAC2,PROX1,SDC1
POLM,KRAS,GRB7
POLM,KRAS,KRT18,PSTPIP2
POLM,KRAS,ERBB2,TEK
POLM,KRAS,YWHAH,SIPA1L3
POLM,KRAS,HSCB,ZNF648,P2RX1
POLM,KRAS,YWHAG,PPIP5K1
POLM,IKZF3,PTK6,RET
POLM,IKZF3,PPP1R16B,GRK2,APLNR
POLM,KRAS,PIP5K1A
POLM,KRAS,EPHB2,FBXO45,CNNM4
POLM,IKZF3,AKAP9,KCNQ1
POLM,IKZF3,HDAC4,RFXANK,CCR3
POLM,IKZF3,AKAP9,KCNQ1
POLM,KRAS,MPDZ,HTR2A
POLM,KRAS,SPTAN1
POLM,KRAS,APP,APBB2,TNFRSF1B
POLM,KRAS,OSBPL6
POLM,IKZF3,PPP1R16B,GRK2
POLM,KRAS,MATN2,CP
POLM,IKZF3,REL,EIF5A2,VPS28
POLM,KRAS,YWHAG,PPIP5K1
POLM,IKZF3,REL,EIF5A2,GLP2R
POLM,KRAS,PRKCI,ARHGEF16,CLDN8
POLM,IKZF3,KRT19,AMOTL2
POLM,IKZF3,ARHGEF6,RHOJ,CD5
POLM,KRAS,CCDC115,SIDT2
POLM,IKZF3,NOTCH1,PHF8,SEZ6L2
POLM,KRAS,TSC1
POLM,IKZF3,HRAS,LRBA
POLM,IKZF3,HRAS,LRBA
POLM,KRAS,RABGGTB,RAB40B
POLM,KRAS,ALCAM,ABCB6
POLM,KRAS,PGGT1B,RAB2B
POLM,KRAS,ADCY6,GDPD5
POLM,KRAS,ERBB2,TEK
POLM,KRAS,PSMB5,CLP1,GLDC
POLM,IKZF3,LNPEP,AQP12B,SLC27A4
POLM,KRAS,SLC30A1,SLC30A2,SLC30A10
POLM,KRAS,LYN,ITGA2
POLM,IKZF3,MRPL28,MRPL34,TNFRSF4
POLM,KRAS,EPHA3
POLM,KRAS,EIF1,CD74
POLM,IKZF3,HDAC2,PROX1,PSG3
POLM,KRAS,YWHAH,SIPA1L3
POLM,IKZF3,CTBP2,TTC28,MUC3A
POLM,IKZF3,ZMYM2,SOX2,BCAM
POLM,KRAS,RALBP1,PPL
POLM,KRAS,NEO1,RGMB
POLM,KRAS,ERBB2,TEK
POLM,KRAS,TRAF6,TNFRSF13B
POLM,KRAS,GNAI2,FPR2
POLM,IKZF3,ZNF417,DDX39A,CATIP
POLM,KRAS,HGS,LRIG1
POLM,KRAS,KIF11,IRAK4
POLM,IKZF3,HRAS,LRBA
POLM,KRAS,TMX1,TMEM179B
POLM,IKZF3,UBE2I,PCGF2,PLA2G6
POLM,KRAS,PTPN13,LRFN1
POLM,KRAS,CDH1,ITGA6
POLM,IKZF3,NOTCH1
POLM,KRAS,IGSF3,H2AP,PROM2
POLM,KRAS,SPTAN1,GRIN2A
POLM,IKZF3,PTK6,RET,DOK7
POLM,IKZF3,NOTCH1,PHF8,CEACAM7
POLM,KRAS,RTN2,PLP1
POLM,KRAS,MATN2,CP
POLM,KRAS,EPHB4,PCDHGA5
POLM,IKZF3,HDAC4,RFXANK,ADGRG3
POLM,IKZF3,GRB2,ALK
POLM,KRAS,YWHAH,SIPA1L3
POLM,KRAS,ABL2,SORBS2
POLM,KRAS,COX4I1,COX6A2,GPR42
POLM,KRAS,DNM2
POLM,IKZF3,HRAS,LRBA,SLC20A2
POLM,IKZF3,GRB2,ALK
POLM,IKZF3,UBC,MDM4,RGS11
POLM,KRAS,LARP7,H2BC17,KLRC2
POLM,KRAS,ACSL3
POLM,IKZF3,UBE2I,PCGF2,ALX1,OR52L1
POLM,IKZF3,ARHGEF6,RHOJ,SLC9A6
POLM,KRAS,DOCK7,LRCH4
POLM,KRAS,CSNK1G3
POLM,KRAS,EXOC4
POLM,KRAS,NCAM1,SIGLEC9
POLM,KRAS,HGS,LRIG1
POLM,KRAS,ERBB2,TEK
POLM,KRAS,CHMP2A
POLM,KRAS,ROBO2
POLM,KRAS,MATN2,CP
POLM,IKZF3,SETMAR,LEO1,RAB40AL
POLM,KRAS,CDH5,P2RX4
POLM,KRAS,YWHAH,SIPA1L3
POLM,IKZF3,PTK6,RET
POLM,KRAS,JUP,DSG3
POLM,KRAS,CUL3,LRFN2
POLM,KRAS,ACVRL1
POLM,KRAS,USP6NL
POLM,KRAS,HSP90B1,LDLR
POLM,KRAS,DHRS7,TLR5
POLM,IKZF3,PRKAB2,GYS1,SYT5
POLM,KRAS,HSPA9,ADCK5,FGFBP1
POLM,KRAS,AKT2,CLIP3
POLM,KRAS,EPRS1,KARS1
POLM,KRAS,LYN,ITGA2
POLM,KRAS,KIF23,ATAD3B
POLM,KRAS,DHRS7,TLR5
POLM,IKZF3,HRAS,LRBA
POLM,KRAS,DDX21,PNN
POLM,KRAS,PTPRF,PCDHAC1
POLM,KRAS,HSPD1
POLM,IKZF3,HRAS,LRBA
POLM,KRAS,TRAF6,TNFRSF13B
POLM,KRAS,COBL,TMOD3,PSG4
POLM,KRAS,IRS4
POLM,KRAS,SEC61B,HSPA13
POLM,KRAS,PRKAR1A,GPR161
POLM,KRAS,ROCK2
POLM,KRAS,DHRS7,TLR5
POLM,KRAS,PDZK1,GUCY2C
POLM,KRAS,PPP1CB,PPP1R27,WDPCP
POLM,KRAS,DDX20,LSM2,PDE2A
POLM,KRAS,PTPRM
POLM,KRAS,AAMP
POLM,IKZF3,HRAS,LRBA
POLM,KRAS,MPP1
POLM,KRAS,HSPA5,BMP1,OR52W1
POLM,IKZF3,GRB2,ALK
POLM,KRAS,HSCB,ZNF648,ALG10B
POLM,IKZF3,RHOA,SYNPO2,LSAMP
POLM,KRAS,DLG1,CACNG2
POLM,KRAS,DSC2
POLM,KRAS,DLG1,CACNG2
POLM,IKZF3,GRB2,ALK
POLM,IKZF3,RHOA,SYNPO2,GPC2
POLM,KRAS,ABL2,SORBS2
POLM,KRAS,RCE1
POLM,KRAS,HSPA9,ADCK5,LARGE1
POLM,IKZF3,GRB2,ALK
POLM,KRAS,RABGGTB,RAB40B
POLM,KRAS,TMEM237,PIGR,LRP12
POLM,IKZF3,ZMYM2,SOX2,ABCA4,CNGB1,CNGA1
POLM,KRAS,PIK3CA
POLM,KRAS,PARD3,JAM3
POLM,IKZF3,RHOA,SYNPO2,CACNA1D
POLM,IKZF3,KRT19,AMOTL2
POLM,IKZF3,PAX7,FHL1
POLM,IKZF3,RHOA,SYNPO2,ADAM30
POLM,KRAS,SLC30A7,KLRD1
POLM,KRAS,GPX8,SLC34A3
POLM,IKZF3,UBE2I,PCGF2,MYOT
POLM,IKZF3,CDKN2D,SH3GLB1,SLC6A5
POLM,KRAS,APBB1,SLAMF7,SLC26A9
POLM,IKZF3,RHOA,SYNPO2,IL6ST,EBI3
POLM,KRAS,SLC15A1,ERAP1,ADAM11
POLM,KRAS,ARFGAP1,SLC6A1
POLM,KRAS,CUL3,LRFN2
POLM,KRAS,NEDD4L,HCN1
POLM,KRAS,SLC7A6,SLC22A4
POLM,IKZF3,HRAS,LRBA
POLM,KRAS,PLEKHA7,ADA
POLM,IKZF3,PPP1R16B,GRK2
POLM,IKZF3,GRB2,ALK
POLM,KRAS,EXOC1
POLM,KRAS,FMR1,CD6
POLM,KRAS,HGS,LRIG1
POLM,KRAS,RAB7A,ERLIN2
POLM,IKZF3,GRB2,ALK
POLM,KRAS,NEDD4L,HCN1
POLM,KRAS,TRAF6,TNFRSF13B
POLM,KRAS,PRPF40A,SDCBP2
POLM,KRAS,SLC30A7,KLRD1,MR1
POLM,KRAS,COPE,SLC35A1
POLM,KRAS,POLE,NUBP1
POLM,IKZF3,STX11,BACE2
POLM,KRAS,TMX4,ATP1B4
POLM,IKZF3,KRT19,AMOTL2,TTLL5
POLM,KRAS,AGER,S100A12
POLM,IKZF3,PTK6,RET,MANSC4
POLM,KRAS,RAB10,MAPK8IP1
POLM,IKZF3,HRAS,LRBA
POLM,KRAS,POLE,NUBP1
POLM,IKZF3,ZMYM2,SOX2,B2M,KIR2DL3
POLM,IKZF3,REL,EIF5A2,TRPV1
POLM,KRAS,CUL3,LRFN2
POLM,KRAS,PRKAR1A,GPR161
POLM,IKZF3,STX11,BACE2
POLM,KRAS,AKT2,CLIP3
POLM,IKZF3,REL,EIF5A2,ADAP2
POLM,KRAS,C2CD2L
POLM,KRAS,YWHAH,SIPA1L3
POLM,KRAS,ANK3,SPTBN4
POLM,IKZF3,KRT19,AMOTL2
POLM,KRAS,PLXNA2
POLM,IKZF3,HRAS,LRBA
POLM,IKZF3,HRAS,LRBA
POLM,KRAS,GGA3,ARF3
POLM,IKZF3,GRB2,ALK
POLM,KRAS,PPP1CC,EIF2A,KLRK1
POLM,KRAS,ACSL4
POLM,IKZF3,PPP1R16B,GRK2,RHO
POLM,IKZF3,LDOC1,JAK2
POLM,KRAS,PIP5K1A,ARL14,SGCD
POLM,KRAS,HSPA8,PPEF1,KCTD3
POLM,KRAS,DIP2B,SELE
POLM,KRAS,STOM,STOML1
POLM,IKZF3,AKAP9,KCNQ1
POLM,IKZF3,PPP1R16B,GRK2
POLM,KRAS,NMT1,ANXA13
POLM,KRAS,SNAP25,SYT3
POLM,KRAS,NOTCH2,PRG3
POLM,IKZF3,LNPEP,AQP12B,ADGRV1
POLM,IKZF3,LDOC1,JAK2
POLM,KRAS,PPP2CA
POLM,KRAS,MATN2,CP
POLM,IKZF3,UBC,MDM4,TRPM2
POLM,IKZF3,ARHGEF6,RHOJ
POLM,IKZF3,RUNX3,TLE1,EPB41L4B
POLM,IKZF3,PTK6,RET,PRLR
POLM,KRAS,RAF1
POLM,KRAS,HGS,LRIG1
POLM,IKZF3,CHD4,KRT31,TFPI
POLM,IKZF3,LNPEP,AQP12B,SLC27A2
POLM,KRAS,CFAP20,CFAP95
POLM,KRAS,PSMD14,MICALL2
POLM,KRAS,SUMO2,SERPINB6
POLM,KRAS,VANGL2
POLM,IKZF3,ZNF417,DDX39A,SYTL5
POLM,KRAS,PIK3CG,ACVR1
POLM,KRAS,NEDD4L,HCN1
POLM,IKZF3,KRT19,AMOTL2,DRC3
POLM,IKZF3,HRAS,LRBA
POLM,KRAS,INSR,DUSP14,SLC22A13
POLM,KRAS,AP2M1,CTLA4
POLM,IKZF3,HDAC4,RFXANK,HTR7
POLM,KRAS,LPAR1
POLM,IKZF3,RHOA,SYNPO2,SIGLEC11
POLM,IKZF3,AKAP9,KCNQ1
POLM,KRAS,PODXL
POLM,IKZF3,NOTCH1,PHF8,FZD1
POLM,KRAS,TMX1,TMEM179B
POLM,IKZF3,KRT19,AMOTL2,CSF1
POLM,IKZF3,GEM,ANKRD36B,OR1C1
POLM,KRAS,IGSF21,DGKD
POLM,IKZF3,SUMO1,ZCCHC7,TAS1R2
POLM,IKZF3,GRB2,ALK
POLM,KRAS,DAB2IP
POLM,KRAS,PATJ,HOMER2
POLM,KRAS,VAMP2,STX1B
POLM,KRAS,RAB7A,ERLIN2
POLM,KRAS,ANKRD50,TJP2
POLM,KRAS,RAB6A
POLM,KRAS,GNAI2,FPR2
POLM,KRAS,ITCH
POLM,KRAS,ENPP4
POLM,KRAS,YWHAH,SIPA1L3
POLM,KRAS,TRAF6,TNFRSF13B
POLM,KRAS,HSCB,ZNF648,HTR3B
POLM,IKZF3,RHOA,SYNPO2,IL6ST
POLM,IKZF3,ZMYM2,SOX2,ELAPOR2
POLM,IKZF3,ZNF417,DDX39A,TMC8
POLM,KRAS,BTK,TLR8
POLM,KRAS,SEMA4D
POLM,KRAS,F2RL3
POLM,KRAS,EPN1,SLC6A3
POLM,KRAS,PSMD14,MICALL2
POLM,IKZF3,AQP1,EFEMP2,ACSL6
POLM,KRAS,ITGB1,ITGA1
POLM,IKZF3,ZMYM2,SOX2,ABCG8
POLM,KRAS,YWHAH,SIPA1L3
POLM,KRAS,APBB1,SLAMF7
POLM,KRAS,MAP3K1,MAPK9
POLM,KRAS,ROR1
POLM,KRAS,HGS,LRIG1
POLM,KRAS,UBE2D1,RNF7,ABCA7
POLM,KRAS,ZDHHC5
POLM,KRAS,MYC,ZNF384,KREMEN1
POLM,IKZF3,GRAP2,LAT
POLM,KRAS,HSPA5,BMP1,OR1D5
POLM,KRAS,ITCH,SCNN1A
POLM,IKZF3,HRAS,LRBA
POLM,IKZF3,HDAC4,RFXANK,CALCRL,RAMP1
POLM,IKZF3,HRAS,LRBA,OR10H2
POLM,IKZF3,REL,EIF5A2,UNC13A
POLM,KRAS,YWHAH,SIPA1L3
POLM,KRAS,GNB2,RGS6
POLM,KRAS,PDZK1,GUCY2C
POLM,KRAS,TNRC18,SULF2
POLM,KRAS,TMPO,VIL1
POLM,KRAS,ARF6,NMT2
POLM,IKZF3,UBC,MDM4,S100A2,DGKH
POLM,IKZF3,LDOC1,JAK2
POLM,IKZF3,GRAP2,LAT,CD3E
POLM,IKZF3,ZNF417,DDX39A,CTSZ
POLM,IKZF3,GRB2,ALK
POLM,IKZF3,HRAS,LRBA
POLM,IKZF3,GRAP2,LAT
POLM,KRAS,UNK,PNRC1,TMEM50B
POLM,IKZF3,ZMYM2,SOX2,PHB
POLM,IKZF3,LDOC1,JAK2
POLM,KRAS,ADCY3
POLM,IKZF3,CDK4,ANKRD52,SLC44A2
POLM,KRAS,CTDSP1,DSTYK,MS4A10
POLM,KRAS,NEO1
POLM,KRAS,YWHAH,SIPA1L3
POLM,KRAS,WDR20,IL17RB
POLM,KRAS,NECTIN1,PVR
POLM,KRAS,NCAM1,SIGLEC9
POLM,IKZF3,RHOA,SYNPO2,KCNE3
POLM,KRAS,SEC13,RAB14
POLM,KRAS,NOTCH2,PRG3
POLM,KRAS,TBCD,NCR3LG1,MICA
POLM,IKZF3,REL,EIF5A2,SNF8
POLM,IKZF3,ZNF417,DDX39A,KCNG3
POLM,KRAS,SLC9A1,TESC
POLM,KRAS,STIM1
POLM,IKZF3,RHOA,SYNPO2,GJA4
POLM,IKZF3,RHOA,SYNPO2,PTAFR
POLM,IKZF3,REL,EIF5A2,LAMP3
POLM,IKZF3,RUNX3,TLE1,BRPF1
POLM,IKZF3,SUMO1,ZCCHC7,PLP2
POLM,KRAS,NOTCH2,PRG3
POLM,KRAS,FLRT3,ADGRL3
POLM,KRAS,GNB2,RGS6
POLM,KRAS,CFTR
POLM,KRAS,SLC7A1,SLC22A18,MMD
POLM,KRAS,SEC13,RAB14
POLM,KRAS,YWHAH,SIPA1L3
POLM,KRAS,KTN1,SLC16A7
POLM,IKZF3,ZNF417,DDX39A,AQP5
POLM,KRAS,SLC7A1,SLC22A18
POLM,IKZF3,REL,EIF5A2,NALCN
POLM,KRAS,ARF6
POLM,KRAS,PRMT1,GAS7
POLM,IKZF3,PPP1R16B,GRK2,KIRREL2
POLM,KRAS,TRAF6,TNFRSF13B
POLM,KRAS,ITGB6,FLNB
POLM,IKZF3,ARHGEF6,RHOJ
POLM,KRAS,CFAP20,CFAP95
POLM,KRAS,YWHAH,SIPA1L3
POLM,IKZF3,HRAS,LRBA
POLM,KRAS,DYNC1H1,DYNC1LI1
POLM,KRAS,ANK3,SPTBN4,SGCE
POLM,IKZF3,ZMYM2,SOX2,C8B
POLM,KRAS,FGFRL1
POLM,KRAS,MAP2K1,PDLIM5,TSPAN4
POLM,KRAS,PPP1R12A,TTLL12
POLM,KRAS,FMR1,CD6
POLM,IKZF3,MRPL28,MRPL34,SLC16A3
POLM,KRAS,BSG,SLC16A13
POLM,IKZF3,SUMO1,ZCCHC7,PLCD4
POLM,IKZF3,KRT19,AMOTL2
POLM,IKZF3,CDKN2D,SH3GLB1,NAA38,NAA35
POLM,IKZF3,REL,EIF5A2,PTPRCAP
POLM,IKZF3,GRB2,ALK
POLM,KRAS,PKP4,AMHR2
POLM,KRAS,RAB23
POLM,KRAS,PRMT1,GAS7
POLM,IKZF3,RHOA,SYNPO2,OR2M7
POLM,IKZF3,NME7,CCDC88B,OR4E2
POLM,IKZF3,MAGOHB,PYM1,CRLF3
POLM,IKZF3,GRAP2,LAT
POLM,IKZF3,GRAP2,LAT
POLM,KRAS,VRK2,CYP2C18
POLM,KRAS,YWHAH,SIPA1L3
POLM,KRAS,STX3,SYT1
POLM,IKZF3,ARHGEF6,RHOJ
POLM,KRAS,CTCF,LAS1L,PLEKHM3
POLM,IKZF3,HDAC7,NCOR1,SERPINB2
POLM,KRAS,SLC43A1
POLM,KRAS,ATP5F1B
POLM,KRAS,F11R,PICK1
POLM,IKZF3,REL,EIF5A2,KCNQ3
POLM,KRAS,DLG1
POLM,KRAS,DLG3,GRIK5
POLM,KRAS,SPNS2
POLM,KRAS,CTNNAL1
POLM,IKZF3,ZMYM2,SOX2,MUC16
POLM,IKZF3,HDAC2,PROX1,ALPG
POLM,KRAS,CHP1,SLC9A3
POLM,KRAS,TMPO,VIL1
POLM,IKZF3,GRAP2,LAT
POLM,IKZF3,HDAC1,ZNF800,MEP1A
POLM,KRAS,AGER,S100A12
POLM,IKZF3,CDKN2D,SH3GLB1,CEACAM6
POLM,KRAS,RAP1GDS1,RAB15
POLM,IKZF3,UBC,MDM4,NOX4
POLM,KRAS,TWIST1,ICAM1
POLM,KRAS,BTK
POLM,IKZF3,KRT19,AMOTL2
POLM,IKZF3,ZMYM2,SOX2,POU2F3
POLM,IKZF3,GRB2,ALK
POLM,IKZF3,RHOA,SYNPO2,SLC4A8
POLM,KRAS,CYFIP1,PCDH10
POLM,IKZF3,GRB2,ALK
POLM,IKZF3,HDAC5,GABARAP
POLM,KRAS,RAB7A,ERLIN2
POLM,IKZF3,RHOA,SYNPO2,CACNA1H
POLM,KRAS,MDH2,BLVRB
POLM,KRAS,ITGB1,ITGA1
POLM,IKZF3,RHOA,SYNPO2,LRRC52
POLM,KRAS,ITGB1,ITGA1
POLM,IKZF3,GRB2,ALK
POLM,IKZF3,RHOA,SYNPO2,FEZ1
POLM,KRAS,NCAM1,SIGLEC9
POLM,KRAS,GNAI2,FPR2
POLM,KRAS,PTPRJ
POLM,KRAS,SNAP25,SYT3
POLM,IKZF3,HRAS,LRBA
POLM,KRAS,BTN3A2
POLM,IKZF3,ZMYM2,SOX2,CCDC25
POLM,KRAS,DAB2IP,RAB4B
POLM,KRAS,AP2M1,CTLA4
POLM,KRAS,UBAP2L,CDV3
POLM,KRAS,ANK3,SPTBN4
POLM,KRAS,GNAI3,GNG5
POLM,KRAS,MATN2,CP
POLM,IKZF3,RHOA,SYNPO2,KLRF1
POLM,KRAS,ERBB2,TEK
POLM,IKZF3,GRB2,ALK
POLM,KRAS,PATJ
POLM,KRAS,ITGB1,ITGA1
POLM,KRAS,HSPA8,PPEF1,PCDHGB3
POLM,KRAS,APBB1,SLAMF7
POLM,KRAS,PRPF40A,SDCBP2
POLM,KRAS,ANK3
POLM,KRAS,YES1,SLC16A14
POLM,KRAS,POLE,NUBP1
POLM,KRAS,ERBB2,TEK
POLM,KRAS,NEDD4L,HCN1
POLM,IKZF3,RHOA,SYNPO2,SLC24A1
POLM,KRAS,KIF23,ATAD3B
POLM,IKZF3,REL,EIF5A2,NALCN,NALF1
POLM,IKZF3,EXOC8
POLM,KRAS,METAP2,C1QTNF9,DCXR
POLM,IKZF3,PTK6,RET
POLM,IKZF3,UBC,MDM4,KLB
POLM,KRAS,SCAMP1
POLM,KRAS,HSCB,ZNF648,TMED1
POLM,IKZF3,GRAP2,LAT,FCER1G,CD300C
POLM,IKZF3,GRB2,ALK
POLM,IKZF3,ZMYM2,SOX2,SLC39A4
POLM,KRAS,GNAT1
POLM,KRAS,ITGB1,ITGA1
POLM,KRAS,SPRED2
POLM,IKZF3,RBBP4,KPNA5,STK16
POLM,KRAS,NEDD4L,HCN1
POLM,KRAS,RAB10,MAPK8IP1
POLM,IKZF3,KRT19,AMOTL2
POLM,KRAS,STX6
POLM,KRAS,TWIST1,ICAM1
POLM,KRAS,YWHAH,SIPA1L3
POLM,IKZF3,AKAP9,KCNQ1,PALM2AKAP2
POLM,KRAS,SEC13,RAB14
POLM,IKZF3,RHOA,SYNPO2,CD247
POLM,KRAS,HSPA9,ADCK5,OR4X2
POLM,KRAS,CUL3,LRFN2
POLM,IKZF3,GATA2,MED1,CNNM2
POLM,KRAS,DYNC1H1,DYNC1LI1
POLM,IKZF3,RHOA,SYNPO2,CNNM3
POLM,KRAS,CYFIP1,PCDH10
POLM,IKZF3,STX11
POLM,KRAS,EPHB4,PCDHGA5
POLM,IKZF3,PRKAB2,GYS1,MUC7
POLM,IKZF3,HDAC2,PROX1,AQP7
POLM,IKZF3,UBC,MDM4,IL17RC
POLM,IKZF3,PPP1R16B,GRK2,PSCA
POLM,IKZF3,PRKAB2,GYS1,ADGRL1
POLM,IKZF3,UBE2I,PCGF2,SYTL2
POLM,KRAS,PDCD6IP,DRD1
POLM,KRAS,RAB11B,TBC1D14,OR51E2
POLM,IKZF3,PPP1R16B,GRK2,NUBPL
POLM,KRAS,APLP2
POLM,IKZF3,HRAS,LRBA
POLM,IKZF3,UBC,MDM4,GABRB3
POLM,IKZF3,GRB2,ALK
POLM,KRAS,YWHAH,SIPA1L3
POLM,KRAS,YES1,SLC16A14
POLM,KRAS,APBB1,SLAMF7
POLM,KRAS,SEC61B,HSPA13
POLM,KRAS,RAP2C
POLM,IKZF3,REL,EIF5A2,VIPR1
POLM,KRAS,DLG3,GRIK5
POLM,KRAS,ALCAM
POLM,KRAS,VAMP3,SYPL1
POLM,IKZF3,KRT19,AMOTL2
POLM,KRAS,NOTCH2,PRG3
POLM,IKZF3,ZMYM2,SOX2,B2M
POLM,IKZF3,HRAS,LRBA
POLM,KRAS,KIRREL1,CCKBR,NPHS2
POLM,KRAS,SLC6A6
POLM,IKZF3,UBC,MDM4,CLDN20
POLM,KRAS,OGDH,SUCLG2
POLM,IKZF3,RHOA,SYNPO2,GRAMD2A
POLM,KRAS,ATP6V0B
POLM,IKZF3,KRT19,AMOTL2
POLM,KRAS,TRAF6,TNFRSF13B
POLM,IKZF3,REL,EIF5A2,UNC13B,DOC2B
POLM,KRAS,APBB1,SLAMF7
POLM,KRAS,COPE,SLC35A1
