SMARCA1,EZH2,PPARG,SELENOK
SMARCA1,MYO1E,SLITRK2
SMARCA1,G3BP1,BAG3,SNX20
SMARCA1,DPY30,PSMD14,MICALL2
SMARCA1,FBXW7,NOTCH2,WNT5A
SMARCA1,BRD4,HSP90B1,GABRA1,GABRG3
SMARCA1,EZH2,RELA,MUC3A
SMARCA1,RPS19,UBQLN1,CD47
SMARCA1,G3BP1,VCP,LRRC15
SMARCA1,POGZ,ATXN1,ZNF804A
SMARCA1,EZH2,SNAI2,CXCL12,CCR10
SMARCA1,NUMA1,DISC1,PRTG
SMARCA1,FBXW7,NOTCH2,WNT5A
SMARCA1,FBXW7,NELFE
SMARCA1,G3BP1,GSK3A,LRP6
SMARCA1,SRC,HSPA8,OSBPL7
SMARCA1,CECR2,MLKL
SMARCA1,SRC,NR1I3,UGT1A1
SMARCA1,SRC,BDKRB2,GNA15
SMARCA1,G3BP1,YWHAB,VPS33B,TNFSF13B
SMARCA1,H3C12,GSK3B,ACSBG1
SMARCA1,TRIM28,TES
SMARCA1,RPS19,UBQLN1,CD47
SMARCA1,FBXW7,ATP5F1B,ABCA2
SMARCA1,SRC,GRIN2A,ABCB9,SLC1A4
SMARCA1,PLEKHA4,GNB2,RGS6
SMARCA1,G3BP1,LARP7,EPB42
SMARCA1,G3BP1,RACK1,KCNAB1
SMARCA1,SRC,DLG4,FZD4
SMARCA1,H3C12,RFX5,HLA-DRA
SMARCA1,G3BP1,CIP2A,IL1R2
SMARCA1,DPY30,PSMD14,MICALL2
SMARCA1,EZH2,PTEN,ITGA6
SMARCA1,FBXW7,MFF,AQP9
SMARCA1,H3C12,GRB2,TBC1D3G
SMARCA1,H2BC21,ATP2B3
SMARCA1,TRIM28,APC
SMARCA1,G3BP1,FZR1,RGS11
SMARCA1,SRC,GP1BA,SELP
SMARCA1,G3BP1,VCP,LRRC15,PRKD3
SMARCA1,G3BP1,BAG3,SNX20
SMARCA1,G3BP1,VCP,LRRC15
SMARCA1,FBXW7,NOTCH2,WNT5A
SMARCA1,G3BP1,CCDC8,GNA13
SMARCA1,SRC,GJA1,PCDH19
SMARCA1,SRC,DLG4,FZD4
SMARCA1,EZH2,ZNF281,DRC3
SMARCA1,EZH2,AR,SLC43A1
SMARCA1,SRC,TRAF6,TNFRSF13B
SMARCA1,SRC,ARRB1,PTAFR
SMARCA1,H3C12,GSK3B,ACSBG1
SMARCA1,KPNA1,GOPC,CERCAM
SMARCA1,H3C12,CGAS
SMARCA1,H3C12,EGFR,SLA2,PRPH2,ROM1
SMARCA1,EZH2,TWIST1,ICAM1
SMARCA1,G3BP1,CCDC8,GNA13
SMARCA1,SRC,ARRB1,PTAFR
SMARCA1,SRC,SH3KBP1,VPS37B
SMARCA1,EZH2,FKBP5,PI4KA
SMARCA1,G3BP1,CTNNB1,PTPRU
SMARCA1,BRD4,SUMO1,PCDH12
SMARCA1,H2AX,EXO1
SMARCA1,G3BP1,MAPRE1,QDPR,BTNL9
SMARCA1,EZH2,WDR76,NID2
SMARCA1,G3BP1,ATP2A2,PGRMC1
SMARCA1,G3BP1,IRS4,MTNR1B
SMARCA1,SRC,TRAF6,TNFRSF13B
SMARCA1,G3BP1,CIP2A,IL1R2
SMARCA1,G3BP1,CSNK1G2
SMARCA1,G3BP1,FYN,SLC4A8
SMARCA1,G3BP1,ITK,LAT
SMARCA1,H3C12,PSEN2,PSENEN
SMARCA1,G3BP1,IRS4,MTNR1B
SMARCA1,G3BP1,JAK2,MUC7,AGTRAP
SMARCA1,EZH2,AKT1,TLR2
SMARCA1,EZH2,AKT1,TLR2
SMARCA1,USF1,FASN,SLC34A3
SMARCA1,EZH2,AKT1,TLR2
SMARCA1,H3C12,GTF3C2,RASGEF1A
SMARCA1,SRC,C1QL4,IFNLR1
SMARCA1,H3C12,DNM2,STX19
SMARCA1,EZH2,AKT1,TLR2
SMARCA1,H3C12,RCC2
SMARCA1,PLEKHA4,CALM3,SCTR
SMARCA1,EZH2,AKT1,TLR2,SPINT1
SMARCA1,G3BP1,HSP90AA1,NR3C2,CD59
SMARCA1,SRC,LYN
SMARCA1,PLEKHA4,RAB5C,GNAT3
SMARCA1,H3C12,TRIM33,ZNF43,NALF1
SMARCA1,G3BP1,CCDC8,GNA13
SMARCA1,EZH2,AKT1,TLR2
SMARCA1,G3BP1,BAG3,SNX20
SMARCA1,G3BP1,CCDC8,GNA13,SPPL2B
SMARCA1,PLEKHA4,PTK7,TMPRSS11B
SMARCA1,TERF2IP,TINF2,REM2
SMARCA1,ZNF512B,TRIM36
SMARCA1,EZH2,AKT1,TLR2
SMARCA1,PLEKHA4,RAC3
SMARCA1,G3BP1,CCDC8,GNA13
SMARCA1,SRC,ITGB2,ITGAM
SMARCA1,FBXW7,PPARGC1A,RNF34
SMARCA1,H3C1,FOLH1
SMARCA1,SRC,CDC42,ARHGEF10,UNC5D
SMARCA1,G3BP1,UBQLN2,PPIC,CALN1
SMARCA1,SRC,MAPK1
SMARCA1,PLEKHA4,RAB24
SMARCA1,G3BP1,CCDC8,GNA13
SMARCA1,EZH2,AKT1,TLR2
SMARCA1,G3BP1,VCP,LRRC15
SMARCA1,PLEKHA4,RAB6B,TMPRSS11A
SMARCA1,EZH2,ZBTB16,ATP7B
SMARCA1,G3BP1,LARP7,EPB42
SMARCA1,SRC,NRAS,PCDH18
SMARCA1,FBXW7,NOTCH2,WNT5A
SMARCA1,H3C12,GRB2,TBC1D3G
SMARCA1,INAVA,CYTH2
SMARCA1,PLEKHA4,PPP2R2D,GPC5
SMARCA1,PLEKHA4,RHOG
SMARCA1,G3BP1,VCP,LRRC15
SMARCA1,G3BP1,FYN,SLC4A8
SMARCA1,H3C12,EGFR,SLA2
SMARCA1,BRD4,CHD1L
SMARCA1,H3C12,EGFR,SLA2
SMARCA1,G3BP1,TARDBP,RNF112,GGT7
SMARCA1,G3BP1,S100A9,CSTA,OR6C70
SMARCA1,FBXW7,SREBF2,SLC39A12
SMARCA1,G3BP1,FYN,SLC4A8,TYROBP
SMARCA1,H3C12,KIF11,IRAK4
SMARCA1,H3C12,PSEN1,ATP9A
SMARCA1,H2AX,NPSR1
SMARCA1,G3BP1,DDX5,RBM6,SLC20A1
SMARCA1,H3C12,GRB2,TBC1D3G
SMARCA1,G3BP1,CDC34,CCDC9,GBP1
SMARCA1,FBXW7,ATP5F1B,ABCA2
SMARCA1,TRIM28,ALDOA,GLO1
SMARCA1,G3BP1,LRRK2,TGM3,CDH19
SMARCA1,G3BP1,MAPRE1,QDPR,PKD2L1
SMARCA1,SRC,RASGRF1
SMARCA1,SRC,CD63
SMARCA1,SRC,TRAF3,TNFRSF17
SMARCA1,KPNA1,GOPC
SMARCA1,EZH2,RELA,MUC3A
SMARCA1,G3BP1,JUP,CDH8
SMARCA1,G3BP1,LARP7,EPB42
SMARCA1,FBXW7,MFF,AQP9
SMARCA1,G3BP1,CFTR,CLCA1
SMARCA1,SRC,TRAF6,TNFRSF13B
SMARCA1,G3BP1,JAK2,MUC7
SMARCA1,ZBTB2,VIM
SMARCA1,SRC,KRT19
SMARCA1,G3BP1,VCP,LRRC15
SMARCA1,G3BP1,ESR1,SERPINB5,SCN2B
SMARCA1,KPNA1,GOPC,CERCAM
SMARCA1,SRC,MMP14,NPR1
SMARCA1,SRC,CEACAM21,PVR
SMARCA1,DPY30,PSMD14,MICALL2
SMARCA1,H3C12,SUV39H1
SMARCA1,SRC,RHOB,RTKN2
SMARCA1,G3BP1,FYN,SLC4A8
SMARCA1,PLEKHA4,ANKRD27
SMARCA1,SRC,TRAF6,TNFRSF13B
SMARCA1,PLEKHA4,ADD1
SMARCA1,G3BP1,VCP,LRRC15
SMARCA1,H3C12,GRB2,TBC1D3G
SMARCA1,SRC,STX17
SMARCA1,BRD3,LTBP1,PCDHGA5
SMARCA1,BRD4,SUMO2,SERPINB6
SMARCA1,SRC,SDCBP,TEKT1,GRM4
SMARCA1,G3BP1,TRIM21,GRAP
SMARCA1,PLEKHA4,TMTC3,TRHDE,CLPTM1
SMARCA1,PLEKHA4,ATP2A3,PIEZO1
SMARCA1,PLEKHA4,HIP1R
SMARCA1,SRC,USP8,CHMP1A
SMARCA1,G3BP1,CCDC8,GNA13
SMARCA1,H3C12,EGFR,SLA2
SMARCA1,SRC,KIT
SMARCA1,EZH2,BRCA1,GFI1B
SMARCA1,G3BP1,FYN,SLC4A8
SMARCA1,G3BP1,TRIM21,GRAP
SMARCA1,SRC,PIK3R3,PCDHB5
SMARCA1,FBXW7,S100A8
SMARCA1,FBXW7,PPARGC1A,RNF34
SMARCA1,SRC,EFNA5
SMARCA1,PGR,SGTA,CDH15
SMARCA1,EZH2,RARA
SMARCA1,H2AX,B2M,MR1
SMARCA1,EZH2,MUC4
SMARCA1,WWP2,SCNN1G
SMARCA1,SRC,PRKCI
SMARCA1,G3BP1,PLEKHA7,FMNL2,KCNJ6
SMARCA1,G3BP1,RACK1,KCNAB1
SMARCA1,G3BP1,UBQLN2,PPIC,LRP3
SMARCA1,USF1,ADAM10,TSPAN5
SMARCA1,EZH2,WDR76,NID2
SMARCA1,EZH2,RPS6KA5,EGF
SMARCA1,SRC,EPS15
SMARCA1,EZH2,FAT1
SMARCA1,H3C12,EGFR,SLA2
SMARCA1,H3C12,FBLN1,CCN2
SMARCA1,G3BP1,TRIM21,GRAP
SMARCA1,G3BP1,IRS4,MTNR1B
SMARCA1,EZH2,AR,SLC43A1
SMARCA1,SRC,MAPK3
SMARCA1,SRC,KIT,KITLG
SMARCA1,PLEKHA4,RAC3,SLC9A6
SMARCA1,H3C12,ZMYM2,C8A
SMARCA1,PLEKHA4,TMTC3,TRHDE
SMARCA1,G3BP1,S100A9,CSTA,SERPINB10
SMARCA1,SRC,AGAP1,PCDHA12
SMARCA1,G3BP1,ATP2A2,PGRMC1,PIP4P1
SMARCA1,EZH2,RELA,MUC3A
SMARCA1,PLEKHA4,GNB1,MC2R
SMARCA1,G3BP1,ITK,LAT
SMARCA1,G3BP1,JUP,CDH8
SMARCA1,FOXE1,POLE
SMARCA1,G3BP1,IRS4,MTNR1B
SMARCA1,SRC,GJA1,PCDH19
SMARCA1,G3BP1,YWHAE,PFDN4,DGLUCY,GPR45
SMARCA1,SRC,MUC1,CD68
SMARCA1,PLEKHA4,GNB1,MC2R
SMARCA1,G3BP1,TRIM21,GRAP
SMARCA1,G3BP1,JAK2,MUC7
SMARCA1,SRC,PCDHGC3
SMARCA1,G3BP1,VCP,LRRC15
SMARCA1,H3C12,GRB2,TBC1D3G
SMARCA1,EZH2,MAP3K7
SMARCA1,SRC,IKBKB,CD40
SMARCA1,G3BP1,BAG3,SNX20,LANCL2
SMARCA1,EZH2,MAP3K7,CRYBG2,IL17RE
SMARCA1,G3BP1,VCP,LRRC15
SMARCA1,H3C12,DNM2,STX19
SMARCA1,G3BP1,GSK3A,LRP6
SMARCA1,TRIM28,GNAI3
SMARCA1,G3BP1,BAG3,SNX20
SMARCA1,EZH2,WDR76,NID2
SMARCA1,G3BP1,RACK1,KCNAB1
SMARCA1,FBXW7,MFF,AQP9
SMARCA1,INAVA,CYTH2,IPCEF1
SMARCA1,SIN3A,KLK3,PLXNA3
SMARCA1,G3BP1,CFTR,CLCA1
SMARCA1,EZH2,BCL6,SMO,C4B
SMARCA1,SRC,DLG4,FZD4
SMARCA1,G3BP1,IRS4,MTNR1B
SMARCA1,PLEKHA4,NHERF2
SMARCA1,SRC,PTPN6,LILRB4
SMARCA1,H3C12,EGFR,SLA2
SMARCA1,PLEKHA4,RPN2,TUSC3
SMARCA1,G3BP1,BAG3,SNX20
SMARCA1,G3BP1,VCP,LRRC15
SMARCA1,G3BP1,CCDC8,GNA13,CXCR5
SMARCA1,G3BP1,VCP,LRRC15
SMARCA1,EZH2,ZNF281,DRC3
SMARCA1,G3BP1,JAK2,MUC7
SMARCA1,G3BP1,JUP,CDH8
SMARCA1,SRC,KDR
SMARCA1,G3BP1,BAG3,SNX20
SMARCA1,SRC,STX7,SNX30
SMARCA1,G3BP1,GSK3A,LRP6
SMARCA1,G3BP1,G3BP2,ERMAP
SMARCA1,SRC,CHKA,PLIN2
SMARCA1,H3C12,FBLN1,CCN2
SMARCA1,H2AX,DIS3L
SMARCA1,G3BP1,FZR1,RGS11
SMARCA1,FBXW7,ATP5F1B,ABCA2
SMARCA1,SRC,PXN,PARVA
SMARCA1,PLEKHA4,GNB1,MC2R
SMARCA1,H3C12,EGFR
SMARCA1,BRD4,FIBP,AVPR1B
SMARCA1,SRC,WASL,CIB1
SMARCA1,PLEKHA4,GNB1,MC2R
SMARCA1,G3BP1,BAG3,SNX20
SMARCA1,RPS19,DDX31,OPRPN,SLC5A4
SMARCA1,H3C12,EGFR,SLA2
SMARCA1,EZH2,CHD8,CASR
SMARCA1,H3C12,MECP2,GRIA2
SMARCA1,PLEKHA4,NAE1
SMARCA1,SRC,TXK
SMARCA1,COIL,ANKS1B
SMARCA1,G3BP1,EIF4H,DLG3
SMARCA1,SRC,RAB11B,BTN3A3
SMARCA1,H3C12,ZMYM4,LIMS1
SMARCA1,G3BP1,BAG3,SNX20
SMARCA1,MYO1E,RHOF,ASIC1
SMARCA1,BRD4,UBE2E1,MGRN1
SMARCA1,DPY30,MTPN,MPP2
SMARCA1,PLEKHA4,PLEKHA1
SMARCA1,RECQL4,PLEC
SMARCA1,RPS19,TXNDC11,DUOX2,DUOXA2
SMARCA1,H3C12,EGFR,SLA2
SMARCA1,SRC,C1QL4,IFNLR1
SMARCA1,H3C12,PSEN1,ATP9A
SMARCA1,G3BP1,VCP,LRRC15
SMARCA1,PLEKHA4,XRN1
SMARCA1,RPS19,NFX1
SMARCA1,H3C12,ZMYM2,C8A
SMARCA1,G3BP1,RPS15,ATP6V1D
SMARCA1,SRC,WASL
SMARCA1,NUMA1,GPSM1
SMARCA1,G3BP1,AGO2,SLC7A9
SMARCA1,FBXW7,ATP5F1B,ABCA2
SMARCA1,RFXANK,DDOST
SMARCA1,G3BP1,FYN,SLC4A8
SMARCA1,EZH2,AKT1,TLR2
SMARCA1,EZH2,AKT1,TLR2
SMARCA1,G3BP1,JUP,CDH8
SMARCA1,H3C12,UBB,SLC14A1
SMARCA1,SRC,PLD1
SMARCA1,H3C12,FBLN1,CCN2
SMARCA1,G3BP1,RACK1,KCNAB1
SMARCA1,G3BP1,TRIM21,GRAP
SMARCA1,SRC,RHOB,RTKN2
SMARCA1,SRC,CD63,ZDHHC20
SMARCA1,EZH2,ZNF592,SLC31A1,SLC5A6
SMARCA1,BRMS1L,AMOTL2,FCRL5
SMARCA1,H2AZ1,STK17B
SMARCA1,FBXW7,JAG1,NEURL1
SMARCA1,PLEKHA4,GNB1,MC2R
SMARCA1,H3C12,PRC1,COLEC12
SMARCA1,EEA1,MYCBP2
SMARCA1,PLEKHA4,PSMD10
SMARCA1,WWP2,TRAF4
SMARCA1,G3BP1,JAK2,MUC7
SMARCA1,KPNA1,TUBA1A
SMARCA1,SRC,SOS2
SMARCA1,EZH2,ZNF592,SLC31A1
SMARCA1,G3BP1,YWHAE,PFDN4,GSDMA
SMARCA1,WWP2,DNAJC5,SLC32A1
SMARCA1,PLEKHA4,HSPA2
SMARCA1,G3BP1,FZR1,RGS11
SMARCA1,DPY30,PSMD14,MICALL2
SMARCA1,KPNA1,GOPC,CERCAM
SMARCA1,SRC,SPRY2
SMARCA1,H3C12,DNAJC9
SMARCA1,EZH2,PTEN,ITGA6
SMARCA1,COIL,XPC
SMARCA1,PLEKHA4,EHD1
SMARCA1,G3BP1,FYN,SLC4A8
SMARCA1,EZH2,RELA,MUC3A,SLC35A4,SLC13A4
SMARCA1,HNRNPCL2,YTHDC1
SMARCA1,SRC,ASAP2
SMARCA1,H3C12,GSK3B,ACSBG1
SMARCA1,SRC,ANLN,MYO1A
SMARCA1,H3C12,ITIH2,LRRC4C
SMARCA1,H3C12,GRB2,TBC1D3G
SMARCA1,SRC,DLG4,FZD4
SMARCA1,BRD4,SUMO2,SERPINB6
SMARCA1,COIL,VRK2,CACNG7
SMARCA1,FBL,IPO7,RP2
SMARCA1,PLEKHA4,MARCKS
SMARCA1,EZH2,RELA,MUC3A
SMARCA1,H3C12,FBLN1,CCN2
SMARCA1,SRC,GLRB
SMARCA1,H3C12,ITIH2,LRRC4C
SMARCA1,EZH2,TNKS1BP1
SMARCA1,PLEKHA4,SGPL1,PLPP4
SMARCA1,PLEKHA4,CALM3,SCTR
SMARCA1,PLEKHA4,YWHAH,RIMS1
SMARCA1,SRC,NRAS,PCDH18
SMARCA1,G3BP1,VCP,LRRC15
SMARCA1,G3BP1,ALDH3A2,TPTE,PLEKHF2,GPBP1
SMARCA1,G3BP1,CTNNB1,PTPRU
SMARCA1,FBXW7,NOTCH2,WNT5A
SMARCA1,EZH2,RELA,MUC3A
SMARCA1,G3BP1,VASP,GPHN
SMARCA1,G3BP1,VASP
SMARCA1,SRC,CTTN,EXOC8
SMARCA1,G3BP1,VCP,LRRC15
SMARCA1,SRC,CEACAM21,PVR
SMARCA1,PLEKHA4,GNB1,MC2R
SMARCA1,RPS2,PRR3
SMARCA1,H3C12,KDM5B,ABCA4
SMARCA1,G3BP1,VCP,LRRC15
SMARCA1,G3BP1,PLEKHA7,FMNL2,ADGRA3
SMARCA1,SRC,HSPA8,OSBPL7
SMARCA1,G3BP1,TRIM21,GRAP
SMARCA1,H3C12,EGFR,SLA2
SMARCA1,KIF20A,STOM,STOML1
SMARCA1,H3C12,ITIH2,LRRC4C
SMARCA1,FBXW7,ATP5F1B,ABCA2
SMARCA1,SRC,FCRL3,SLC2A5
SMARCA1,ZBTB2,CHMP2B
SMARCA1,FBXW7,SREBF2,SLC39A12
SMARCA1,EZH2,AKT1,TLR2
SMARCA1,TXNIP,WWP1
SMARCA1,H3C12,EGFR,SLA2
SMARCA1,PLEKHA4,GNB2,RGS6
SMARCA1,G3BP1,LRRK2,TGM3,RXFP3
SMARCA1,G3BP1,CFTR,CLCA1
SMARCA1,SRC,LYN,ITGA2
SMARCA1,USF1,POMC,MC3R
SMARCA1,EZH2,ZNF263,TRAF7
SMARCA1,G3BP1,BAG3,SNX20
SMARCA1,SRC,ERBB3
SMARCA1,PLEKHA4,GNB1,MC2R
SMARCA1,EZH2,AKT1,TLR2
SMARCA1,BRD4,MYH9
SMARCA1,FBXW7,NOTCH2,WNT5A
SMARCA1,SRC,CAST,CAPNS2
SMARCA1,SRC,DLG4,FZD4
SMARCA1,EZH2,RELA,MUC3A
SMARCA1,G3BP1,CCDC8,GNA13
SMARCA1,PLEKHA4,GNB1,MC2R
SMARCA1,G3BP1,VCP,LRRC15
SMARCA1,G3BP1,FYN,SLC4A8
SMARCA1,H3C12,GRB2,TBC1D3G
SMARCA1,ZBTB2,TMC6
SMARCA1,FBXW7,ATP5F1B,ABCA2
SMARCA1,H3C12,EGFR,SLA2
SMARCA1,H3C12,GSK3B,ACSBG1
SMARCA1,G3BP1,FZR1,RGS11
SMARCA1,FOXE1,REL,SLC6A12
SMARCA1,SRC,TNFRSF1A
SMARCA1,SRC,CAV1,SCP2,CNGA3
SMARCA1,G3BP1,JAK2,MUC7
SMARCA1,H3C12,GSK3B,ACSBG1
SMARCA1,G3BP1,VCP,LRRC15,AQP10
SMARCA1,G3BP1,CCDC8,GNA13
SMARCA1,SRC,CDH1,CLINT1,RPE65
SMARCA1,G3BP1,BAG3,SNX20
SMARCA1,H3C12,ZMYM4,LIMS1
SMARCA1,H3C12,DNM2,STX19
SMARCA1,G3BP1,JAK2,MUC7
SMARCA1,G3BP1,CFTR,CLCA1
SMARCA1,G3BP1,CTNNB1,PTPRU
SMARCA1,EPN2,CLTB
SMARCA1,MYO1E,RHOQ,LRRC8C
SMARCA1,H3C12,GSK3B,ACSBG1
SMARCA1,BRD4,HLTF
SMARCA1,G3BP1,LRRC59,CCPG1,IL27RA
SMARCA1,G3BP1,CTNNB1,PTPRU
SMARCA1,BRD4,PPP1CA
SMARCA1,H3C12,GRB2,TBC1D3G
SMARCA1,FBXW7,ATP5F1B,ABCA2
SMARCA1,SRC,CRMP1,CACNA1A,CACNB4
SMARCA1,H3C12,KDM5B,ABCA4
SMARCA1,SRC,AXL,TREML2
SMARCA1,EZH2,FKBP5,PI4KA
SMARCA1,EZH2,MAP3K7,CRYBG2,PCDH15
SMARCA1,G3BP1,MAPRE1,QDPR,RGS13
SMARCA1,EZH2,AKT1,TLR2
SMARCA1,FBXW7,PPARGC1A,RNF34
SMARCA1,SRC,TGM2
SMARCA1,G3BP1,RACK1,KCNAB1,SLC44A1
SMARCA1,G3BP1,LARP7,EPB42
SMARCA1,H3C12,RAD51B,MUC20
SMARCA1,G3BP1,CIP2A,IL1R2
SMARCA1,EZH2,HDAC1,MIER1,MS4A14
SMARCA1,EZH2,AR,SLC43A1
SMARCA1,G3BP1,LARP7,EPB42
SMARCA1,G3BP1,CHD3,ATP5IF1,GUCY2C
SMARCA1,H3C12,EGFR,SLA2
SMARCA1,SRC,SHC3
SMARCA1,SRC,FLNA
SMARCA1,EZH2,ZBTB16,ATP7B
SMARCA1,PLEKHA4,ESYT1,CYP2C18
SMARCA1,G3BP1,FYN,SLC4A8
SMARCA1,G3BP1,CCDC8,GNA13
SMARCA1,H3C12,ITIH2,LRRC4C
SMARCA1,PLEKHA4,GNB2,RGS6
SMARCA1,G3BP1,UBC
SMARCA1,H3C1,SLC7A5
SMARCA1,G3BP1,BAG3,SNX20
SMARCA1,G3BP1,FYN,SLC4A8
SMARCA1,G3BP1,CFTR,CLCA1
SMARCA1,H3C12,PSEN1,ATP9A
SMARCA1,G3BP1,CCDC8,GNA13,SLC39A3
SMARCA1,G3BP1,VCP,LRRC15
SMARCA1,G3BP1,HTT,DOCK11,COA6
SMARCA1,G3BP1,VASP,GPHN
SMARCA1,PLEKHA4,ANKRD28,AGPAT2
SMARCA1,SRC,PTPRA,CHL1,CNTN6
SMARCA1,PLEKHA4,CUL3
SMARCA1,SRC,FGFR1,FRS3
SMARCA1,G3BP1,LARP7,EPB42
SMARCA1,G3BP1,AGO2,SLC7A9
SMARCA1,BRD4,UBE2E1,MGRN1
SMARCA1,SRC,ARRB2,GPR55
SMARCA1,H3C12,EGFR,SLA2
SMARCA1,H3C12,EGFR,SLA2
SMARCA1,G3BP1,MAPRE1,QDPR,ABCC9
SMARCA1,SRC,MUC1,CD68
SMARCA1,SRC,ABL1,RTF2,CATSPER1
SMARCA1,PLEKHA4,ADD3
SMARCA1,RFXANK,BSG,SLC16A13,XKR3
SMARCA1,G3BP1,VCP,LRRC15
SMARCA1,EED,ITGAE
SMARCA1,SRC,PLEKHG2,ACTN3
SMARCA1,G3BP1,GSK3A,LRP6
SMARCA1,G3BP1,PRDX1,ALDH3A1
SMARCA1,SRC,GP1BA,SELP
SMARCA1,PLEKHA4,SPTLC1,ORMDL3
SMARCA1,EZH2,RARA,AJUBA
SMARCA1,EZH2,AR,SLC43A1
SMARCA1,SRC,AFAP1L2
SMARCA1,EZH2,SEPTIN2,JPT2
SMARCA1,G3BP1,EIF4H,DLG3
SMARCA1,SRC,CDH1,CLINT1
SMARCA1,H3C12,TAF5,SERPINB2
SMARCA1,G3BP1,CCDC8,GNA13
SMARCA1,PLEKHA4,PRKCZ,FEZ1
SMARCA1,SRC,KCNB1
SMARCA1,SRC,HSPA8,OSBPL7
SMARCA1,G3BP1,UBC,OTUB2,SLC9A2
SMARCA1,H3C12,GRB2,TBC1D3G
SMARCA1,G3BP1,BAG3,SNX20
SMARCA1,PLEKHA4,DNAJB4
SMARCA1,PLEKHA4,PPP2R2D,GPC5
SMARCA1,G3BP1,LARP7,EPB42
SMARCA1,SRC,DLG4,FZD4
SMARCA1,SRC,PIP5K1C,TLN2
SMARCA1,CHRAC1,LRRTM4,PTPRS
SMARCA1,EZH2,RELA,MUC3A
SMARCA1,H2AX,B2M,MR1
SMARCA1,EZH2,PTEN,ITGA6
SMARCA1,SRC,RAB11B,BTN3A3
SMARCA1,SRC,PTPN6,LILRB4
SMARCA1,H3C12,PRC1,COLEC12
SMARCA1,SRC,NRAS,PCDH18
SMARCA1,G3BP1,FZR1,RGS11
SMARCA1,G3BP1,CROCC
SMARCA1,BRD4,UBE2E1,MGRN1
SMARCA1,SRC,GLRB,GLRA3
SMARCA1,G3BP1,LARP7,EPB42
SMARCA1,G3BP1,GSK3A,LRP6
SMARCA1,SRC,ANLN,MYO1A
SMARCA1,SRC,MUC1,CD68
SMARCA1,G3BP1,CTNNB1,PTPRU
SMARCA1,H3C12,UBB,SLC14A1
SMARCA1,H3C12,SMC1A,GRM3
SMARCA1,EZH2,REEP4,RETREG3,HCST
SMARCA1,NUMA1,TUBB3,UNC5C
SMARCA1,SRC,TRAF3,TNFRSF17
SMARCA1,H2BC21,CDK14
SMARCA1,INAVA,TAX1BP3
SMARCA1,SRC,GJA1,PCDH19
SMARCA1,MTA2,CTBP2,TMC3
SMARCA1,G3BP1,CFTR,CLCA1
SMARCA1,SRC,SDCBP
SMARCA1,G3BP1,HSP90AA1,NR3C2,PCDHGB5
SMARCA1,G3BP1,SOX2,SOX8,IL1RL2
SMARCA1,FOXQ1,ACSL4,SLC22A2
SMARCA1,SRC,CTTN,EXOC8
SMARCA1,SRC,STX7,SNX30
SMARCA1,H2BC21,TMEM192,NPC1
SMARCA1,G3BP1,ESR1,SERPINB5,ADM,RAMP2
SMARCA1,SRC,EPS8
SMARCA1,SRC,PTPN6,LILRB4
SMARCA1,ZNF467,LMO4,LDB2
SMARCA1,FBXW7,BCKDK,SMPD2
SMARCA1,MBD2,LAMTOR3,BORCS5
SMARCA1,G3BP1,MAPRE1,QDPR,CCKBR
SMARCA1,PLEKHA4,ATP2A3,PIEZO1
SMARCA1,SRC,NFKBIA
SMARCA1,G3BP1,VCP,LRRC15
SMARCA1,G3BP1,JUP,CDH8
SMARCA1,EZH2,AKT1,TLR2
SMARCA1,PLEKHA4,PDIA3,CD1B
SMARCA1,G3BP1,VCP,LRRC15
SMARCA1,G3BP1,VCP,LRRC15
SMARCA1,H3C12,EGFR,SLA2
SMARCA1,G3BP1,RACK1,KCNAB1
SMARCA1,PLEKHA4,IRAK1,KLRD1
SMARCA1,EZH2,AKT1,TLR2
SMARCA1,FBXW7,ATP5F1B,ABCA2
SMARCA1,RPS19,UBQLN1,CD47
SMARCA1,G3BP1,LARP7,EPB42
SMARCA1,SRC,MPZL1
SMARCA1,H3C12,GRB2,TBC1D3G
SMARCA1,SRC,TRAF3,TNFRSF17,TNFSF4
SMARCA1,G3BP1,VCP,LRRC15,PTGER1
SMARCA1,DPY30,MTPN,MPP2
SMARCA1,G3BP1,JAK2,MUC7
SMARCA1,H3C12,NASP,ATP6V1C1
SMARCA1,EZH2,BRCA1,GFI1B
SMARCA1,ZBTB2,RAP1B
SMARCA1,SRC,ITGB2,ITGAM
SMARCA1,G3BP1,VCP,LRRC15
SMARCA1,G3BP1,VASP,GPHN
SMARCA1,G3BP1,JUP,CDH8,PCDHAC1
SMARCA1,G3BP1,LRRK2,TGM3,DYSF
SMARCA1,ZNF467,LMO4,LDB2
SMARCA1,H1-0,AXIN1
SMARCA1,PLEKHA4,CALM3,SCTR,ADCYAP1,ADCYAP1R1
SMARCA1,SRC,DLG4,FZD4
SMARCA1,RUVBL1,TYK2
SMARCA1,PLEKHA4,PRDX4,A1BG
SMARCA1,G3BP1,CCDC8,GNA13
SMARCA1,SRC,RAB11B,BTN3A3
SMARCA1,SRC,HLA-A,CD8A,CD8B
SMARCA1,G3BP1,BAG3,SNX20
SMARCA1,SRC,DHRS3,SIDT2
SMARCA1,WWP2,PALS1
SMARCA1,H3C12,EGFR,SLA2
SMARCA1,SRC,YAP1,PIEZO2
SMARCA1,G3BP1,YES1
SMARCA1,SRC,TGFA
SMARCA1,FOXJ2,QRICH1
SMARCA1,SRC,MUC1,CD68
SMARCA1,RFXANK,PLEKHH3,KCNC3
SMARCA1,G3BP1,CHD4,KRT31,MPO,APCDD1
SMARCA1,DPY30,TMCC2,APOE
SMARCA1,EZH2,MYCN,SIGIRR
SMARCA1,SRC,DLG4,FZD4
SMARCA1,SRC,ARRB2,GPR55
SMARCA1,BRD3,LTBP1,PCDHGA5
SMARCA1,KIF20A,ATP5PO
SMARCA1,H3C12,SMC1A,GRM3
SMARCA1,G3BP1,TFRC,ANPEP
SMARCA1,G3BP1,CTNNB1,PTPRU
SMARCA1,EZH2,PPARG,SELENOK
SMARCA1,SRC,DUSP15,CRACR2A
SMARCA1,MYO1E,RHOC
SMARCA1,H3C12,BUD31,SDE2
SMARCA1,BRD3,IFI6
SMARCA1,G3BP1,ZC3H7A,TTC31,P2RY1
SMARCA1,SMARCA4,NF1
SMARCA1,SRC,CTTN
SMARCA1,PLEKHA4,ATP2C1,KCNK1
SMARCA1,G3BP1,ATXN2,LCP1
SMARCA1,SRC,PLSCR1
SMARCA1,SRC,SKAP2
SMARCA1,PLEKHA4,CALM3,SCTR,SYT9
SMARCA1,PLEKHA4,EEF1A1
SMARCA1,G3BP1,CFTR,CLCA1
SMARCA1,H3C12,EGFR,SLA2
SMARCA1,MYO1E,RHOF,ASIC1
SMARCA1,SRC,MAVS,TLR1
SMARCA1,G3BP1,AGO2,SLC7A9
SMARCA1,EPN2,RALBP1
SMARCA1,H3C12,EGFR,SLA2
SMARCA1,SRC,ABL1,RTF2,CATSPER1,CACNA1I,CATSPER2
SMARCA1,PLEKHA4,ENDOD1,SLC34A2
SMARCA1,EED,NF2,IQCJ-SCHIP1
SMARCA1,EZH2,RELA,MUC3A
SMARCA1,WWP2,SMAD7
SMARCA1,ZBTB2,DNM3
SMARCA1,MYO1E,RHOJ
SMARCA1,KPNA1,SLIT2,ROBO4
SMARCA1,G3BP1,RPS21,CLCA2
SMARCA1,G3BP1,PA2G4,NMD3,ULBP3
SMARCA1,EZH2,AKT1,TLR2
SMARCA1,G3BP1,CCDC8,GNA13
SMARCA1,SRC,SPTAN1,ATP8B3
SMARCA1,SRC,MAP2K1
SMARCA1,G3BP1,VASP,GPHN
SMARCA1,SRC,FLNA,PHLDB2
SMARCA1,G3BP1,VCP,LRRC15
SMARCA1,G3BP1,PRDX1,ALDH3A1
SMARCA1,G3BP1,FYN,SLC4A8
SMARCA1,G3BP1,CFTR,CLCA1
SMARCA1,G3BP1,BAG3,SNX20
SMARCA1,H3C12,PSEN1,ATP9A
SMARCA1,G3BP1,CCDC8,GNA13
SMARCA1,G3BP1,CTNNB1,PTPRU,OR3A1
SMARCA1,SRC,PXN,PARVA
SMARCA1,SRC,HSPA8,OSBPL7
SMARCA1,EZH2,BMPR1B
SMARCA1,G3BP1,VCP,LRRC15
SMARCA1,G3BP1,FYN,SLC4A8
SMARCA1,G3BP1,G3BP2,ERMAP
SMARCA1,G3BP1,MOSPD2
SMARCA1,H2BC21,TMEM192,NPC1
SMARCA1,G3BP1,PLEKHA7,FMNL2,ATRN
SMARCA1,PLEKHA4,ATP13A1,SLC10A6
SMARCA1,EZH2,AKT1,TLR2
SMARCA1,PLEKHA4,UBE2D3
SMARCA1,SRC,CEACAM21,PVR
SMARCA1,H3C12,POLD3,HLA-DQB1
SMARCA1,SRC,CTNND1
SMARCA1,EZH2,SNU13,CLVS2,PCDHGA10
SMARCA1,EPN2,ARRDC2
SMARCA1,SRC,ARRB1,PTAFR
SMARCA1,TERF2IP,ARL4C
SMARCA1,H3C12,RRP12
SMARCA1,SRC,ARRB1,PTAFR
SMARCA1,PGR,SGTA,CDH15
SMARCA1,BRD4,UBE2E1,MGRN1
SMARCA1,G3BP1,VCP,LRRC15
SMARCA1,H2BC8,BCORL1
SMARCA1,H3C12,EGFR,SLA2
SMARCA1,BRD4,UBE2E1,MGRN1
SMARCA1,EPN2
SMARCA1,RUVBL1,F2R
SMARCA1,G3BP1,RACK1,KCNAB1
SMARCA1,MAGEA3,CPNE1
SMARCA1,SRC,CAV1,SCP2,SLC17A2
SMARCA1,H3C12,EGFR,SLA2
SMARCA1,EZH2,AR,SLC43A1
SMARCA1,G3BP1,VCP,LRRC15
SMARCA1,G3BP1,DDX3X
SMARCA1,FOXE1,REL,SLC6A12
SMARCA1,H3C12,GRB2,TBC1D3G
SMARCA1,G3BP1,JUP,CDH8
SMARCA1,EZH2,HDAC3
SMARCA1,SRC,ITGB2,ITGAM
SMARCA1,G3BP1,PLEKHA7,FMNL2,ADGRA1
SMARCA1,SRC,DLG4,FZD4
SMARCA1,PGR,GAPDH,SLC4A3
SMARCA1,SRC,DAB1,APLP1,CNTN5
SMARCA1,TXNIP,AP2A1
SMARCA1,H3C12,DNM2,STX19
SMARCA1,H3C12,EBNA1BP2,GMIP
SMARCA1,G3BP1,FYN,SLC4A8
SMARCA1,G3BP1,CCDC8,GNA13
SMARCA1,G3BP1,BAG3,SNX20
SMARCA1,FBXW7,SREBF2,SLC39A12
SMARCA1,SRC,ITGB3,ITGA2B
SMARCA1,SRC,HSPA8,OSBPL7
SMARCA1,WWP2,SPART
SMARCA1,G3BP1,UBC,OTUB2,SLC9A4
SMARCA1,PARP1,HDAC7,UBL3
SMARCA1,PLEKHA4,ACTC1,NEXN
SMARCA1,G3BP1,VCP,LRRC15
SMARCA1,PLEKHA4,APBB1
SMARCA1,G3BP1,VCP,LRRC15
SMARCA1,H3C12,C1QBP
SMARCA1,H3C12,EGFR,SLA2
SMARCA1,SRC,STX7,SNX30
SMARCA1,G3BP1,CTNNB1,PTPRU
SMARCA1,G3BP1,VCP,LRRC15,PCDHB16,SLC39A11
SMARCA1,EZH2,DNMT3B,PCDHGB4
SMARCA1,PLEKHA4,ATP2A3,PIEZO1
SMARCA1,H2BC21,TMEM192,NPC1
SMARCA1,G3BP1,CTNNB1,PTPRU
SMARCA1,ARID4B,NR3C1,H2BW2,SYNGR1
SMARCA1,SRC,TIAM1
SMARCA1,G3BP1,VCP,LRRC15
SMARCA1,G3BP1,BAG3,SNX20
SMARCA1,SRC,FHIT
SMARCA1,G3BP1,CCDC8,GNA13
SMARCA1,SRC,HSPA8,OSBPL7
SMARCA1,H3C12,CTSD,ATP6V0A1
SMARCA1,DPY30,EPB41L3
SMARCA1,SRC,ARRB2,GPR55
SMARCA1,DPY30,MTPN,MPP2
SMARCA1,SRC,HRAS,PTAR1,SLC6A20
SMARCA1,SRC,LNX1,PDZRN3,SLC43A2
SMARCA1,G3BP1,CCDC8,GNA13
SMARCA1,EZH2,RARA,AJUBA
SMARCA1,PLEKHA4,RANBP9
SMARCA1,PLEKHA4,GNB1,MC2R
SMARCA1,FBXW7,NOTCH2,WNT5A
SMARCA1,FBXW7,JAG1
SMARCA1,G3BP1,CCDC8,GNA13,RIC8B
SMARCA1,WWP2,PATJ,HOMER2
SMARCA1,SRC,TRAF6,TNFRSF13B
SMARCA1,G3BP1,LARP7,EPB42
SMARCA1,SRC,SPTAN1,ATP8B3
SMARCA1,H3C12,ZMYM2,C8A
SMARCA1,H3C12,HMG20A,PAWR
SMARCA1,KIF20A,DLK1,SLC16A2
SMARCA1,SRC,TGFBR2,RELT
SMARCA1,G3BP1,CCDC8,GNA13
SMARCA1,SRC,NRAS,PCDH18
SMARCA1,SRC,TRPC6,PLCD3
SMARCA1,H3C12,BUD31,SDE2
SMARCA1,G3BP1,PSMC2,PSMA7,OR4N2
SMARCA1,PLEKHA4,GNB1,MC2R
SMARCA1,EZH2,RELA,MUC3A
SMARCA1,DPY30,HCFC2
SMARCA1,EZH2,CDKN2C,CARTPT,MDGA1
SMARCA1,H3C12,RPS6KA3,HTR2A
SMARCA1,G3BP1,JUP,CDH8,CDH24
SMARCA1,FOXJ2,QRICH1,WARS2
SMARCA1,PGR,SGTA,CDH15
SMARCA1,G3BP1,FYN,SLC4A8
SMARCA1,SRC,TLR9,MYD88,TNFSF9
SMARCA1,PLEKHA4,RAB5A,RAB3GAP2
SMARCA1,G3BP1,FYN,SLC4A8
SMARCA1,SRC,PAK2
SMARCA1,G3BP1,LARP7,EPB42
SMARCA1,H3C12,KDM5B,ABCA4,CNGB1
SMARCA1,G3BP1,VCP,LRRC15
SMARCA1,SRC,SH3GL1,ADRB3
SMARCA1,SRC,CDH2,CDH4
SMARCA1,H3C12,GRB2,TBC1D3G
SMARCA1,SRC,YAP1,PIEZO2
SMARCA1,SRC,BMX
SMARCA1,SRC,PTPRC,CD1D
SMARCA1,SRC,DLG4,FZD4
SMARCA1,H3C12,GSK3B,ACSBG1
SMARCA1,PLEKHA4,SGPL1,PLPP4
SMARCA1,H3C12,GSK3B,ACSBG1
SMARCA1,NUMA1,GNAI1,RGS10
SMARCA1,RUVBL1,BCL3
SMARCA1,EZH2,TRIM63,DMD
SMARCA1,G3BP1,JAK2,MUC7
SMARCA1,WWP2,SCNN1B
SMARCA1,SRC,ITGAL
SMARCA1,FBXW7,CSF3R
SMARCA1,BRD4,UBE2E1,MGRN1
SMARCA1,SRC,DAPP1
SMARCA1,EZH2,YY1,F9
SMARCA1,G3BP1,GSK3A,LRP6
SMARCA1,H2AX,TXNDC12,GABRQ
SMARCA1,H3C12,EGFR,SLA2
SMARCA1,H3C12,PSEN1,ATP9A
SMARCA1,EZH2,AKT1,TLR2
SMARCA1,H3C12,MSH2,HLA-DPB1
SMARCA1,SRC,KIT,KITLG
SMARCA1,H3C12,GRB2,TBC1D3G
SMARCA1,G3BP1,IRS4,MTNR1B
SMARCA1,EZH2,RORA,ZXDC,PTCH2
SMARCA1,BRD4,HIC2
SMARCA1,EZH2,DNMT3B,PCDHGB4
SMARCA1,G3BP1,TRIM21,GRAP
SMARCA1,G3BP1,VASP,GPHN
SMARCA1,H3C12,PSEN2,PSENEN
SMARCA1,G3BP1,JAK2,MUC7
SMARCA1,H3C12,ITIH2,LRRC4C
SMARCA1,SRC,SNCA,GBA1,GPM6B
SMARCA1,SRC,NOXA1,NOXO1
SMARCA1,H3C12,YWHAZ,RIPOR2,SLC27A1
SMARCA1,SRC,HRAS
SMARCA1,G3BP1,GSK3A,LRP6
SMARCA1,G3BP1,BAG3,SNX20
SMARCA1,SRC,IKBKB,CD40
SMARCA1,SRC,RHOB,RTKN2
SMARCA1,EZH2,SMARCD2,TEX13A,CHRNG
SMARCA1,H3C12,GSK3B,ACSBG1
SMARCA1,SRC,TRAF6,TNFRSF13B
SMARCA1,KPNA1,GOPC,CERCAM
SMARCA1,G3BP1,FYN,SLC4A8
SMARCA1,KIF20A,MUC17
SMARCA1,MACROH2A1,HSD3B2,CTSF
SMARCA1,G3BP1,BAG3,SNX20
SMARCA1,G3BP1,VCP,LRRC15
SMARCA1,SRC,CDH1,CLINT1
SMARCA1,H3C12,GRB2,TBC1D3G
SMARCA1,PLEKHA4,CALM3,SCTR
SMARCA1,DPY30,MATR3,MYOF
SMARCA1,G3BP1,JUP,CDH8
SMARCA1,H3C12,RPL13A,CYP2E1,ABCA5
SMARCA1,G3BP1,VCP,LRRC15,PCSK6
SMARCA1,SRC,FGFR1,FRS3
SMARCA1,FBXW7,JAK1,IL20RB
SMARCA1,SRC,DLG4,FZD4
SMARCA1,FBXW7,NOTCH1,WNT2,TSLP,CRLF2
SMARCA1,G3BP1,VCP,LRRC15
SMARCA1,BRD4,EEF2
SMARCA1,G3BP1,RPL4,NCLN,KCNK16
SMARCA1,MAGEA3,RALB
SMARCA1,FBXW7,JAK1,IL20RB
SMARCA1,EZH2,ZBTB16,ATP7B
SMARCA1,EZH2,AKT1,TLR2
SMARCA1,G3BP1,CCDC8,GNA13
SMARCA1,G3BP1,CFTR,CLCA1
SMARCA1,FBXW7,NOTCH2,WNT5A
SMARCA1,G3BP1,ELAVL1,SERPINB3
SMARCA1,PLEKHA4,ACTC1,NEXN
SMARCA1,G3BP1,VCP,LRRC15
SMARCA1,G3BP1,HNRNPD,SHISA5,TVP23B,YIPF1
SMARCA1,H3C12,FGF14,SCN4A,CSPG5
SMARCA1,EZH2,AKT1,TLR2
SMARCA1,KIF20A,FLNB
SMARCA1,G3BP1,TRIM21,GRAP
SMARCA1,G3BP1,BAG3,SNX20
SMARCA1,SRC,MUC1,CD68
SMARCA1,EZH2,RPS6KA5,EGF
SMARCA1,MYO1E,RHOF
SMARCA1,PLEKHA4,PARD3,JAM3,JAM2
SMARCA1,SRC,LYN,ITGA2
SMARCA1,G3BP1,AGO2,SLC7A9
SMARCA1,H3C12,EGFR,SLA2
SMARCA1,H3C12,EGFR,SLA2
SMARCA1,PTGES3,SH2D3C,ADK
SMARCA1,SRC,CD46
SMARCA1,EZH2,TWIST1,ICAM1
SMARCA1,SRC,TRAF3,TNFRSF17
SMARCA1,G3BP1,BAG3,SNX20
SMARCA1,SMARCC1,RHOBTB1
SMARCA1,SRC,TGFA,NKD2
SMARCA1,PLEKHA4,RAB5B
SMARCA1,H3C12,UBB,SLC14A1
SMARCA1,G3BP1,FYN,SLC4A8
SMARCA1,SRC,HRAS,PTAR1,SLC6A19
SMARCA1,SRC
SMARCA1,NUMA1,DISC1,PRTG
SMARCA1,SRC,ACTN1,PLEK
SMARCA1,PLEKHA4,ARF5
SMARCA1,SRC,TERT
SMARCA1,EZH2,MYCN,SIGIRR
SMARCA1,G3BP1,CCDC8,GNA13,TSPAN7,LHFPL5
SMARCA1,H3C12,POLD3,HLA-DQB1
SMARCA1,SRC,HSPA8,OSBPL7
SMARCA1,MTA2,CTBP2,TMC3
SMARCA1,G3BP1,GSK3A,LRP6
SMARCA1,G3BP1,CTNNB1,PTPRU
SMARCA1,PLEKHA4,GNB1,MC2R
SMARCA1,G3BP1,GSK3A,LRP6
SMARCA1,EZH2,CHD8,CASR,BTN1A1
SMARCA1,SRC,CDH5,P2RX4
SMARCA1,SRC,DLG4,FZD4
SMARCA1,SRC,DLG4,FZD4
SMARCA1,BRD4,PIP4K2A
SMARCA1,FBXW7,NOTCH2,WNT5A
SMARCA1,G3BP1,CTNNB1,PTPRU
SMARCA1,G3BP1,TRIM56,STING1
SMARCA1,NUMA1,GNAI1
SMARCA1,G3BP1,CFTR,CLCA1
SMARCA1,G3BP1,CSK,CDC45,CNTN3
SMARCA1,G3BP1,ATP2A2,PGRMC1
SMARCA1,BRD4,CCNT2
SMARCA1,SRC,ITGB3,ITGA2B
SMARCA1,SRC,ANLN,MYO1A
SMARCA1,H3C12,H1-4,FBP2
SMARCA1,H2AX,NEDD4L,SLC22A11
SMARCA1,G3BP1,VCP,LRRC15
SMARCA1,MYO1E,IQGAP1
SMARCA1,SRC,GRM1
SMARCA1,SRC,EDNRA
SMARCA1,PLEKHA4,ATP13A1,SLC10A6
SMARCA1,G3BP1,ESR1,SERPINB5,CLEC5A
SMARCA1,H2AX,EXO1,SLC46A1
SMARCA1,PLEKHA4,GNB1,MC2R
SMARCA1,G3BP1,GSK3A,LRP6,WNT3
SMARCA1,EZH2,AR,SLC43A1
SMARCA1,G3BP1,YBX1,PABPC4L,ADRA1A
SMARCA1,EZH2,REEP4,RETREG3,RAET1L
SMARCA1,G3BP1,VCP,LRRC15
SMARCA1,SRC,ACTN1,PLEK
SMARCA1,PLEKHA4,ZYX
SMARCA1,G3BP1,CTNNB1,PTPRU
SMARCA1,RPS19,UBQLN1,CD47
SMARCA1,G3BP1,LARP7,EPB42
SMARCA1,CHRAC1,GOT1,ANXA8
SMARCA1,G3BP1,VCP,LRRC15
SMARCA1,G3BP1,AGO2,SLC7A9
SMARCA1,G3BP1,GSK3A,LRP6
SMARCA1,KLHL20,RECK
SMARCA1,G3BP1,LRRK2,TGM3,CNNM1
SMARCA1,H3C12,FBLN1,CCN2
SMARCA1,USF1,POMC,MC3R
SMARCA1,SRC,SOS1,EPS8L1
SMARCA1,PTGES3,SH2D3C,ADK
SMARCA1,EZH2,WT1,NPHS1
SMARCA1,FBL,S100A10
SMARCA1,SRC,RHOB,RTKN2
SMARCA1,FBXW7,MFF,AQP9
SMARCA1,G3BP1,CSK
SMARCA1,SRC,MAL
SMARCA1,G3BP1,JUP,CDH8
SMARCA1,G3BP1,HTT,DOCK11,JPH2
SMARCA1,G3BP1,RACK1,KCNAB1
SMARCA1,H3C12,PSEN1,ATP9A
SMARCA1,NUMA1,GNAI1,RGS10
SMARCA1,BRD4,HSP90B1,GABRA1
SMARCA1,FOXC1,WDR1
SMARCA1,G3BP1,TRIM21,GRAP
SMARCA1,BRMS1L,AMOTL2
SMARCA1,G3BP1,VASP,GPHN
SMARCA1,SRC,DGKA
SMARCA1,G3BP1,CCDC8,GNA13
SMARCA1,NUMA1,GNAI1,RGS10
SMARCA1,G3BP1,CTNNB1,PTPRU
SMARCA1,SRC,ITGB2
SMARCA1,G3BP1,ALDH3A2,TPTE,SMPDL3B
SMARCA1,G3BP1,GSK3A,LRP6
SMARCA1,ZBTB2,RAB10
SMARCA1,H3C12,EGFR,SLA2
SMARCA1,H3C12,TAF5,SERPINB2
SMARCA1,G3BP1,VCP,LRRC15
SMARCA1,RYBP,ANK2
SMARCA1,FBXW7,RND3,SEMA4F
SMARCA1,FBL,SRPK2,CHRNA5
SMARCA1,BRD4,PPP4C
SMARCA1,G3BP1,AGO2,SLC7A9
SMARCA1,SRC,MAPT
SMARCA1,G3BP1,ITK,LAT
SMARCA1,G3BP1,FYN
SMARCA1,RPS19,CSNK1D
SMARCA1,PLEKHA4,ATP2A3,PIEZO1
SMARCA1,SRC,MMP14,NPR1
SMARCA1,MYO1E,RAC2
SMARCA1,H3C12,STAG1
SMARCA1,COIL,VRK2,CACNG7
SMARCA1,SRC,AXL,TREML2
SMARCA1,WWP2,SLC11A2
SMARCA1,G3BP1,CCDC8,GNA13,TSPAN7
SMARCA1,G3BP1,VCP,LRRC15
SMARCA1,SRC,TLR9,MYD88
SMARCA1,SRC,VIL1
SMARCA1,G3BP1,CDK1,CKS2,SLC4A4
SMARCA1,SRC,AFDN
SMARCA1,PLEKHA4,TIAL1,AOC1
SMARCA1,EZH2,ZNF592,SLC31A1
SMARCA1,G3BP1,RACK1,KCNAB1
SMARCA1,EZH2,ZNF263,TRAF7
SMARCA1,G3BP1,YBX1,PABPC4L,GRK3
SMARCA1,G3BP1,VCP,LRRC15
SMARCA1,G3BP1,CFTR,CLCA1
SMARCA1,G3BP1,CFTR,CLCA1
SMARCA1,BRD4,UBE2E1,MGRN1
SMARCA1,PLEKHA4,ATP2A3,PIEZO1
SMARCA1,H3C12,DAXX,CHMP3
SMARCA1,EZH2,SMURF2,PARD6A
SMARCA1,G3BP1,RPS3,FGF13
SMARCA1,H3C12,FBLN1,CCN2
SMARCA1,PLEKHA4,GNB2,RGS6
SMARCA1,RFXANK,BSG,SLC16A13
SMARCA1,SRC,LYN,ITGA2
SMARCA1,SRC,ERBB2,PTGER3
SMARCA1,G3BP1,FYN,SLC4A8
SMARCA1,PLEKHA4,GNB1,MC2R
SMARCA1,G3BP1,CTNNB1,PTPRU
SMARCA1,PLEKHA4,EHD4
SMARCA1,PLEKHA4,ATP1A3
SMARCA1,G3BP1,ATP1A1
SMARCA1,SRC,GRIN2A
SMARCA1,G3BP1,RPS15,ATP6V1D
SMARCA1,SRC,STX17,RAB25
SMARCA1,BRD4,PIP4K2C
SMARCA1,SRC,FGFR1,FRS3
SMARCA1,G3BP1,ATP2A2,PGRMC1,CYP2C8
SMARCA1,COIL,ZNF136,SLC2A9
SMARCA1,G3BP1,VCP,LRRC15
SMARCA1,G3BP1,BAG3,SNX20
SMARCA1,KIF20A,EGFL7,ADAM21
SMARCA1,EZH2,MDM2
SMARCA1,H3C12,DNM2,STX19
SMARCA1,RPS19,BTF3
SMARCA1,H3C12,GSK3B,ACSBG1
SMARCA1,G3BP1,RPS7,CALD1
SMARCA1,SRC,NRAS,PCDH18
SMARCA1,SRC,PTPN6,LILRB4
SMARCA1,G3BP1,VCP,LRRC15,NEU1
SMARCA1,SRC,CASP8,NLRC4
SMARCA1,EZH2,AKT1,TLR2
SMARCA1,G3BP1,ATP2A2,PGRMC1
SMARCA1,RPS2,SLC25A4
SMARCA1,SRC,PTPN1,C1orf210
SMARCA1,MTA2,FSHR
SMARCA1,SRC,MMP14,NPR1
SMARCA1,SRC,IKBKB,CD40
SMARCA1,KIF20A,C4BPA
SMARCA1,G3BP1,RPS4X,EXOSC4,UGT8
SMARCA1,EPN2,STX6,ABCA6,ABCA8
SMARCA1,SRC,IFNGR1
SMARCA1,SRC,ITGAL,CD82
SMARCA1,SRC,HSPA8,OSBPL7
SMARCA1,RPS19,UBQLN1,CD47
SMARCA1,MYO1E,RHOQ
SMARCA1,SRC,YAP1,PIEZO2
SMARCA1,SRC,YAP1,PIEZO2
SMARCA1,G3BP1,LARP7,EPB42
SMARCA1,SRC,TRAF6
SMARCA1,G3BP1,VCP,LRRC15,PCDHB16
SMARCA1,DPY30,PSMD14,MICALL2
SMARCA1,RFXANK,BSG
SMARCA1,SRC,USP8,CHMP1A
SMARCA1,FBXW7,ATP5F1B,ABCA2
SMARCA1,H3C12,GRB2,TBC1D3G
SMARCA1,G3BP1,BAG3,SNX20
SMARCA1,EZH2,RELA,MUC3A
SMARCA1,KIF20A,ITIH4
SMARCA1,PLEKHA4,ATP2A3,PIEZO1
SMARCA1,EZH2,AR,SLC43A1
SMARCA1,G3BP1,VCP,LRRC15
SMARCA1,G3BP1,VCP,LRRC15
SMARCA1,G3BP1,JAK2,MUC7
SMARCA1,G3BP1,CFTR,CLCA1
SMARCA1,SRC,MMP14,NPR1
SMARCA1,G3BP1,BAG3,SNX20
SMARCA1,PLEKHA4,RAB5A,RAB3GAP2
SMARCA1,H3C12,MECP2,GRIA2
SMARCA1,SRC,C1QL4,IFNLR1
SMARCA1,H3C12,EGFR,SLA2
SMARCA1,SRC,SIRT2
SMARCA1,G3BP1,HSPA9,ADCK5,GCA
SMARCA1,H3C12,GSK3B,ACSBG1
SMARCA1,SRC,RAF1,WDR6
SMARCA1,H3C12,MECP2,GRIA2
SMARCA1,H3C12,EGFR,SLA2
SMARCA1,SRC,ACTN1
SMARCA1,SRC,HSPA8,OSBPL7
SMARCA1,G3BP1,JUP,CDH8
SMARCA1,SRC,TGFBR2,RELT
SMARCA1,H3C12,GRB2,TBC1D3G
SMARCA1,G3BP1,BAG3,SNX20
SMARCA1,PLEKHA4,PDIA3,CD1B
SMARCA1,BRD4,CHEK2,P2RY8
SMARCA1,G3BP1,CIP2A,IL1R2
SMARCA1,G3BP1,MAPRE1,QDPR,KCNN2
SMARCA1,SRC,ARRB1,PTAFR
SMARCA1,H3C12,EGFR,SLA2
SMARCA1,PLEKHA4,TMTC3,TRHDE
SMARCA1,SRC,MUC1,CD68
SMARCA1,SRC,ZP2
SMARCA1,G3BP1,BAG3,SNX20
SMARCA1,H3C12,FBLN1,CCN2
SMARCA1,PLEKHA4,STAMBP
SMARCA1,EZH2,AKT1,TLR2
SMARCA1,H2AX,B2M,MR1
SMARCA1,G3BP1,ATP2A2,PGRMC1
SMARCA1,SRC,HSPA8,OSBPL7
SMARCA1,G3BP1,GNS,FKBP14,STS
SMARCA1,ZNF512B,NIBAN2
SMARCA1,G3BP1,FZR1,RGS11
SMARCA1,H3C12,UBB,SLC14A1
SMARCA1,SRC,KIT,KITLG
SMARCA1,H3C12,DAXX,CHMP3
SMARCA1,FOXE1,TGFB3
SMARCA1,G3BP1,GSK3A,LRP6
SMARCA1,H3C12,EGFR,SLA2
SMARCA1,EZH2,YY1,F9
SMARCA1,PLEKHA4,RAB5A,RAB3GAP2
SMARCA1,EZH2,AKT1,TLR2
SMARCA1,G3BP1,VCP,LRRC15
SMARCA1,TERF2IP,NAIF1
SMARCA1,G3BP1,ESR1,SERPINB5,CRHR2
SMARCA1,SRC,FLOT1
SMARCA1,SRC,TRAF6,TNFRSF13B
SMARCA1,PLEKHA4,GNB1,MC2R
SMARCA1,PGR
SMARCA1,G3BP1,CFTR,CLCA1
SMARCA1,PLEKHA4,ENDOD1,SLC34A2,TSPO2
SMARCA1,G3BP1,BAG3,SNX20
SMARCA1,G3BP1,CCDC8,GNA13
SMARCA1,G3BP1,RPS3,FGF13
SMARCA1,SRC,GRK2
SMARCA1,SRC,HSPA8,OSBPL7
SMARCA1,PTGES3,LLGL1
SMARCA1,H3C12,GSK3B,ACSBG1
SMARCA1,SRC,TMPRSS11E
SMARCA1,G3BP1,CFTR,CLCA1
SMARCA1,SRC,CASP8,NLRC4
SMARCA1,H3C12,HSPD1,LARS2,AMACR
SMARCA1,DPY30,MTPN,MPP2
SMARCA1,G3BP1,BAG3,SNX20
SMARCA1,G3BP1,JAK2,MUC7
SMARCA1,RPS19,CCDC124
SMARCA1,EZH2,PTEN,ITGA6
SMARCA1,SRC,SH3KBP1
SMARCA1,G3BP1,BAG3,SNX20
SMARCA1,SRC,PTPN6,LILRB4
SMARCA1,RYBP,ANK2,ABCC8
SMARCA1,SRC,CDH1,CLINT1
SMARCA1,SRC,ABI1,EPS8L3
SMARCA1,G3BP1,AGO2,SLC7A9,SLC3A1
SMARCA1,PLEKHA4,COPE,SLC35A1
SMARCA1,SRC,ARRB2,GPR55,LRP12,NMRK2
SMARCA1,H3C1,ZNF691,FPGT,NLN
SMARCA1,SRC,TGFBR2
SMARCA1,SIN3B,LSM4,NAA38,NAA35
SMARCA1,FBXW7,PPARGC1A,RNF34
SMARCA1,G3BP1,MAPRE1,QDPR,GABBR2
SMARCA1,MYO1E,FNBP1
SMARCA1,SRC,PDCD6IP,DRD1
SMARCA1,EZH2,RELA,MUC3A
SMARCA1,PLEKHA4,EHD3
SMARCA1,SRC,PXN
SMARCA1,G3BP1,GSK3A,LRP6
SMARCA1,G3BP1,CCDC8,GNA13
SMARCA1,G3BP1,CCDC8,GNA13
SMARCA1,G3BP1,BAG3,SNX20
SMARCA1,H3C12,EGFR,SLA2
SMARCA1,EZH2,CHD8,CASR
SMARCA1,H3C12,EGFR,SLA2
SMARCA1,RPS19,TXNDC11,DUOX2
SMARCA1,EZH2,SEPTIN2,JPT2
SMARCA1,H3C12,GTF3C2,RASGEF1A
SMARCA1,SRC,HSPA5,BMP1,SLC39A8
SMARCA1,EZH2,PML,ANKRD2,FCMR
SMARCA1,SRC,PROM1
SMARCA1,EZH2,AKT1,TLR2
SMARCA1,PLEKHA4,ATP2A3,PIEZO1
SMARCA1,H3C12,CTSD,ATP6V0A1
SMARCA1,FBXW7,MTOR,RHEBL1
SMARCA1,G3BP1,VCP,LRRC15
SMARCA1,PLEKHA4,RRAS2
SMARCA1,PLEKHA4,TMX3,LPCAT2
SMARCA1,SRC,NRAS,PCDH18
SMARCA1,G3BP1,DDX58,PEDS1,NCR1
SMARCA1,PLEKHA4,OPA1,MIGA1
SMARCA1,G3BP1,CCDC8
SMARCA1,NUMA1,GNAI1,RGS10
SMARCA1,G3BP1,FYN,SLC4A8,TYROBP,TREM1
SMARCA1,EZH2,CCT6A,METTL18,CD40LG
SMARCA1,FBXW7,ATP5F1B,ABCA2
SMARCA1,DDX21,PRPF3,ZGPAT
SMARCA1,G3BP1,GSK3A,LRP6
SMARCA1,G3BP1,VASP,GPHN
SMARCA1,PLEKHA4,GNB1,MC2R
SMARCA1,G3BP1,BAG3,SNX20
SMARCA1,G3BP1,GSK3A,LRP6,CAPRIN2
SMARCA1,SRC,MICAL1
SMARCA1,G3BP1,VCP,LRRC15
SMARCA1,SRC,CAV1
SMARCA1,H3C12,MECP2,GRIA2
SMARCA1,PLEKHA4,GNB1,MC2R
SMARCA1,SRC,TGFBR2,RELT
SMARCA1,SRC,TRIP6
SMARCA1,SRC,ITGB3,ITGA2B
SMARCA1,EZH2,BRCA1,GFI1B,TNFRSF11B
SMARCA1,G3BP1,MAPRE1,QDPR,KIRREL3
SMARCA1,EZH2,AKT1,TLR2
SMARCA1,PLEKHA4,PDIA3,CD1B,MANBA
SMARCA1,SRC,BDKRB2
SMARCA1,RPS19,IMP3
SMARCA1,G3BP1,FYN,SLC4A8
SMARCA1,PLEKHA4,TMX3,LPCAT2
SMARCA1,SRC,NCSTN
SMARCA1,G3BP1,FYN,SLC4A8
SMARCA1,EZH2,RELA,MUC3A
SMARCA1,H2AX,B2M,MR1
SMARCA1,H2AZ1,STK17B,KCNIP2
SMARCA1,SMARCC1,DCTN2,MARCKSL1
SMARCA1,PLEKHA4,CALM3,SCTR
SMARCA1,G3BP1,VASP,GPHN
SMARCA1,SRC,HSPA8,OSBPL7
SMARCA1,EZH2,RELA,MUC3A,IL6R
SMARCA1,G3BP1,BAG3,SNX20
SMARCA1,EZH2,YY1,F9
SMARCA1,G3BP1,AGO2,SLC7A9
SMARCA1,G3BP1,FYN,SLC4A8
SMARCA1,SRC,MAVS,TLR1
SMARCA1,SRC,CTTN,EXOC8
SMARCA1,KIF20A,DLK1,SLC16A2
SMARCA1,G3BP1,USP10,PPP4R3A,NTF3,NTRK3
SMARCA1,G3BP1,CTNNB1,PTPRU
SMARCA1,SRC,CEACAM21,PVR
SMARCA1,SRC,PRSS8,SPINT2
SMARCA1,G3BP1,CCDC8,GNA13
SMARCA1,EPN2,TGOLN2,RAB18
SMARCA1,SIN3A,NTRK1,PLXNA4
SMARCA1,G3BP1,BAG3,SNX20
SMARCA1,SRC,ENO1
SMARCA1,G3BP1,CFTR,CLCA1
SMARCA1,EZH2,ACTB,NUS1,PLGRKT
SMARCA1,SRC,PTPN6,LILRB4
SMARCA1,G3BP1,TRIM21,GRAP
SMARCA1,SRC,DOCK3
SMARCA1,DPY30,PSMD14,MICALL2
SMARCA1,H3C12,GSK3B,ACSBG1
SMARCA1,RPS19,METAP2
SMARCA1,H3C12,NASP,ATP6V1C1
SMARCA1,CHRAC1,LRRTM4,PTPRS
SMARCA1,NUMA1,GNAI1,RGS10
SMARCA1,BRD4,SRPK1
SMARCA1,H2AX,NEDD4L,SLC22A11
SMARCA1,G3BP1,CCDC8,GNA13
SMARCA1,G3BP1,BAG3,SNX20
SMARCA1,G3BP1,CHD4,KRT31,CDSN
SMARCA1,BRD4,SUMO2,SERPINB6
SMARCA1,SIN3A,PTK6,ARAP1
SMARCA1,G3BP1,ELAVL1,SERPINB3
SMARCA1,G3BP1,JAK2
SMARCA1,MTA2,MYPN
SMARCA1,SRC,HSPA8,OSBPL7
SMARCA1,G3BP1,RPS3
SMARCA1,EZH2,ZBTB16,ATP7B
SMARCA1,SRC,CSF1R
SMARCA1,H3C12,SMC1A,GRM3
SMARCA1,EZH2,AKT1,TLR2
SMARCA1,SRC,MUC1,CD68
SMARCA1,G3BP1,CFTR,CLCA1
SMARCA1,PLEKHA4,ENDOD1,SLC34A2
SMARCA1,H3C12,DNM2,STX19
SMARCA1,RBBP7,PRDM16,BTBD17
SMARCA1,EZH2,EP300,PAX8,PLAUR
SMARCA1,H3C12,GSK3B,ACSBG1
SMARCA1,SRC,ARRB1,PTAFR
SMARCA1,H2AX,NEDD4L,SLC22A11
SMARCA1,H3C12,RAD51B,MUC20
SMARCA1,SRC,TRPC6
SMARCA1,G3BP1,GSK3A,LRP6
SMARCA1,SRC,GAK,RAB29
SMARCA1,EZH2,AKT1,TLR2
SMARCA1,PLEKHA4,RAB5A,RAB3GAP2
SMARCA1,H2AX,B2M,MR1
SMARCA1,KPNA1,GOPC,CERCAM,CNGA4
SMARCA1,H3C12,RNASEH2A,ICAM5
SMARCA1,SRC,PKP3
SMARCA1,H3C12,DNM2,STX19
SMARCA1,SMARCC1,DCTN2,MARCKSL1
SMARCA1,MTA1,COP1,PNPLA2
SMARCA1,TERF2IP,DBNL
SMARCA1,H3C12,GSK3B,ACSBG1
SMARCA1,SRC,BAIAP2L1
SMARCA1,PLEKHA4,RAB5A,RAB3GAP2
SMARCA1,G3BP1,CCDC8,GNA13
SMARCA1,SRC,CHRNA7
SMARCA1,EZH2,POU5F1,RBM17,LRFN3
SMARCA1,SRC,HSPA8,OSBPL7
SMARCA1,EZH2,SEPTIN2,JPT2
SMARCA1,FBXW7,ILK
SMARCA1,G3BP1,CIP2A,IL1R2
SMARCA1,SRC,KCNB1,KCNH1
SMARCA1,SIN3A,NTRK1
SMARCA1,SRC,PTPN6,LILRB4
SMARCA1,G3BP1,SPAG5,AGPS,LY86,CD180
SMARCA1,G3BP1,BAG3,SNX20
SMARCA1,H3C12,EGFR,SLA2
SMARCA1,G3BP1,KRT18,KRT8,INPP5J
SMARCA1,BRD4,UBE2E1,MGRN1
SMARCA1,KIF20A,STOM,STOML1
SMARCA1,SRC,SOS1
SMARCA1,SRC,F2RL1
SMARCA1,G3BP1,FYN,SLC4A8
SMARCA1,SRC,STX7,SNX30
SMARCA1,G3BP1,BAG3,SNX20
SMARCA1,SRC,GAB1,PIK3CG
SMARCA1,SRC,CLTC
SMARCA1,EZH2,MYCN,SIGIRR
SMARCA1,G3BP1,TRIM21,GRAP,KCNF1
SMARCA1,PLEKHA4,RPN2,TUSC3
SMARCA1,G3BP1,VCP,LRRC15
SMARCA1,SRC,PTPRC
SMARCA1,G3BP1,BAG3,SNX20
SMARCA1,BRD4,RIF1
SMARCA1,PLEKHA4,TMTC3,TRHDE
SMARCA1,H3C12,RNASEH2A,ICAM5
SMARCA1,SRC,PTPN6,LILRB4
SMARCA1,SRC,KIF14,RAB3D
SMARCA1,H3C12,RNASEH2A,ICAM5
SMARCA1,G3BP1,BAG3,SNX20
SMARCA1,H3C12,GSK3B,ACSBG1
SMARCA1,PLEKHA4,SHTN1,OR4E2
SMARCA1,RPS19,TXNDC11,DUOX2,DUOXA1
SMARCA1,RPS19,UBQLN1,CD47
SMARCA1,KPNA1,GOPC,CERCAM
SMARCA1,EZH2,SSTR1
SMARCA1,G3BP1,FYN,SLC4A8
SMARCA1,G3BP1,VCP,LRRC15
SMARCA1,INAVA,CYTH1
SMARCA1,RPS19,UBQLN1,CD47
SMARCA1,PLEKHA4,INTS8,UPK2
SMARCA1,SRC,CYSTM1,GLP1R
SMARCA1,PGR,SGTA,CDH15
SMARCA1,SRC,RASA1
SMARCA1,H3C12,DAXX,CHMP3
SMARCA1,EZH2,TWIST1,ICAM1
SMARCA1,G3BP1,CCDC8,GNA13
SMARCA1,EZH2,MYCN,SIGIRR
SMARCA1,G3BP1,CFTR,CLCA1
SMARCA1,G3BP1,CTNNB1,PTPRU
SMARCA1,G3BP1,CFTR,CLCA1
SMARCA1,G3BP1,JUP,CDH8
SMARCA1,SRC,CRMP1,CACNA1A
SMARCA1,G3BP1,CCDC8,GNA13
SMARCA1,FBXW7,BCKDK,SMPD2
SMARCA1,G3BP1,CCDC8,GNA13
SMARCA1,FBXW7,FLG
SMARCA1,EZH2,TSC1,CCDC160,CDHR3
SMARCA1,EZH2,STAT3,DLK2,ERVMER34-1
SMARCA1,SRC,DLG4,FZD4
SMARCA1,PLEKHA4,LIN7B
SMARCA1,G3BP1,FYN,SLC4A8
SMARCA1,SRC,PIK3R1
SMARCA1,G3BP1,ESR1,SERPINB5,SCN1B
SMARCA1,G3BP1,TRIM21,GRAP
SMARCA1,EZH2,YY1,F9
SMARCA1,G3BP1,FYN,SLC4A8
SMARCA1,G3BP1,ATXN2L,TAGLN,HYAL3
SMARCA1,G3BP1,CCDC8,GNA13
SMARCA1,MACROH2A1,HSD3B2,CTSF
SMARCA1,G3BP1,RACK1,KCNAB1,UNC5A
SMARCA1,EZH2,IGF1R
SMARCA1,G3BP1,VCP,LRRC15
SMARCA1,SRC,NEDD4
SMARCA1,H3C12,GTF3C2,RASGEF1A
SMARCA1,G3BP1,BAG3,SNX20
SMARCA1,EZH2,PTEN,ITGA6
SMARCA1,HMGN5,WNK3,SLC12A4
SMARCA1,G3BP1,CTNNB1,PTPRU
SMARCA1,G3BP1,BAG3,SNX20
SMARCA1,EZH2,RELA,MUC3A
SMARCA1,PLEKHA4,MTFR1
SMARCA1,H3C12,UBB,SLC14A1
SMARCA1,G3BP1,TRIM56,STING1
SMARCA1,G3BP1,VCP,LRRC15
SMARCA1,PLEKHA4,ROCK1,WASHC2A
SMARCA1,G3BP1,VCP,LRRC15
SMARCA1,PLEKHA4,SPAST,CBLIF,CUBN
SMARCA1,G3BP1,BAG3,SNX20
SMARCA1,FBL,S100A10,TRPV5
SMARCA1,G3BP1,DDX58,PEDS1,TMEM106A
SMARCA1,G3BP1,SPAG5,AGPS,PLB1
SMARCA1,SRC,HSPA8,OSBPL7
SMARCA1,BRD4,AHNAK
SMARCA1,SRC,PDPK1
SMARCA1,MYO1E,SYNPO
SMARCA1,EZH2,BRCA1,GFI1B
SMARCA1,EZH2,RELA,MUC3A
SMARCA1,G3BP1,VCP,LRRC15
SMARCA1,EPN2,TGOLN2,RAB18
SMARCA1,G3BP1,TRIM21,GRAP
SMARCA1,G3BP1,CTNNB1,PTPRU
SMARCA1,EZH2,FMR1,CD6
SMARCA1,PLEKHA4,PTK7
SMARCA1,G3BP1,ZNF638,CLEC3A,SLC16A5
SMARCA1,G3BP1,CTNNB1,PTPRU
SMARCA1,EPN2,ARRDC1
SMARCA1,G3BP1,CTNNB1,PTPRU
SMARCA1,EZH2,BRCA1,GFI1B
SMARCA1,H3C12,FGF14,SCN4A
SMARCA1,SRC,TGFBR2,RELT
SMARCA1,PLEKHA4,PPP2R2D,GPC5
SMARCA1,SRC,TYRO3
SMARCA1,H3C12,DAXX,CHMP3
SMARCA1,EZH2,SEPTIN2,JPT2
SMARCA1,SRC,IL10RB
SMARCA1,PLEKHA4,GNB1,MC2R
SMARCA1,G3BP1,BAG3,SNX20
SMARCA1,G3BP1,IRS4,MTNR1B
SMARCA1,G3BP1,CCDC8,GNA13
SMARCA1,SRC,CDH1,CLINT1
SMARCA1,H3C12,EGFR,SLA2
SMARCA1,WWP2,DNAJC5,SLC32A1
SMARCA1,H1-0,PRKCB
SMARCA1,EZH2,WDR76,NID2
SMARCA1,SRC,STX7,SNX30
SMARCA1,G3BP1,JUP,CDH8
SMARCA1,EED,SMPD3
SMARCA1,PLEKHA4,GNB1,MC2R
SMARCA1,NUMA1,PALS2
SMARCA1,H3C12,GRB2,TBC1D3G
SMARCA1,SRC,CDC42
SMARCA1,BRD4,GATA1,GP9
SMARCA1,PLEKHA4,MRPL44
SMARCA1,FBXW7,CDC42BPB
SMARCA1,G3BP1,ATP2A2,PGRMC1
SMARCA1,G3BP1,BAG3,SNX20
SMARCA1,SRC,TRAF3,TNFRSF17
SMARCA1,SRC,CDH1,CLINT1
SMARCA1,G3BP1,VCP,LRRC15
SMARCA1,TRIM28,GDI1,GOLM1
SMARCA1,G3BP1,JAK2,MUC7
SMARCA1,G3BP1,FYN,SLC4A8
SMARCA1,G3BP1,CFTR,CLCA1
SMARCA1,G3BP1,CHD4,KRT31,RXFP2
SMARCA1,EZH2,AKT1,TLR2
SMARCA1,SRC,CDH1,CLINT1
SMARCA1,SIN3B,MYC,CDR2,KIR2DL4
SMARCA1,G3BP1,LARP7,EPB42
SMARCA1,RPS2,SND1,MGLL
SMARCA1,DPY30,MTPN,MPP2
SMARCA1,G3BP1,CTNNB1,PTPRU
SMARCA1,EZH2,CHD8,CASR
SMARCA1,COIL,MYO5B,TBC1D30
SMARCA1,SRC,STX7,SNX30
SMARCA1,SIN3A,KLK3
SMARCA1,G3BP1,BAG3,SNX20
SMARCA1,PLEKHA4,GAPVD1
SMARCA1,G3BP1,BAG3,SNX20
SMARCA1,SRC,DLG4,FZD4
SMARCA1,PLEKHA4,YWHAG,PPIP5K1
SMARCA1,H3C12,FBLN1,CCN2
SMARCA1,G3BP1,LARP7,EPB42
SMARCA1,H3C12,GRB2,TBC1D3G
SMARCA1,H3C12,DNAJC11,ERGIC3,ADGRG6
SMARCA1,EZH2,REEP4,RETREG3,RAET1G
SMARCA1,G3BP1,BAG3,SNX20
SMARCA1,H3C12,GRB2,TBC1D3G
SMARCA1,PLEKHA4,COPB1
SMARCA1,SRC,RAF1,WDR6
SMARCA1,SRC,ANXA2
SMARCA1,FOXE1,REL,SLC6A12
SMARCA1,G3BP1,YES1,CRKL,JAML
SMARCA1,G3BP1,JAK2,MUC7
SMARCA1,H3C12,KDM5B,ABCA4
SMARCA1,FBXW7,RND3,SEMA4F
SMARCA1,SRC,LYN,ITGA2
SMARCA1,G3BP1,AGO2,SLC7A9
SMARCA1,PLEKHA4
SMARCA1,SRC,CTTN,EXOC8
SMARCA1,G3BP1,VCP,LRRC15
SMARCA1,SRC,CAV1,SCP2,CNGA3,CNGB3
SMARCA1,USF1,FASN,SLC34A3
SMARCA1,G3BP1,CTNNB1,PTPRU
SMARCA1,EZH2,AKT1,TLR2
SMARCA1,H2AX,B2M,MR1
SMARCA1,G3BP1,BAG3,SNX20
SMARCA1,G3BP1,CTNNB1,PTPRU
SMARCA1,H3C12,RPS6KA3,HTR2A
SMARCA1,SRC,CASP8,NLRC4
SMARCA1,H3C12,EGFR,SLA2
SMARCA1,SRC,C1QL4,IFNLR1,SLC47A1
SMARCA1,DPY30,MTPN,MPP2
SMARCA1,H3C12,ACTL6A
SMARCA1,SRC,PIK3R1,GABRA3
SMARCA1,SRC,NRAS,PCDH18
SMARCA1,H3C12,EGFR,SLA2
SMARCA1,G3BP1,RPS7,CALD1
SMARCA1,SRC,EPHA2,CAMK1G
SMARCA1,FBXW7,JAK1
SMARCA1,G3BP1,BAG3,SNX20
SMARCA1,PLEKHA4,ATP2A3,PIEZO1
SMARCA1,EZH2,AR,SLC43A1
SMARCA1,PLEKHA4,DYNC2H1
SMARCA1,G3BP1,BAG3,SNX20
SMARCA1,SRC,CDH5
SMARCA1,G3BP1,CFTR,CLCA1
SMARCA1,SRC,DLG4,FZD4
SMARCA1,USF1,FASN,SLC34A3
SMARCA1,G3BP1,HTT,DOCK11,QRFPR
SMARCA1,SRC,FGFR1,FRS3
SMARCA1,SRC,FGFR1,FRS3
SMARCA1,PLEKHA4,COPE,SLC35A1
SMARCA1,G3BP1,RACK1,KCNAB1
SMARCA1,PLEKHA4,GNB1,MC2R
SMARCA1,PLEKHA4,GNB2,RGS6
SMARCA1,G3BP1,BAG3,SNX20
SMARCA1,RUVBL1,NUFIP1,SLC12A5
SMARCA1,H3C12,EGFR,SLA2
SMARCA1,G3BP1,CTNNB1,PTPRU
SMARCA1,G3BP1,CIP2A,IL1R2
SMARCA1,G3BP1,FYN,SLC4A8
SMARCA1,PLEKHA4,CALM3,SCTR
SMARCA1,APEX1,SLC5A5
SMARCA1,PGR,GAPDH,SLC4A3
SMARCA1,G3BP1,VCP,LRRC15
SMARCA1,G3BP1,CCDC8,GNA13
SMARCA1,SRC,CBLC
SMARCA1,H3C12,EGFR,SLA2
SMARCA1,G3BP1,PRDX1,ALDH3A1
SMARCA1,SRC,AP2B1
SMARCA1,RBBP4,ATP6V1A
SMARCA1,G3BP1,FYN,SLC4A8
SMARCA1,G3BP1,CCDC8,GNA13
SMARCA1,PLEKHA4,RAB39A
SMARCA1,SRC,CTSV,VNN2
SMARCA1,SRC,CEACAM1,CLEC4M
SMARCA1,G3BP1,VCP,LRRC15
SMARCA1,PLEKHA4,RPN2,TUSC3
SMARCA1,G3BP1,LRRK2,TGM3,S1PR4
SMARCA1,PLEKHA4,ROCK1,WASHC2A
SMARCA1,SRC,PECAM1,CD38
SMARCA1,EZH2,SMURF2
SMARCA1,SRC,XK
SMARCA1,G3BP1,BAG3,SNX20
SMARCA1,NUMA1,TUBB3,UNC5C
SMARCA1,PLEKHA4,MRPL58
SMARCA1,SMARCA4,ABCG2
SMARCA1,SRC,PRKCD
SMARCA1,PLEKHA4,PTPRO
SMARCA1,G3BP1,TFRC,ANPEP
SMARCA1,G3BP1,VCP,LRRC15
SMARCA1,KIF20A,RASL12
SMARCA1,SRC,VCL
SMARCA1,G3BP1,FYN,SLC4A8
SMARCA1,G3BP1,CCDC8,GNA13
SMARCA1,G3BP1,CTNNB1
SMARCA1,H3C12,RPS27A,SMKR1,SLC10A1
SMARCA1,G3BP1,VCP,LRRC15
SMARCA1,PLEKHA4,GNB1,MC2R
SMARCA1,SRC,CEACAM21,PVR
SMARCA1,MBD3,EWSR1
SMARCA1,PLEKHA4,GNB1,MC2R
SMARCA1,KIF20A,FLNC
SMARCA1,SRC,NOXA1,NOXO1
SMARCA1,H3C12,PSEN1,ATP9A
SMARCA1,G3BP1,VCP,LRRC15
SMARCA1,SRC,CYP2S1,TPRA1
SMARCA1,H3C12,GRB2,TBC1D3G
SMARCA1,H3C12,MECP2,GRIA2
SMARCA1,DPY30,MTPN,MPP2
SMARCA1,EZH2,PTEN,ITGA6
SMARCA1,PLEKHA4,RAB5A,RAB3GAP2,WNT7B
SMARCA1,POLE3,RAP1A
SMARCA1,PLEKHA4,AKT2
SMARCA1,H3C12,BRD1,GAS6,PCDHA3
SMARCA1,G3BP1,CCDC8,GNA13
SMARCA1,SRC,PXN,PARVA
SMARCA1,EZH2,AKT1,TLR2,CYBRD1
SMARCA1,G3BP1,HNRNPD,SHISA5,SV2C
SMARCA1,G3BP1,TRIP13,PLK3,OR1M1
SMARCA1,G3BP1,PALLD
SMARCA1,MACROH2A1,RND2
SMARCA1,G3BP1,BAG3,SNX20
SMARCA1,G3BP1,S100A9
SMARCA1,G3BP1,ALDH3A2,TPTE,GBA2
SMARCA1,G3BP1,CCDC8,GNA13
SMARCA1,SRC,KCNJ1
SMARCA1,H3C12,DNM2,STX19
SMARCA1,RPS19,PIM1
SMARCA1,KIF20A,EGFL7,ADAM21
SMARCA1,G3BP1,TRIM21,GRAP
SMARCA1,G3BP1,AGO2,SLC7A9
SMARCA1,H3C12,THBS1,EBF2,MMP15
SMARCA1,FBXW7,BCKDK,SMPD2
SMARCA1,SRC,RAF1,WDR6
SMARCA1,G3BP1,EIF4H,DLG3
SMARCA1,EZH2,ZNF592,SLC31A1
SMARCA1,KLF9,ERBIN
SMARCA1,DDX21,ACIN1
SMARCA1,SRC,PRKD1
SMARCA1,EZH2,ACTB
SMARCA1,G3BP1,LARP7,EPB42
SMARCA1,H3C12,NPM1,CAVIN1
SMARCA1,EZH2,RELA,MUC3A
SMARCA1,EZH2,RELA,MUC3A
SMARCA1,H3C12,ITIH2,LRRC4C
SMARCA1,SRC,SHANK3,SYT5
SMARCA1,SRC,ABL1,RTF2,PRLHR
SMARCA1,SRC,ARRB1,PTAFR
SMARCA1,PLEKHA4,GNB1,MC2R
SMARCA1,G3BP1,MOSPD2,GOSR1,MIGA2
SMARCA1,G3BP1,ATP2A2,PGRMC1
SMARCA1,EZH2,H3-4,REXO1,CDHR2
SMARCA1,EED,NF2,IQCJ-SCHIP1
SMARCA1,G3BP1,FYN,SLC4A8
SMARCA1,PGR,GAPDH,SLC4A3
SMARCA1,G3BP1,CCDC8,GNA13,DRD5
SMARCA1,PLEKHA4,RAB5A,RAB3GAP2
SMARCA1,SRC,AXL,TREML2
SMARCA1,G3BP1,PA2G4,NMD3,TP53I13
SMARCA1,KPNA1,GOPC,CERCAM
SMARCA1,SRC,CASP8,NLRC4
SMARCA1,SRC,RET
SMARCA1,KIF20A,ATAD3B
SMARCA1,CHRAC1,LRRTM4,PTPRS
SMARCA1,SRC,SPTAN1,ATP8B3
SMARCA1,DPY30,MTPN,MPP2
SMARCA1,G3BP1,ESR1,SERPINB5,TPSG1
SMARCA1,EZH2,RARA,AJUBA
SMARCA1,G3BP1,CFTR,CLCA1
SMARCA1,EZH2,TRIM63,DMD
SMARCA1,KIF20A,CD55
SMARCA1,WWP2,GRAP2
SMARCA1,MBD2,LAMTOR3
SMARCA1,FBXW7,NOTCH2,WNT5A
SMARCA1,SRC,ITGB3
SMARCA1,EZH2,WT1,NPHS1
SMARCA1,SMARCA4,TOPBP1
SMARCA1,G3BP1,GSK3A,LRP6
SMARCA1,G3BP1,CCDC8,GNA13
SMARCA1,G3BP1,PSMC2,PSMA7,CCL1,CCR8
SMARCA1,EZH2,AKT1,TLR2
SMARCA1,G3BP1,EIF4A1,EIF4G2,ABCC4
SMARCA1,G3BP1,JAK2,MUC7
SMARCA1,H3C12,KDM5B,ABCA4
SMARCA1,MYO1E,RAC2,DIRAS1
SMARCA1,SMARCC1,STAT2
SMARCA1,EZH2,AKT1,TLR2,ADIPOR2
SMARCA1,PGR,GAPDH
SMARCA1,NUMA1
SMARCA1,G3BP1,PRPF40A,CRYBB3,LRRN4
SMARCA1,PLEKHA4,SGPL1,PLPP4
SMARCA1,EZH2,YY1,F9
SMARCA1,G3BP1,IRS4,MTNR1B
SMARCA1,G3BP1,VCP,LRRC15,SLC24A3
SMARCA1,SIN3A,PTK6
SMARCA1,G3BP1,VCP,LRRC15
SMARCA1,G3BP1,CTNNB1,PTPRU
SMARCA1,H3C12,TRIM66,FAT3
SMARCA1,USF1,ADAM10,TSPAN5
SMARCA1,TOP1,SLC25A3
SMARCA1,G3BP1,YBX1,PABPC4L,AVPR1A
SMARCA1,SRC,F2RL1,TNFRSF12A,ADGRE2
SMARCA1,G3BP1,ESR1,SERPINB5,SLC34A1
SMARCA1,ZBTB2,STAU2
SMARCA1,EZH2,STAT3,DLK2,PDCD1
SMARCA1,SRC,ARRB1
SMARCA1,G3BP1,G3BP2,ERMAP
SMARCA1,DPY30,PSMD14,MICALL2
SMARCA1,H3C12,EGFR,SLA2
SMARCA1,SETD1A,PNISR
SMARCA1,SRC,CSNK2A3,F8
SMARCA1,FBXW7,MTOR,RHEBL1
SMARCA1,G3BP1,ATP2A2,PGRMC1
SMARCA1,SRC,FGFR1,FRS3
SMARCA1,EZH2,REEP4,RETREG3,RAET1E
SMARCA1,G3BP1,BAG3,SNX20
SMARCA1,G3BP1,GNS,FKBP14,NFASC
SMARCA1,EZH2,RELA,MUC3A
SMARCA1,H3C12,EGFR,SLA2
SMARCA1,G3BP1,EIF4H,DLG3
SMARCA1,SIN3A,KLK3,PLXNA3
SMARCA1,G3BP1,TFRC,ANPEP
SMARCA1,H3C12,SMC1A,GRM3
SMARCA1,FBXW7,MTOR,RHEBL1
SMARCA1,EZH2,WT1,NPHS1
SMARCA1,SRC,NRAS,PCDH18
SMARCA1,SRC,ARRB1,PTAFR
SMARCA1,G3BP1,FZR1,RGS11
SMARCA1,G3BP1,LARP7,EPB42
SMARCA1,H3C12,GRB2,TBC1D3G
SMARCA1,EZH2,CTCFL,PRKAR2B
SMARCA1,G3BP1,VCP,LRRC15
SMARCA1,G3BP1,YWHAB,VPS33B,KCNJ10
SMARCA1,H3C12,AIRE,CCDC87,ATP4B
SMARCA1,G3BP1,VCP,LRRC15
SMARCA1,SRC,PTK2
SMARCA1,H3C12,RPS27A
SMARCA1,EZH2,YY1,F9
SMARCA1,G3BP1,IRS4,MTNR1B
SMARCA1,FOXC1,CEBPE
SMARCA1,G3BP1,HSP90AA1,NR3C2,GP2
SMARCA1,MYO1E,RHOV
SMARCA1,G3BP1,LARP7,EPB42
SMARCA1,G3BP1,CCDC8,GNA13
SMARCA1,G3BP1,RACK1,KCNAB1
SMARCA1,EZH2,AKT1,TLR2
SMARCA1,G3BP1,BAG3,SNX20
SMARCA1,H3C12,UBB,SLC14A1
SMARCA1,G3BP1,FYN,SLC4A8
SMARCA1,USF1,FASN,SLC34A3
SMARCA1,G3BP1,CCDC8,GNA13,AMBP
SMARCA1,SRC,PLCG1
SMARCA1,G3BP1,CHD4,KRT31,SLC23A1
SMARCA1,ZNF467,FLT1
SMARCA1,PLEKHA4,ENDOD1,SLC34A2
SMARCA1,H3C12,PSEN1,ATP9A
SMARCA1,SRC,CASP8,NLRC4
SMARCA1,PGR,NCOA1
SMARCA1,EZH2,YY1,F9
SMARCA1,H3C12,PSEN2,PSENEN
SMARCA1,PLEKHA4,GPI,PARP14
SMARCA1,G3BP1,VCP,LRRC15
SMARCA1,KIF20A,EIF4A2,SLC16A9
SMARCA1,H3C12,ING2
SMARCA1,NUMA1,MACF1
SMARCA1,FOXK2,BAP1
SMARCA1,EEA1,TOM1
SMARCA1,G3BP1,VCP,LRRC15
SMARCA1,EPN2,TGOLN2,RAB18,MCOLN3
SMARCA1,H3C12,UBB,SLC14A1
SMARCA1,G3BP1,TRIM21,GRAP,GABRG2
SMARCA1,H3C12,FBLN1,CCN2
SMARCA1,PLEKHA4,PRKCZ
SMARCA1,G3BP1,LARP7,EPB42
SMARCA1,H3C12,EGFR,SLA2
SMARCA1,PLEKHA4,GNB2,RGS6
SMARCA1,H3C12,DAXX,CHMP3
SMARCA1,G3BP1,CTNNB1,PTPRU
SMARCA1,SRC,RRAS
SMARCA1,SRC,CTTN,EXOC8
SMARCA1,H3C12,PRC1,COLEC12
SMARCA1,G3BP1,VCP,LRRC15
SMARCA1,SRC,EPHA2
SMARCA1,G3BP1,FYN,SLC4A8
SMARCA1,G3BP1,FYN,SLC4A8
SMARCA1,BRD2,SPAM1
SMARCA1,RPS19,TXNDC11,DUOX2
SMARCA1,PLEKHA4,RPN2,TUSC3
SMARCA1,SRC,TRAF6,TNFRSF13B
SMARCA1,G3BP1,IRS4,MTNR1B
SMARCA1,FBXW7,MFF,AQP9
SMARCA1,G3BP1,VASP,GPHN
SMARCA1,G3BP1,JUP,CDH8
SMARCA1,RPS19,RPL36AL
SMARCA1,BRD3,GOT2
SMARCA1,PLEKHA4,KLC4,CHRNA9
SMARCA1,H3C12,TRIM66,FAT3
SMARCA1,G3BP1,IRS4,MTNR1B
SMARCA1,SRC,RGS16
SMARCA1,G3BP1,JAK2,MUC7
SMARCA1,FBXW7,CUL1
SMARCA1,PLEKHA4,GNB2,RGS6
SMARCA1,SRC,KDR,PLXND1
SMARCA1,FBXW7,KTN1,SLC16A7
SMARCA1,SRC,PRSS8
SMARCA1,EZH2,MYCN,SIGIRR
SMARCA1,H3C12,EGFR,SLA2
SMARCA1,SRC,GJA1,PCDH19,GABRA4
SMARCA1,PLEKHA4,GNB2
SMARCA1,SRC,DLG4,FZD4
SMARCA1,H3C12,GSK3B,ACSBG1
SMARCA1,EEA1,RAB22A
SMARCA1,G3BP1,VCP,LRRC15
SMARCA1,G3BP1,CCDC8,GNA13
SMARCA1,G3BP1,HSP90AA1
SMARCA1,FBXW7,RND3
SMARCA1,SRC,STX7
SMARCA1,SRC,MYLK
SMARCA1,EZH2,RARA,AJUBA
SMARCA1,SRC,NRAS,PCDH18
SMARCA1,G3BP1,CFTR,CLCA1
SMARCA1,SRC,HSPA8,OSBPL7
SMARCA1,H3C12,NPM1,CAVIN1
SMARCA1,PLEKHA4,CALM3
SMARCA1,H3C12,ZMYM2,C8A
SMARCA1,EZH2,AKT1,TLR2
SMARCA1,PLEKHA4,EEF1A2,SLC13A5
SMARCA1,DDX21,PTPRB
SMARCA1,WWP2,LITAF
SMARCA1,EZH2,FKBP5,PI4KA
SMARCA1,PARP1,CASP1
SMARCA1,G3BP1,BAG3,SNX20
SMARCA1,SRC,PIK3R3,PCDHB5
SMARCA1,EZH2,SEPTIN2,JPT2
SMARCA1,G3BP1,VCP,LRRC15
SMARCA1,SRC,MAVS,TLR1
SMARCA1,FBXW7,MTOR,RHEBL1
SMARCA1,PLEKHA4,SMAD3
SMARCA1,SRC,TMPRSS11E,SERPINA12
SMARCA1,EZH2,ZBTB16,ATP7B
SMARCA1,PLEKHA4,SPIRE1
SMARCA1,G3BP1,ATP2A2
SMARCA1,SRC,TRAF3,TNFRSF17,TNFSF14
SMARCA1,G3BP1,CCDC8,GNA13,GPR35
SMARCA1,TERF2IP,PPP6R3
SMARCA1,EZH2,SEPTIN2,JPT2
SMARCA1,NUMA1,GNAI1,RGS10
SMARCA1,G3BP1,S100A9,CSTA,GPR18
SMARCA1,SRC,FLNA,PHLDB2
SMARCA1,G3BP1,VCP,LRRC15
SMARCA1,G3BP1,CCDC8,GNA13
SMARCA1,H3C12,EGFR,SLA2
SMARCA1,PLEKHA4,YWHAH,RIMS1
SMARCA1,RYBP,ANK2,ABCC8
SMARCA1,G3BP1,VASP,GPHN,PLPPR4
SMARCA1,G3BP1,VCP,LRRC15
SMARCA1,SIN3A,KLK3,PLXNA3
SMARCA1,SRC,PTPRN2
SMARCA1,KIF20A,RAB14
SMARCA1,SRC,HCN2
SMARCA1,G3BP1,YWHAB,VPS33B,ABHD6
SMARCA1,G3BP1,PRDX1,ALDH3A1,ITPRIP
SMARCA1,G3BP1,TRIM21,GRAP,KCNMA1,KCNMB1
SMARCA1,PLEKHA4,ANKRD28,AGPAT2
SMARCA1,G3BP1,VCP,LRRC15
SMARCA1,PTGES3,ABCC1
SMARCA1,PLEKHA4,TMTC3,TRHDE
SMARCA1,EEA1,RAB4A,SLC9A7
SMARCA1,G3BP1,G3BP2,ERMAP
SMARCA1,PLEKHA4,MUC5AC,SLC5A1
SMARCA1,DDX21,RRP8
SMARCA1,SRC,GRB10
SMARCA1,EZH2,PPARG,SELENOK
SMARCA1,USF1,FASN,SLC34A3
SMARCA1,G3BP1,DDX5,RBM6,NPDC1
SMARCA1,SRC,EZR
SMARCA1,G3BP1,FYN,SLC4A8
SMARCA1,WWP2,RHOH
SMARCA1,G3BP1,VCP,LRRC15
SMARCA1,H3C12,GTF3C2,RASGEF1A
SMARCA1,NANOG,USP21
SMARCA1,G3BP1,GSK3A,LRP6
SMARCA1,PLEKHA4,GNB1,MC2R
SMARCA1,EZH2,AKT1,TLR2
SMARCA1,G3BP1,CIP2A,IL1R2
SMARCA1,SRC,HRAS,PTAR1,PALM
SMARCA1,SRC,DLG4,FZD4
SMARCA1,SRC,RHOB,RTKN2
SMARCA1,PLEKHA4,ABCB6,DCT
SMARCA1,ZBTB2,NKTR
SMARCA1,G3BP1,RACK1,KCNAB1
SMARCA1,H3C12,INO80B,USH1G
SMARCA1,SRC,DNM1
SMARCA1,RECQL4,F12
SMARCA1,H3C12,TAF5,SERPINB2
SMARCA1,G3BP1,LARP7,EPB42
SMARCA1,G3BP1,RACK1,KCNAB1,CD320
SMARCA1,G3BP1,DNAJA1,NMRAL1,GPR17
SMARCA1,SRC,TGFBR2,RELT
SMARCA1,FBXW7,SREBF2,SLC39A12,ASIC4
SMARCA1,H3C12,EGFR,SLA2
SMARCA1,SRC,CDH1,CLINT1
SMARCA1,PLEKHA4,GLUL
SMARCA1,EZH2,SALL4,ABCA3
SMARCA1,H3C12,ITIH2,LRRC4C
SMARCA1,BRD4,UBE2E1,MGRN1
SMARCA1,PLEKHA4,PDIA6
SMARCA1,G3BP1,JAK2,MUC7
SMARCA1,H3C12,EGFR,SLA2
SMARCA1,EZH2,ZBTB16,ATP7B
SMARCA1,SRC,SH3KBP1,VPS37B
SMARCA1,BRD4,UBE2E1,MGRN1
SMARCA1,SRC,HLA-A
SMARCA1,EZH2,AR,SLC43A1
SMARCA1,EZH2,CHD8,CASR
SMARCA1,SRC,PTPN6,LILRB4
SMARCA1,H3C12,MECP2,GRIA2
SMARCA1,SRC,RHOA
SMARCA1,SRC,SHANK2
SMARCA1,EZH2,FKBP5,PI4KA,EFR3A
SMARCA1,EZH2,PTEN,ITGA6
SMARCA1,G3BP1,CIP2A,IL1R2
SMARCA1,SRC,TRAF6,TNFRSF13B
SMARCA1,G3BP1,VCP,LRRC15
SMARCA1,G3BP1,CCDC8,GNA13,STXBP5L
SMARCA1,BRMS1L,AMOTL2,FCRL5
SMARCA1,SRC,ATG9A,SLC44A5
SMARCA1,SRC,DAB1,APLP1
SMARCA1,SRC,DLG4,FZD4
SMARCA1,EZH2,RORA,ZXDC,JTB
SMARCA1,FBXW7,ATP5F1B,ABCA2
SMARCA1,RFXANK,BSG,SLC16A13
SMARCA1,G3BP1,DNAJA1,NMRAL1,SLC22A5
SMARCA1,EZH2,PTEN,ITGA6
SMARCA1,SRC,RHOB,RTKN2
SMARCA1,SRC,TRAF3,TNFRSF17
SMARCA1,G3BP1,PABPC1,PAPOLB,RAB27B
SMARCA1,G3BP1,JUP,CDH8
SMARCA1,G3BP1,TRIM21,GRAP
SMARCA1,SRC,STAT1,AGAP3,IL12RB2
SMARCA1,PLEKHA4,HLA-DQB2
SMARCA1,GATAD2B,ZBTB33
SMARCA1,G3BP1,CSDE1
SMARCA1,SRC,CYSTM1,GLP1R
SMARCA1,G3BP1,FYN,SLC4A8
SMARCA1,PLEKHA4,KLC2
SMARCA1,H3C12,EGFR,SLA2
SMARCA1,G3BP1,JAK2,MUC7
SMARCA1,WWP2,PTCH1
SMARCA1,BRD4,CHD1L,ART3
SMARCA1,SRC,HSPA8,OSBPL7
SMARCA1,FBXW7,RAB4B
SMARCA1,SRC,EXTL3
SMARCA1,SRC,PDCD6IP,DRD1
SMARCA1,PLEKHA4,DNAJB6,AQP8
SMARCA1,SRC,PTPN2
SMARCA1,G3BP1,JAK2,MUC7
SMARCA1,H3C12,GRB2,TBC1D3G
SMARCA1,FBXW7,ATP5F1B,ABCA2
SMARCA1,SRC,FERMT2
SMARCA1,SRC,ABHD17A
SMARCA1,G3BP1,TRIM21,GRAP,KCNMA1
SMARCA1,G3BP1,ITK
SMARCA1,DPY30,MTPN,MPP2,OR2K2
SMARCA1,SRC,PTPN1,C1orf210
SMARCA1,MTA1,COP1,PNPLA2
SMARCA1,TERF2IP,PRX
SMARCA1,SRC,PRKCD,PDP2,CNTFR
SMARCA1,G3BP1,AGO2,SLC7A9
SMARCA1,SRC,RAF1,WDR6
SMARCA1,EZH2,PRMT5,COPRS
SMARCA1,SRC,CTTN,EXOC8
SMARCA1,PGR,SGTA,CDH15
SMARCA1,MYBL2,SPTA1
SMARCA1,G3BP1,VCP,LRRC15,AQP10,LYVE1
SMARCA1,FBXW7,BCKDK,SMPD2
SMARCA1,SRC,HSPA8,OSBPL7
SMARCA1,SRC,CDH1,CLINT1
SMARCA1,G3BP1,VCP,LRRC15
SMARCA1,H3C12,MECP2,GRIA2
SMARCA1,SRC,CDKN1B,RNF123,PCDHA5
SMARCA1,SRC,FASLG,MPP4
SMARCA1,H3C12,EGFR,SLA2
SMARCA1,H3C12,GSK3B,ACSBG1
SMARCA1,RPS19,UBQLN1,CD47
SMARCA1,RFXANK,APAF1,CASP4
SMARCA1,SRC,NOXA1,NOXO1
SMARCA1,SRC,CX3CL1
SMARCA1,EPN2,CLTA
SMARCA1,EZH2,RELA,MUC3A
SMARCA1,H3C12,EGFR,SLA2
SMARCA1,G3BP1,FZR1,RGS11
SMARCA1,G3BP1,CTNNB1,PTPRU
SMARCA1,FBXW7,KATNAL1,KATNB1
SMARCA1,G3BP1,CFTR,CLCA1
SMARCA1,H3C12,GSK3B,ACSBG1
SMARCA1,SRC,FLNA,PHLDB2
SMARCA1,SRC,VAV3
SMARCA1,ZBTB2,DNM3,SLC2A12
SMARCA1,H3C12,EGFR,SLA2
SMARCA1,H3C12,PRC1,COLEC12
SMARCA1,H3C12,TAF5,SERPINB2
SMARCA1,WWP2,SCNN1A
SMARCA1,EPN2,TGOLN2,RAB18
SMARCA1,SRC,SH2D1B,SLAMF7
SMARCA1,G3BP1,CCDC8,GNA13,CXCR1
SMARCA1,EZH2,TWIST1,ICAM1
SMARCA1,G3BP1,HSPA9,ADCK5,KSR2
SMARCA1,SRC,PTPN6,LILRB4
SMARCA1,G3BP1,FYN,SLC4A8,GRIN3A
SMARCA1,SRC,FGFR1,FRS3
SMARCA1,SRC,MMP14,NPR1
SMARCA1,PLEKHA4,TMTC3,TRHDE
SMARCA1,G3BP1,FYN,SLC4A8
SMARCA1,SRC,CSNK2A1
SMARCA1,FOXE1,REL,SLC6A12
SMARCA1,G3BP1,VCP,LRRC15
SMARCA1,PLEKHA4,ATP2C1
SMARCA1,G3BP1,YES1,CRKL,ADGRL3,TENM2
SMARCA1,SRC,PXN,PARVA
SMARCA1,G3BP1,JAK2,MUC7
SMARCA1,H3C12,DAXX,CHMP3
SMARCA1,CHRAC1,GOT1,ANXA8
SMARCA1,G3BP1,JUP,CDH8
SMARCA1,SRC,FHL1
SMARCA1,FOXE1,REL,SLC6A12,STOML3
SMARCA1,EZH2,PPARG,SELENOK
SMARCA1,G3BP1,FYN,SLC4A8
SMARCA1,PLEKHA4,CDK16
SMARCA1,PLEKHA4,YIPF3
SMARCA1,SRC,PTPN6,LILRB4
SMARCA1,PLEKHA4,MARK2
SMARCA1,KIF20A,AHNAK2
SMARCA1,EZH2,RARA,AJUBA
SMARCA1,H3C12,RPS6KA3,HTR2A
SMARCA1,H3C12,NPM1,CAVIN1
SMARCA1,H3C12,CTSD,ATP6V0A1
SMARCA1,MBD2,LAMTOR3,BORCS5
SMARCA1,G3BP1,RPS3,FGF13
SMARCA1,EZH2,MYCN,SIGIRR
SMARCA1,G3BP1,EIF4A1,EIF4G2,SLC12A9
SMARCA1,GATAD2B,KLF3,ATP10B
SMARCA1,PLEKHA4,GNB1,MC2R
SMARCA1,H3C12,EGFR,SLA2
SMARCA1,G3BP1,CCDC8,GNA13,AKAP5
SMARCA1,SRC,PTPN6,LILRB4
SMARCA1,SRC,KRAS
SMARCA1,DPY30,UNK,SPCS1,RAB3C
SMARCA1,SRC,ARRB1,PTAFR
SMARCA1,CBX3,PRKG1,SELL
SMARCA1,SRC,DLG4
SMARCA1,G3BP1,HTT,DOCK11,SYT10
SMARCA1,SRC,TRPV4
SMARCA1,G3BP1,ATXN2,LCP1
SMARCA1,EZH2,CTCFL,PRKAR2B
SMARCA1,G3BP1,VCP,LRRC15,GRK4
SMARCA1,G3BP1,VCP,LRRC15
SMARCA1,G3BP1,VCP,LRRC15
SMARCA1,DPY30,MATR3,MYOF
SMARCA1,PLEKHA4,ENDOD1,SLC34A2
SMARCA1,G3BP1,ATXN2,LCP1
SMARCA1,G3BP1,IRS4,MTNR1B,DCST1
SMARCA1,G3BP1,VCP,LRRC15
SMARCA1,PLEKHA4,GNB1,MC2R
SMARCA1,EZH2,ZNF263,TRAF7
SMARCA1,KIF20A,WDR13
SMARCA1,SRC,TNK2
SMARCA1,ARID1B
SMARCA1,EZH2,PJA1,DGKD
SMARCA1,G3BP1,BAG3,SNX20
SMARCA1,H3C12,EGFR,SLA2
SMARCA1,EZH2,AKT1,TLR2
SMARCA1,PLEKHA4,YWHAG,PPIP5K1
SMARCA1,G3BP1,ALDH3A2,TPTE,SPPL3
SMARCA1,G3BP1,YWHAB,VPS33B,P2RX1
SMARCA1,G3BP1,LRRK2,TGM3,CNNM4
SMARCA1,G3BP1,BAG3,SNX20
SMARCA1,PLEKHA4,GNB1,MC2R
SMARCA1,H3C12,MSH2,HLA-DPB1
SMARCA1,PLEKHA4,GNB1,MC2R
SMARCA1,G3BP1,FYN,SLC4A8
SMARCA1,G3BP1,JAK2,MUC7
SMARCA1,G3BP1,VCP,LRRC15
SMARCA1,G3BP1,CTNNB1,PTPRU,OR1D2
SMARCA1,SRC,SPTAN1
SMARCA1,G3BP1,HNRNPA1,FDPS,TNFRSF1B
SMARCA1,G3BP1,FYN,SLC4A8
SMARCA1,SRC,HSPA8,OSBPL7
SMARCA1,G3BP1,VCP,LRRC15
SMARCA1,G3BP1,VCP,LRRC15
SMARCA1,PLEKHA4,HIP1R,VPS28
SMARCA1,USF1,ADAM10,TSPAN5
SMARCA1,PLEKHA4,CALM3,SCTR
SMARCA1,PLEKHA4,GNB1
SMARCA1,G3BP1,RACK1,KCNAB1
SMARCA1,PLEKHA4,TJP1,CLDN6
SMARCA1,G3BP1,FYN,SLC4A8
SMARCA1,SRC,DHRS3,SIDT2
SMARCA1,RPS19,OASL,SEZ6L2
SMARCA1,EZH2,TSC1
SMARCA1,G3BP1,CIP2A,IL1R2
SMARCA1,G3BP1,RPS15A,ABCC6
SMARCA1,PLEKHA4,ABCB6
SMARCA1,G3BP1,LARP7,EPB42
SMARCA1,BRD2,RAB2B
SMARCA1,G3BP1,VCP,LRRC15
SMARCA1,ZNF512B,SIAH1,GDPD5
SMARCA1,COIL,PSMA1,GCSH,GLDC
SMARCA1,G3BP1,VCP,LRRC15
SMARCA1,H3C12,CTSD,ATP6V0A1,SLC30A10
SMARCA1,TRIM28,PARK7
SMARCA1,SRC,TRAF3,TNFRSF17
SMARCA1,SRC,EPHA3
SMARCA1,G3BP1,RACK1,KCNAB1
SMARCA1,EZH2,AR,SLC43A1
SMARCA1,H3C12,FBLN1,CCN2
SMARCA1,EZH2,RPS6KA5,EGF
SMARCA1,EZH2,RELA,MUC3A
SMARCA1,SRC,EPHA2,CAMK1G
SMARCA1,EZH2,BMPR1B,BMP7,HJV
SMARCA1,H3C12,EGFR,SLA2
SMARCA1,SRC,TRAF6,TNFRSF13B
SMARCA1,SRC,DLG4,FZD4
SMARCA1,BRD4,HSP90B1,GABRA1
SMARCA1,SRC,HNRNPA1L2,CATIP
SMARCA1,H3C12,KIF11,IRAK4
SMARCA1,RPS19,UBQLN1,CD47
SMARCA1,G3BP1,RACK1,KCNAB1
SMARCA1,SRC,CDH1,CLINT1
SMARCA1,G3BP1,ATP2A2,PGRMC1
SMARCA1,SRC,FGFR1,FRS3
SMARCA1,PLEKHA4,ENO3
SMARCA1,SRC,GRIN2B,LIN7A
SMARCA1,G3BP1,YES1,CRKL,PLA2G6
SMARCA1,SRC,MAVS,TLR1
SMARCA1,G3BP1,FYN,SLC4A8
SMARCA1,FBXW7,NOTCH1
SMARCA1,BRD4,UBE2C
SMARCA1,EZH2,ZNF146,AMIGO1,PROM2
SMARCA1,PLEKHA4,SNX9
SMARCA1,SRC,SPTAN1,ATP8B3
SMARCA1,G3BP1,ATP2A2,PGRMC1
SMARCA1,H3C12,EGFR,SLA2
SMARCA1,G3BP1,ELAVL1,SERPINB3
SMARCA1,SRC,FGFR1
SMARCA1,PLEKHA4,GNB1,MC2R
SMARCA1,WWP2,DNAJC5
SMARCA1,BRD3,LTBP1,PCDHGA5
SMARCA1,H3C12,GRB2,TBC1D3G
SMARCA1,SRC,PECAM1
SMARCA1,SRC,MUC1,CD68,GPR42
SMARCA1,PLEKHA4,RAB5A,RAB3GAP2
SMARCA1,H3C12,DNM2
SMARCA1,PTGES3,FLCN
SMARCA1,SRC,HSPA8,OSBPL7
SMARCA1,G3BP1,FZR1,RGS11
SMARCA1,FOXK2,TULP3
SMARCA1,H2AX,B2M,MR1
SMARCA1,G3BP1,CTNNB1,PTPRU
SMARCA1,G3BP1,CTNNB1,PTPRU
SMARCA1,RBBP7,ZBTB38,ALX1,OR52L1
SMARCA1,PLEKHA4,RAC3,SLC9A6
SMARCA1,FOXE1,REL,SLC6A12
SMARCA1,SRC,EPHA2,CAMK1G
SMARCA1,SRC,PLD2
SMARCA1,EZH2,AKT1,TLR2
SMARCA1,ZBTB2,CHMP2A
SMARCA1,TERF2IP,CPNE2
SMARCA1,G3BP1,BAG3,SNX20
SMARCA1,FBXW7,NOTCH2,WNT5A
SMARCA1,G3BP1,AGO2,SLC7A9
SMARCA1,G3BP1,JUP,CDH8
SMARCA1,G3BP1,TRIM21,GRAP
SMARCA1,G3BP1,CTNNB1,PTPRU
SMARCA1,NUMA1,DISC1,PRTG
SMARCA1,H3C12,PRC1,COLEC12
SMARCA1,EZH2,YY1,F9
SMARCA1,H3C12,EGFR,SLA2
SMARCA1,BRD4,HSP90B1,GABRA1
SMARCA1,TEAD2,WWTR1
SMARCA1,SRC,SHANK3,SYT5
SMARCA1,G3BP1,HSPA9,ADCK5,FGFBP1
SMARCA1,H3C12,GSK3B,ACSBG1
SMARCA1,G3BP1,RACK1,KCNAB1
SMARCA1,RYBP,ANK2,ABCC8
SMARCA1,EZH2,RARA,AJUBA
SMARCA1,G3BP1,RPS21,CLCA2
SMARCA1,PARP1,THBD
SMARCA1,PLEKHA4,IRAK1
SMARCA1,H3C12,HSPD1
SMARCA1,SRC,LRP1
SMARCA1,SRC,S1PR1
SMARCA1,G3BP1,SPAG5,AGPS,PSG4
SMARCA1,G3BP1,IRS4
SMARCA1,EZH2,BRCA1,GFI1B
SMARCA1,PLEKHA4,TMX3
SMARCA1,PLEKHA4,ROCK2
SMARCA1,PARP1,HDAC7,UBL3
SMARCA1,G3BP1,VCP,LRRC15
SMARCA1,SRC,CD244
SMARCA1,G3BP1,UBQLN2,PPIC,CPNE5
SMARCA1,G3BP1,ESR1,SERPINB5,SLC17A1
SMARCA1,G3BP1,SMC4,NCAPD3,WDPCP
SMARCA1,RUVBL1,NUFIP1,SLC12A5
SMARCA1,G3BP1,VCP,LRRC15
SMARCA1,G3BP1,VCP,LRRC15
SMARCA1,G3BP1,RACK1,KCNAB1
SMARCA1,EZH2,ZNF281,DRC3
SMARCA1,POGZ,TCIRG1
SMARCA1,PLEKHA4,MPP1
SMARCA1,G3BP1,KANK2,EFHC2,OR52W1
SMARCA1,CHRAC1,GOT1,ANXA8
SMARCA1,PLEKHA4,TRAFD1,ALG10B
SMARCA1,SRC,DLG4,FZD4
SMARCA1,G3BP1,JUP,CDH8
SMARCA1,PLEKHA4,CDK16,CCNYL1
SMARCA1,SRC,CRK
SMARCA1,SRC,NOXA1,NOXO1
SMARCA1,CHRAC1,LRRTM4,PTPRS,GPC2
SMARCA1,BRD4,USP14
SMARCA1,G3BP1,RACK1,KCNAB1
SMARCA1,SRC,TGFBR2,RELT
SMARCA1,G3BP1,HSPA9,ADCK5,LARGE1
SMARCA1,SRC,ARRB2,GPR55,LRP12
SMARCA1,ARID4B,ARID4A
SMARCA1,SRC,PANX1
SMARCA1,H3C12,KDM5B,ABCA4,CNGB1,CNGA1
SMARCA1,G3BP1,IRS4,MTNR1B
SMARCA1,SRC,KCNB1,KCNH1
SMARCA1,FBXW7,ATP5F1B,ABCA2
SMARCA1,G3BP1,SMAP2,SYNRG,ADAM30
SMARCA1,H3C12,HDAC11
SMARCA1,TERF2IP,ARL4D
SMARCA1,G3BP1,FZR1,RGS11
SMARCA1,H3C12,UBB,SLC14A1
SMARCA1,PLEKHA4,GPRASP2,HTR7
SMARCA1,FBXW7,KTN1,SLC16A7
SMARCA1,H3C12,AIRE,CCDC87,SLC26A9
SMARCA1,SRC,STAT1,AGAP3,EBI3
SMARCA1,SRC,HCN4
SMARCA1,SRC,ASAP2,ARF1
SMARCA1,EZH2,ZNF263,TRAF7
SMARCA1,H3C12,FGF14,SCN4A
SMARCA1,EZH2,AKT1,TLR2
SMARCA1,G3BP1,CCDC8,GNA13
SMARCA1,H3C12,GSK3B,ACSBG1
SMARCA1,SRC,CKAP5
SMARCA1,EZH2,FMR1,CD6
SMARCA1,EZH2,CHD8,CASR
SMARCA1,G3BP1,BAG3,SNX20
SMARCA1,G3BP1,CIP2A
SMARCA1,H3C12,GRB2,TBC1D3G
SMARCA1,SRC,TRAF6,TNFRSF13B
SMARCA1,H3C12,XRCC5
SMARCA1,H2AX,B2M,MR1
SMARCA1,EZH2,PTEN,ITGA6
SMARCA1,G3BP1,TRIM21,GRAP
SMARCA1,SRC,LYN,ITGA2
SMARCA1,SRC,PIP5K1C
SMARCA1,PLEKHA4,COPE,SLC35A1
SMARCA1,SRC,HSPA8,OSBPL7
SMARCA1,SRC,CTTN,EXOC8
SMARCA1,EZH2,AR,SLC43A1
SMARCA1,G3BP1,FZR1,RGS11
SMARCA1,G3BP1,VCP,LRRC15
SMARCA1,SRC,NECTIN2,CD226
SMARCA1,H2BC8,VDAC1
SMARCA1,PLEKHA4,PPP5C
SMARCA1,EZH2,AKT1
SMARCA1,EZH2,HLX,MIEN1
SMARCA1,H2AX,B2M,MR1
SMARCA1,G3BP1,EIF4H,DLG3
SMARCA1,PLEKHA4,CALM3,SCTR
SMARCA1,WWP2,SCNN1G,SCNN1D
SMARCA1,BRD4,EIF2B1
SMARCA1,G3BP1,CCDC8,GNA13,AKAP10
SMARCA1,H3C12,TRIM66,FAT3
SMARCA1,H3C12,DAXX,CHMP3
SMARCA1,TERF2IP,OGT
SMARCA1,G3BP1,CCDC8,GNA13
SMARCA1,SRC,DAG1
SMARCA1,FBXW7,MTOR,RHEBL1
SMARCA1,SRC,AXL
SMARCA1,FOXQ1,ACSL4
SMARCA1,G3BP1,FYN,SLC4A8
SMARCA1,G3BP1,CCDC8,GNA13,KCTD3
SMARCA1,BRD4,SELE
SMARCA1,G3BP1,HSPA4,TRIAP1,SLC40A1
SMARCA1,SRC,ITGB2,ITGAM
SMARCA1,EZH2,ITSN2
SMARCA1,G3BP1,VCP,LRRC15
SMARCA1,G3BP1,RACK1,KCNAB1
SMARCA1,EZH2,RELA,MUC3A
SMARCA1,G3BP1,LARP7,EPB42
SMARCA1,SRC,PPP2CA
SMARCA1,CHRAC1,GOT1,ANXA8
SMARCA1,ARID1B,ARID2
SMARCA1,G3BP1,TRIM21,GRAP
SMARCA1,G3BP1,VASP,GPHN
SMARCA1,G3BP1,JAK2,MUC7
SMARCA1,SRC,RAF1
SMARCA1,SRC,CTTN,EXOC8
SMARCA1,FBXW7,ATP5F1B,ABCA2
SMARCA1,EZH2,FOXM1,SLC27A2
SMARCA1,G3BP1,VCP,LRRC15
SMARCA1,EZH2,MYCN,SIGIRR
SMARCA1,SRC,PIK3R1,GABRA3
SMARCA1,SRC,TAMALIN
SMARCA1,G3BP1,BAG3,SNX20
SMARCA1,FBL,S100A10,TRPV5
SMARCA1,H2BC8,CHMP5
SMARCA1,EZH2,YY1,F9
SMARCA1,EZH2,MYCN,SIGIRR
SMARCA1,SRC,RAF1,WDR6
SMARCA1,EZH2,ZNF281,DRC3
SMARCA1,G3BP1,VCP,LRRC15
SMARCA1,G3BP1,LRRC59,CCPG1,SLC22A13
SMARCA1,G3BP1,FYN,SLC4A8
SMARCA1,PLEKHA4,GPRASP2,HTR7
SMARCA1,FBL,PRMT8
SMARCA1,H3C12,SMC1A,GRM3
SMARCA1,SRC,PTPN6,LILRB4
SMARCA1,SRC,GJA1
SMARCA1,H3C12,GSK3B,ACSBG1
SMARCA1,G3BP1,CCDC8,GNA13
SMARCA1,SRC,CYSTM1
SMARCA1,EZH2,AKT1,TLR2
SMARCA1,WWP2,PPIB,OR1C1
SMARCA1,G3BP1,ATP2A2,PGRMC1
SMARCA1,G3BP1,FZR1,RGS11
SMARCA1,G3BP1,CCDC8,GNA13,TAS1R2
SMARCA1,H3C12,MECP2,GRIA2
SMARCA1,SRC,GJA1,PCDH19,GABRA6
SMARCA1,VRK1,ZBTB42
SMARCA1,FBXW7,DAB2IP
SMARCA1,WWP2,PATJ,HOMER2
SMARCA1,SRC,CEACAM21,PVR
SMARCA1,PLEKHA4,ATP13A1,SLC10A6
SMARCA1,PLEKHA4,TJP2
SMARCA1,SHPRH,UBE2B
SMARCA1,G3BP1,BAG3,SNX20
SMARCA1,POGZ,ATXN1,ZNF804A,MGAM
SMARCA1,PLEKHA4,RAB6A
SMARCA1,NUMA1,GNAI1,RGS10
SMARCA1,SMARCC1,ITCH
SMARCA1,G3BP1,LARP7,EPB42
SMARCA1,G3BP1,EIF4H,DLG3
SMARCA1,SRC,TRAF6,TNFRSF13B
SMARCA1,G3BP1,LRRK2,TGM3,HTR3B
SMARCA1,ZBTB2,PTCD3
SMARCA1,G3BP1,FZR1,RGS11
SMARCA1,DPY30,PSMD14,MICALL2
SMARCA1,G3BP1,FZR1,RGS11
SMARCA1,G3BP1,FZR1,RGS11
SMARCA1,PLEKHA4,CUL4A,ACSL6
SMARCA1,SRC,DLG4,FZD4
SMARCA1,EPN2,TRIM23
SMARCA1,EZH2,AR,SLC43A1
SMARCA1,G3BP1,CTNNB1,PTPRU
SMARCA1,TOP1,ROR1
SMARCA1,EPN2,ARRDC3
SMARCA1,INAVA,CYTH3
SMARCA1,SRC,DHRS3,SIDT2,ABCA7
SMARCA1,EZH2,PTEN
SMARCA1,CHRAC1,GOT1,ANXA8
SMARCA1,EZH2,POU5F1,RBM17,KREMEN1
SMARCA1,PLEKHA4,GNB1,MC2R,RAMP1
SMARCA1,SRC,DHRS3,SIDT2
SMARCA1,PLEKHA4,CALM3,SCTR
SMARCA1,G3BP1,BAG3,SNX20
SMARCA1,FBXW7,KLF10,TGFBI
SMARCA1,PLEKHA4,GNB2,RGS6
SMARCA1,H3C12,PSEN2,PSENEN
SMARCA1,EZH2,SMURF2,PARD6A
SMARCA1,SRC,STUB1,EIPR1,DGKH
SMARCA1,EZH2,RELA,MUC3A
SMARCA1,EZH2,AKT1,TLR2
SMARCA1,H2BC21,TMEM192,NPC1
SMARCA1,SRC,RAF1,WDR6
SMARCA1,SRC,FGFR2
SMARCA1,EZH2,AR,SLC43A1
SMARCA1,DPY30,UNK,SPCS1,TMEM50B
SMARCA1,EZH2,SEPTIN2
SMARCA1,FBXW7,NOTCH2,WNT5A
SMARCA1,H3C12,KAT2A,SLC44A2
SMARCA1,DPY30,MTPN,MPP2,MS4A10
SMARCA1,G3BP1,JAK2,MUC7
SMARCA1,SRC,STX17,RAB25
SMARCA1,H3C12,SMC1A,GRM3
SMARCA1,SRC,PTK2,NEO1
SMARCA1,G3BP1,LRRK2
SMARCA1,H3C12,ITIH2,LRRC4C
SMARCA1,SRC,STX7,SNX30
SMARCA1,MTA2,CTBP2,TMC3
SMARCA1,RBBP4,IRAK2
SMARCA1,SRC,CDH1,CLINT1
SMARCA1,BRD4,WDR20,IL17RB
SMARCA1,PLEKHA4,ARHGAP39,KCNE3
SMARCA1,G3BP1,CTNNB1,PTPRU
SMARCA1,G3BP1,RACK1,KCNAB1
SMARCA1,EZH2,REEP4,RETREG3,MICA
SMARCA1,SRC,DHRS3,SIDT2
SMARCA1,EZH2,CHD8,CASR
SMARCA1,DPY30,MTPN,MPP2
SMARCA1,G3BP1,LARP7,EPB42
SMARCA1,SRC,FLNA,PHLDB2
SMARCA1,G3BP1,GSK3A,LRP6
SMARCA1,USF1,FASN,SLC34A3
SMARCA1,G3BP1,RPS7,CALD1
SMARCA1,H3C12,HMG20A,PAWR
SMARCA1,SRC,ARRB1,PTAFR
SMARCA1,SRC,ITGB3,ITGA2B
SMARCA1,RPS19,TENT4B
SMARCA1,FBXW7,RNF213,LAMP3
SMARCA1,H3C12,BRPF1
SMARCA1,G3BP1,RACK1,KCNAB1
SMARCA1,PLEKHA4,RHEB
SMARCA1,G3BP1,YES1,CRKL,ADGRL3
SMARCA1,PLEKHA4,GNB2,RGS6
SMARCA1,G3BP1,CFTR
SMARCA1,G3BP1,TARDBP,RNF112,MMD
SMARCA1,FBXW7,ITGAV
SMARCA1,EZH2,AKT1,TLR2
SMARCA1,SRC,TGFBR2,RELT
SMARCA1,G3BP1,LARP7,EPB42
SMARCA1,G3BP1,CHD4,KRT31,AQP5
SMARCA1,PLEKHA4,CALM3,SCTR
SMARCA1,SRC,ARF6
SMARCA1,PLEKHA4,CUL3,KLHL5,KIRREL2
SMARCA1,SRC,TGFBR2,RELT
SMARCA1,SRC,ITGB2,ITGAM
SMARCA1,H3C12,FBLN1,CCN2
SMARCA1,FBXW7,JAK1,IL20RB
SMARCA1,EZH2,SEPTIN2,JPT2
SMARCA1,H2BC21,CDK14,GDE1
SMARCA1,G3BP1,GSK3A,LRP6
SMARCA1,EZH2,ZNF281,DRC3
SMARCA1,EZH2,YY1,F9
SMARCA1,H3C12,DAXX,CHMP3
SMARCA1,G3BP1,RPS15A,ABCC6
SMARCA1,H3C12,ZMYM2,C8A,C8B
SMARCA1,SRC,PTPN6,LILRB4
SMARCA1,FBXW7,SREBF2,SLC39A12
SMARCA1,SRC,PTK2,NEO1
SMARCA1,G3BP1,FYN,SLC4A8,TSPAN4
SMARCA1,SRC,FCER1A,GPD1L
SMARCA1,G3BP1,AGO2,SLC7A9
SMARCA1,SRC,HSPA8,OSBPL7
SMARCA1,MBD3,ZNF687,PLCD4
SMARCA1,SRC,ALK
SMARCA1,G3BP1,LRRC59,CCPG1,OR2M7
SMARCA1,PLEKHA4,SHTN1,OR4E2
SMARCA1,G3BP1,DDX5,RBM6,CRLF3
SMARCA1,PLEKHA4,MIB1
SMARCA1,RBPJ,PTOV1
SMARCA1,G3BP1,VCP,LRRC15
SMARCA1,RECQL4,LZTS2
SMARCA1,SRC,CBL
SMARCA1,SRC,ANXA1,FPR2
SMARCA1,USF1,FASN,SLC34A3
SMARCA1,EZH2,AR,SLC43A1
SMARCA1,G3BP1,BAG3,SNX20
SMARCA1,KIF20A,MGAT5B,PLEKHM3
SMARCA1,H3C12,TAF5,SERPINB2
SMARCA1,EZH2,AR,SLC43A1
SMARCA1,FBXW7,ATP5F1B
SMARCA1,EZH2,AKT1,TLR2
SMARCA1,PLEKHA4,CALM3,SCTR
SMARCA1,SRC,SHANK3,SYT5
SMARCA1,H3C12,BUD31,SDE2
SMARCA1,G3BP1,JUP,CDH8
SMARCA1,SRC,FGFR1,FRS3
SMARCA1,G3BP1,VCP,LRRC15
SMARCA1,G3BP1,ATP2A2,PGRMC1
SMARCA1,G3BP1,VCP,LRRC15
SMARCA1,H3C12,EGFR,SLA2
SMARCA1,FBXW7,DRG1
SMARCA1,SRC,BTK
SMARCA1,H2BC21,TMEM192,NPC1
SMARCA1,SRC,GSN
SMARCA1,SRC,EPOR
SMARCA1,EZH2,AKT1,TLR2
SMARCA1,G3BP1,FYN,SLC4A8
SMARCA1,G3BP1,FYN,SLC4A8
SMARCA1,G3BP1,CIP2A,IL1R2
SMARCA1,TRIM28,ALDOA,GLO1
SMARCA1,CBX3,PRKG1
SMARCA1,PLEKHA4,USP5,CACNA1H
SMARCA1,G3BP1,RPS15,ATP6V1D
SMARCA1,EZH2,MELK
SMARCA1,EZH2,AR,SLC43A1
SMARCA1,SRC,FLT3
SMARCA1,PLEKHA4,CPS1
SMARCA1,PLEKHA4,PRKCZ,FEZ1
SMARCA1,SRC,RAF1,WDR6
SMARCA1,SRC,PTPN6,LILRB4
SMARCA1,SRC,ANXA1,FPR2
SMARCA1,EZH2,ZNF281,DRC3
SMARCA1,H2BC8,CCDC25
SMARCA1,DPY30,MTPN,MPP2
SMARCA1,G3BP1,PLEKHA7,FMNL2,KCNC1
SMARCA1,G3BP1,VCP,LRRC15
SMARCA1,RPS19,RPL38,RIC8A
SMARCA1,H3C12,RRBP1,TSPYL6,KLRF1
SMARCA1,H3C12,EGFR,SLA2
SMARCA1,PLEKHA4,SPTBN1
SMARCA1,EZH2,RELA,MUC3A
SMARCA1,EZH2,SNU13,CLVS2,PCDHGB3
SMARCA1,WWP2,PATJ
SMARCA1,G3BP1,CTNNB1,PTPRU
SMARCA1,PLEKHA4,KLC4,CHRNA9
SMARCA1,G3BP1,CFTR,CLCA1
SMARCA1,SRC,MMP14
SMARCA1,G3BP1,CCDC8,GNA13
SMARCA1,G3BP1,FYN,SLC4A8
SMARCA1,H2AX,NEDD4L,SLC22A11
SMARCA1,SRC,CTTN,EXOC8
SMARCA1,PLEKHA4,CALM3,SCTR,CHRM3
SMARCA1,CHRAC1,GOT1,ANXA8
SMARCA1,H3C12,EGFR,SLA2
SMARCA1,G3BP1,CCDC8,GNA13
SMARCA1,SRC,SYK,POU2AF1,CD300C
SMARCA1,G3BP1,IKBKE,AZI2,TMED1
SMARCA1,H3C12,GRB2,TBC1D3G
SMARCA1,SRC,HSPA8,OSBPL7
SMARCA1,SRC,PTPN6,LILRB4
SMARCA1,FBXW7,SREBF2,SLC39A12
SMARCA1,SRC,TRAF6,TNFRSF13B
SMARCA1,G3BP1,BAG3,SNX20
SMARCA1,G3BP1,JAK2,MUC7
SMARCA1,PLEKHA4,ATP2A3,PIEZO1
SMARCA1,EZH2,TWIST1,ICAM1
SMARCA1,EPN2,STX6
SMARCA1,G3BP1,CCDC8,GNA13
SMARCA1,PLEKHA4,ARL8A
SMARCA1,G3BP1,HSPA4,TRIAP1,PALM2AKAP2
SMARCA1,WWP2,LIN7C
SMARCA1,SRC,DLG4,FZD4
SMARCA1,LIN37,TESMIN,OR4X2
SMARCA1,SRC,USP8,CHMP1A
SMARCA1,BRD4,NR2F2,CNNM2
SMARCA1,H3C12,ITIH2,LRRC4C
SMARCA1,H3C12,MECP2,GRIA2
SMARCA1,SRC,HNRNPA1L2,CATIP
SMARCA1,G3BP1,FYN,SLC4A8
SMARCA1,H3C12,DNM2,STX19
SMARCA1,G3BP1,VCP,LRRC15
SMARCA1,G3BP1,JAK2,MUC7
SMARCA1,G3BP1,CHD4,KRT31,AQP7
SMARCA1,G3BP1,RPS7,CALD1
SMARCA1,G3BP1,GSK3A,LRP6
SMARCA1,PLEKHA4,TMTC3,TRHDE
SMARCA1,G3BP1,HSPA4,TRIAP1,IL17RC
SMARCA1,SRC,SHANK3,SYT5
SMARCA1,RFXANK,BSG,SLC16A13
SMARCA1,SRC,STX7,SNX30
SMARCA1,EZH2,AKT1,TLR2,OR51E2
SMARCA1,PLEKHA4,CLASP2
SMARCA1,SRC,PDCD6IP,DRD1
SMARCA1,H3C12,SMC1A,GRM3
SMARCA1,H3C12,GSK3B,ACSBG1
SMARCA1,KLHL20,DAPK1
SMARCA1,RPS19,UBQLN1,CD47
SMARCA1,H3C12,GSK3B,ACSBG1
SMARCA1,G3BP1,CFTR,CLCA1
SMARCA1,PLEKHA4,RAP2C
SMARCA1,EZH2,RELA,MUC3A
SMARCA1,PLEKHA4,CALM3,SCTR
SMARCA1,NUMA1,GNAI1,RGS10
SMARCA1,FBXW7,NOTCH2,WNT5A
SMARCA1,H2AX,B2M
SMARCA1,EZH2,YY1,F9
SMARCA1,EZH2,WT1,NPHS1,NPHS2
SMARCA1,RBPJ,NOTCH3
SMARCA1,G3BP1,MOSPD2,GOSR1,OSBPL1A
SMARCA1,PLEKHA4,EPS15L1
SMARCA1,H3C12,TMPO,PXMP2,GRAMD2A
SMARCA1,PLEKHA4,CALM3,SCTR,DOC2B
SMARCA1,SRC,TRAF6,TNFRSF13B
SMARCA1,SRC,C1QL4,IFNLR1
SMARCA1,H3C12,ZMYM2,C8A
SMARCA1,PLEKHA4,SGPL1,PLPP4,SLC23A2
SMARCA1,SRC,ARRB2,GPR55
SMARCA1,SRC,OGN,SORL1
SMARCA1,PARP1,HDAC7,UBL3
SMARCA1,PLEKHA4,MARK1
SMARCA1,RPS2,PHB1
SMARCA1,G3BP1,BAG3,SNX20
SMARCA1,TRIM28,GNAI3,RGS8
SMARCA1,G3BP1,VCP,LRRC15
SMARCA1,SRC,SPHK1
SMARCA1,H3C12,MSH2,HLA-DPB1
SMARCA1,EZH2,RARA,AJUBA
SMARCA1,SETD1A,INSRR
SMARCA1,SRC,NOXA1,NOXO1
SMARCA1,H2AX,B2M,MR1
SMARCA1,MTA2,CTBP2,TMC3
SMARCA1,SRC,DLG4,FZD4
SMARCA1,PLEKHA4,RAB31
SMARCA1,PLEKHA4,DNAJB6,AQP8
SMARCA1,H2AX,TXNDC12,GABRQ
SMARCA1,RFXANK,BSG,SLC16A13
SMARCA1,EZH2,REEP4,RETREG3,ULBP2
SMARCA1,SRC,EPHA2,CAMK1G
SMARCA1,SRC,CBL,MYCBPAP
SMARCA1,RFXANK,BSG,SLC16A13
SMARCA1,SRC,HSPA8,OSBPL7
SMARCA1,G3BP1,CIP2A,IL1R2
SMARCA1,G3BP1,S100A9,CSTA,SLC39A2
SMARCA1,G3BP1,G3BP2,ERMAP
SMARCA1,G3BP1,HNRNPA1,FDPS,ZAN
SMARCA1,EZH2,KDM6A,GSC2,BEST3
SMARCA1,PLEKHA4,PARD3
SMARCA1,PLEKHA4,GNB1,MC2R
SMARCA1,G3BP1,CCDC8,GNA13
SMARCA1,RPS19,EIF5
SMARCA1,G3BP1,RACK1,KCNAB1
SMARCA1,G3BP1,BAG3,SNX20
SMARCA1,EZH2,DNMT3B,PCDHGB4
SMARCA1,PLEKHA4,RAB5A,RAB3GAP2
SMARCA1,SRC,ARRB2,GPR55
SMARCA1,G3BP1,ESR1
SMARCA1,PLEKHA4,GNB2,RGS6
SMARCA1,G3BP1,VCP,LRRC15,CLCA4
SMARCA1,H3C12,DNM2,STX19
SMARCA1,EZH2,FMR1,CD6
SMARCA1,G3BP1,CCDC8,GNA13
SMARCA1,G3BP1,CCDC8,GNA13,BLVRB
SMARCA1,G3BP1,CSK,CDC45,CNTNAP3
SMARCA1,G3BP1,JAK2,MUC7
SMARCA1,KPNA1,SLIT2,ROBO4
SMARCA1,G3BP1,GSK3A,LRP6
SMARCA1,G3BP1,YWHAE,PFDN4,CSMD3
SMARCA1,SRC,ANXA1
SMARCA1,H3C12,GRB2
SMARCA1,H3C12,SMC3,PLIN4
SMARCA1,SRC,HSPA8,OSBPL7
SMARCA1,G3BP1,LRRK2,TGM3,SLC39A14
SMARCA1,SRC,PAG1
SMARCA1,SRC,ARRB2,GPR55
SMARCA1,G3BP1,PA2G4,NMD3,SNX15
SMARCA1,G3BP1,EIF4H,DLG3
SMARCA1,H3C12,RPS6KA3,HTR2A
SMARCA1,SRC,YAP1,PIEZO2
SMARCA1,SRC,NRAS,PCDH18
SMARCA1,G3BP1,CCDC8,GNA13,FRMPD2
SMARCA1,PLEKHA4,TRIM4
SMARCA1,G3BP1,IRS4,MTNR1B
SMARCA1,PLEKHA4,TMTC3,TRHDE
SMARCA1,G3BP1,ZC3H18,C1D,COL23A1
SMARCA1,EPN2,TGOLN2,RAB18
SMARCA1,H3C12,HMG20A,PAWR
SMARCA1,RECQL4,PPP3CA
SMARCA1,FOXK2,AMOT
SMARCA1,PLEKHA4,ANKRD28,AGPAT2
SMARCA1,RFXANK,BSG,SLC16A13,SCAMP5
SMARCA1,SRC,HSPA8,OSBPL7
SMARCA1,G3BP1,JAK2,MUC7
SMARCA1,H3C12,EGFR,SLA2
SMARCA1,EZH2,SEPTIN2,JPT2
SMARCA1,SRC,CRMP1,CACNA1A
SMARCA1,RPS19,UTP20
SMARCA1,G3BP1,BAG3,SNX20,SLC22A18
SMARCA1,G3BP1,CFTR,CLCA1
SMARCA1,KIF20A,STOML2
SMARCA1,EZH2,SMURF2,PARD6A
SMARCA1,EZH2,FKBP5,PI4KA,TTC7B
SMARCA1,G3BP1,G3BP2,ERMAP
SMARCA1,SRC,NECTIN2
SMARCA1,SRC,DUSP15
SMARCA1,G3BP1,MOSPD2,GOSR1,VMP1
SMARCA1,G3BP1,HTT,DOCK11,KCNA10
SMARCA1,RPS19,RPL36A
SMARCA1,PLEKHA4,GNB1,MC2R
SMARCA1,G3BP1,HNRNPD,SHISA5,TVP23B,YIPF1
SMARCA1,H3C12,EGFR,SLA2
SMARCA1,G3BP1,FYN,SLC4A8
SMARCA1,SRC,CAST,CAPNS2
SMARCA1,DPY30,MATR3,MYOF
SMARCA1,PLEKHA4,ANKRD27,RAB32,RAB38
SMARCA1,PLEKHA4,GPI,PARP14
SMARCA1,SRC,HSPA8,OSBPL7
SMARCA1,SRC,STX17,RAB25
SMARCA1,SRC,CRMP1,CACNA1A,RIMBP2
SMARCA1,G3BP1,VCP,LRRC15
SMARCA1,EZH2,RPS6KA5,EGF
SMARCA1,BRD4,FIBP,AVPR1B
SMARCA1,WWP2,ABI3,BAIAP2L2
SMARCA1,H3C12,GSK3B,ACSBG1
SMARCA1,G3BP1,JAK2,MUC7
SMARCA1,G3BP1,CFTR,CLCA1
SMARCA1,RPS19,SLC25A5
SMARCA1,H3C12,ACTG1
SMARCA1,SRC,HSPA8,OSBPL7
SMARCA1,G3BP1,VCP,LRRC15,C11orf24
SMARCA1,G3BP1,VCP,LRRC15
SMARCA1,BAZ1A,SMAD2,CTDSPL,SLC16A8
SMARCA1,H3C12,RAD51B,MUC20
SMARCA1,KIF20A,STOM
SMARCA1,G3BP1,JAK2,MUC7
SMARCA1,PLEKHA4,PAK1
SMARCA1,H3C12,ITIH2,LRRC4C
SMARCA1,EZH2,H3-4,REXO1,PCDHB12
SMARCA1,SRC,ARRB1,PTAFR
SMARCA1,G3BP1,CCDC8,GNA13
SMARCA1,SRC,FAS
SMARCA1,G3BP1,RACK1,KCNAB1
SMARCA1,G3BP1,CFTR,CLCA1
SMARCA1,FBXW7,NOTCH2,WNT5A
SMARCA1,H3C12,MECP2,GRIA2
SMARCA1,G3BP1,CTNNB1,PTPRU
SMARCA1,G3BP1,NUP155,RTN1,SLC30A3
SMARCA1,SIN3B,COL1A2,KCNIP4
SMARCA1,PLEKHA4,GNB1,MC2R
SMARCA1,G3BP1,CIP2A,IL1R2,MICB
SMARCA1,RPS19,UBQLN1,CD47
SMARCA1,G3BP1,CTNNB1,PTPRU
SMARCA1,EED,NF2
SMARCA1,SRC,BDKRB2,GNA15
SMARCA1,FOXE1,REL,SLC6A12
SMARCA1,G3BP1,JUP,CDH8
SMARCA1,PLEKHA4,RNF114
SMARCA1,SRC,DAB1,APLP1
SMARCA1,G3BP1,TRIP13,PLK3,OR6T1
SMARCA1,SRC,EPHA2,CAMK1G
SMARCA1,G3BP1,CFTR,CLCA1
SMARCA1,EZH2,STAT3,DLK2,PDCD1,PDCD1LG2
SMARCA1,SRC,SYK,POU2AF1,CD300LD
SMARCA1,H3C12,GRB2,TBC1D3G
SMARCA1,G3BP1,CCDC8,GNA13,COL25A1
SMARCA1,H3C12,DNM2,STX19
SMARCA1,PLEKHA4,GNB1,MC2R
SMARCA1,G3BP1,BAG3,SNX20
SMARCA1,EPN2,STX6,ABCA6
SMARCA1,SRC,CASP8,NLRC4
SMARCA1,FBL,SRPK2,CHRNA5,LYPD1
SMARCA1,G3BP1,CTNNB1,PTPRU
SMARCA1,BRD4,PLEKHA2
SMARCA1,G3BP1,YWHAE,PFDN4,TMC5
SMARCA1,G3BP1,MOSPD2,GOSR1,OSBPL2
SMARCA1,H3C12,PDS5A
SMARCA1,PLEKHA4,CALM3,SCTR
SMARCA1,SIN3A,ETV6
SMARCA1,EZH2,RARA,AJUBA
SMARCA1,H3C12,DNM2,STX19
SMARCA1,G3BP1,CCDC8,GNA13
SMARCA1,POGZ,DYNLL2
SMARCA1,SRC,ATG9A,SLC44A5
SMARCA1,H3C12,PRC1
SMARCA1,EZH2,AR,SLC43A1
SMARCA1,SRC,STX7,SNX30
SMARCA1,WWP2,ARRDC4
SMARCA1,G3BP1,FYN,SLC4A8
SMARCA1,G3BP1,BAG3,SNX20
SMARCA1,G3BP1,CTNNB1,PTPRU,IHH
SMARCA1,G3BP1,BAG3,SNX20
SMARCA1,SRC,AFDN,NRXN1
SMARCA1,EZH2,MYCN,SIGIRR
SMARCA1,H2BC8,ACTL6B,CR1L
SMARCA1,G3BP1,TRIM21,GRAP
SMARCA1,DPY30,PSMD14,MICALL2
SMARCA1,G3BP1,LRRK2,TGM3,SLC22A16
SMARCA1,EZH2,ACTB,NUS1,SNTG2
SMARCA1,EZH2,YY1,F9
SMARCA1,G3BP1,FYN,SLC4A8
SMARCA1,EZH2,FKBP5,PI4KA
SMARCA1,G3BP1,VCP,LRRC15
SMARCA1,DPY30,PSMD14,MICALL2
SMARCA1,G3BP1,TRIM21,GRAP,GUCY2F
SMARCA1,G3BP1,VCP,LRRC15
SMARCA1,BRD4,SUMO2,SERPINB6
SMARCA1,G3BP1,HNRNPA1,FDPS,TNFRSF21
SMARCA1,SRC,HSPA5
SMARCA1,G3BP1,ATP2A2,PGRMC1
SMARCA1,SRC,FGFR1,FRS3
SMARCA1,G3BP1,BAG3,SNX20
SMARCA1,G3BP1,FYN,SLC4A8
SMARCA1,MACROH2A1,RHOBTB2
SMARCA1,SRC,ARRB2
SMARCA1,EZH2,PTEN,ITGA6
SMARCA1,EZH2,PPARG,SELENOK
SMARCA1,SRC,C1QL4,IFNLR1
SMARCA1,G3BP1,GSK3A,LRP6
SMARCA1,G3BP1,BAG3,SNX20
SMARCA1,PLEKHA4,ATP2A3,PIEZO1
SMARCA1,SRC,HSPA8
SMARCA1,EZH2,PTEN,ITGA6
SMARCA1,EZH2,AKT1,TLR2
SMARCA1,PLEKHA4,GNB1,MC2R
SMARCA1,SRC,ARRB1,PTAFR
SMARCA1,G3BP1,FYN,SLC4A8
SMARCA1,PLEKHA4,GNB1,MC2R
SMARCA1,SRC,RHOB,RTKN2
SMARCA1,G3BP1,ATP2A2,PGRMC1
SMARCA1,G3BP1,CFTR,CLCA1
SMARCA1,SRC,CD44
SMARCA1,G3BP1,EIF4A1,EIF4G2,LTA
SMARCA1,SRC,FGFR4
SMARCA1,G3BP1,TRIM21,GRAP,CACNA2D2
SMARCA1,EZH2,FKBP5,PI4KA,TTC7A
SMARCA1,RPS19,UBQLN1
SMARCA1,G3BP1,FYN,SLC4A8
SMARCA1,PLEKHA4,GNB2,RGS6
SMARCA1,PLEKHA4,CD2AP
SMARCA1,H3C12,EGFR,SLA2
SMARCA1,SRC,DAB2
SMARCA1,G3BP1,COPA,BET1L,ANO8
SMARCA1,WWP2,DPYSL2
SMARCA1,H3C12,PSEN1,ATP9A
SMARCA1,SRC,BRAF
SMARCA1,POGZ,BACE2,PCDHGA9
SMARCA1,SRC,TLR3
SMARCA1,G3BP1,TRIM21,GRAP,LRRC45
SMARCA1,SRC,CDH1
SMARCA1,FBXW7,NOTCH2,WNT5A
SMARCA1,G3BP1,JAK2,MUC7
SMARCA1,FBXW7,KATNAL1,KATNB1
SMARCA1,ZBTB2,DAP3,COL4A5,SLC10A4
SMARCA1,PLEKHA4,PRDX3
SMARCA1,G3BP1,TRIM21,GRAP,LIM2
SMARCA1,PLEKHA4,YWHAH
SMARCA1,EZH2,AKT1,TLR2
SMARCA1,KLF9
SMARCA1,SRC,ACTN4,RGS9
SMARCA1,EZH2,FMR1,CD6
SMARCA1,EPN2,TGOLN2
SMARCA1,G3BP1,ZBTB18,ATXN1L,GRIN3B
SMARCA1,H3C12,EGFR,SLA2
SMARCA1,G3BP1,CCDC8,GNA13
SMARCA1,PLEKHA4,ROCK1
SMARCA1,G3BP1,RACK1,KCNAB1,IL2RG
SMARCA1,PLEKHA4,GNB1,MC2R
SMARCA1,SRC,MET
SMARCA1,SRC,PDGFRB
SMARCA1,G3BP1,VCP,LRRC15
SMARCA1,G3BP1,FYN,SLC4A8
SMARCA1,H3C12,GSK3B
SMARCA1,H2AX,PBK,CABP2
SMARCA1,H3C12,GSK3B,ACSBG1
SMARCA1,G3BP1,JAK2,MUC7
SMARCA1,G3BP1,JUP
SMARCA1,G3BP1,UBQLN2
SMARCA1,RPS19,UBQLN1,CD47
SMARCA1,SRC,EPHA2,CAMK1G
SMARCA1,G3BP1,CFTR,CLCA1
SMARCA1,PLEKHA4,TJP1,CLDN6
SMARCA1,BRD3,LTBP1,PCDHGA5
SMARCA1,SRC,ARRB1,PTAFR
SMARCA1,SRC,TRAF6,TNFRSF13B,NLRP6
SMARCA1,RPS19,IMP4
SMARCA1,SRC,ITGB2,ITGAM
SMARCA1,SRC,ARRB1,PTAFR
SMARCA1,SRC,MUC1
SMARCA1,H3C12,ITIH2,LRRC4C
SMARCA1,H3C12,FBLN1,CCN2
SMARCA1,H3C12,GRB2,TBC1D3G
SMARCA1,PLEKHA4,TJP1
SMARCA1,G3BP1,IRS4,MTNR1B
SMARCA1,G3BP1,VCP,LRRC15
SMARCA1,G3BP1,CCDC8,GNA13
SMARCA1,G3BP1,VCP,LRRC15
SMARCA1,G3BP1,BAG3,SNX20
SMARCA1,SRC,MUC1,CD68
SMARCA1,G3BP1,COPA,BET1L,KNTC1
SMARCA1,EPN2,EPN3
SMARCA1,EZH2,AKT1,TLR2
SMARCA1,ZNF512B,RAPGEF2
SMARCA1,SRC,ITGAL,CD82
SMARCA1,EZH2,ACTB,NUS1,PCDHA11
SMARCA1,PLEKHA4,IRAK1,KLRD1
SMARCA1,SRC,GRIN2B,LIN7A
SMARCA1,G3BP1,DNAJA1,NMRAL1,ADAMTS13,CELSR1
SMARCA1,EZH2,CHD8,CASR
SMARCA1,SRC,HLA-A,CD8A
SMARCA1,EZH2,RELA,MUC3A
SMARCA1,EZH2,BRCA1
SMARCA1,G3BP1,GNS,FKBP14,LRRC3
SMARCA1,SRC,RHOU
SMARCA1,G3BP1,FYN,SLC4A8
SMARCA1,G3BP1,BAG3,SNX20
SMARCA1,G3BP1,PLEKHA7,FMNL2,ADGRA2
SMARCA1,G3BP1,DNAJA1,NMRAL1,ADAM2
SMARCA1,H3C12,TAF5,SERPINB2
SMARCA1,PLEKHA4,GNB1,MC2R
SMARCA1,PLEKHA4,ATP2B1
SMARCA1,G3BP1,S100A9,CSTA,OMG
SMARCA1,SRC,HSPA8,OSBPL7
SMARCA1,SRC,EFNB1
SMARCA1,SRC,CDH2
SMARCA1,EZH2,SMURF2,PARD6A
SMARCA1,EZH2,CTCFL,PRKAR2B
SMARCA1,SRC,HSP90AB1
SMARCA1,SRC,ACTN4,RGS9
SMARCA1,MACROH2A1,ROS1
SMARCA1,G3BP1,CTNNB1,PTPRU,OR2AG1
SMARCA1,PARP1,CAMK2B,PDE4A
SMARCA1,SRC,PIK3R1,GABRA3
SMARCA1,G3BP1,FYN,SLC4A8
SMARCA1,EZH2,FKBP5,PI4KA
SMARCA1,SRC,FLT4
SMARCA1,G3BP1,VCP,LRRC15,CACNB1
SMARCA1,EZH2,TRIM63,DMD
SMARCA1,G3BP1,FYN,SLC4A8
SMARCA1,G3BP1,DDX50
SMARCA1,G3BP1,RACK1,KCNAB1
SMARCA1,FOXE1,REL,SLC6A12
SMARCA1,SRC,PTPN6,LILRB4
SMARCA1,SRC,FCER1A
SMARCA1,H2AX,NEDD4L,SLC22A11
SMARCA1,G3BP1,CCDC8,GNA13
SMARCA1,PLEKHA4,HUWE1,TRPA1
SMARCA1,FBL,RHOD
SMARCA1,RPS19,UBQLN1,CD47
SMARCA1,SRC,SH3GL1,ADRB3
SMARCA1,H3C1,GRIP1
SMARCA1,G3BP1,GSK3A,LRP6
SMARCA1,EZH2,AKT1,TLR2
SMARCA1,SRC,RAF1,WDR6
SMARCA1,SRC,PCDHGC3,TMEM30B
SMARCA1,H2BC8,CIZ1
SMARCA1,G3BP1,FYN,SLC4A8,TYROBP,TREM1
SMARCA1,SRC,ARF6,PSD,GLRA2
SMARCA1,PLEKHA4,PPP1R12A
SMARCA1,G3BP1,CFTR,CLCA1
SMARCA1,H3C12,ZMYM2,C8A
SMARCA1,SRC,KCNB1,KCNH1
SMARCA1,SRC,SLC2A10
SMARCA1,G3BP1,CTNNB1,PTPRU
SMARCA1,H3C12,PDS5B,ANK1
SMARCA1,FBXW7,MTOR,RHEBL1
SMARCA1,G3BP1,CFTR,CLCA1
SMARCA1,H3C12,TRIM33,ZNF43,UNC79
SMARCA1,PLEKHA4,GNB1,MC2R
SMARCA1,TRIM28,RIPK1
SMARCA1,PLEKHA4,ARF3
SMARCA1,SRC,IL1R1
SMARCA1,G3BP1,BAG3,SNX20
SMARCA1,SRC,ERBB2
SMARCA1,H3C12,EGFR,SLA2
SMARCA1,EZH2,AKT1,TLR2
SMARCA1,G3BP1,FYN,SLC4A8
SMARCA1,G3BP1,LARP7,EPB42
SMARCA1,SRC,ARAF,STK36,OR52B2
SMARCA1,SRC,SNCA
SMARCA1,G3BP1,CTNNB1,PTPRU
SMARCA1,KIF20A,STOM,STOML1
SMARCA1,G3BP1,YBX1
SMARCA1,CHRAC1,GOT1,ANXA8
SMARCA1,PLEKHA4,GNB1,MC2R
SMARCA1,H3C12,MPHOSPH8
SMARCA1,EPN2,DIRAS3
SMARCA1,EZH2,AKT1,TLR2
SMARCA1,EZH2,KPNB1,SPATA31D4,SLC22A1
SMARCA1,CBX1,SSH1
SMARCA1,SRC,AFDN,NRXN1,SYT13
SMARCA1,NUMA1,DYNLL1
SMARCA1,SRC,GUCA1B
SMARCA1,SRC,GRIN2B
SMARCA1,G3BP1,FYN,SLC4A8
SMARCA1,SRC,F2RL2
SMARCA1,G3BP1,HNRNPA1,FDPS,PRRT2
SMARCA1,SRC,PTPRA
SMARCA1,PLEKHA4,ARF4,APBA3
SMARCA1,G3BP1,LARP7,EPB42
SMARCA1,SRC,DLG4,FZD4
SMARCA1,H2BC8,PPIL2
SMARCA1,BRD4,PTPN13
SMARCA1,H3C12,SMC1A,GRM3
SMARCA1,G3BP1,BAG3,SNX20
SMARCA1,SRC,GJA1,PCDH19
SMARCA1,SRC,CDH2,CDH4
SMARCA1,PLEKHA4,RAB5A,RAB3GAP2
SMARCA1,G3BP1,CCDC8,GNA13
SMARCA1,G3BP1,CCDC8,GNA13
SMARCA1,SRC,SH2D1B,SLAMF7
SMARCA1,EED,ITGA4
SMARCA1,G3BP1,CHD4,KRT31,SIRPG
SMARCA1,SRC,MUC1,CD68
SMARCA1,PLEKHA4,CALM3,SCTR
SMARCA1,G3BP1,MAPRE1,QDPR,CHRNA1
SMARCA1,PARP1,LIG1
SMARCA1,G3BP1,FZR1,RGS11
SMARCA1,G3BP1,FYN,SLC4A8
SMARCA1,SRC,MUC1,CD68
SMARCA1,TRIM28,RAB7A
SMARCA1,G3BP1,BAG3,SNX20
SMARCA1,EZH2,FKBP5,PI4KA
SMARCA1,G3BP1,JAK2,MUC7
SMARCA1,SRC,NRAS
SMARCA1,G3BP1,VCP,LRRC15
SMARCA1,PLEKHA4,TTC4,SLC27A6
SMARCA1,EPN2,PICALM
SMARCA1,PLEKHA4,MARK3
SMARCA1,PLEKHA4,CALM3,SCTR
SMARCA1,G3BP1,ITK,LAT
SMARCA1,EPN2,STX6,ABCA6
SMARCA1,EZH2,AR,SLC43A1
SMARCA1,EEA1,IGF2R
SMARCA1,EZH2,PJA1,DGKD
SMARCA1,H3C12,TAF5,SERPINB2
SMARCA1,FBXW7,KTN1
SMARCA1,SRC,ITGB2,ITGAM
SMARCA1,WWP2,SCN5A
SMARCA1,G3BP1,UBQLN2,PPIC,ADAM18
SMARCA1,G3BP1,JUP,CDH8
SMARCA1,SRC,HDLBP
SMARCA1,SRC,AFDN,NRXN1
SMARCA1,PLEKHA4,TKT
SMARCA1,NUMA1,GNAI1,RGS10
SMARCA1,PLEKHA4,GNB1,MC2R
SMARCA1,SRC,DLG4,FZD4,GRIK3
SMARCA1,G3BP1,CCDC8,GNA13
SMARCA1,SRC,DDR2
SMARCA1,PLEKHA4,OPA1,MIGA1
SMARCA1,G3BP1,RACK1,KCNAB1
SMARCA1,G3BP1,GSK3A,LRP6
SMARCA1,H3C12,GRB2,TBC1D3G
SMARCA1,DPY30,DYDC1,TCHP
SMARCA1,H3C12,KDM5B,ABCA4
SMARCA1,DPY30,UNK,SPCS1,ATP8A1
SMARCA1,H3C12,GSK3B,ACSBG1
SMARCA1,TOP1,OAS3
SMARCA1,G3BP1,VCP,LRRC15
SMARCA1,H3C12,TAF5,SERPINB2
SMARCA1,G3BP1,TRIM21,GRAP
SMARCA1,PLEKHA4,TRIM32,PDE9A
SMARCA1,PGR,C4A
SMARCA1,EZH2,BRCA1,GFI1B
SMARCA1,EZH2,TRIM55,MYBPC1,CYTH4
SMARCA1,EZH2,BMPR1B,BMP7,RGMA
SMARCA1,RPS19,PPAN-P2RY11
SMARCA1,H3C12,EGFR,SLA2
SMARCA1,H3C12,RPS6KA3,HTR2A
SMARCA1,G3BP1,JAK2,MUC7
SMARCA1,EZH2,YY1,F9
SMARCA1,H2AX,LILRB2
SMARCA1,PLEKHA4,ENDOD1,SLC34A2
SMARCA1,PLEKHA4,RAB5A,RAB3GAP2
SMARCA1,SRC,VAMP7
SMARCA1,PLEKHA4,TMTC3,TRHDE
SMARCA1,EZH2,AR,SLC43A1
SMARCA1,EZH2,ACTB,NUS1,VPS35L
SMARCA1,G3BP1,CTNNB1,PTPRU
SMARCA1,SRC,LNX1,PDZRN3,KCNS2
SMARCA1,G3BP1,CTNNB1,PTPRU
SMARCA1,EZH2,RARA,AJUBA
SMARCA1,RUVBL1,NUFIP1,SLC12A5
SMARCA1,PLEKHA4,GNB2,RGS6
SMARCA1,FBXW7,NOTCH4
SMARCA1,GATAD2B,KLF3,ATP10B
SMARCA1,EZH2,BRCA1,GFI1B
SMARCA1,G3BP1,PABPC1,PAPOLB,CPEB3
SMARCA1,EZH2,RELA,MUC3A
SMARCA1,G3BP1,LARP7,EPB42
SMARCA1,TFPT,TPM2,HAS3
SMARCA1,G3BP1,TFRC,ANPEP
SMARCA1,SRC,HSPA8,OSBPL7
SMARCA1,G3BP1,DDX5,RBM6,LSP1
SMARCA1,SRC,NECTIN2,CD226,MBLAC2
SMARCA1,SRC,CTTN,EXOC8
SMARCA1,G3BP1,FYN,SLC4A8
SMARCA1,FOXK2,MAP1B
SMARCA1,H3C12,EGFR,SLA2,KCNN3
SMARCA1,G3BP1,CCDC8,GNA13
SMARCA1,SIN3B,MYC,CDR2,KIR3DL2
SMARCA1,SRC,TLR4
SMARCA1,G3BP1,HTT
SMARCA1,POLE3,DNAJC1
SMARCA1,H3C12,KMT2E
SMARCA1,FBXW7,NOTCH2,WNT5A
SMARCA1,G3BP1,RPS15A,ABCC6
SMARCA1,SRC,GP1BA
SMARCA1,H2AX,TXNDC12,GABRQ
SMARCA1,EZH2,RARA,AJUBA
SMARCA1,DDX21,PNN
SMARCA1,G3BP1,IRS4,MTNR1B
SMARCA1,EZH2,AKT1,TLR2
SMARCA1,G3BP1,FZR1,RGS11
SMARCA1,SRC,DOCK1
SMARCA1,H3C12,ZKSCAN8,RGS3
SMARCA1,PLEKHA4,ATP2B4
SMARCA1,PLEKHA4,GNB1,MC2R
SMARCA1,PLEKHA4,CDK16,CCNYL1
SMARCA1,KIF20A,PHB2
SMARCA1,BRD4,SUMO1
SMARCA1,H3C12,FBLN1,CCN2
SMARCA1,H2BC8,ZNF629,HNF4G,HAS2
SMARCA1,EZH2,TWIST1,ICAM1
SMARCA1,H1-0,CDK5
SMARCA1,CBX3,PRKG1,SELL
SMARCA1,BRD4,HSP90B1,GABRA1
SMARCA1,SRC,ERBB2,PTGER3
SMARCA1,USF1,FASN
SMARCA1,BRD4,PIP4K2B
SMARCA1,SRC,SHROOM2
SMARCA1,SRC,FGFR1,FRS3
SMARCA1,SRC,EPHA2,CAMK1G
SMARCA1,G3BP1,NUP155,RTN1,NDRG4
SMARCA1,G3BP1,VCP,LRRC15
SMARCA1,H3C12,EGFR,SLA2
SMARCA1,RECQL4,MAGED1
SMARCA1,SIN3A,NTRK1,PLXNA4
SMARCA1,H3C12,UBB
SMARCA1,H3C12,C1QBP,ZRSR2,CR1
SMARCA1,G3BP1,HNRNPA1,FDPS,SLC15A2
SMARCA1,SRC,SHANK3
SMARCA1,G3BP1,CCDC8,GNA13
SMARCA1,G3BP1,CTNNB1,PTPRU
SMARCA1,POGZ,BACE2
SMARCA1,BRD4,MESD
SMARCA1,PLEKHA4,GNB1,MC2R
SMARCA1,MTA2,CTBP2,TMC3
SMARCA1,SRC,RHOB,RTKN2
SMARCA1,SRC,HSPA8,OSBPL7
SMARCA1,SRC,TRAF3,TNFRSF17,CD70
SMARCA1,SRC,ABI1,EPS8L3
SMARCA1,G3BP1,KRT18,KRT8,MVB12B
SMARCA1,H3C12,PSEN2,PSENEN
SMARCA1,PLEKHA4,YWHAH,RIMS1
SMARCA1,FBXW7,MFF,AQP9
SMARCA1,SRC,ERBB4
SMARCA1,MACROH2A1,LTK
SMARCA1,G3BP1,FYN,SLC4A8
SMARCA1,FBXW7,NOTCH2
SMARCA1,PLEKHA4,GNB1,MC2R
SMARCA1,SRC,FERMT2,TKFC,OR51B2
SMARCA1,SRC,EPHA2,CAMK1G
SMARCA1,G3BP1,COPA,BET1L,DGAT1
SMARCA1,SRC,KCNB1,KCNH1
SMARCA1,PLEKHA4,PARD3,JAM3
SMARCA1,SRC,DLG4,FZD4
SMARCA1,G3BP1,HSP90AA1,NR3C2,OLFM4
SMARCA1,SRC,CEACAM1
SMARCA1,G3BP1,FYN,SLC4A8,CACNA2D1
SMARCA1,FBXW7,MTOR,RHEBL1
SMARCA1,EZH2,REEP4,RETREG3,ULBP1
SMARCA1,G3BP1,MAPRE1,QDPR,PKD2L1,PKD1L3
SMARCA1,G3BP1,GSK3A,LRP6
SMARCA1,DPY30,MTPN,MPP2,OR5F1
SMARCA1,G3BP1,CDK1,CKS2,ATP23
SMARCA1,KPNA1,GOPC,CERCAM
SMARCA1,SRC,HSPA8,OSBPL7
SMARCA1,SRC,SYK
SMARCA1,KLHL20,ULK1,ATG101,RAB12
SMARCA1,SRC,EPHB2
SMARCA1,SRC,PRICKLE3
SMARCA1,H3C12,GRB2,TBC1D3G
SMARCA1,H3C12,NPM1,CAVIN1
SMARCA1,SRC,RAC1
SMARCA1,EZH2,ZBTB16,ATP7B
SMARCA1,SRC,NRAS,PCDH18
SMARCA1,SRC,PTK2,NEO1
SMARCA1,G3BP1,RPSA
SMARCA1,G3BP1,FZR1,RGS11
SMARCA1,SRC,FASLG
SMARCA1,BRD4,UBE2E1,MGRN1
SMARCA1,SRC,CAV2
SMARCA1,G3BP1,FYN,SLC4A8
SMARCA1,PLEKHA4,ACTC1,NEXN
SMARCA1,G3BP1,BAG3,SNX20
SMARCA1,G3BP1,FYN,SLC4A8
SMARCA1,PLEKHA4,CALM3,SCTR
SMARCA1,H3C12,EGFR,SLA2
SMARCA1,SRC,HSPA8,OSBPL7
SMARCA1,EZH2,ZBTB16,ATP7B
SMARCA1,PLEKHA4,ESYT2
SMARCA1,PLEKHA4,SPTLC1,ORMDL3
SMARCA1,G3BP1,CFTR,CLCA1
SMARCA1,H3C12,EGFR,SLA2
SMARCA1,PLEKHA4,LIMD1
SMARCA1,G3BP1,BAG3,SNX20
SMARCA1,G3BP1,VCP,LRRC15
SMARCA1,G3BP1,VCP,LRRC15
SMARCA1,FBXW7,PPARGC1A,RNF34
SMARCA1,EZH2,AKT1,TLR2
SMARCA1,G3BP1,HSPA4,TRIAP1,SLC7A10
SMARCA1,H3C12,GRB2,TBC1D3G
SMARCA1,G3BP1,YWHAE,PFDN4,CLEC4G
SMARCA1,PLEKHA4,CALM3,SCTR
SMARCA1,PLEKHA4,GNB1,MC2R
SMARCA1,H3C12,CTSD,ATP6V0A1
SMARCA1,SRC,MUC1,CD68
SMARCA1,PLEKHA4,GNB1,MC2R
SMARCA1,MYO1E
SMARCA1,PLEKHA4,CALM3,SCTR
SMARCA1,H2BC21,CDK14,GDE1
SMARCA1,EZH2,TWIST1,ICAM1
SMARCA1,NANOG,HRG
SMARCA1,H2AZ1,STK17B,KCNIP2
SMARCA1,H3C12,RAD51B,MUC20
SMARCA1,H3C12,EGFR,SLA2
SMARCA1,EZH2,PTEN,ITGA6
SMARCA1,G3BP1,VCP,LRRC15
SMARCA1,G3BP1,CTNNB1,PTPRU
SMARCA1,G3BP1,CCDC8,GNA13
SMARCA1,SRC,ABL1,RTF2,CATSPER1,CACNA1I
SMARCA1,SRC,CEACAM21,PVR,CD200R1,CD200
SMARCA1,NUMA1,GNAI1,RGS10
SMARCA1,G3BP1,ELAVL1,SERPINB3
SMARCA1,SRC,CDH1,CLINT1
SMARCA1,G3BP1,AGO2,SLC7A9
SMARCA1,BRD4,WDR20,IL17RB
SMARCA1,H3C12,EGFR,SLA2,SLC39A6
SMARCA1,PLEKHA4,GNB1,MC2R
SMARCA1,SRC,EPHA2,CAMK1G
SMARCA1,SRC,RAPGEF1
SMARCA1,G3BP1,RACK1,KCNAB1
SMARCA1,TRIM28,ALDOA,GLO1
SMARCA1,PLEKHA4,TRIM32,PDE9A
SMARCA1,SRC,TGFBR2,RELT
SMARCA1,SRC,HSPA8,OSBPL7
SMARCA1,EZH2,PTEN,ITGA6
SMARCA1,PLEKHA4,GNB2,RGS6
SMARCA1,USF1,ADAM10,TSPAN5
SMARCA1,G3BP1,FYN,SLC4A8
SMARCA1,SRC,FCER1A,GPD1L
SMARCA1,G3BP1,YES1,CRKL,PAQR9
SMARCA1,G3BP1,AGO2,SLC7A9
SMARCA1,SRC,ARAF,STK36,ADORA2B
SMARCA1,G3BP1,MAPRE1,QDPR,ORAI3
SMARCA1,G3BP1,TFRC
SMARCA1,H2BC21,TMEM192,NPC1
SMARCA1,SRC,TRAF3,TNFRSF17
SMARCA1,H3C1,GRIP1,CSPG4
SMARCA1,SRC,LYN,ITGA2
SMARCA1,H3C12,FBLN1,CCN2
SMARCA1,G3BP1,HNRNPA1,FDPS,ITGA9
SMARCA1,G3BP1,TRIM56,STING1
SMARCA1,BRD4,GATA1,GP9
SMARCA1,EZH2,STAT3
SMARCA1,SRC,CYP4F2,SLC17A8
SMARCA1,TXNIP,HSPA13
SMARCA1,PLEKHA4,RAB5A
SMARCA1,SRC,RAB11B,BTN3A3
SMARCA1,RUVBL1,NUFIP1,SLC12A5
SMARCA1,KPNA1,GOPC,CERCAM
SMARCA1,G3BP1,CFTR,CLCA1
SMARCA1,G3BP1,CDC34,CCDC9,PAQR8
SMARCA1,PLEKHA4,NSF
SMARCA1,TFPT,TPM2,HAS3
SMARCA1,EPN2,TGOLN2,RAB18
SMARCA1,PLEKHA4,IFIT5
SMARCA1,SRC,GAB1,PIK3CG,PIK3R5
SMARCA1,SRC,HSPA8,OSBPL7
SMARCA1,G3BP1,CTNNB1,PTPRU
SMARCA1,SRC,TRAF3,TNFRSF17,TNFSF18
SMARCA1,G3BP1,VCP,LRRC15
SMARCA1,G3BP1,CTNNB1,PTPRU
SMARCA1,SRC,MUC1,CD68
SMARCA1,G3BP1,MAPRE1,QDPR,CACNB2
SMARCA1,CBX3,PRKG1,SELL
SMARCA1,G3BP1,AGO2,SLC7A9
SMARCA1,G3BP1,BAG3,SNX20
SMARCA1,G3BP1,HSPA4,TRIAP1,KCNIP1
SMARCA1,FBXW7,NOTCH2,WNT5A
SMARCA1,SRC,YAP1,PIEZO2
SMARCA1,FBXW7,MTOR,RHEBL1
SMARCA1,MAGEA3,PALM3
SMARCA1,H2AX,B2M,MR1
SMARCA1,EZH2,PTEN,ITGA6
SMARCA1,FBXW7,RERG
SMARCA1,PLEKHA4,GNB1,MC2R
SMARCA1,PLEKHA4,RAB5A,RAB3GAP2
SMARCA1,G3BP1,MAPRE1,QDPR,FRMD7
SMARCA1,H3C12,PSEN1
SMARCA1,G3BP1,CCDC8,GNA13
SMARCA1,EZH2,JARID2,NPPA,NPR3
SMARCA1,SRC,ARRB1,PTAFR
SMARCA1,G3BP1,LARP7,EPB42
SMARCA1,H3C12,DHX38,IFIT1B,ZDHHC22
SMARCA1,PLEKHA4,GNB1,MC2R
SMARCA1,G3BP1,CTNNB1,PTPRU
SMARCA1,PLEKHA4,SLC12A2
SMARCA1,SRC,SHC1
SMARCA1,SRC,ARHGAP35
SMARCA1,POGZ,PIDD1,MADD
SMARCA1,EPN2,ITSN1
SMARCA1,G3BP1,CCDC8,GNA13
SMARCA1,BRD4,SELE,GLG1
SMARCA1,FBXW7,KTN1,SLC16A7
SMARCA1,G3BP1,VCP,LRRC15
SMARCA1,EZH2,AR
SMARCA1,PLEKHA4,PARD3,JAM3
SMARCA1,SRC,ACTN4
SMARCA1,SRC,NRAS,PCDH18
SMARCA1,PLEKHA4,ATP6V1B2
SMARCA1,EZH2,H4C6,KMT5B,OR14J1
SMARCA1,PLEKHA4,RAB5C
SMARCA1,H3C12,TAF5,SERPINB2
SMARCA1,SRC,AFDN,NRXN1
SMARCA1,H3C12,TAF5,SERPINB2
SMARCA1,SRC,KCNA3
SMARCA1,SRC,PTPRC,CD1D
SMARCA1,DPY30,MTPN,MPP2
SMARCA1,SRC,EPHA4
SMARCA1,EZH2,ZNF592,SLC31A1
SMARCA1,H3C12,GRB2,TBC1D3G
SMARCA1,SRC,RHOB
SMARCA1,G3BP1,FYN,SLC4A8,LRP10
SMARCA1,PLEKHA4,ATP2A3,PIEZO1
SMARCA1,G3BP1,VASP,GPHN
SMARCA1,SRC,CEACAM21,PVR,CD200R1
SMARCA1,NUMA1,STAU1
SMARCA1,DPY30,UNK,SPCS1,ATP8B4
SMARCA1,SRC,NRAS,PCDH18
SMARCA1,CHRAC1,LRRTM4,PTPRS
SMARCA1,DPY30,PSMD14,MICALL2
SMARCA1,PLEKHA4,ATP2A3,PIEZO1
SMARCA1,SRC,FGFR1,FRS3
SMARCA1,SRC,TLR9
SMARCA1,H3C12,PSEN2
SMARCA1,PLEKHA4,ARF4
SMARCA1,H3C12,GSK3B,ACSBG1
SMARCA1,PLEKHA4,EEF1A2,SLC13A5
SMARCA1,TERF2IP,CPNE3
SMARCA1,CHRAC1,GOT1,ANXA8
SMARCA1,FOXE1,REL,SLC6A12
SMARCA1,H3C12,S100A6
SMARCA1,G3BP1,CCDC8,GNA13,SYPL1
SMARCA1,G3BP1,AGO2,SLC7A9
SMARCA1,H3C12,DIDO1,ITGA5
SMARCA1,H3C12,EGFR,SLA2
SMARCA1,G3BP1,CTNNB1,PTPRU
SMARCA1,G3BP1,FYN,SLC4A8
SMARCA1,H3C12,EGFR,SLA2
SMARCA1,SRC,PTPN6,LILRB4
SMARCA1,H3C12,UBA52
SMARCA1,SRC,ITGB3,ITGA2B
SMARCA1,FBXW7,SREBF2,SLC39A12
SMARCA1,TXNIP,IRAG2
SMARCA1,G3BP1,VCP,LRRC15
SMARCA1,EZH2,AR,SLC43A1
SMARCA1,FOXE1,REL,SLC6A12
SMARCA1,H3C12,UBB,SLC14A1
SMARCA1,H3C12,EGFR,SLA2
SMARCA1,PLEKHA4,PTK7,TMPRSS11B
SMARCA1,H3C12,CTSD,ATP6V0A1
SMARCA1,PLEKHA4,YWHAH,RIMS1
SMARCA1,SRC,PXN,PARVA
SMARCA1,G3BP1,BAG3,SNX20
SMARCA1,G3BP1,RPS15A,ABCC6
SMARCA1,G3BP1,YWHAE,PFDN4,PSG6
SMARCA1,G3BP1,LARP7,EPB42
SMARCA1,PLEKHA4,MUC5AC
SMARCA1,EZH2,AKT1,TLR2
SMARCA1,G3BP1,RPS6,PASK,NTN4
SMARCA1,SRC,FGFR1,FRS3
SMARCA1,SRC,TLR9,MYD88
SMARCA1,FBXW7,NOTCH2,WNT5A
SMARCA1,EPN2,TGOLN2,RAB18
SMARCA1,EZH2,STAT3,DLK2,TMPRSS12
SMARCA1,FOXE1,REL,SLC6A12
SMARCA1,RFXANK,HDAC4,INPP5E
SMARCA1,G3BP1,JUP,CDH8
SMARCA1,EZH2,MYCN,SIGIRR
SMARCA1,USF1,ADAM10
SMARCA1,SRC,MMP14,NPR1
SMARCA1,G3BP1,CCDC8,GNA13
SMARCA1,EZH2,AR,SLC43A1
SMARCA1,G3BP1,FYN,SLC4A8
SMARCA1,G3BP1,RPS3,FGF13
