SOD1,PARK7,NPM1,CAVIN1
SOD1,PDIA3,GRN,TNFRSF1B
SOD1,LGALS8,SLC12A9
SOD1,HIVEP1,KLF3,ATP10B
SOD1,STIP1,GNB1,MC2R
SOD1,VDAC1,HTT,SLC25A11
SOD1,S100A4,EGFR,PTPRD
SOD1,KARS1,VIM,WHRN
SOD1,MTPN,PTPN11,SLAMF6
SOD1,UBC,AGO2,SLC7A9
SOD1,KRAS,PRKAR1A,AKAP5
SOD1,KRAS
SOD1,KRAS,ITM2B,CACNA2D1
SOD1,KRAS,DYNC1H1,KATNB1
SOD1,MAP3K7,SOCS7
SOD1,HSPA5,PODXL,SELL
SOD1,KRAS,DUSP22
SOD1,VDAC1,HTT,SLC25A11,SYT10
SOD1,HSPA5,EPHA7,TMPRSS11B
SOD1,HSPA5,TBK1,STX19
SOD1,S100A4,MATR3,MYOF
SOD1,S100A4,EGFR,PTPRD
SOD1,S100A4,MATR3,MYOF
SOD1,ERN1,JUN,CEBPE
SOD1,VDAC1,STOM,STOML1,ACKR2
SOD1,KRAS,LCP1
SOD1,RHOA,HSD17B10
SOD1,BCL2,CDK1,DUSP21,DCST1
SOD1,UCHL1,ADRB2
SOD1,RPS27A,GPR143
SOD1,STIP1,GNB1,MC2R
SOD1,KRAS,WDR13
SOD1,UBC,TNK2
SOD1,KRAS,ARID1B
SOD1,UBC,PHPT1
SOD1,TRIM28,SETDB1,ARL14EP
SOD1,UBC,PJA1,DGKD
SOD1,HSPA5,INSIG2,SLC16A10
SOD1,ERN1,HSP90AA1,STYK1
SOD1,KRAS,GRB7
SOD1,EEF2,AHNAK,SDC1
SOD1,MAP3K5,YWHAH,WWTR1
SOD1,KRAS,KRT18,PSTPIP2
SOD1,RHOA,ATP6V0A2
SOD1,KRAS,TMED10,SPPL3
SOD1,MAP3K5,YWHAB,R3HDM1,P2RX1
SOD1,UBC,ARRB2,APLNR
SOD1,KRAS,PIP5K1A
SOD1,VDAC1,LRRK2,ZC3H15,CNNM4
SOD1,STIP1,GNB1,MC2R
SOD1,PARK7,FYN,SLC4A8
SOD1,MAP3K5,JAK2,GHR
SOD1,STIP1,GNB1,MC2R
SOD1,KRAS,SPTAN1
SOD1,PDIA3,GRN,TNFRSF1B
SOD1,KRAS,MPDZ,OR1D2
SOD1,ERN1,HSP90AA1,STYK1
SOD1,KRAS,OSBPL6
SOD1,KRAS,MATN2,CP
SOD1,FABP3,VPS28
SOD1,STIP1,GNB1,MC2R
SOD1,PDIA3,ADAM10,TSPAN14
SOD1,STIP1,GNB1
SOD1,BAG3,TJP1,CLDN6
SOD1,HSPA5,MIA3,ADAM30
SOD1,PDIA3,NTRK1,PLXNA4
SOD1,HSPA5,MIA3,ADAM30
SOD1,MARCKS,SGK1
SOD1,KRAS,TSC1
SOD1,VDAC1,RAB11A,PODXL2
SOD1,HSPA5,ABCC6
SOD1,ERN1,TRAF2,TNFRSF25
SOD1,UBQLN1,RAB2B
SOD1,KRAS,ADCY6,GDPD5
SOD1,S100A4,PSMA1,TRIM10,GLDC
SOD1,ATP1A1,CAV1,ADCY5
SOD1,MAP3K5,STK11,MUC7
SOD1,HSPA5,ASGR1
SOD1,LGALS8,ABCC4,SLC30A2,SLC30A10
SOD1,RPS27A,SLC38A1
SOD1,MAP3K5,YWHAH,WWTR1
SOD1,NACA,GSK3B,ACSBG1
SOD1,PARK7
SOD1,KRAS,EPHA3
SOD1,ERN1,TRAF2,TNFRSF25
SOD1,ERN1,HSP90AA1,STYK1
SOD1,PDIA3,GRN,TNFRSF1B
SOD1,PSMD14,ACVR1,MYADM
SOD1,PDIA3,ADAM17,LRRC3
SOD1,KRAS,NEO1,HJV
SOD1,SUMO2,RNF4,BCAM
SOD1,ERN1,TRAF2,TNFRSF25
SOD1,KRAS,GNAI2,CRHR1
SOD1,PDIA3,EPHA10
SOD1,PRDX1,LARP7,EPB42
SOD1,ERN1,HSP90AA1,STYK1
SOD1,PRDX1,CDH1,ITGAE
SOD1,VDAC1,ITPR1,PRKG1
SOD1,NME1-NME2,ENO3
SOD1,MTPN,MPP2,LIN7A
SOD1,TMX1,TLR1
SOD1,TMX1,LRFN1
SOD1,S100A4,EGFR,PTPRD
SOD1,UBC,UBE2C
SOD1,KRAS,NOTCH1
SOD1,PPIL3,DDX39A,ORMDL1,PROM2
SOD1,KRAS,SPTAN1,SPTBN5
SOD1,SUMO2,PBRM1,CEACAM7
SOD1,UBC,FGFR1
SOD1,STIP1,GNB1,MC2R
SOD1,PDIA3,DNAJC5
SOD1,DERL1,CYB5R1,PCDHA11
SOD1,AHSG,KLK10,SERPINB10
SOD1,MAP3K5,YWHAH,WWTR1
SOD1,MAP3K5,APP,BACE2,GPR42
SOD1,KRAS,DNM2
SOD1,HSPA8,KCNV2
SOD1,EEF2,FZR1,RGS11
SOD1,ERN1,HSP90AA1,STYK1
SOD1,HSPA5,TMEM62,KLRC2
SOD1,UBC,SMC1A,GRM3
SOD1,TKT,PIK3C2A
SOD1,KRAS,ACSL3
SOD1,BAG3,ZBTB38,ALX1,OR52L1
SOD1,KRAS,CSNK1G3
SOD1,UBE2N,EPHA6
SOD1,HSPA8,PLD2
SOD1,KRAS,EXOC4
SOD1,KRAS,CHMP2A
SOD1,MAP3K5,AKT1,TLR2
SOD1,KRAS,ROBO2
SOD1,HSPA5,SRC,EXTL3
SOD1,PSMD14,TGFBR1,CLEC2B
SOD1,UBC,AGO2,SLC7A9
SOD1,EIF2AK3,HLA-DRB1,PRF1
SOD1,MAP3K5,YWHAH,WWTR1
SOD1,VDAC1,TOMM22,RAB39B
SOD1,HSPA5,JUP,DSG3
SOD1,ERN1,HSP90AA1,STYK1
SOD1,KRAS,ACVRL1
SOD1,VDAC1,TOMM22,RAB39B
SOD1,CRYAB,DISC1,PRTG
SOD1,KRAS,USP6NL
SOD1,HSPA5,ASGR2
SOD1,MAP3K5,YWHAH,WWTR1
SOD1,LGALS1,SIGLEC7,TLR5
SOD1,PSMD4,SHANK3,SYT5
SOD1,HSPA9,FGF1,FGFBP1
SOD1,DERL1,IRS4,MTNR1B
SOD1,NACA,GSK3B,ACSBG1
SOD1,HSPA4,ZW10,KNTC1
SOD1,EEF2,ANLN,MYO1A
SOD1,PRDX1,ABL1,WNK2
SOD1,KRAS,DHRS7,GRPR
SOD1,VDAC1,HSPD1
SOD1,MAP3K5,MAP2K7,MAP3K12
SOD1,MAP3K5,AKT1,TLR2
SOD1,EEF2,IRAK1
SOD1,UBQLN1,NLGN3,PSG4
SOD1,DERL1,IRS4
SOD1,DERL1,TMX3
SOD1,KRAS,ROCK2
SOD1,MAP3K7,HDAC7,UBL3
SOD1,DERL1,CD3D
SOD1,PARK7,FYN,SLC4A8
SOD1,KRAS,DHRS7,GRPR
SOD1,RPS27A,INTU,WDPCP
SOD1,STIP1,AIP,PDE2A
SOD1,KRAS,PTPRM
SOD1,KRAS,AAMP
SOD1,VDAC1,RAB11A,PODXL2
SOD1,KRAS,MPP1
SOD1,MAP3K5,JAK2,GHR
SOD1,VDAC1,HTT,SLC25A11
SOD1,VDAC1,HTT,SLC25A11
SOD1,HSPA5,TRAFD1,ALG10B
SOD1,KRAS,DSC2
SOD1,KRAS,DLG1,ADGRA3
SOD1,ERN1,HSP90AA1,STYK1
SOD1,ERN1,USP14
SOD1,RHOA,PTPRS,GPC2
SOD1,S100A4,DNAJB6,AQP8
SOD1,ERN1,TRAF2,TNFRSF25
SOD1,KRAS,RCE1
SOD1,HUWE1,ZBTB33,CHRNB1
SOD1,HSPA5,GAA,LARGE1
SOD1,KRAS,RABGGTB,RAB9B
SOD1,PDIA3,DNAJC18,TMPRSS3,LRP12
SOD1,CDK4,ARID4A
SOD1,PRDX1,YAP1,PIEZO2
SOD1,BCL2,CASP3,NMT2
SOD1,BCL2,NR3C1,MSX2,CNGB1,CNGA1
SOD1,HSPA5,HNRNPF
SOD1,KRAS,PIK3CA
SOD1,ATP1A1,PARD3,JAM3
SOD1,HSPA5,MIA3,ADAM30
SOD1,HDAC6,HDAC11
SOD1,EEF2,FZR1,RGS11
SOD1,EIF2AK3,HLA-DRB1,PRF1
SOD1,BCL2,CASP8,PLIN4
SOD1,ATP1A1,SLC12A1
SOD1,GANAB,RHOBTB1,PXDNL
SOD1,HSPA5,MIA3,ADAM30
SOD1,VDAC1,ATP6V1A,ATP6V1D,SLC26A9
SOD1,UBC,LNX1,GPR142
SOD1,PRDX1,ABL1,WNK2
SOD1,KRAS,ARFGAP1,ARF1
SOD1,RIPK4,PRKCD,HVCN1,EBI3
SOD1,VDAC1,IKBKB,PSG1
SOD1,ATP1A1,EZR,ICAM2
SOD1,PRDX1,TNF,TMPRSS2
SOD1,ERN1,JUN,CEBPE
SOD1,MAP3K5,AKT1,TLR2
SOD1,NACA,GSK3B,ACSBG1
SOD1,SUMO2,CKAP5
SOD1,KRAS,EXOC1
SOD1,S100A4,EGFR,PTPRD
SOD1,HSPA5,GRB2,TBC1D3G
SOD1,NACA,NEDD4,SCN1A
SOD1,ZC3H18,XRCC5
SOD1,CRYAB,B2M,MR1
SOD1,VDAC1,ITPR1,PRKG1
SOD1,UBC,PIP5K1C
SOD1,PARK7,FYN,SLC4A8
SOD1,ATP1A1,COPE,SLC35A1
SOD1,LGALS8,ABCC4,SLC30A2
SOD1,DERL1,CYP51A1,KCNA2
SOD1,KRAS,SNAP23,STXBP5L
SOD1,MTPN,REL,SLC6A12
SOD1,DERL1,IRS4,MTNR1B
SOD1,DERL1,TMX4,TMEM30A
SOD1,S100A4,AGER,TIRAP
SOD1,VDAC1
SOD1,MAP3K5,AKT1
SOD1,MAP3K5,PPP5C
SOD1,MTPN,REL,SLC6A12
SOD1,MAP3K5,APP,BACE2
SOD1,VDAC1,HTT,SLC25A11
SOD1,CRYAB,B2M,MR1
SOD1,VDAC1,MAPK3,DCP1A,SCNN1D
SOD1,ERN1,JUN,CEBPE
SOD1,KRAS,PRKAR1A,AKAP5
SOD1,HSPA5,XCL1,FAT3
SOD1,KRAS,C2CD2L
SOD1,HUWE1,OGT
SOD1,MAP3K5,AKT1,TLR2
SOD1,HSPA5,SRC,EXTL3
SOD1,KRAS,PLXNA2
SOD1,UCHL1,RHEBL1
SOD1,PDIA3,CANX,CNR2
SOD1,MAP3K5,APP,BACE2
SOD1,PDIA3,AXL
SOD1,HSPA5,PRTN3
SOD1,ZC3H18,RAE1,KLRK1
SOD1,LGALS1,CR2
SOD1,KRAS,ACSL4
SOD1,HSPA5,EDEM1,OR1M1
SOD1,PARK7,FYN,SLC4A8
SOD1,ERN1,HSP90AA1,STYK1
SOD1,VDAC1,HTT,SLC25A11
SOD1,S100A4,EGFR,PTPRD
SOD1,UBC,ACTA1,CLDN20
SOD1,VDAC1,IKBKB,PSG1,SGCD
SOD1,MTPN,LRRC40,KCTD3
SOD1,CDK4,DSG1
SOD1,KRAS,SNAP25,PRRT2
SOD1,HSPA5,SRC,EXTL3
SOD1,MAP3K5,APP,BACE2
SOD1,ERN1,JUN,CEBPE
SOD1,PDIA3,GRN,TNFRSF1B
SOD1,TIAL1,TRO
SOD1,UBC,ITSN2
SOD1,HSPA8,LAMP2
SOD1,PRDX1,LARP7,EPB42
SOD1,BCL2,PPP2CA
SOD1,UBC,TRIM21,TRPM2
SOD1,GOT1,TF
SOD1,PRKCZ,EPB41L4B
SOD1,DERL1,HM13
SOD1,ATP1A1,CAV1,ADCY5
SOD1,MAP3K5,RAF1
SOD1,ZC3H18,PRSS3,TFPI
SOD1,PRDX1,RHOC,SLC27A2
SOD1,DERL1,IRS4,MTNR1B
SOD1,MAP3K5,AKT1,TLR2
SOD1,PSMD14,TAMALIN
SOD1,KRAS,VANGL2
SOD1,UBQLN1,NLGN3,PSG4
SOD1,MAP3K5,RAF1,SH3KBP1
SOD1,NACA,NEDD4,SCN1A
SOD1,ERN1,SEC61B,LIFR,SLC22A13
SOD1,MAP3K7,PTPN3
SOD1,RAC1,LRP4
SOD1,PARK7,FYN,SLC4A8
SOD1,HSPA5,GPRASP1,ADRB1
SOD1,HSPA9,PRMT8
SOD1,GPX4,ZP4
SOD1,KRAS,LPAR1
SOD1,MAP3K5,APP,BACE2
SOD1,MTPN,PTPN11,SLAMF6
SOD1,UBC,SMC1A,GRM3
SOD1,HSPA5,PODXL
SOD1,ERN1,TRAF2,TNFRSF25
SOD1,SQSTM1,GJA1
SOD1,NME1,FZD1
SOD1,PDIA3,CAPN1,CAPNS2
SOD1,TMX1,CYSTM1
SOD1,MAP3K5,AKT1,TLR2
SOD1,PPIB,OR1C1
SOD1,PDIA3,CANX,CNR2
SOD1,UBQLN1,GABRB3,GABRA6
SOD1,MAP3K5,DAB2IP
SOD1,PSMD14,PATJ,HOMER2
SOD1,KRAS,VAMP2,PRKD3
SOD1,UBC,UBE2B
SOD1,ERN1,JUN,CEBPE
SOD1,CDK6,TJP2
SOD1,HIVEP1,ATXN1,ZNF804A,MGAM
SOD1,KRAS,RAB6A
SOD1,KRAS,GNAI2,CRHR1
SOD1,UBC,ITCH
SOD1,PRDX1,LARP7,EPB42
SOD1,KRAS,ENPP4
SOD1,VDAC1,ACAD9,GTPBP3,HTR3B
SOD1,S100A4,EGFR,PTPRD
SOD1,ERN1,TRAF2,TNFRSF25
SOD1,KRAS,SEMA4D
SOD1,HSPA9,PTCD3
SOD1,KRAS,F2RL3
SOD1,PSMD14,MICALL2
SOD1,KRAS,ITGB1,ITGA1
SOD1,HSPA5,CUL4A,ACSL6
SOD1,LGALS8,TRIM23
SOD1,MAP3K5,YWHAH,WWTR1
SOD1,RAC1,MAPK9
SOD1,KRAS,ROR1
SOD1,RPS27A,ARRDC3
SOD1,HSPA5,INSR,CYTH3
SOD1,EIF2AK3,HLA-DRB1,PRF1,ABCA7
SOD1,PDIA3,ZDHHC5
SOD1,DERL1,CYB5A,SLC38A6
SOD1,PRDX1,PTEN
SOD1,BCL2,MYC,CECR2,KREMEN1
SOD1,NACA,NEDD4,SCN1A
SOD1,RHOA,SLC30A5
SOD1,STIP1,GNB1,MC2R,RAMP1
SOD1,LGALS1,HRAS,RGS12,OR10H2
SOD1,DERL1,CYP51A1,KCNA2
SOD1,LGALS1,HRAS,RGS12
SOD1,KRAS,S100P,TGFBI
SOD1,HSPA8,BAG4
SOD1,UBC,GNB2,RGS6
SOD1,KRAS,S100P,TGFBI
SOD1,EIF2AK3,TMPO,SLC33A1
SOD1,KRAS,TNRC18,SULF2
SOD1,RHOA,SLMAP
SOD1,ERN1,STUB1,PTPN18,DGKH
SOD1,MAP3K7,RDX
SOD1,MAP3K5,AKT1,TLR2
SOD1,LGALS8,CTSZ
SOD1,RHOA,PAFAH1B2
SOD1,PDIA3,UNK,PNRC1,TMEM50B
SOD1,HSPA5,SEPTIN2
SOD1,RAC1,ARHGAP15
SOD1,KRAS,ADCY3
SOD1,PRDX1,ABL1,WNK2
SOD1,MAP3K5,JAK2,GHR
SOD1,UBC,SMC1A,GRM3
SOD1,PDIA3,ADAM17,LRRC3
SOD1,KRAS,NEO1
SOD1,VDAC1,LRRK2
SOD1,EIF2AK3,HLA-DRB1,PRF1
SOD1,MAP3K5,YWHAH,WWTR1
SOD1,PDIA3,LRRC59,RAB35
SOD1,BAG3,IRAK2
SOD1,PRDX1,CDH1,ITGAE
SOD1,ERN1,HSP90AA1,STYK1
SOD1,S100A4,EGFR,PTPRD
SOD1,HSPA5,ARHGAP39,KCNE3
SOD1,PDIA3,ATP5IF1,GUCY2C
SOD1,PSMD14,PSMB3,NCR3LG1,MICA
SOD1,KRAS,S100A8,SLC15A4
SOD1,VDAC1,ITPR1,PRKG1
SOD1,PSMD14,PSMD3,SNF8
SOD1,VDAC1,RAB11A,PODXL2
SOD1,PRDX1,CDH1,ITGAE
SOD1,UBC,MACF1,TESC
SOD1,KRAS,STIM1
SOD1,ERN1,HSP90AA1,STYK1
SOD1,MAP3K5,APP,BACE2
SOD1,PARK7,RACK1,GNG2
SOD1,SUMO2,RNF213,LAMP3
SOD1,RPS27A,KCNA5
SOD1,RPS27A,RHEB
SOD1,KRAS,FLRT3,ADGRL3
SOD1,UBC,GNB2,RGS6
SOD1,ERN1,JUN,CEBPE
SOD1,MAP3K5,RAF1,SH3KBP1
SOD1,VDAC1,TARDBP,YTHDF2,MMD
SOD1,PDIA3,CFTR
SOD1,PDIA3,ADAM17,LRRC3
SOD1,VDAC1,HTT,SLC25A11
SOD1,ERN1,JUN,CEBPE
SOD1,MAP3K5,AKT1,TLR2
SOD1,MAP3K5,YWHAH,WWTR1
SOD1,KRAS,KTN1,SLC16A7
SOD1,TXN,NCF4
SOD1,PRDX1,LARP7,EPB42
SOD1,S100A4,EGFR,PTPRD
SOD1,VDAC1,ATP1A2,AQP5
SOD1,EIF2AK3,HLA-DRB1,PRF1
SOD1,ATP1A1,ARF6
SOD1,PDIA3,CANX,CNR2
SOD1,PRDX1,CUL3,MYNN,KIRREL2
SOD1,HSPA5,SEPTIN2,JPT2
SOD1,KRAS,JAK1,IL2RB
SOD1,MAVS,NLRX1
SOD1,MAP3K5,YWHAH,WWTR1
SOD1,VDAC1,RAB11A,PODXL2
SOD1,S100A4,CHMP4C,CHMP1B
SOD1,NACA,NEDD4,SCN1A
SOD1,RHOA,FAT4
SOD1,BCL2,NR3C1,MSX2,C8B
SOD1,KRAS,FGFRL1
SOD1,HSPA5,SRC,EXTL3,SGCE
SOD1,BCL2,NR3C1,MSX2,TSPAN4
SOD1,RPS27A,CD207
SOD1,ACO2,GPD1L
SOD1,HSPA9,OSMR
SOD1,RAC1,CDC42EP4
SOD1,UBC,ACTA1,CLDN20
SOD1,GANAB,TDGF1
SOD1,EEF2,ANTXR1
SOD1,BCL2,MYC,CECR2,PLCD4
SOD1,MAP3K5,ALK
SOD1,ERN1,HSP90AA1,STYK1
SOD1,PSMD14,PRMT5,COPRS
SOD1,KRAS,RAB23
SOD1,RHOA,CXCR4
SOD1,RHOA,FNDC3A,OR6T1
SOD1,VDAC1,RAB11A,PODXL2
SOD1,ERN1,SEC24A,SEC24D,OR4E2
SOD1,HSPA8,SNRPD2,CRLF3
SOD1,UBC,MIB1
SOD1,PRDX1,TNF
SOD1,MAP3K5,YWHAH,WWTR1
SOD1,HUWE1,PTOV1
SOD1,MAP3K7,LZTS2
SOD1,MAP3K5,RAF1,SH3KBP1
SOD1,UBC,CBL
SOD1,S100A4,TRIP13,CFP,PLEKHM3
SOD1,HUWE1,TBL1X,SERPINB2
SOD1,EEF2,ATP5F1B
SOD1,KRAS,SLC43A1
SOD1,KRAS,DLG1
SOD1,KRAS,SPNS2
SOD1,KRAS,CTNNAL1
SOD1,LGALS1,MUC16
SOD1,EEF2,AHNAK,SDC1
SOD1,RHOA,ARHGEF18
SOD1,PRDX1,ADRM1
SOD1,VDAC1,HTT,SLC25A11
SOD1,UBC,CHP1,SLC9A3
SOD1,HSPA8,FN1,MEP1A
SOD1,ERN1,HSP90AA1,STYK1
SOD1,ERN1,JUN,CEBPE
SOD1,EIF2AK3,TMPO,SLC33A1
SOD1,KRAS,BTK
SOD1,BCL2,CASP3,NMT2
SOD1,UBC,DRG1
SOD1,VDAC1,ATP6V1A,ATP6V1D
SOD1,MAP3K5,JAK2,GHR
SOD1,RHOA,ARHGEF11
SOD1,PARK7,FYN,SLC4A8
SOD1,PDIA3,ADAM17,LRRC3
SOD1,NACA,GSK3B,ACSBG1
SOD1,HSPA5,RAB7A,GNG5
SOD1,VDAC1,ITPR1,PRKG1
SOD1,DERL1,SCNN1A,CACNA1H
SOD1,ERN1,HSP90AA1,STYK1
SOD1,RAC1,MELK
SOD1,RPS27A,TRADD
SOD1,PDIA4,MIA2,LRRC52
SOD1,HSPA5,EPHA7,TMPRSS11B
SOD1,KRAS,ITGB1,ITGA1
SOD1,PSMD14,ACVR1,MYADM
SOD1,UBC,FLT3
SOD1,HSPA5,CPS1
SOD1,MAP3K5,RAF1,SH3KBP1
SOD1,MTPN,PTPN11,SLAMF6
SOD1,PRKCZ,FEZ1
SOD1,S100A4,AGER,TIRAP
SOD1,KRAS,PTPRJ
SOD1,PSMD14,PRKAB1,SLC9A5
SOD1,KRAS,BTN3A2
SOD1,UBC,ANKRD13D
SOD1,NACA,NEDD4,SCN1A
SOD1,KRAS,UBAP2L,CDV3
SOD1,RHOA,RTN3
SOD1,KRAS,ANK3,KCNC1
SOD1,PSMD14,APOB
SOD1,NACA,RPL38,RIC8A
SOD1,RHOA,REEP5,KLRF1
SOD1,KRAS,ITGB1,ITGA1
SOD1,PSMD14,PATJ
SOD1,HSPA5,SPTBN1
SOD1,KRAS,ANK3
SOD1,UBC,ZAP70,CD3G
SOD1,UBC,BCR
SOD1,HSPA5,SRC,EXTL3
SOD1,S100A4,EGFR,PTPRD
SOD1,UBC,NEDD4L,SLC22A11
SOD1,PARK7,FYN,SLC4A8
SOD1,MAP3K7,CALM3,IQCG,CHRM3
SOD1,GOT1,DCXR
SOD1,RHOA,PLEKHG5
SOD1,KRAS,SCAMP1
SOD1,UBC,RABEP1,KCNH1
SOD1,MAP3K7,SYK,SIRPB1,CD300C
SOD1,VDAC1,CYB5R3,TMED9,TMED1
SOD1,HSPA5,GRB2,TBC1D3G
SOD1,KRAS,GNAT1
SOD1,KRAS,ITGB1,ITGA1
SOD1,HSPA5,PXN,PARVB
SOD1,MTPN,ALDH4A1,STK16
SOD1,KRAS,SPRED2
SOD1,PRDX1,TNF,TMPRSS2
SOD1,MAP3K5,JAK2,GHR
SOD1,KRAS,STX6
SOD1,HSPA4,PRKAR2A,PALM2AKAP2
SOD1,ERN1,HSP90AA1,STYK1
SOD1,PARK7,FYN,SLC4A8
SOD1,S100A4,EGFR,PTPRD
SOD1,S100A4,MATR3,MYOF
SOD1,HSPA9,TESMIN,OR4X2
SOD1,PDIA3,BACE1
SOD1,BCL2,NR3C1,MSX2,CNNM2
SOD1,VDAC1,RAB11A,PODXL2
SOD1,PARK7,FYN,SLC4A8
SOD1,HSPA5,FGD5
SOD1,MAP3K5,STK11,MUC7
SOD1,SQSTM1,PLIN1,AQP7
SOD1,PSMD14,TGFBR1,CLEC2B
SOD1,UBC,TRAF3IP2,IL17RC
SOD1,PSMD4,SHANK3,SYT5
SOD1,PEBP1,BSG,SLC16A13
SOD1,PRDX1,HNRNPA1,FREM2
SOD1,BCL2,TP53,ZNF763,OR51E2
SOD1,MAP3K5,AKT1,TLR2
SOD1,PDCD6IP,DRD1
SOD1,UBC,SMC1A,GRM3
SOD1,KRAS,APLP2
SOD1,EEF2,DAPK1
SOD1,UBQLN1,GABRB3
SOD1,PSMD14,DDX24,PSKH1
SOD1,HSPA5,RPS6KA3,HTR2A
SOD1,PRDX1,TNF,TMPRSS2
SOD1,PARK7,FYN,SLC4A8
SOD1,ERN1,SEC61B,LIFR
SOD1,KRAS,RAP2C
SOD1,KRAS,ALCAM
SOD1,STIP1,GNB1,MC2R
SOD1,MTPN,PTPN11,SLAMF6
SOD1,VDAC1,HTT,SLC25A11
SOD1,CRYAB,B2M
SOD1,VDAC1,RAB11A,PODXL2
SOD1,KARS1,CARS1,ABTB1
SOD1,RAP1A,RASGRP4
SOD1,UBC,ARRB2,APLNR,NPHS2
SOD1,PPIA,NOTCH3
SOD1,UBC,ACTA1,CLDN20
SOD1,KRAS,SLC6A6
SOD1,HSPA5,EPS15L1
SOD1,RHOA,GRAMD1B,GRAMD2A
SOD1,KRAS,ATP6V0B
SOD1,MAP3K7,CALM3,IQCG,DOC2B
SOD1,ERN1,TRAF2,TNFRSF25
SOD1,PSMD14,TMPRSS13
SOD1,HSPA5,TMTC3,CHRND
SOD1,LGALS1,ZBTB18,EEPD1
SOD1,MAP3K5,AKT1,TLR2
SOD1,PSMD14,SGTA,CDH15,SLC23A2
SOD1,MAP3K5,APP,BACE2
SOD1,MAP3K5,YWHAH,WWTR1
SOD1,S100A4,CEP128,DCLK1
SOD1,VDAC1,PHB1
SOD1,VDAC1,HTT,SLC25A11
SOD1,BAG3,LAPTM5
SOD1,MAP3K5,JAK2,GHR
SOD1,MAP3K5,TRAF3,PCDH10
SOD1,KRAS,GNAI3,RGS7
SOD1,ATP1A1,CXADR
SOD1,EIF2AK3,TMPO,SLC33A1
SOD1,PDIA3,BCAP31
SOD1,UBC,GNB2,RGS6
SOD1,RHOA,DGKQ
SOD1,NFS1,HLA-DPB1
SOD1,MAP3K5,YWHAH,WWTR1
SOD1,ERN1,HSP90AA1,STYK1
SOD1,CRYAB,B2M,MR1
SOD1,PSMD14,DLG2,NLGN1
SOD1,S100A4,DNAJB6,AQP8
SOD1,PEBP1,BSG,SLC16A13
SOD1,PDIA3,CANX,CNR2
SOD1,ZC3H18,RAE1,KLRK1,ULBP2
SOD1,S100A4,WDFY3
SOD1,EEF2,EPHA2,CAMK1G
SOD1,UBC,CBL,MYCBPAP
SOD1,PDIA3,DNAJC30,AQP6
SOD1,HSPA8,ATP10A
SOD1,ERN1,HSP90AA1,STYK1
SOD1,PRKCZ,PTPRZ1
SOD1,VDAC1,STOM,STOML1,SLC39A2
SOD1,ZC3H18,ERMAP
SOD1,PRDX1,TNF,TMPRSS2
SOD1,UBC,UBE2R2,GSC2,BEST3
SOD1,BCL2,XIAP,KLHL2,RASGEF1B
SOD1,ATP1A1,PARD3
SOD1,STIP1,GNB1,MC2R
SOD1,BCL2,CASP3,NMT2
SOD1,PRDX1,HNRNPA1,FREM2
SOD1,KRAS,BAIAP2
SOD1,HSPA9,EIF5
SOD1,HSPA5,SRC,EXTL3
SOD1,BAG3,ADI1
SOD1,RPS27A,DNMT3B,DPP6
SOD1,NFS1,HLA-DPB1,HLA-DPA1
SOD1,MAP3K7,CLIC1
SOD1,UBC,ARRB2,APLNR
SOD1,KRAS,DIAPH1
SOD1,TRIM24,ESR1
SOD1,KARS1,EPRS1
SOD1,UBC,GNB2,RGS6
SOD1,S100A4,CEP128,DCLK1
SOD1,DECR1,MGST3,AQP10
SOD1,HSPA5,PACSIN3
SOD1,RHOA,ARHGDIG
SOD1,KRAS,HCAR1
SOD1,HSPA5,LRRC32
SOD1,BAG3,ANKRD39,LANCL2
SOD1,HSPA5,ITM2C,CNTNAP3
SOD1,ERN1,JUN,CEBPE
SOD1,S100A4,CEP128,DCLK1
SOD1,MAP3K5,ALK,GPC1
SOD1,NACA,GSK3B,ACSBG1
SOD1,ERN1,HSP90AA1,STYK1
SOD1,S100A4,CEP128,DCLK1
SOD1,MAP3K5,YWHAH,WWTR1
SOD1,HSPA5,GRB2
SOD1,BCL2,CASP8,PLIN4
SOD1,PEBP1,ANXA1
SOD1,BCL2,NR3C1,MSX2,SLC39A14
SOD1,NACA,NEDD4,SCN1A
SOD1,ATP1A1,CAV1,ADCY5
SOD1,PRDX1,YAP1,PIEZO2
SOD1,VDAC1,HSP90B1,LDLR
SOD1,ATP1A1,NRAS,PCDH18
SOD1,ERN1,JUN,CEBPE
SOD1,RHOA,LRRC8D
SOD1,KRAS,LMO7,FRMPD2
SOD1,P4HB,TRIM4
SOD1,S100A4,EGFR,PTPRD
SOD1,DERL1,IRS4,MTNR1B
SOD1,HSPA5,PLOD3,MARCO
SOD1,HSPA5,TMTC3,CHRND
SOD1,S100A4,SYNE2,COL23A1
SOD1,KARS1,TGOLN2,RAB18
SOD1,VDAC1,RAB11A,PODXL2
SOD1,HSPA5,INSR,CYTH3
SOD1,PRKCZ,DAPK3,GRIN3B
SOD1,BCL2,PPP3CA
SOD1,UBC,AMOT
SOD1,TRIM33,ANKRD28,AGPAT2
SOD1,PPIB,MCC
SOD1,UBE2L3,CACNA1B
SOD1,HSPA8,KCNC4
SOD1,PDIA3,DNAJC30,AQP6,SCAMP5
SOD1,ERN1,JUN,CEBPE
SOD1,S100A4,EGFR,PTPRD
SOD1,HSPA5,SEPTIN2,JPT2
SOD1,KRAS,SLC6A8
SOD1,UBE2L3,CACNA1A
SOD1,KRAS,SLC7A1,SLC22A18
SOD1,RPS27A,UTP20
SOD1,VDAC1,ATP1A2
SOD1,VDAC1,STOML2
SOD1,KRAS,BMPR2
SOD1,S100A4,PKN3,PTGER3,TTC7B
SOD1,PRKCZ,PARD6B
SOD1,HSPA5,SRC,EXTL3
SOD1,PRDX1,ABL1,WNK2
SOD1,HSPA5,VAPA
SOD1,PPIA,CSDE1,ARHGEF39
SOD1,RHOA,STXBP5
SOD1,VDAC1,HTT,SLC25A11,KCNA10
SOD1,NACA,RPL36A
SOD1,SQSTM1,KLHL8,RAPSN
SOD1,PRDX1,HNRNPA1,FREM2
SOD1,STIP1,GNB1,MC2R
SOD1,CRYAB,DISC1,PRTG
SOD1,ERN1,COPS5,TTC27,TVP23B,YIPF1
SOD1,PSMD14,DLG2
SOD1,MTPN,PTPN11,SLAMF6
SOD1,S100A4,MATR3,MYOF
SOD1,ZC3H18,SLC16A1
SOD1,UBQLN1,EFEMP2,SLC16A5
SOD1,KARS1,VIM,WHRN
SOD1,RIPK4,GPI,PARP14
SOD1,UBE2L3,CACNA1A,CACNB4
SOD1,NACA,WWP2,ARRDC4,BAIAP2L2
SOD1,ATP1A1,IPO5,DSCAML1
SOD1,MAP3K5,AKT1,TLR2
SOD1,MAP3K5,YWHAH,WWTR1
SOD1,PDIA3,CFTR,CLCA1
SOD1,VDAC1,SLC25A5
SOD1,PSMD14,ACTG1
SOD1,DECR1,MGST3,AQP10
SOD1,ERN1,TRAF2,TNFRSF25
SOD1,PRDX1,RHOC,SLC27A2
SOD1,S100A4,SMAD2,CYP11A1,SLC16A8
SOD1,ERN1,HSP90AA1,STYK1
SOD1,VDAC1,STOM
SOD1,MAP3K5,JAK2,GHR
SOD1,PRKCZ,PAK1
SOD1,HSPA5,RNF123,PCDHB12
SOD1,PRDX1,TNF,TMPRSS2
SOD1,MTPN,DNAJB5,P2RX6
SOD1,ERN1,HSP90AA1,STYK1
SOD1,PSMD14,LIMK2,SLC31A1
SOD1,ERN1,PSEN1,APH1A
SOD1,PDIA3,CANX,CNR2
SOD1,GAPDH,GRIA2
SOD1,PPIL3,PRSS12
SOD1,KRAS,NAT1
SOD1,HSPA8,PACSIN1
SOD1,RHOA,RTN3,NDRG4
SOD1,MTPN,FAM120B,KCNIP4
SOD1,STIP1,GNB1,MC2R
SOD1,HSPA5,MAP4
SOD1,PDIA3,CFTR,CLCA1,MICB
SOD1,UBQLN1,CD99
SOD1,VDAC1,STOM,STOML1
SOD1,VDAC1,HTT,SLC25A11
SOD1,KRAS,NF2
SOD1,MTPN,REL,SLC6A12
SOD1,MARCKS,PLS1
SOD1,UBC,RNF114
SOD1,ERN1,TRAF2,TNFRSF25
SOD1,MAP3K7,SYK,SIRPB1
SOD1,RHOA,FNDC3A,OR6T1
SOD1,STMN1,DTNA
SOD1,KRAS,ABCB5
SOD1,PDIA3,CFTR,CLCA1
SOD1,PDIA3,STAT3,IRF9,PDCD1,PDCD1LG2
SOD1,PRDX1,LARP7,EPB42
SOD1,MAP3K5,APP,BACE2
SOD1,UBE2L3,CACNA1A,CACNB4
SOD1,VDAC1,RAB11A,PODXL2
SOD1,UBC,LNX1,GPR142
SOD1,RAP1A,RGL1
SOD1,MAP3K7,SYK,SIRPB1,CD300LD
SOD1,ERN1,HSP90AA1,STYK1
SOD1,SQSTM1,NTRK2
SOD1,KRAS,EHBP1
SOD1,PRDX1,ABL1,WNK2
SOD1,PDIA3,CANX,CNR2
SOD1,UBC,TNFRSF1A,CYBA
SOD1,BCL2,CASP8,PLIN4
SOD1,ERN1,SRPK2,LUC7L2,LYPD1
SOD1,RHOA,LRP5
SOD1,RPS27A,CAV3
SOD1,KRAS,PLEKHA2
SOD1,DERL1,AMFR,OR4N2
SOD1,KRAS,NUMBL,TMC5
SOD1,KRAS,PDS5A
SOD1,UBQLN1,EFEMP2,SLC16A5
SOD1,ERN1,HSP90AA1,STYK1
SOD1,UBE2N,ZNRF2
SOD1,KRAS,DYNLL2
SOD1,KRAS,ATG9A,SLC44A5
SOD1,UBE2N,ATP2B3,LRRC55
SOD1,MAP3K5,AKT1,TLR2
SOD1,NACA,WWP2,ARRDC4
SOD1,HSPA8,RBSN
SOD1,RHOA,VAV1
SOD1,HSPA8,SNX20
SOD1,VDAC1,RAB11A,PODXL2
SOD1,PDIA3,CTNNB1,CTNNBIP1,IHH
SOD1,MAP3K5,YWHAH,WWTR1
SOD1,HSPA8,ACTL6B,CR1L
SOD1,VDAC1,STOM,STOML1
SOD1,PARK7,FYN,SLC4A8
SOD1,KRAS,ADIPOR1,SLC22A16
SOD1,HSPA5,SRC,EXTL3
SOD1,PRDX1,ABL1,WNK2
SOD1,UBC,WWP1,PI4K2A
SOD1,S100A4,PKN3,PTGER3
SOD1,EEF2,EPHA2,CAMK1G
SOD1,VDAC1,HTT,SLC25A11
SOD1,KRAS,NAPA
SOD1,MAP3K5,APP,BACE2
SOD1,ERN1,HSP90AA1,STYK1
SOD1,ERN1,JUN,CEBPE
SOD1,HSPA5
SOD1,RIPK4,GPSM3
SOD1,S100A4,MATR3,MYOF
SOD1,RPS27A,CPNE7
SOD1,HSPA9,PIP5KL1
SOD1,PRDX1,ABL1,WNK2
SOD1,PPIA,RHOBTB2
SOD1,UBC,ARRB2
SOD1,KRAS,LLGL2
SOD1,TRIM24,SRCAP,IFNLR1
SOD1,VDAC1,HTT,SLC25A11
SOD1,HSPA5,CTSG
SOD1,HSPA8
SOD1,MAP3K5,YWHAH,WWTR1
SOD1,PDIA3,COL6A1,LYPD6B
SOD1,MAP3K5,AKT1,TLR2
SOD1,STIP1,GNB1,MC2R
SOD1,PSMD14,PRKAB1,SLC9A5
SOD1,PARK7,FYN,SLC4A8
SOD1,KRAS,GNAI3,RGS7
SOD1,UBC,AGO2,SLC7A9
SOD1,LGALS1,CD44
SOD1,VDAC1,ATP6V1A,ATP6V1D
SOD1,ERN1,SEC61B,LIFR
SOD1,S100A4,PKN3,PTGER3,TTC7A
SOD1,UBQLN1
SOD1,UBC,GNB2,RGS6
SOD1,PSMD14,ACVR1,MYADM
SOD1,MAP3K5,AKT1,TLR2
SOD1,S100A4,MATR3,MYOF
SOD1,TIAL1,KRT31,SLC23A1
SOD1,S100A4,EGFR,PTPRD
SOD1,HSPA8,DPYSL2
SOD1,ERN1,PSEN1,APH1A
SOD1,HSPA5,BRAF
SOD1,MAP3K7,TLR3
SOD1,HSPA5,NEK2,LRRC45
SOD1,UBQLN1,PLAAT3
SOD1,PRDX1,CDH1
SOD1,PDIA3,COL6A1,LYPD6B
SOD1,HSPA5,PLOD1,COL5A1,SLC10A4
SOD1,ERN1,HSP90AA1,STYK1
SOD1,PARK7,PRDX3
SOD1,MAP3K5,YWHAH
SOD1,HSPA5,SRC,EXTL3
SOD1,RHOA,PLXNB1
SOD1,STIP1,GNB5,RGS9
SOD1,RIPK4,ENPP6
SOD1,PDIA3,NTRK1,PLXNA4
SOD1,KARS1,TGOLN2
SOD1,PRKCZ,DAPK3,GRIN3B
SOD1,S100A4,EGFR,PTPRD
SOD1,MAP3K5,YWHAH,WWTR1
SOD1,KRAS,ROCK1
SOD1,BCL2,MYC,CECR2,IL2RG
SOD1,STIP1,GNB1,MC2R
SOD1,HSPA5,MET
SOD1,KRAS,VAPB
SOD1,RPS27A,PDGFRB
SOD1,PARK7,FYN,SLC4A8
SOD1,S100A4,MATR3,MYOF
SOD1,NACA,GSK3B
SOD1,KRAS,CADM1
SOD1,HSPA5,RAB7A,GNG5
SOD1,HSPA5,FBXO7,FGF10
SOD1,VDAC1,ATP6V1A,ATP6V1D
SOD1,KRAS,MAPKAP1
SOD1,RAC1,SWAP70
SOD1,MAP3K5,JAK2,GHR
SOD1,HSPA5,JUP
SOD1,NACA,UBQLN2
SOD1,EEF2,EPHA2,CAMK1G
SOD1,ERN1,SEC61B,LIFR
SOD1,BAG3,TJP1,CLDN6
SOD1,HSPA8,TRIM38,NLRP6
SOD1,RPS27A,IMP4
SOD1,VDAC1,RAB11A,PODXL2
SOD1,KRAS,GPR50
SOD1,GAPDH,SLC4A1
SOD1,EIF2AK3,TMPO,SLC33A1
SOD1,S100A4,EGFR,PTPRD
SOD1,BAG3,TJP1
SOD1,RHOA,ITPR2
SOD1,MAP3K5,STK11,MUC7
SOD1,S100A4,EGFR,PTPRD,PAQR6
SOD1,HSPA4,ZW10,KNTC1
SOD1,KRAS,IQGAP2
SOD1,KRAS,CAP1
SOD1,UBC,EPN3
SOD1,KRAS,SLC15A1
SOD1,UBC,RAPGEF2
SOD1,UCHL1,ADRA2A
SOD1,VDAC1,RAB11A,PODXL2
SOD1,DERL1,CYB5R1,PCDHA11
SOD1,KRAS,DLG3,GRIK5
SOD1,HSPA8,HBB,HBM,CELSR1
SOD1,SUMO2,RNF4,BCAM
SOD1,HUWE1,ETS1,CD8A
SOD1,PDIA3,NTRK1,PLXNA4
SOD1,MAP3K5,ALK,GPC1
SOD1,BCL2,CASP3,NMT2
SOD1,UBC,BRCA1
SOD1,PDIA3,ADAM17,LRRC3
SOD1,GAPDH,OBSCN
SOD1,S100A4,RHOU
SOD1,MAP3K5,ALK,GPC1
SOD1,PRDX1,HNRNPA1,FREM2
SOD1,KRAS,DLG1,ADGRA3
SOD1,VDAC1,ATP2B1,ENTPD7,ADAM2
SOD1,ERN1,SEC61B,LIFR
SOD1,VDAC1,ATP2B1
SOD1,STIP1,GNB1,MC2R
SOD1,PPIL3,DDX39A,ORMDL1,OMG
SOD1,KRAS,SNAP47
SOD1,RAC1,CDH2
SOD1,PDIA3,AXL,TREML2
SOD1,PRKCZ,PARD6A
SOD1,MAP3K5,HSP90AB1
SOD1,HSPA5,ROS1
SOD1,KRAS,MPDZ,OR1D2
SOD1,STIP1,CAMK2D,PDE4A
SOD1,HSPA5,AAK1
SOD1,PSMD14,PRKAB1,SLC9A5
SOD1,PSMD4,IFITM3
SOD1,HSPA5,FBXO7,FGF10
SOD1,PSMD14,EEF1A1,MAGEA1
SOD1,LGALS1,FLT4
SOD1,PDIA3,CAPN1,CAPNS2
SOD1,KRAS,MCAM
SOD1,RAP1A,RAPGEF3
SOD1,ZC3H18,DDX50
SOD1,EIF2AK3,TMPO,SLC33A1
SOD1,PGM5,UTRN
SOD1,MTPN,PTPN11,SLAMF6
SOD1,ERN1,JUN,CEBPE
SOD1,ERN1,FCER1A
SOD1,HSPA8,ARFGAP2
SOD1,KRAS,GNA13
SOD1,UBC,NEDD4L,SLC22A11
SOD1,HUWE1,TRPA1
SOD1,ATP1A1,RHOD
SOD1,DERL1,CYB5A,SLC38A6
SOD1,AHSG,KLK10,SERPINB10
SOD1,UBQLN1,GABRB1
SOD1,UCHL1,ADRA2B
SOD1,NACA,GSK3B,ACSBG1
SOD1,MAP3K5,AKT1,TLR2
SOD1,RHOA,CNKSR1
SOD1,KARS1,VIM,WHRN
SOD1,ATP1A1,OCLN,TMEM30B
SOD1,PARK7,FYN,SLC4A8,TYROBP,TREM1
SOD1,PDIA3,GARS1,Gly-tRNA(Gly),GLRA2
SOD1,NACA,PPP1R12A
SOD1,PDIA3,CFTR,CLCA1
SOD1,MAP3K5,STK11,MUC7
SOD1,EEF2,ATIC
SOD1,HSPA5,SRC,EXTL3
SOD1,HSPA5,CFB
SOD1,UBC,NFE2L2
SOD1,QDPR,NCAM2
SOD1,ALDH7A1,SUCLG2
SOD1,TRIM33,UNC80,NALF1
SOD1,VDAC1,IMMT,SLC2A8
SOD1,STIP1,GNB1,MC2R
SOD1,S100A4,RIPK1
SOD1,ERN1,GABPB1,ADGRB2
SOD1,SUMO2,ARF3
SOD1,HSPA5,PLOD3,MARCO
SOD1,KRAS,ERBB2
SOD1,MAP3K5,ALK,GPC1
SOD1,UBC,ANKRD13B
SOD1,KRAS,PLXNA1
SOD1,PRDX1,ABL1,WNK2
SOD1,VDAC1,RAB11A,PODXL2
SOD1,LGALS1,HRAS,RGS12,SLC9A3R2,OR52B2
SOD1,ERN1,SEC61B,LIFR
SOD1,PPIL3,SNCA
SOD1,VDAC1,HTT,SLC25A11
SOD1,VDAC1,STOM,STOML1
SOD1,NACA,YBX1
SOD1,GOT1,ANXA8
SOD1,KRAS,RAB13
SOD1,HSPA5,SRC,EXTL3
SOD1,STIP1,GNB1,MC2R
SOD1,HSPA5,FBXO7,FGF10
SOD1,PSMD2,DIRAS3
SOD1,MAP3K5,AKT1,TLR2
SOD1,KRAS,LIMA1
SOD1,TRIM24,TCF4,TCF24,SYT13
SOD1,S100A4,DYNLL1
SOD1,HSPA4,SSH1
SOD1,STIP1,CAMK2D,PDE4A
SOD1,DERL1,CYB5A,SLC38A6
SOD1,KRAS,SLC6A15
SOD1,HSPA5,SRC,EXTL3
SOD1,PRDX1,ABL1,WNK2
SOD1,VDAC1,ATP5F1A
SOD1,HSPA5,SRC,EXTL3
SOD1,KRAS,SNAP25,PRRT2
SOD1,VDAC1,RAB11A,PODXL2
SOD1,MAP3K5,APP,BACE2
SOD1,UBC,LNX1,GPR142
SOD1,ERN1,HSP90AA1,STYK1
SOD1,KRAS,GORASP2,MMP15
SOD1,KRAS,PHF7
SOD1,ERN1,HSP90AA1,STYK1
SOD1,KRAS,DLG3,GRIK5
SOD1,KLC2,PPIL2
SOD1,PRDX1,ABL1,WNK2
SOD1,KRAS,PTPN13
SOD1,UBC,SMC1A,GRM3
SOD1,SQSTM1,GJA1,GJC1
SOD1,ZC3H18,SLC3A2
SOD1,MTPN,PTPN11,SLAMF6
SOD1,S100A4,CEP128,DCLK1
SOD1,KRAS,KTN1,SLC16A7
SOD1,MAP3K5,YWHAH,WWTR1
SOD1,UBQLN1,CD47,SIRPG
SOD1,MAP3K5,YWHAH,WWTR1
SOD1,UBQLN1,DST,CHRNA1
SOD1,FEN1,LIG1
SOD1,PRDX1,ABL1,WNK2
SOD1,KRAS,PKP4
SOD1,HSPA5,RAB7A
SOD1,PRDX1,ABL1,WNK2
SOD1,BCL2,NR3C1,MSX2,C1QTNF5
SOD1,KARS1,VIM,WHRN
SOD1,RHOA,ARHGEF1
SOD1,MAP3K5,AKT1,TLR2
SOD1,ATP1A1,NRAS
SOD1,KRAS,TTC4,SLC27A6
SOD1,HSPA5,PICALM
SOD1,RPS27A,MARK3
SOD1,LGALS1,HRAS,RGS12
SOD1,ZC3H18,BMI1,ABCA12
SOD1,PRDX1,ABL1,WNK2
SOD1,MTPN,PIP4K2A,PLCD3
SOD1,HDAC6,GRK5
SOD1,KRAS,SPRY2,CBLB
SOD1,PPIA,ITK,CD28
SOD1,KRAS,STX6,ABCA6
SOD1,KRAS,PCDH9
SOD1,ATP1A1,FXYD1
SOD1,PRDX1,UBE3A,ATP1A4
SOD1,RHOA,ITGB8
SOD1,MAP3K5,AKT1,TLR2
SOD1,ERN1,HSP90AA1,STYK1
SOD1,MAP3K5,RAF1,SH3KBP1
SOD1,LGALS3,ABCB1
SOD1,PSMD14,EEF1A1,MAGEA1
SOD1,VDAC1,IMMT,SLC2A8
SOD1,UBC,PJA1,DGKD
SOD1,KRAS,SDK1
SOD1,KRAS,KTN1
SOD1,DERL1,CYB5R1
SOD1,NACA,NEDD4,SCN1A
SOD1,RHOA,NTNG1
SOD1,HSPA5,GPRASP1,ADRB1
SOD1,DERL1,CYB5R1,PCDHA11
SOD1,PDIA3,LRRC59,RAB35
SOD1,DERL1,TMX4,TMEM30A
SOD1,HSPA8,HDLBP
SOD1,VDAC1,HTT,SLC25A11
SOD1,RAP1A,RAB8B
SOD1,RAP1A,RAPGEF4
SOD1,TKT
SOD1,STIP1,GNB1,MC2R
SOD1,KARS1,Multiaminoacyl-tRNA synthetase,tRNA(Pro),GRIK3
SOD1,UBQLN1,RALA
SOD1,MAP3K5,APP,BACE2
SOD1,KRAS,ATP6V0C
SOD1,DERL1,TMX4,TMEM30A,ATP8A1
SOD1,NACA,GSK3B,ACSBG1
SOD1,HSPA5,SRC,EXTL3
SOD1,UBC,TRIM32,PDE9A
SOD1,PDIA3,NTRK1,PLXNA4
SOD1,HSPA5,RNF123,PCDHB12
SOD1,KRAS,CCDC120,CYTH4
SOD1,PSMD14,BMPR1A,BMP2,RGMA
SOD1,MAP3K5,YWHAH,WWTR1
SOD1,S100A4,EGFR,PTPRD
SOD1,MAP3K5,JAK2,GHR
SOD1,EIF2AK3,HLA-DRB1,PRF1
SOD1,VDAC1,STOM,STOML1,DPEP1
SOD1,EIF2AK3,TMPO,SLC33A1
SOD1,VDAC1,HTT,SLC25A11
SOD1,MAP3K5,APP,BACE2
SOD1,NACA,WWP2,ARRDC4
SOD1,KRAS,RASGRF2
SOD1,HSPA5,TMTC3,CHRND
SOD1,BCL2,MYC,CECR2,ADH1C
SOD1,VDAC1,ACTB,DCTN5,VPS35L
SOD1,DERL1,CYB5A,SLC38A6
SOD1,MAP3K5,YWHAH,WWTR1
SOD1,VDAC1,ATP5F1D,NOTCH2NLC,KCNS2
SOD1,ERN1,TRAF2,TNFRSF25
SOD1,MAP3K5,ALK,GPC1
SOD1,ERN1,SEC61B,LIFR
SOD1,PRDX4,PLG
SOD1,UBC,GNB2,RGS6
SOD1,HIVEP1,KLF3,ATP10B
SOD1,HSPA5,SRC,EXTL3
SOD1,CDK4,TOB2,CPEB3
SOD1,HSPA5,SIGLEC10,TLR8
SOD1,PRDX1,LARP7,EPB42
SOD1,STMN1,TPM2,HAS3
SOD1,VDAC1,RAB11A,PODXL2
SOD1,ERN1,HSP90AA1,STYK1
SOD1,PSMD14,DLG2,NLGN1
SOD1,AHSG,KLK10,SERPINB10
SOD1,DERL1,TMX4,TMEM30A,MBLAC2
SOD1,PARK7,MAP1B
SOD1,MAVS,KCNIP3
SOD1,KRAS,ADCY3,CNGA3
SOD1,ERN1,JUN,CEBPE
SOD1,S100A4,EGFR,PTPRD,KCNN3
SOD1,UBC,TSG101
SOD1,BCL2,MYC,CECR2,KIR3DL2
SOD1,MAP3K5,JAK2,GHR
SOD1,S100A4,CEP128,DCLK1
SOD1,HSPA8,DIP2A
SOD1,PSMD14,TGFBR1
SOD1,HSPA8,TLR4
SOD1,VDAC1,HTT
SOD1,MAP3K5,YWHAH,WWTR1
SOD1,HSPA5,DNAJC1
SOD1,PSMD14,EEF1A1,MAGEA1
SOD1,HSPA5,PODXL,SELL
SOD1,BCL2,CASP3,NMT2
SOD1,S100A4,ZZEF1,CHRDL1
SOD1,MAP3K5,YWHAH,WWTR1
SOD1,SUMF2,LYPLA1
SOD1,KRAS,KANSL2
SOD1,EEF2,BIN1
SOD1,KRAS,RALGPS2
SOD1,KRAS,ST14
SOD1,KRAS,DOCK1
SOD1,MAP3K5,YWHAH,WWTR1
SOD1,KRAS,DLG3,GRIK5
SOD1,TRIM24,ZNF324B,RGS3
SOD1,ATP1A1,ATP2B4
SOD1,MAP3K5,STK11,MUC7
SOD1,KRAS,GPR50,TACR1
SOD1,UBC,CDK17,CCNYL1
SOD1,VDAC1,PHB2
SOD1,PPIL3,SUMO1
SOD1,VDAC1,IKBKB,PSG1
SOD1,HDAC6,NR0B2,HNF4G,HAS2
SOD1,MAP3K5,STK11,MUC7
SOD1,KRAS,KRT18,PSTPIP2
SOD1,NME1,MMP2
SOD1,STIP1,CDK5
SOD1,PSMD14,SGTA,CDH15
SOD1,VDAC1,HSP90B1,LDLR
SOD1,BCL2,CASP8,PLIN4
SOD1,RAC1,CARMIL1
SOD1,UBC,FASN
SOD1,MAP3K5,STK11,MUC7
SOD1,UBC,PTPN5,CLEC4G
SOD1,PDIA4,CTSL
SOD1,PDIA3,ADAM17,LRRC3
SOD1,RHOA,RTN3,NDRG4
SOD1,PDIA3,NTRK1,PLXNA4
SOD1,KRAS,STIM2
SOD1,S100A4,AGER
SOD1,PRDX1,MAPT,USH2A,CR1
SOD1,NME1-NME2,UBB
SOD1,S100A4,ZZEF1,CHRDL1
SOD1,ERN1,HSP90AA1,STYK1
SOD1,VDAC1,STOM,STOML1,SLC15A2
SOD1,LGALS1,HRAS,RGS12
SOD1,S100A4,EGFR,PTPRD
SOD1,PSMD4,SHANK3
SOD1,KRAS,RALGDS
SOD1,KRAS,ARVCF
SOD1,MAP3K5,APP,BACE2
SOD1,EIF2AK3,TMPO,SLC33A1
SOD1,STIP1,GNB1,MC2R
SOD1,ERN1,SEC61B,LIFR
SOD1,ERN1,TRAF2,TNFRSF25,CD70
SOD1,NACA,GSK3B,ACSBG1
SOD1,KRAS,ITGB1,ITGA1
SOD1,ERN1,PSEN1,APH1A
SOD1,NACA,NEDD4,SCN1A
SOD1,MAP3K5,YWHAH,WWTR1
SOD1,KRAS,MSN
SOD1,PDIA3,MST1R
SOD1,MAP3K5,ALK,GPC1
SOD1,S100A4,ERBB4
SOD1,SUMO2,LTK
SOD1,KRAS,KIRREL1
SOD1,EEF2,NOTCH2
SOD1,STIP1,GNB1,MC2R
SOD1,KARS1,TGOLN2,RAB18
SOD1,HSPA5,PODXL,SELL
SOD1,ERN1,COPS5,TTC27,OR51B2
SOD1,EEF2,EPHA2,CAMK1G
SOD1,MAP3K5,YWHAH,WWTR1
SOD1,KRAS,OSBP
SOD1,UBC,RABEP1,KCNH1
SOD1,NFS1,HLA-DPB1,HLA-DPA1
SOD1,HSPA5,CEP250,ENTHD1
SOD1,ERN1,HSP90AA1,STYK1
SOD1,MAP3K5,YWHAH,WWTR1
SOD1,PRDX1,HNRNPA1,FREM2
SOD1,UBQLN1,FZD7
SOD1,BCL2,CASP8,PLIN4,OLFM4
SOD1,MTPN,SHC1,CEACAM1
SOD1,EIF2AK3,TMPO,SLC33A1
SOD1,ERN1,HSP90AA1,STYK1
SOD1,KRAS,ITM2B,CACNA2D1
SOD1,ERN1,JUN,CEBPE
SOD1,PPIL3,PRKACA,AKAP7,PKD1L3
SOD1,MTPN,EFHD2,OR2K2
SOD1,BCL2,CDK1,DUSP21,ATP23
SOD1,TMX1,SEMA4G
SOD1,HSPA5,AAK1,REPS1
SOD1,UBC,ULK1,DENND3,RAB12
SOD1,HSPA5,EPHB2
SOD1,MAP3K7,SYK
SOD1,KRAS,DOCK5
SOD1,RAC1
SOD1,VDAC1,HTT,SLC25A11
SOD1,VDAC1,HTT,SLC25A11
SOD1,NACA,NEDD4,SCN1A
SOD1,ATP1A1,NRAS,PCDH18
SOD1,KRAS,ITGB5
SOD1,HSPA5,RAB7A,GNG5
SOD1,KARS1,RPSA
SOD1,RHOA,FASLG
SOD1,PDIA4,PRCP
SOD1,UBC,ACTC1,NEXN
SOD1,RAP1A,CAV2
SOD1,STIP1,GNB1,MC2R
SOD1,LGALS1,HRAS,RGS12
SOD1,HSPA8,KCNV1
SOD1,S100A4,EGFR,PTPRD
SOD1,EIF2AK3,TMPO,SLC33A1
SOD1,RHOA,SLITRK4
SOD1,PDIA3,CFTR,CLCA1
SOD1,SQSTM1,LIMD1
SOD1,CKB,DFFA
SOD1,VDAC1,RAB11A,PODXL2
SOD1,PSMD14,EEF1A1,MAGEA1
SOD1,KRAS,APPL1
SOD1,KRAS,RIN1
SOD1,HSPA5,GRB2,TBC1D3G
SOD1,UBC,PTPN5,CLEC4G
SOD1,STIP1,GNB1,MC2R
SOD1,NME2,KCNN4
SOD1,STIP1,GNB1,MC2R
SOD1,KRAS,MYO1E
SOD1,ATP1A1,CYB5B,GDE1
SOD1,S100A4,EGFR,PTPRD
SOD1,S100A4,EGFR,PTPRD
SOD1,KARS1,CARS1,ABTB1
SOD1,KRAS,VAMP8
SOD1,KRAS,SCRIB
SOD1,PRDX1,VCAM1,CCL22,CD200R1,CD200
SOD1,KRAS,GNAI3,RGS7
SOD1,VDAC1,MAPK1,GNPTAB,CATSPER1,CACNA1I
SOD1,LGALS1,HRAS,RGS12
SOD1,DERL1,CYB5A,SLC38A6
SOD1,PRDX1,CDH1,ITGAE
SOD1,UBC,AGO2,SLC7A9
SOD1,SPR,NUP35
SOD1,HSPA9,FGF1,FGFBP1
SOD1,KRAS,TAOK3
SOD1,S100A4,EGFR,PTPRD,SLC39A6
SOD1,PDIA3,RAD23B,RSC1A1
SOD1,STIP1,GNB1,MC2R
SOD1,ERN1,TRAF2,TNFRSF25
SOD1,HSPA5,MIA3,ADAM30
SOD1,RAP1A,RAPGEF1
SOD1,EEF2,EPHA2,CAMK1G
SOD1,UBC,TRIM32,PDE9A
SOD1,ATP1A1,CAV1,ADCY5
SOD1,UBC,GNB2,RGS6
SOD1,KRAS,CDIPT
SOD1,PDIA3,ADAM10,TSPAN14
SOD1,PARK7,FYN,SLC4A8
SOD1,PRDX1,YAP1,PIEZO2
SOD1,HSPA8,MAD1L1,KCNAB3
SOD1,STIP1,GNB1,MC2R,ADORA2B
SOD1,LGALS1,HRAS,RGS12
SOD1,HUWE1,TFRC
SOD1,ERN1,TRAF2,TNFRSF25
SOD1,VDAC1,STOM,STOML1
SOD1,P4HB,COLQ
SOD1,KRAS,GNAI3,RGS7
SOD1,KRAS,ITGB1,ITGA1
SOD1,HSPA5,SDF2L1,PCSK6
SOD1,KRAS,ITGB1,ITGA1
SOD1,PDIA3,STAT3
SOD1,PDIA3,DNAJC5,SLC32A1
SOD1,PDIA3,HSPA13
SOD1,ERN1,HSP90AA1,STYK1
SOD1,PRDX1,YAP1,PIEZO2
SOD1,VDAC1,RAB5A
SOD1,DNM1L,NUFIP1,SLC12A5
SOD1,BCL2,BECN1,UVRAG,SSTR5
SOD1,CAT,EHHADH,PAQR8
SOD1,STMN1,TPM2,HAS3
SOD1,KARS1,TGOLN2,RAB18
SOD1,KRAS,NSF
SOD1,MAP3K5,APP,BACE2
SOD1,MAP3K7,IFIT5
SOD1,UBC,SDCBP,FZD3
SOD1,KRAS,PIK3CG,PIK3R5
SOD1,HSPA5,TNFRSF18,TNFSF18
SOD1,VDAC1,RAB5C,GNAT3
SOD1,TIAL1,THY1
SOD1,ERN1,HSP90AA1,STYK1
SOD1,LGALS1,HRAS,RGS12
SOD1,BAG3,PCDHGB2
SOD1,ATP1A1,CAV1,ADCY5
SOD1,S100A4,MATR3,MYOF
SOD1,ERN1,HSP90AA1,STYK1
SOD1,ZC3H18,BMI1,ABCA12
SOD1,HSPA5,MRC1
SOD1,superoxide,SOD3,KCNIP1
SOD1,MAP3K5,STK11,MUC7
SOD1,RHOA,ARHGAP45
SOD1,KRAS,TMED10,SPPL3
SOD1,PRDX1,YAP1,PIEZO2
SOD1,BCL2,BMF
SOD1,PRDX1,ABL1,WNK2
SOD1,EIF2AK3,HLA-DRB1,PRF1
SOD1,ERN1,HSP90AA1,STYK1
SOD1,ATP1A1,CAV1,ADCY5
SOD1,PDIA3,COL6A1,LYPD6B
SOD1,STIP1,GNB1,MC2R
SOD1,HSPA5,EPHB2,EFNB2
SOD1,RAC1,SYNJ2
SOD1,VDAC1,HTT,SLC25A11
SOD1,ERN1,PSEN1
SOD1,VDAC1,IKBKB,PSG1
SOD1,BCL2,MYC,CECR2,NPPC,NPR3
SOD1,VDAC1,HTT,SLC25A11
SOD1,UBC,ARRB2,APLNR
SOD1,S100A4,SMAD2,CYP11A1,ZDHHC22
SOD1,STIP1,GNB1,MC2R
SOD1,NACA,WWP2,ARRDC4
SOD1,STIP1,HSPA2,DXO
SOD1,LGALS8,SLC12A2
SOD1,MTPN,SHC1
SOD1,BCL2,CASP3,NMT2
SOD1,RHOA,ARHGAP35
SOD1,RIPK4,MADD
SOD1,UBC,USP6
SOD1,NACA,NEDD4,SCN1A
SOD1,KRAS,ITSN1
SOD1,UBC,STX3
SOD1,LGALS8,SLC12A7
SOD1,UBC,TRIM32,PDE9A
SOD1,ERN1,HSP90AA1,STYK1
SOD1,DERL1,CACNA1C
SOD1,TRIM24,AR
SOD1,ATP1A1,PARD3,JAM3
SOD1,ACO2,ACTN4
SOD1,ATP1A1,NRAS,PCDH18
SOD1,STIP1,ATP6V1B2
SOD1,HSPA5,PRSS21,OR14J1
SOD1,VDAC1,RAB5C
SOD1,KRAS,AFDN,NRXN2
SOD1,UBC,SDCBP,FZD3
SOD1,MAP3K7,FYB1,SKAP1
SOD1,CKB
SOD1,KRAS,EPHA4
SOD1,UBC,AP2A2
SOD1,PSMD14,LIMK2,SLC31A1
SOD1,HSPA5,PACSIN3,ADAM15
SOD1,UBC,SMC1A,GRM3
SOD1,PRDX1,RHOB
SOD1,UBC,GGA1,LRP10
SOD1,EIF2AK3,HLA-DRB1,PRF1
SOD1,PRDX1,VCAM1,CCL22,CD200R1
SOD1,S100A4,CEP128,DCLK1
SOD1,ATP1A1,STAU1
SOD1,ATP1A1,NRAS,PCDH18
SOD1,MTPN,DNAJB5,P2RX6
SOD1,DERL1,TMX4,TMEM30A,ATP8B4
SOD1,KRAS,UNC5B
SOD1,PARK7,HADHA,TGFBR3
SOD1,HSPA5,SRC,EXTL3,LYNX1
SOD1,HSPA5,TLR9
SOD1,UBQLN1,PSEN2
SOD1,PRDX1,ABL1,WNK2
SOD1,EEF2,KIF20A,MUC17
SOD1,LGALS1,ARF4
SOD1,BCL2,CASP3,NMT2
SOD1,PSMD14,EEF1A2,SLC13A5
SOD1,GAPDH,SLC4A2
SOD1,MTPN,REL,SLC6A12
SOD1,HSPA9,CPNE3
SOD1,PEBP1,S100A6
SOD1,PDIA3,CANX,CNR2
SOD1,UBQLN1,GPR162
SOD1,S100A4,EGFR,PTPRD
SOD1,UBC,PTPN5
SOD1,PRDX6,NCF2
SOD1,VDAC1,RAB11A,PODXL2
SOD1,S100A4,EGFR,PTPRD
SOD1,MAP3K7,SYK,SIRPB1
SOD1,TXN,PTPN6,CD300LF
SOD1,S100A4,CHMP4C,CHMP1B
SOD1,MAP3K5,APP,BACE2
SOD1,NACA,UBA52
SOD1,RAP1A,OR2T10
SOD1,RAC1,DOCK4
SOD1,ERN1,HSP90AA1,STYK1
SOD1,KRAS,DLG5
SOD1,MTPN,REL,SLC6A12
SOD1,MAP3K5,STK11,MUC7
SOD1,KRAS,PTK7,BTNL8
SOD1,ATP1A1,PARD3,JAM3
SOD1,MAP3K5,YWHAH,WWTR1
SOD1,LGALS8,ABCC4,SLC30A2
SOD1,HSPA5,PXN,PARVB
SOD1,ERN1,HSP90AA1,STYK1
SOD1,VDAC1,HTT,SLC25A11
SOD1,KRAS,KREMEN2
SOD1,RAC1,ARFIP2
SOD1,PSMD14,ACVR1,MYADM
SOD1,KRAS,NEO1,HJV
SOD1,ERN1,HSP90AA1,STYK1
SOD1,KRAS,SLC9A1
SOD1,S100A4,AGER,TIRAP
SOD1,VDAC1,RAB11A,PODXL2
SOD1,KARS1,TGOLN2,RAB18
SOD1,PRDX1,HNRNPA1,FREM2
SOD1,RHOA,FZD6,TMPRSS12
SOD1,MTPN,REL,SLC6A12
SOD1,PRDX1,CDH1,ITGAE
SOD1,ERN1,PSEN1,APH1A
SOD1,HSPA5,HDAC4,INPP5E
SOD1,PDIA3,ADAM10
SOD1,MAP3K7,IL17RA,IL17RE
SOD1,HSPA5,PACSIN3,ADAM15
SOD1,PRDX1,HNRNPA1,FREM2
SOD1,RHOA,SIPA1
SOD1,HSPA5,SLC22A8
SOD1,VDAC1,RAB11A,PODXL2
SOD1,HSPA8,FN1
SOD1,PARK7,FYN,SLC4A8
SOD1,MAP3K5,YWHAH,WWTR1
SOD1,NACA,RPL5,FGF13
SOD1,KRAS,MAGI1
SOD1,UBC,FCHO2
SOD1,KRAS,SLITRK2
SOD1,RHOA,LRP5,CAPRIN2
SOD1,VDAC1,ITPR3
SOD1,LGALS8,SLC12A6
SOD1,EIF2AK3,TMPO,SLC33A1
SOD1,S100A4,BTF3,LILRB4
SOD1,PDIA3,IDH2,CD80
SOD1,VDAC1,HSP90B1,LDLR,GABRG3
SOD1,KRAS,PLCD1
SOD1,UBQLN1,CD47
SOD1,HIVEP1,ATXN1,ZNF804A
SOD1,RHOA,CXCR4,AVPR1A,CCR10
SOD1,VDAC1,ATP6V1A,ATP6V1D
SOD1,VDAC1,HSP90B1,LDLR
SOD1,PRDX1,PDP1
SOD1,S100A4,SYNE2,COL23A1
SOD1,MAP3K5,APP,BACE2
SOD1,ERN1,HSP90AA1,STYK1
SOD1,TRIM24,MLKL
SOD1,KRAS,LPAR1,GNA15
SOD1,KRAS,ITGB1,ITGA1
SOD1,HSPA5,TMPRSS5
SOD1,PDIA3,CAPN1
SOD1,TRIM28,TES
SOD1,ATP1A1,CAV1,ADCY5,SLC1A4
SOD1,UBC,GNB2,RGS6
SOD1,PRDX1,LARP7,EPB42
SOD1,PARK7,RACK1,GNG2
SOD1,ATP1A1,NDRG1
SOD1,UBC,SDCBP,FZD3
SOD1,DERL1,AMFR,OR4N2
SOD1,EIF2AK3,HLA-DRB1,PRF1
SOD1,RHOA,GNB4,FZD10
SOD1,KRAS,CA12
SOD1,RAC1,ARHGAP17
SOD1,PSMD14,DLG2,NLGN1
SOD1,HSPA5,CEP250,ENTHD1
SOD1,UBE2N,ATP2B3
SOD1,VDAC1,HTT,SLC25A11
SOD1,TRIM28,APC
SOD1,KRAS,VAMP2,PRKD3
SOD1,HSPA9,COQ8B
SOD1,SQSTM1,GJA1,GJC1
SOD1,PRDX1,ABL1,WNK2
SOD1,BCL2,PRKN,ZFAND4,NLGN4X
SOD1,PPIB,PMEPA1
SOD1,HSPA5,GPRASP1,ADRB1
SOD1,HSPA5,SIGLEC12
SOD1,HSPA5,RAB7A,GNG5
SOD1,KRAS,NCAM1,DGUOK,ROM1
SOD1,KRAS,LRRC4B
SOD1,PRDX1,LARP7,EPB42
SOD1,VDAC1,RIPK2
SOD1,VDAC1,RAB11A,PODXL2
SOD1,UBC,ARRB2,APLNR
SOD1,MAP3K5,APP,BACE2
SOD1,KRAS,EPHB4
SOD1,HUWE1,FURIN
SOD1,PDIA3,CANX,CNR2
SOD1,RAC1,SIPA1L3
SOD1,ATP1A1,CYB5B,GDE1
SOD1,NACA,NEDD4,SCN1A
SOD1,ERN1,SEC61B,LIFR
SOD1,KRAS,CDHR5,CDHR2
SOD1,STIP1,GNB1,MC2R
SOD1,MAVS,DYNC1LI1
SOD1,KRAS,CSNK1G2
SOD1,MAP3K5,STK11,MUC7
SOD1,ERN1,PSEN1,APH1A
SOD1,HSPA5,SIGLEC10
SOD1,MAP3K5,JAK2,GHR,AGTRAP
SOD1,UBC,SDCBP,FZD3
SOD1,MAP3K5,AKT1,TLR2
SOD1,VDAC1,STOM,STOML1
SOD1,MAP3K5,AKT1,TLR2
SOD1,TMX1,TMEM179B
SOD1,VDAC1,RAB11A,PODXL2
SOD1,MAP3K5,AKT1,TLR2
SOD1,RIPK4,RCC2
SOD1,DERL1,TMX4,TMEM30A
SOD1,EIF2AK3,TMPO,SLC33A1
SOD1,MAP3K5,RAF1,SH3KBP1
SOD1,HSPA5,GZMH,SPINT1
SOD1,ATP1A1,LYN
SOD1,ERN1,HSP90AA1,STYK1
SOD1,VDAC1,RAB5C,GNAT3
SOD1,TRIM33,UNC80,NALF1
SOD1,VDAC1,RAB11A,PODXL2
SOD1,MAP3K5,AKT1,TLR2
SOD1,UBC,FASN,SLC34A3
SOD1,BAG3,PCP2
SOD1,KRAS,SLC7A1,SLC22A18
SOD1,HSPA5,EPHA7,TMPRSS11B
SOD1,UBC,TRIM36
SOD1,KRAS,TINF2,TRIM16
SOD1,VDAC1,HTT,SLC25A11
SOD1,HSPA5,RAC3
SOD1,KRAS,GNAI2
SOD1,PARK7,FYN,SLC4A8
SOD1,HSPA4,KCNQ1
SOD1,MAP3K5,APP,BACE2
SOD1,KRAS,FLRT2,UNC5D
SOD1,UBQLN1,SLPI,CALN1
SOD1,VDAC1,MAPK1
SOD1,LGALS1,HRAS,RGS12
SOD1,RHOA,ARHGEF28
SOD1,KRAS,PAK4,TMPRSS11A
SOD1,ATP1A1,NRAS,PCDH18
SOD1,PDIA3,CAPN1,CAPNS2
SOD1,PSMD14,EEF1A1,MAGEA1
SOD1,HSPA5,GRB2,TBC1D3G
SOD1,HSPA5,INSR,CYTH3
SOD1,PARK7,RHOG
SOD1,GSTK1,PPP2R2D,GPC5
SOD1,HSPA5,PICALM,ATP8B3
SOD1,S100A4,EGFR,PTPRD
SOD1,HUWE1,CYP2C9
SOD1,HSPA8,CHD1L
SOD1,RAP1A,RAPGEF5
SOD1,BCL2,PPP2CA,INTS8,GGT7
SOD1,AHSG,KLK10,SERPINB10
SOD1,RHOA,VAV2
SOD1,ERN1,JUN,CEBPE
SOD1,PARK7,FYN,SLC4A8,TYROBP
SOD1,KRAS,DLG3,GRIK5
SOD1,ERN1,PSEN1,APH1A
SOD1,ERN1,JUN,CEBPE,SLC20A1
SOD1,HSPA5,GRB2,TBC1D3G
SOD1,PDIA3,NPEPPS,GBP1
SOD1,FABP5,GLO1
SOD1,ERN1,HSP90AA1,STYK1,GFRAL
SOD1,VDAC1,ACTB,DCTN5,CDH19
SOD1,LGALS8,SLC36A1
SOD1,KARS1,VIM,WHRN
SOD1,VDAC1,IMMT,SLC2A8
SOD1,HSPA5,SRC,EXTL3
SOD1,ERN1,TRAF2,TNFRSF25
SOD1,BCL2,CASP8,PLIN4
SOD1,RHOA,PTPRK
SOD1,PRKCZ,AQP9
SOD1,RHOA,MUC13
SOD1,PARK7,DUSP12,RAB28
SOD1,MAP3K5,AKT1,TLR2
SOD1,KARS1,VIM
SOD1,MAP3K5,BTRC,CSNK1A1,IL22RA1
SOD1,BCL2,BECN1,UVRAG,CXCR3
SOD1,ERN1,HSP90AA1,STYK1
SOD1,ERN1,SEL1L,AMIGO3,CELSR2
SOD1,HSPA5,EPHA7,TMPRSS11B
SOD1,S100A4,SUV39H1
SOD1,PSMD14,NOSTRIN
SOD1,RAP1A,RGS14
SOD1,ATP1A1,EZR,ICAM2
SOD1,PARK7,FYN,SLC4A8
SOD1,ERN1,TRAF2,TNFRSF25
SOD1,HSPA5,RAB7A,GNG5
SOD1,MAP3K5,AKT1,TLR2
SOD1,PRKCZ,ADD1
SOD1,RHOA,ARHGAP10
SOD1,ALDH7A1,CAPNS1
SOD1,KRAS,STX17
SOD1,LGALS1,CR2,IFITM1
SOD1,KARS1,Multiaminoacyl-tRNA synthetase,tRNA(Pro),GRM4
SOD1,MAP3K5,YWHAH,WWTR1
SOD1,KRAS,ITGB6
SOD1,MTPN,CLIC4
SOD1,UBC,HIP1R
SOD1,VDAC1,RAB11A,PODXL2
SOD1,RPS27A,KCNS3
SOD1,HSPA5,EPHA7,TMPRSS11B
SOD1,RIPK4,SV2A
SOD1,HSPA5,ASGR2,PARVG
SOD1,NACA,FADD
SOD1,PDIA3,ADAM17,LRRC3
SOD1,RHOA,PIK3R3,PCDHB5
SOD1,KRAS,S100A8
SOD1,BCL2,PPARA,FABP1,RNF34
SOD1,PRDX1,ABL1,WNK2
SOD1,PSMD14,SGTA,CDH15
SOD1,TRIM24,RARA
SOD1,KRAS,SLC26A6
SOD1,S100A4,EGFR,PTPRD
SOD1,UBC,PRKCI
SOD1,KRAS,DLG1,ADGRA3
SOD1,MAP3K5,RAF1,SH3KBP1
SOD1,ERN1,HSP90AA1,STYK1
SOD1,ATP1A1,ATP1B2
SOD1,S100A4,SYNE2,COL23A1
SOD1,PDIA3,ADAM17,LRRC3
SOD1,PRDX1,ABL1,WNK2
SOD1,MAP3K5,APP,BACE2
SOD1,PRKCZ,FAT1
SOD1,MAP3K5,YWHAH,WWTR1
SOD1,PRDX1,EPS15
SOD1,MAP3K5,MAP2K7,MAP3K12
SOD1,TMX1,TLR10
SOD1,NME1,CCN2
SOD1,VDAC1,MAPK3
SOD1,LGALS1,HRAS,RGS12
SOD1,BCL2,CDK2,DYRK1B,KITLG
SOD1,MAP3K5,RAF1,SH3KBP1
SOD1,ERN1,JUN,CEBPE
SOD1,MAP3K5,YWHAH,WWTR1
SOD1,HSPA5,TMTC3,CHRND
SOD1,AHSG,KLK10,SERPINB10
SOD1,KRAS,KLRG2,PCDHA12
SOD1,VDAC1,ACTB,DCTN5,PIP4P1
SOD1,S100A4,EGFR,PTPRD
SOD1,VDAC1,IKBKB,PSG1
SOD1,SQSTM1,TRIM55,TFR2
SOD1,HSPA8,NCF1
SOD1,KRAS,GNAI3,RGS7
SOD1,MAP3K5,APP,BACE2
SOD1,KRAS,POLE
SOD1,ERN1,TRAF2,TNFRSF25
SOD1,KRAS,SEMA6A
SOD1,PSMD14,DLG2,NLGN1
SOD1,NFS1,PAK5,DGLUCY,GPR45
SOD1,STIP1,GNB1,MC2R
SOD1,HSPA5,GABARAP
SOD1,PRKCZ,VHL
SOD1,ERN1,HSP90AA1,STYK1
SOD1,PARK7,FYN,SLC4A8
SOD1,HSPA5,GRB2,TBC1D3G
SOD1,MAP3K7
SOD1,ERN1,HSP90AA1,STYK1
SOD1,BAG3,ANKRD39,LANCL2
SOD1,MAP3K7,IL17RA,IL17RE
SOD1,MAP3K5,AKT1,TLR2
SOD1,NACA,GSK3B,ACSBG1
SOD1,ERN1,JUN,CEBPE
SOD1,S100A4,CEP128,DCLK1
SOD1,KRAS,GNAI3
SOD1,PARK7,RACK1,GNG2
SOD1,MAP3K5,AKT1,TLR2,IPCEF1
SOD1,HSPA5,KLK3,PLXNA3
SOD1,ERN1,JUN,CEBPE
SOD1,HSPA4,PRKAR2A
SOD1,S100A4,SMAD3,LEFTY1,C4B
SOD1,KRAS,NHERF2
SOD1,KRAS,DSC3
SOD1,RAP1A,MTNR1A
SOD1,KRAS,JAK1,IL2RB
SOD1,PSMD14,EEF1A1,MAGEA1
SOD1,VDAC1,RAB11A,PODXL2
SOD1,KRAS,EPHA1
SOD1,NACA,NEDD4,SCN1A
SOD1,KRAS,NCAM1
SOD1,VDAC1,HSP90B1,LDLR
SOD1,EIF2AK3,DAD1,TUSC3
SOD1,ERN1,HSP90AA1,STYK1
SOD1,MAP3K5,YWHAH,WWTR1
SOD1,HSPA5,HCK
SOD1,KRAS,GNAI2,CRHR1
SOD1,ERN1,HSP90AA1,STYK1
SOD1,ERN1,JUN,CEBPE
SOD1,S100A4,EGFR,PTPRD
SOD1,KRAS,DSG2
SOD1,MAP3K5,JAK2,GHR
SOD1,LGALS1,KDR
SOD1,ERN1,JUN,CEBPE
SOD1,ATP1A1,STX7,STX2
SOD1,ERN1,TRAF2,TNFRSF25
SOD1,KRAS,PLIN2
SOD1,MAP3K5,YWHAH,WWTR1
SOD1,MAP3K7,TMEM192,NPC1
SOD1,MAP3K5,APP,BACE2
SOD1,KRAS,GNAI2,CRHR1
SOD1,EIF2AK3,TMPO,SLC33A1
SOD1,LGALS1,HRAS,RGS12,SLC9A3R2
SOD1,S100A4,EGFR
SOD1,KRAS,MINK1,AVPR1B
SOD1,PDCD6IP,SDCBP2
SOD1,KRAS,DLGAP4
SOD1,NBR1,CIB1
SOD1,STIP1,GNB1,MC2R
SOD1,HSPA5,ITLN2,OPRPN,SLC5A4
SOD1,S100A4,EGFR,PTPRD
SOD1,MAP3K5,YWHAH,WWTR1
SOD1,KRAS,ITGB1,ITGA1
SOD1,MAP3K5,MAP2K7,MAP3K12
SOD1,KRAS,ITGB1
SOD1,KRAS,NAE1
SOD1,UBC,ANKS1B
SOD1,ERN1,TRAF2,TNFRSF25
SOD1,KRAS,DLG3
SOD1,PDIA3,COL6A1,LYPD6B
SOD1,LGALS1,HRAS,RGS12
SOD1,KRAS,ROCK1,LPP
SOD1,KRAS,PLEKHA1
SOD1,UBC,PLEC
SOD1,TRIM33,ANKRD28,AGPAT2
SOD1,KRAS,TXNDC11,DUOX2,DUOXA2
SOD1,ERN1,HSP90AA1,STYK1
SOD1,UBC,RNF151,SCARA5
SOD1,ERN1,PSEN1,APH1A
SOD1,UBC,NFX1
SOD1,KRAS,ADCY6,GDPD5
SOD1,UBC,IRS1
SOD1,P4HB,WASL
SOD1,EIF2AK3,HLA-DRB1,PRF1
SOD1,PSMD14,CARD9
SOD1,HSPA5,DDOST
SOD1,SOD2,RAB4A,SLC9A7
SOD1,VDAC1,HTT,SLC25A11
SOD1,PARK7,FYN,SLC4A8
SOD1,KARS1,TGOLN2,RAB18
SOD1,PRDX1,TNF,TMPRSS2
SOD1,HDAC6,PTPA
SOD1,MAP3K5,AKT1,TLR2
SOD1,KRAS,CTNNA1
SOD1,KRAS,PLD1
SOD1,MAP3K5,APP,BACE2
SOD1,RPS27A,PRKCA
SOD1,LGALS1,HRAS,RGS12
SOD1,MAP3K5,MAP2K7,MAP3K12
SOD1,LGALS1,HRAS,RGS12
SOD1,PDIA3,CANX,CNR2
SOD1,PDIA3,ADAM10,TSPAN14,ZDHHC20
SOD1,LGALS1,HRAS,RGS12
SOD1,VDAC1,SLC25A6,TIMM9,SLC5A6
SOD1,BCL2,PPP2CA,INTS8,FCRL5
SOD1,PDIA3,SLC2A1,STK17B
SOD1,STIP1,GNB1,MC2R
SOD1,PDIA3,SLC12A3
SOD1,UBE2L3,MYCBP2
SOD1,PSMD14,PSMD10
SOD1,MAP3K5,TRAF4
SOD1,MAP3K5,JAK2,GHR
SOD1,VDAC1,TUBA1A
SOD1,PDIA3,SOS2
SOD1,KRAS,SH2D3A,GSDMA
SOD1,PSMD14,TMC2
SOD1,PDIA3,DNAJC5,SLC32A1
SOD1,CRYAB,TSPAN33
SOD1,STIP1,HSPA2
SOD1,BCL2,BECN1,UVRAG,CERCAM
SOD1,PRDX1,CDH1,ITGAE
SOD1,ERN1,HSP90AA1,STYK1
SOD1,KRAS,SPRY2
SOD1,KRAS,ANO10
SOD1,HSPA5,DNAJC9
SOD1,PSMD4,UBAC1
SOD1,UBC,XPC
SOD1,ER stress,PRNP,PLK3,SLC35A4,SLC13A4
SOD1,PRDX1,ABL1,WNK2
SOD1,EIF2AK3,TMPO,SLC33A1
SOD1,HSPA5,SRC,EXTL3
SOD1,EEF2,ANLN,MYO1A
SOD1,RAC1,OCRL
SOD1,BCL2,PRKN,ZFAND4,KCNA1
SOD1,MARCKS
SOD1,KRAS,VRK2,CYP2C18
SOD1,S100A4,ZZEF1,CHRDL1
SOD1,S100A4,CHMP4C,CHMP1B
SOD1,PSMD14,SGTA,CDH15
SOD1,MAP3K5,YWHAH,WWTR1
SOD1,STIP1,GNB1,MC2R
SOD1,MAP3K5,APP,BACE2
SOD1,UBC,UBE2Z,PLEKHF2,GPBP1
SOD1,ATP1A1,NRAS,PCDH18
SOD1,ERN1,JUN,CEBPE
SOD1,MAP3K5,ALK,GPC1
SOD1,KRAS,ROBO1
SOD1,MAP3K5,AKT1,TLR2
SOD1,LGALS3,SLC7A2
SOD1,RPS27A,CTTN,SDC3
SOD1,LGALS1,HRAS,RGS12
SOD1,KRAS,TENM3
SOD1,HSPA5,SRC,EXTL3
SOD1,MAP3K5,RAF1,SH3KBP1
SOD1,KRAS,SNAP25
SOD1,KRAS,DLG3,GRIK5
SOD1,KRAS,DLG1,ADGRA3
SOD1,S100A4,EGFR,PTPRD
SOD1,VDAC1,STOM,STOML1
SOD1,ERN1,HSP90AA1,STYK1
SOD1,KRAS,ITGB1,ITGA1
SOD1,PDIA3,CANX,CNR2,SLC2A5
SOD1,SQSTM1,CHMP2B
SOD1,PRKCZ,GRM5
SOD1,RAC1,LRBA
SOD1,MAP3K5,AKT1,TLR2
SOD1,ER stress,PRNP
SOD1,PRDX1,CDH1,ITGAE
SOD1,UBC,WWP1
SOD1,UBC,TAB2
SOD1,PSMD14,PCDH11Y
SOD1,UBC,GNB2,RGS6
SOD1,MAP3K5,MAP2K7,MAP3K12
SOD1,VDAC1,LRRK2,ZC3H15,RXFP3
SOD1,VDAC1,HTT,SLC25A11
SOD1,HSPA5,NCEH1
SOD1,PDIA3,DNAJC5,SLC32A1
SOD1,PDIA3,STAT3,IRF9,MC5R
SOD1,HSPA5,LGR4
SOD1,RHOA,GRAMD1B
SOD1,S100A4,ERBB3
SOD1,MAP3K5,AKT1,TLR2
SOD1,S100A4,MYH9
SOD1,RPS27A,SHANK1
SOD1,STIP1,GNB1,MC2R
SOD1,PDIA3,CAPN1,CAPNS2
SOD1,KRAS,ATP11A
SOD1,PSMD14,DLG2,NLGN1
SOD1,STIP1,GNB1,MC2R
SOD1,HSPA5,PACSIN3,ADAM15
SOD1,HSPA5,TMC6
SOD1,LGALS3,CLEC7A
SOD1,KRAS,ADIPOR1
SOD1,MAP3K5,AKT1,TLR2
SOD1,RHOA,FMNL1
SOD1,S100A4,EGFR,PTPRD
SOD1,NACA,GSK3B,ACSBG1
SOD1,HUWE1,ZBTB33,CHRNB1
SOD1,PDIA3,RAD23B,RSC1A1
SOD1,HSPA8,RCCD1
SOD1,VDAC1,PRKCE
SOD1,MTPN,REL,SLC6A12
SOD1,BCL2,CASP3,NMT2
SOD1,PSMD14,ZMYM2,C8A
SOD1,MAP3K7,IL17RD
SOD1,UBC,TNFRSF1A
SOD1,STIP1,CAMK2D,PDE4A
SOD1,VDAC1,HTT,SLC25A11
SOD1,KRAS,ADCY3,CNGA3
SOD1,MAP3K7,CDH23,PCDH15
SOD1,PDIA3,SLC2A1
SOD1,NACA,GSK3B,ACSBG1
SOD1,UBC,LNX1,GPR142
SOD1,DECR1,MGST3,AQP10
SOD1,LGALS1,HRAS,RGS12
SOD1,PRDX1,CDH1,ITGAE,RPE65
SOD1,MAP3K5,STK11,MUC7
SOD1,PSMD14,SERBP1,RPL36A-HNRNPH2
SOD1,PDIA3,CANX,CNR2
SOD1,MAP3K5,JAK2,GHR
SOD1,PRDX1,COPS6,BFSP2
SOD1,PDIA4,ASPH
SOD1,HSPA8,CLTB
SOD1,ATP1A1,RHOQ,LRRC8C
SOD1,RPS27A,KCNA5,CD320
SOD1,UBC,HLTF
SOD1,RHOA,FNDC3A,OR6T1
SOD1,NACA,GSK3B,ACSBG1
SOD1,UBC,PPP1CA
SOD1,HSPA5,GRB2,TBC1D3G
SOD1,UBE2L3,CACNA1A,CACNB4
SOD1,PDIA3,AXL,TREML2
SOD1,MAP3K7,CDH23,PCDH15
SOD1,MAP3K5,AKT1,TLR2
SOD1,RPS27A,RNF43
SOD1,UBC,ACTA1,CLDN20
SOD1,HSPA5,CD48
SOD1,HSPA9,TGM2
SOD1,ERN1,GABPB1,ADGRB2
SOD1,PRDX1,RHOC,SLC27A2
SOD1,MAP3K5,AKT1,TLR2,SLC44A1
SOD1,NACA,GSK3B,ACSBG1
SOD1,RPS27A,ANTXR2
SOD1,ERN1,HSP90AA1,STYK1
SOD1,MAP3K5,AKT1,TLR2
SOD1,PDIA3,ATP5IF1,GUCY2C
SOD1,ERN1,JUN,CEBPE
SOD1,S100A4,EGFR,PTPRD
SOD1,MAP3K5,APP,BACE2
SOD1,MAP3K7,FLNA
SOD1,ATOX1,ATP7B
SOD1,KRAS,VRK2,CYP2C18
SOD1,PARK7,FYN,SLC4A8
SOD1,ATP1A1,VAMP3
SOD1,LGALS1,HRAS,RGS12
SOD1,PSMD14,DLG2,NLGN1
SOD1,UBC
SOD1,RHOA,GOLGA4
SOD1,ATP1A1,SLC7A5
SOD1,UBC,GNB2,RGS6
SOD1,ERN1,JUN,CEBPE
SOD1,NACA,NEDD4,SCN1A
SOD1,ERN1,JUN,CEBPE
SOD1,PDIA3,CFTR,CLCA1
SOD1,ERN1,PSEN1,APH1A
SOD1,BCL2,MYC,CECR2,SLC39A3
SOD1,HSPA5,EPHB2,EFNB2
SOD1,KRAS,GNA12,DRD5
SOD1,ERN1,JUN,CEBPE
SOD1,VDAC1,COX4I1,COA6
SOD1,TRIM33,ANKRD28,AGPAT2
SOD1,KRAS,ANK2,CHL1,CNTN6
SOD1,PRDX1,CUL3
SOD1,ATP1A1,IPO5,DSCAML1
SOD1,PRDX1,HNRNPA1,FREM2
SOD1,UCHL1,ADRA2C
SOD1,VDAC1,RAB11A,PODXL2
SOD1,NACA,NEDD4,SCN1A
SOD1,KRAS,MATN2,CP
SOD1,ERN1,HSP90AA1,STYK1
SOD1,VDAC1,HTT,SLC25A11
SOD1,PRDX1,HNRNPA1,FREM2
SOD1,VDAC1,STOM,STOML1
SOD1,VDAC1,MAPK1,GNPTAB,CATSPER1
SOD1,VDAC1,HTT,SLC25A11
SOD1,PDIA3,DNAJC30,AQP6,XKR3
SOD1,PRDX1,CDH1,ITGAE
SOD1,KARS1,CARS1,ABTB1
SOD1,LGALS1,HRAS,RGS12
SOD1,RPS27A,NBEAL2,SELP
SOD1,ERN1,GABPB1,ADGRB2
SOD1,HSPA5,SRC,EXTL3
SOD1,MAP3K5,YWHAH,WWTR1
SOD1,KRAS,PLCH1
SOD1,KRAS,SEPTIN5
SOD1,EIF2AK3,TMPO,SLC33A1
SOD1,MAP3K5,AKT1,TLR2
SOD1,MTPN,PIP4K2A,PLCD3
SOD1,HSPA5,GRB2,TBC1D3G
SOD1,UBC,CHP1,SLC9A3
SOD1,GSTK1,PPP2R2D,GPC5
SOD1,PRDX1,LARP7,EPB42
SOD1,HSPA5,DNAJB4
SOD1,NACA,NEDD4,SCN1A
SOD1,UBC,PIP5K1C,TLN2
SOD1,PDIA3,LRRC59,RAB35
SOD1,RHOA,PTPRS
SOD1,CRYAB,B2M,MR1
SOD1,LGALS1,SIGLEC7
SOD1,ERN1,HSP90AA1,STYK1
SOD1,TMX1,COLEC12
SOD1,HSPA5,PLOD3,MARCO
SOD1,RPS27A,CDK5R1
SOD1,KRAS,GNA12
SOD1,HSPA5,ARHGAP39,KCNE3,PDE6C
SOD1,NME1-NME2,TUBB3,DNAL4
SOD1,PDIA3,GARS1,Gly-tRNA(Gly),GLRA3
SOD1,PRDX1,LARP7,EPB42
SOD1,RAC1,ELMO1
SOD1,NACA,GSK3B,ACSBG1
SOD1,VDAC1,HTT,SLC25A11
SOD1,HSPA8,ATXN10
SOD1,ERN1,CLEC12B,RTN4RL2
SOD1,UBC,SMC1A,GRM3
SOD1,DERL1,CYB5A,SLC38A6
SOD1,ZC3H18,RAE1,KLRK1,HCST
SOD1,ERN1,TRAF2,TNFRSF25
SOD1,NME1-NME2,TUBB3,DNAL4
SOD1,HSPA8,KCNQ4
SOD1,KRAS,CDK14
SOD1,NACA,RPL23,SEZ6
SOD1,HSPA5,EPHB2,EFNB2
SOD1,MAVS,TRAF3IP3
SOD1,PDIA3,CFTR,CLCA1
SOD1,ERN1,JUN,CEBPE
SOD1,UBC,SDCBP
SOD1,UBC,SMC1A,GRM3
SOD1,ERN1,PCDHGB5
SOD1,RPS27A,CPNE4
SOD1,KRAS,ACSL4,SLC22A2
SOD1,PDIA4,LRPAP1
SOD1,ERN1,HSP90AA1,STYK1,GFRA2
SOD1,KRAS,PLXNB2,SEMA4A
SOD1,BCL2,MYC,CECR2,ADM,RAMP2
SOD1,HSPA5,IKBIP,BORCS5
SOD1,MAP3K5,APP,BACE2
SOD1,KRAS,KIRREL1,CCKBR
SOD1,MAP3K5,YWHAH,WWTR1
SOD1,KRAS,GPRC5A
SOD1,KRAS,JAG2,ADAM32
SOD1,VDAC1,HTT,SLC25A11
SOD1,HSPA5,NFKBIA
SOD1,PDIA3,CD1B
SOD1,MAP3K5,AKT1,TLR2
SOD1,MAP3K7,PRKCQ
SOD1,MTPN,REL,SLC6A12
SOD1,GANAB,RHOBTB1,PXDNL
SOD1,S100A4,EGFR,PTPRD
SOD1,PRDX1,ABL1,WNK2
SOD1,NACA,GSK3B,ACSBG1
SOD1,VDAC1,RAB11A,PODXL2
SOD1,MAP3K5,AKT1,TLR2
SOD1,AHSG,KLK10,SERPINB10
SOD1,PSMD14,TGFBR1,CLEC2B
SOD1,VDAC1,ATP6V1A,ATP6V1D
SOD1,KRAS,ITM2A
SOD1,MTPN,PTPN11,SLAMF6
SOD1,HSPA5,GRB2,TBC1D3G
SOD1,ERN1,TRAF2,TNFRSF25,TNFSF4
SOD1,EIF2AK3,TMPO,SLC33A1
SOD1,HSPA8,RANBP2,OPN1LW
SOD1,VDAC1,ATP6V1A,ATP6V1D
SOD1,MAP3K5,JAK2,GHR
SOD1,DERL1,CYB5R1,PCDHA11
SOD1,TRIM28,RAP1B
SOD1,VDAC1,RAB11A,PODXL2
SOD1,HSPA5,INSR,CYTH3
SOD1,KRAS,F11R
SOD1,ERN1,HSP90AA1,STYK1
SOD1,DERL1,TMX4,TMEM30A
SOD1,KRAS,APPL1,ADIPOR2
SOD1,UBC,AXIN1
SOD1,STIP1,GNB1,MC2R,ADCYAP1,ADCYAP1R1
SOD1,TRIM28,TYK2
SOD1,KRAS,RER1
SOD1,PRDX4,A1BG
SOD1,HUWE1,ETS1,CD8A,CD8B
SOD1,BCL2,NR3C1,MSX2,C5AR2
SOD1,KRAS,PALS1
SOD1,UBC,SMURF1
SOD1,PRDX1,YAP1,PIEZO2
SOD1,KRAS,YES1
SOD1,S100A4,NRG1
SOD1,PDIA3,ADAM17,LRRC3
SOD1,LGALS3,IL31RA
SOD1,CAT,MPO,APCDD1
SOD1,MAP3K5,APP,BACE2
SOD1,ER stress,QRICH1
SOD1,VDAC1,STOM,STOML1
SOD1,DERL1,AMFR,OR4N2
SOD1,PPIF,ATP5PO
SOD1,PSMD14,TGFBR1,CLEC2B
SOD1,VDAC1,RAB11A,PODXL2
SOD1,PRDX1,RHOC
SOD1,HSPA5,IKBIP,BORCS5
SOD1,EEF2,KIF20A,MUC17
SOD1,KRAS,PLXNC1
SOD1,HSPA5,IFI6
SOD1,MAP3K7,MIB2,P2RY1
SOD1,PRDX1,VCAM1
SOD1,KRAS,NF1
SOD1,KRAS,JAG2,ADAM32
SOD1,KRAS,ABCC5
SOD1,RPS27A,CTTN
SOD1,RHOA,ATP2C1,KCNK1
SOD1,KRAS,PLSCR1
SOD1,LGALS1,ZBTB18,EEPD1
SOD1,MTPN,DNAJB5,P2RX6
SOD1,VDAC1,PRKCE,SERPINB9,SYT9
SOD1,PARK7,FYN,SLC4A8
SOD1,PSMD14,EEF1A1
SOD1,LGALS8,ECE1
SOD1,DERL1,GOSR2,VAMP5
SOD1,EIF2AK3,TMPO,SLC33A1
SOD1,VDAC1,RAB5C,GNAT3
SOD1,RAC1,DSG4
SOD1,MAP3K5,ALK,GPC1
SOD1,VDAC1,STOM,STOML1
SOD1,MAVS,ZDHHC4
SOD1,PDIA3,CANX,CNR2
SOD1,VDAC1,HSP90B1,LDLR
SOD1,KRAS,RALBP1
SOD1,PDIA3,ADAM10,TSPAN14
SOD1,KRAS,SLC30A7,SLC34A2
SOD1,KRAS,NF2,IQCJ-SCHIP1
SOD1,VDAC1,MAPK1,GNPTAB,CATSPER1,CACNA1I,CATSPER2
SOD1,MAP3K7,SMAD7
SOD1,S100A4,EGFR,PTPRD
SOD1,DERL1,RHOJ
SOD1,KRAS,DNM3
SOD1,UBC,LNX1,GPR142
SOD1,NACA,GSK3B,ACSBG1
SOD1,EEF2,RPS21,CLCA2
SOD1,MAP3K5,AKT1,TLR2
SOD1,RHOA,HTR1A
SOD1,MAP3K5,JAK2,GHR
SOD1,PEBP1,MAP2K1
SOD1,MAP3K5,AKT1,TLR2
SOD1,KRAS,SPTAN1,SPTBN5
SOD1,ATP1A1,PARD3,JAM3
SOD1,PRDX1,ALDH3A1
SOD1,KRAS,MAP4K5
SOD1,EIF2AK3,TMPO,SLC33A1
SOD1,UBC,MYO6
SOD1,ERN1,TRAF2,TNFRSF25
SOD1,ERN1,PSEN1,APH1A
SOD1,PPIA,RND1
SOD1,SQSTM1,FHOD3
SOD1,KRAS,MPDZ,OR1D2
SOD1,HSPA5,PXN,PARVB
SOD1,VDAC1,RAB11A,PODXL2
SOD1,PSMD2,MOSPD2
SOD1,MAP3K7,TMEM192,NPC1
SOD1,S100A4,RIPK1,AP1M2,ATRN
SOD1,MAP3K5,AKT1,TLR2
SOD1,ERN1,JUN,CEBPE
SOD1,UBC,UBE2D3
SOD1,KRAS,CTNND1
SOD1,PSMD14,PSMB3,NCR3LG1
SOD1,UBC,WWP1,PI4K2A
SOD1,UBC,AP2M1
SOD1,STIP1,GNB1,MC2R
SOD1,ERN1,HSP90AA1,STYK1
SOD1,UBC,ARRB2,APLNR
SOD1,KRAS,ITGB1,ITGA1
SOD1,LGALS1,ZBTB18,EEPD1
SOD1,PSMD14,SGTA,CDH15
SOD1,KRAS,BCORL1
SOD1,PSMD14,EEF1A1,MAGEA1
SOD1,S100A4,EGFR,PTPRD
SOD1,UBC,EPN2
SOD1,EIF2AK3,TMPO,SLC33A1
SOD1,ERN1,HSP90AA1,STYK1
SOD1,MAP3K5,AKT1,TLR2
SOD1,ERN1,HSPA1B,RAB3IP,CPNE1
SOD1,KRAS,ADCY3,CNGA3
SOD1,KRAS,FRMPD1
SOD1,MTPN,PTPN11,SLAMF6
SOD1,RHOA,CXCR4,AVPR1A
SOD1,KRAS,DDX3X
SOD1,MAP3K5,AKT1,TLR2
SOD1,MTPN,REL,SLC6A12
SOD1,MAP3K7,IL17RA,IL17RE
SOD1,HSPA5,GRB2,TBC1D3G
SOD1,ERN1,HSP90AA1,STYK1
SOD1,TRIM28,HDAC3
SOD1,EIF2AK3,TMPO,SLC33A1
SOD1,HSPA5,FBXO7,FGF10
SOD1,KRAS,DLG1,ADGRA3
SOD1,CCS,APBA1
SOD1,PDIA3,CFTR,CLCA1
SOD1,MAP3K5,APP,BACE2,CNTN5
SOD1,UBC,AP2A1
SOD1,LGALS1,HRAS,RGS12
SOD1,HSPA5,TBK1,STX19
SOD1,RHOA,GMIP
SOD1,PRDX1,ABL1,WNK2
SOD1,TMX1,STX4
SOD1,BCL2,CASP3,NMT2
SOD1,MAP3K5,YWHAH,WWTR1
SOD1,ERN1,HSP90AA1,STYK1
SOD1,BAG3,PRRG2
SOD1,VDAC1,STOM,STOML1
SOD1,MAP3K5,APP,BACE2
SOD1,HSPA9,SPART
SOD1,UBC,CHP1,SLC9A3
SOD1,UBC,ACTC1,NEXN
SOD1,MAP3K7,HDAC7,UBL3
SOD1,SQSTM1,GAS6,PCDHA3
SOD1,ERN1,TRAF2,TNFRSF25
SOD1,HSPA5,APBB1
SOD1,NACA,GSK3B,ACSBG1
SOD1,VDAC1,ATP6V1A,ATP6V1D
SOD1,PPIF,C1QBP
SOD1,S100A4,EGFR,PTPRD
SOD1,HSPA5,GAA
SOD1,ATP1A1,ARMCX3,GNAT2
SOD1,HSPA5,SRC,EXTL3
SOD1,NME1-NME2,TUBB3,DNAL4
SOD1,GAPDH,PCDHA4
SOD1,KRAS,PTPRF,LRTM1,SLC39A11
SOD1,MAP3K5,APP,BACE2
SOD1,KARS1,CORO1B
SOD1,MAP3K7,TMEM192,NPC1
SOD1,VDAC1,RAB11A,PODXL2
SOD1,BCL2,NR3C1,MSX2,SYNGR1
SOD1,KRAS,TIAM1
SOD1,MAP3K5,STK11,MUC7
SOD1,KRAS,SLC7A1
SOD1,RHOA,ARHGAP5
SOD1,MAP3K5,APP,BACE2
SOD1,RHOA,ATP6V0A1
SOD1,HUWE1,EPB41L3
SOD1,PSMD14,ACVR1,MYADM
SOD1,UBC,ARRB2,APLNR
SOD1,MTPN,PTPN11,SLAMF6
SOD1,ERN1,HSP90AA1,STYK1
SOD1,LGALS1,HRAS,RGS12,SLC6A20
SOD1,VDAC1,ATP5F1D,NOTCH2NLC,SLC43A2
SOD1,KRAS,VANGL1
SOD1,ERN1,SEC61B,LIFR
SOD1,LGALS3,SCARA3,SLC39A1
SOD1,KRAS,ROR2
SOD1,STIP1,HSPA2,DXO
SOD1,HSPA5,RANBP9
SOD1,STIP1,GNB1,MC2R
SOD1,KRAS,JAG1
SOD1,HSPA5,ASTL
SOD1,PSMD14,PATJ,HOMER2
SOD1,KRAS,GNAI2,CRHR1
SOD1,PRDX1,YAP1,PIEZO2
SOD1,PRDX1,LARP7,EPB42
SOD1,HSPA5,PICALM,ATP8B3
SOD1,ERN1,TRAF2,TNFRSF25
SOD1,PSMD14,ZMYM2,C8A
SOD1,ERN1,JUN,CEBPE
SOD1,MAP3K5,APP,BACE2
SOD1,MAP3K5,MAP2K7,MAP3K12,SLC19A2
SOD1,HSPA5,ITM2C
SOD1,KRAS,SNAP23
SOD1,VDAC1,RAB11A,PODXL2
SOD1,VDAC1,HSP90B1,LDLR
SOD1,HSPA5,PLOD3,MARCO
SOD1,MTPN,PIP4K2A,PLCD3
SOD1,PDIA3,AXL,TREML2
SOD1,DERL1,AMFR,OR4N2
SOD1,STIP1,GNB1,MC2R
SOD1,PRDX1,ABL1,WNK2
SOD1,HSPA8,HCFC2
SOD1,HSPA5,RPS6KA3,HTR2A
SOD1,CDK4,LNX2,MDGA1
SOD1,S100A4,BTF3,LILRB4
SOD1,VDAC1,ITPR1,PRKG1,CDH24
SOD1,KRAS,JAG2,ADAM32
SOD1,S100A4,MATR3,MYOF
SOD1,MAP3K5,APP,BACE2
SOD1,S100A4,AGER,TIRAP,TNFSF9
SOD1,TIAL1,KRT31,SLC23A1
SOD1,PDIA3,PAK2
SOD1,KARS1,VIM,WHRN
SOD1,BCL2,NR3C1,MSX2,CNGB1
SOD1,PDCD6IP,SH3GL1,ADRB3
SOD1,PRKCZ,PRKACB
SOD1,RHOA,RASL10A
SOD1,NACA,RPL23,SEZ6
SOD1,KRAS,OLR1
SOD1,PARK7,FYN,SLC4A8
SOD1,VDAC1,ITPR3,TRPC1
SOD1,PRDX1,YAP1,PIEZO2
SOD1,ERN1,JNK,ANXA3
SOD1,HSPA5,BMX
SOD1,HSPA8,IL16
SOD1,CRYAB,B2M,MR1
SOD1,UBC,SDCBP,FZD3
SOD1,NACA,GSK3B,ACSBG1
SOD1,BCL2,CASP3,NMT2
SOD1,PARK7,BASP1
SOD1,LGALS8,TAX1BP1,PLPP4
SOD1,NACA,GSK3B,ACSBG1
SOD1,KRAS,GNAI3,RGS7
SOD1,MAP3K5,YWHAH,WWTR1
SOD1,HSPA4,BCL3
SOD1,MAP3K5,JAK2,GHR
SOD1,KRAS,MYLIP,VLDLR
SOD1,MAP3K5,RAF1,SH3KBP1
SOD1,MAP3K5,JAK2,GHR
SOD1,PSMD14,ACVR1
SOD1,VDAC1,HTT,SLC25A11
SOD1,RPS27A,CSF3R
SOD1,DECR1,JAK3
SOD1,PEBP1,TXNDC12,GABRQ
SOD1,S100A4,EGFR,PTPRD
SOD1,ERN1,PSEN1,APH1A
SOD1,MAP3K5,AKT1,TLR2
SOD1,PSMD14,EEF1A1,MAGEA1
SOD1,UBC,TRIM32,PDE9A
SOD1,NME1,SMO,PTCH2
SOD1,ERN1,JUN,CEBPE
SOD1,ALDH7A1,CAPN2
SOD1,RAC1,USH1C
SOD1,ERN1,PSEN1,APH1A
SOD1,EEF2,ANLN,MYO1A
SOD1,MAP3K5,JAK2,GHR
SOD1,KRAS,SLC30A1
SOD1,KRAS,FCGR1A
SOD1,VDAC1,RAB11A,PODXL2
SOD1,KRAS,NOX1
SOD1,PPIL3,SNCA,MT2A,GPM6B
SOD1,MAP3K5,AKT1,TLR2
SOD1,LGALS1,HRAS
SOD1,PRKCZ,GRB14
SOD1,S100A4,CHMP4C
SOD1,ERN1,TRAF2,TNFRSF25
SOD1,S100A4,PKN3,PTGER3
SOD1,NACA,GSK3B,ACSBG1
SOD1,HSPA4,EPM2A
SOD1,PDIA3,MELTF,HPGDS,CHRNG
SOD1,MAP3K5,YWHAH,WWTR1
SOD1,RHOA,GP1BB
SOD1,BCL2,BECN1,UVRAG,GRID2
SOD1,EEF2,KIF20A,MUC17
SOD1,LGALS3,ABCC2
SOD1,ERN1,JUN,CEBPE
SOD1,KRAS,VAMP2,PRKD3
SOD1,HSPA8,CYP2W1
SOD1,PRDX1,CDH1,ITGAE
SOD1,UBQLN1,GABRB2
SOD1,LGALS8,ABCC4,SLC30A2
SOD1,PSMD14,EEF1A1,MAGEA1
SOD1,KRAS,PKP2
SOD1,S100A4,MATR3,MYOF
SOD1,RAC1,EPHA5
SOD1,DERL1,CYB5A,SLC38A6,ABCA5
SOD1,HSPA5,SDF2L1,PCSK6
SOD1,MAP3K5,ALK,GPC1
SOD1,PRDX1,TNF,TMPRSS2
SOD1,TMX1,BTN2A1
SOD1,KRAS,FMN2
SOD1,KRAS,DLG1,ADGRA3
SOD1,KRAS,NOTCH1,MAML2,TSLP,CRLF2
SOD1,EEF2
SOD1,RPS27A,CD4
SOD1,KRAS,COBL
SOD1,NACA,NEDD4,SCN1A
SOD1,KRAS,ST14,SPINT2
SOD1,ERN1,JUN,CEBPE
SOD1,RPS27A,RASL10B
SOD1,KRAS,SCFD1
SOD1,UBQLN1,NUBP1
SOD1,ERN1,HSP90AA1,STYK1
SOD1,HSPA5,PRSS21
SOD1,FEN1,TDP1
SOD1,PRDX1,TNF,TMPRSS2,CSPG5
SOD1,ERN1,COPS5,TTC27,TVP23B,YIPF1
SOD1,VDAC1,RAB11A,PODXL2
SOD1,EIF2AK3,TMPO,SLC33A1
SOD1,SUMO2,FLNB
SOD1,HSPA5,PLOD3,MARCO
SOD1,ATP1A1,ATP1B3
SOD1,UBC,CYLD
SOD1,VDAC1,HSP90B1,LDLR
SOD1,NME1-NME2,ENO2
SOD1,ATP1A1,RHOF
SOD1,ATP1A1,PARD3,JAM3,JAM2
SOD1,ERN1,HSP90AA1,STYK1
SOD1,S100A4,EGFR,PTPRD
SOD1,KRAS,CD46
SOD1,ERN1,TRAF2,TNFRSF25
SOD1,PRDX1,CDH1,ITGAE
SOD1,GANAB,RHOBTB1
SOD1,MAP3K5,AKT1,TLR2
SOD1,MAP3K7,PLEKHG4B
SOD1,RHOA,RAB5B
SOD1,LGALS1,HRAS,RGS12,SLC6A19
SOD1,VDAC1,TOMM22,RAB39B
SOD1,HSPA5,SRC
SOD1,CRYAB,DISC1,PRTG
SOD1,MAP3K5,AKT1,TLR2
SOD1,HSPA5,CEP250,ENTHD1
SOD1,MARCKS,ARF5
SOD1,MAP3K5,AKT1,TLR2
SOD1,ERN1,HSP90AA1,STYK1
SOD1,RIPK4,HAVCR2,TSPAN7,LHFPL5
SOD1,KRAS,ITM2B
SOD1,MAP3K5,JAK2,GHR
SOD1,KRAS,TINF2,TRIM16
SOD1,HSPA4,AP1M1
SOD1,STIP1,GNB1,MC2R
SOD1,MAP3K7,SYK,SIRPB1
SOD1,VDAC1,TUBA1B,DCX,BTN1A1
SOD1,RAC1,ELMO1,ADGRB1
SOD1,P4HB,PTPRR
SOD1,HSPA8,KCND2
SOD1,PDIA3,LRRC59,RAB35
SOD1,KARS1,CARS1,ABTB1
SOD1,MTPN,PIP4K2A
SOD1,PRDX1,TNF,TMPRSS2
SOD1,RAC1,DMPK
SOD1,PRDX4,TLN1
SOD1,MAVS,STING1
SOD1,MAP3K5,STK11,MUC7
SOD1,MAP3K5,APP,BACE2
SOD1,GAPDH,ZIC1,PLA2G4E
SOD1,ERN1,SEC61B,LIFR
SOD1,UBC,SHARPIN,ITGA2B
SOD1,CDK6,CCNT2
SOD1,HSPA8,FN1,MEP1A
SOD1,BCL2,CDK2,DYRK1B,CDH17
SOD1,EIF2AK3,HLA-DRB1,PRF1
SOD1,MAP3K5,STK11,MUC7
SOD1,BCL2,PML,POLR2E,HLA-DOA
SOD1,UBC,NEDD4L,SLC22A11
SOD1,ERN1,HSP90AA1,STYK1
SOD1,HSPA5,IQGAP1
SOD1,MAP3K5,RAF1,SH3KBP1
SOD1,PARK7,FYN,SLC4A8
SOD1,PRDX1,HNRNPA1,FREM2
SOD1,RPS27A,SLC38A1,SLC10A1
SOD1,HSPA5,SRC,EXTL3
SOD1,BCL2,CDK2,DYRK1B,SLC46A1
SOD1,STIP1,GNB1,MC2R
SOD1,KRAS,COG3
SOD1,KRAS,MYLIP
SOD1,UBQLN1,FZD7,WNT3
SOD1,RHOA,CXCR4,AVPR1A
SOD1,PARK7,FYN,SLC4A8
SOD1,NME1,SMO,PTCH2
SOD1,ZC3H18,RAE1,KLRK1,RAET1L
SOD1,UBC,CHP1,SLC9A3
SOD1,BAG3,ZYX
SOD1,RHOA,PLEKHG4
SOD1,UBQLN1,GABRD
SOD1,UBC,SLC38A5
SOD1,PRDX1,LARP7,EPB42
SOD1,MAP3K5,AKT1,TLR2
SOD1,HSPA5,DIRAS2
SOD1,ERN1,HSP90AA1,STYK1
SOD1,KRAS,LSR
SOD1,VDAC1,LRRK2,ZC3H15,CNNM1
SOD1,RHOA,ARHGEF25
SOD1,PDIA3,STAT3,IRF9,MC3R
SOD1,PSMD14,SOS1,EPS8L1
SOD1,UBC,ARRB2,APLNR
SOD1,SUMO2,S100A10
SOD1,PPIA,SH2D3C,ADK
SOD1,HSPA9,LRFN4
SOD1,HSPA5,SRC,EXTL3
SOD1,PSMD14,CSK
SOD1,MAP3K5,RAF1,SH3KBP1
SOD1,KARS1,VIM,WHRN
SOD1,ERN1,TMTC1,JPH2
SOD1,PDIA3,CANX,CNR2
SOD1,PSMD14,BMPR1A
SOD1,KRAS,NUMB
SOD1,ERN1,PSEN1,APH1A
SOD1,KRAS,GNAI3,RGS7
SOD1,VDAC1,HSP90B1,LDLR
SOD1,NME1-NME2,WDR1
SOD1,ERN1,HSP90AA1,STYK1
SOD1,MAP3K7,SYK,SIRPB1
SOD1,BCL2,CASP3,NMT2
SOD1,HSPA5,SRC,EXTL3
SOD1,RAC1,ARHGEF40
SOD1,BCL2,CASP3,NMT2
SOD1,VDAC1,ITPR3,TRPC1
SOD1,HSPA5,INSR,CYTH3
SOD1,KRAS,RAB10
SOD1,KRAS,NECTIN1
SOD1,FABP5
SOD1,MAP3K5,YWHAH,WWTR1
SOD1,S100A4,EGFR,PTPRD
SOD1,LGALS8,CD58
SOD1,KRAS,ANK2
SOD1,KRAS,PPP4C
SOD1,UBC,AGO2,SLC7A9
SOD1,MAP3K5,STK11,MUC7
SOD1,PRDX1,MAPT
SOD1,PARK7,FYN,SLC4A8
SOD1,HSPA8,CSNK1D
SOD1,ERN1,TRAF2,TNFRSF25
SOD1,UBC,ZAP70,CD3G
SOD1,S100A4,EGFR,PTPRD
SOD1,PARK7,FYN
SOD1,MAP3K5,YWHAH,WWTR1
SOD1,S100A4,CEP128,DCLK1
SOD1,KRAS,SPRY4,CD82
SOD1,STIP1,GNB1,MC2R
SOD1,PRDX1,RAC2
SOD1,KRAS,VRK2,CYP2C18
SOD1,RPS27A,TGM5
SOD1,PDIA3,AXL,TREML2
SOD1,RPS27A,SLC11A2
SOD1,RIPK4,HAVCR2,TSPAN7
SOD1,KRAS,PDZK1
SOD1,HSPA5,TLR9,TMEM63B
SOD1,NACA,NEDD4,SCN1A
SOD1,HSPA9,DNAJC13
SOD1,KRAS,AFDN
SOD1,TIAL1,AOC1
SOD1,MAP3K5,TRAF7
SOD1,STIP1,PLS3
SOD1,S100A4,CEP128,DCLK1
SOD1,KRAS,CDK7
SOD1,UBC,GNB2,RGS6
SOD1,ATOX1,ATP7A
SOD1,HSPA5,SIGLEC12,TMPRSS4
SOD1,S100A4,PKN3,PTGER3
SOD1,STIP1,GNB1,MC2R
SOD1,PRDX1,ABL1,WNK2
SOD1,SUMO2,EHD4
SOD1,VDAC1,ATP1A3
SOD1,ERN1,JUN,CEBPE
SOD1,UBC,SDCBP,FZD3
SOD1,ATP1A1
SOD1,VDAC1,ATP6V1A,ATP6V1D
SOD1,PRDX1,UBE3A,ATP1A4
SOD1,MTPN,PIP4K2C
SOD1,LGALS1,KDR,ANOS1
SOD1,KRAS,RHBDF2
SOD1,KRAS,ITM2B,CACNA2D1
SOD1,ERN1,SEC61B,LIFR,CYP2C8
SOD1,EEF2,IGF1R,ADAMTS4,ADAM21
SOD1,UBE2N,ZNRF3
SOD1,RAC1,FNBP1L
SOD1,S100A4,MDM2
SOD1,S100A4,BTF3
SOD1,TXN,PTPN6,CD300LF
SOD1,DECR1,MGST3,AQP10
SOD1,NACA,GSK3B,ACSBG1
SOD1,ERN1,HSP90AA1,STYK1
SOD1,MAP3K5,AKT1,TLR2
SOD1,BCL2,CASP8,PLIN4
SOD1,ERN1,JUN,CEBPE
SOD1,ERN1,HSP90AA1,STYK1
SOD1,VDAC1,SLC25A4
SOD1,KRAS,PTPN1,C1orf210
SOD1,EIF2AK3,TMPO,SLC33A1
SOD1,RHOA,CCR1
SOD1,ERN1,TRAF2,TNFRSF25
SOD1,KRAS,STX6,ABCA6,ABCA8
SOD1,RPS27A,NOS1
SOD1,BCL2,CDK2,DYRK1B,MUC2
SOD1,MAP3K5,JAK2,GHR
SOD1,KRAS,SPRY4,CD82
SOD1,PDIA3,DNAJC5,SLC32A1
SOD1,VDAC1,IKBKB,PSG1
SOD1,ATP1A1,RHOQ
SOD1,PRDX1,YAP1,PIEZO2
SOD1,PRDX1,LARP7,EPB42
SOD1,PRDX1,YAP1,PIEZO2
SOD1,ERN1,TRAF6
SOD1,HSPA5,TMTC3,CHRND
SOD1,PEBP1,BSG
SOD1,STMN1,DTNA,DRP2
SOD1,RHOA,CRIM1
SOD1,HSPA5,GRB2,TBC1D3G
SOD1,ERN1,JUN,CEBPE
SOD1,VDAC1,HTT,SLC25A11
SOD1,ATP1A1,CAV1,ADCY5
SOD1,KRAS,DOCK1,ARL4A
SOD1,PRDX1,TNF,TMPRSS2
SOD1,PDIA3,CFTR,CLCA1
SOD1,MAP3K5,JAK2,GHR
SOD1,KRAS,MATN2,CP
SOD1,LGALS1,HRAS,RGS12
SOD1,KRAS,SELENOS
SOD1,HSPA5,PLD6,CHRNA3
SOD1,HSPA8,SIRT2
SOD1,S100A4,EGFR,PTPRD
SOD1,ERN1,TRAF2,TNFRSF25
SOD1,ERN1,TRAF2,TNFRSF25
SOD1,MAP3K5,RAF1,SH3KBP1
SOD1,MAP3K5,APP,BACE2
SOD1,KRAS,MSN,SELPLG
SOD1,S100A4,EGFR,PTPRD
SOD1,DNM1L,ACTN1
SOD1,NACA,NEDD4,SCN1A
SOD1,ERN1,SEC61B,LIFR
SOD1,PDCD6IP,DRD3
SOD1,PRDX1,CDH1,ITGAE
SOD1,HSPA5,GRB2,TBC1D3G
SOD1,RAC1,GEM
SOD1,BCL2,CASP3,NMT2
SOD1,KARS1
SOD1,BAG3,CNTN4
SOD1,UBC,ARRB2,APLNR
SOD1,S100A4,EGFR,PTPRD
SOD1,ERN1,HSP90AA1,STYK1
SOD1,HSPA5,PODXL,SELL
SOD1,DERL1,AMFR,OR4N2
SOD1,PDIA3,CFTR,CLCA1
SOD1,HSPA5,FBXO7,FGF10
SOD1,GPX4,ZP2
SOD1,MAP3K5,YWHAH,WWTR1
SOD1,UBC,FASN,SLC34A3
SOD1,UBC,STAMBP
SOD1,MAP3K5,AKT1,TLR2
SOD1,KRAS,STXBP3
SOD1,PDIA4,MIA2,LRRC52
SOD1,UBQLN1,EFEMP2,SLC16A5
SOD1,RHOA,RAB9A
SOD1,HSPA8,OSBPL7
SOD1,KRAS,JAG2,ADAM32
SOD1,KRAS,KIAA0319L
SOD1,KRAS,NIBAN2
SOD1,GANAB,PRRC2A
SOD1,ERN1,TRAF2,TNFRSF25
SOD1,PSMD14,TGFBR1,CLEC2B
SOD1,HSPA5,PCDHA10
SOD1,MAP3K5,AKT1,TLR2
SOD1,VDAC1,ABCC3
SOD1,TRIM24,AR,TRIM68,CRHR2
SOD1,UBC,FLOT1
SOD1,MAP3K5,STK11,MUC7
SOD1,HSPA5,PGR
SOD1,VDAC1,HTT,SLC25A11
SOD1,STIP1,GNB1,MC2R
SOD1,PDIA3,DNAJC30,AQP6,TSPO2
SOD1,ERN1,SEC61B,LIFR
SOD1,KARS1,VIM,WHRN
SOD1,HDAC6,GRK2
SOD1,PDIA3,CAPN1,CAPNS2
SOD1,LGALS1,HRAS,RGS12
SOD1,HSPA8,AGPAT3
SOD1,KRAS,LLGL1
SOD1,HSPA5,SRC,EXTL3
SOD1,VDAC1,ITPR3,TRPC1
SOD1,ER stress,QRICH1,NFIX,AMACR
SOD1,ERN1,JUN,CEBPE
SOD1,MTPN,MPP2
SOD1,MAP3K5,STK11,MUC7
SOD1,RPS27A,CCDC124
SOD1,MAP3K7,DAAM1
SOD1,RHOA,PREX2
SOD1,KRAS,TINF2,TRIM16
SOD1,MAP3K5,RAF1,SH3KBP1
SOD1,EIF2AK3,TMPO,SLC33A1
SOD1,PARK7,FYN,SLC4A8
SOD1,ERN1,SEC61B,LIFR
SOD1,HSPA5,EPHB2,EFNB2
SOD1,MAP3K7,MIB2
SOD1,PRDX1,CDH1,ITGAE
SOD1,ATP1A1,COPE,SLC35A1
SOD1,PDIA3,DNAJC18,TMPRSS3,LRP12,NMRK2
SOD1,NACA,H3C1,ASH1L,FPGT,NLN
SOD1,PSMD14,TGFBR2
SOD1,KRAS,S100A8,SLC15A4
SOD1,ZC3H18,LSM3,NAA38,NAA35
SOD1,HSPA8,VPS4B
SOD1,KRAS,UACA,BTN3A1
SOD1,KRAS,FNBP1
SOD1,ATP1A1,OCLN
SOD1,HSPA5,PXN
SOD1,MAP3K7,SYK,SIRPB1
SOD1,NACA,GSK3B,ACSBG1
SOD1,KRAS,RDH8
SOD1,HSPA5,RNF123,PCDHB12
SOD1,KRAS,CLDN3
SOD1,TRIM33,SAT1
SOD1,S100A4,EGFR,PTPRD
SOD1,ATP1A1,CAV1,ADCY5
SOD1,S100A4,EGFR,PTPRD
SOD1,S100A4,EGFR,PTPRD
SOD1,EEF2,ANLN,MYO1A
SOD1,KRAS,TXNDC11,DUOX2
SOD1,KRAS,LRRC8A
SOD1,EIF2AK3,TMPO,SLC33A1
SOD1,BCL2,TP53,ZNF763,FCMR
SOD1,ERN1,TRAF2,TNFRSF25
SOD1,BCL2,CDK2,DYRK1B,HTR3E
SOD1,NACA,NEDD4,SCN1A
SOD1,KRAS,RRAS2
SOD1,VDAC1,ATP6V1A,ATP6V1D
SOD1,DERL1,TMX3,LPCAT2
SOD1,VDAC1,IMMT,SLC2A8
SOD1,S100A4,TRIP13,CFP,NCR1
SOD1,UBC,SDCBP,FZD3
SOD1,KRAS,OPA1,MIGA1
SOD1,PDIA3,CANX,CNR2
SOD1,KRAS,PLPP3
SOD1,NACA,CCDC8
SOD1,PARK7,FYN,SLC4A8,TYROBP,TREM1
SOD1,PSMD14,CCT6A,METTL18,CD40LG
SOD1,VDAC1,TARDBP,YTHDF2,ZGPAT
SOD1,RHOA,LAMTOR2
SOD1,MAP3K7,LMBR1L
SOD1,HUWE1,RTN4
SOD1,KRAS,RAPH1
SOD1,STIP1,GNB1,MC2R
SOD1,UBC,SDCBP,FZD3
SOD1,RHOA,FMNL3
SOD1,ERN1,SEC61B,LIFR
SOD1,KRAS,CDHR5
SOD1,NACA,GSK3B,ACSBG1
SOD1,RHOA,LRP5,CAPRIN2
SOD1,ATP1A1,CAV1
SOD1,STIP1,GNB1,MC2R
SOD1,RAC1,RELT
SOD1,NME1,PTN
SOD1,ERN1,JUN,CEBPE,TNFRSF11B
SOD1,ERN1,HSP90AA1,STYK1
SOD1,MAP3K5,AKT1,TLR2
SOD1,UBQLN1,NLGN3
SOD1,HSPA5,SRC,EXTL3
SOD1,KRAS,IMP3
SOD1,ERN1,PSEN1,APH1A
SOD1,PARK7,FYN,SLC4A8
SOD1,DERL1,TMX3,LPCAT2
SOD1,MAP3K5,YWHAH,WWTR1
SOD1,KRAS,DCTN2,MARCKSL1
SOD1,MAP3K5,YWHAH,WWTR1
SOD1,PDIA4,EPHB6
SOD1,MAP3K7,FYB1
SOD1,RPS27A,INPP5K
SOD1,ERN1,SEC61B,LIFR
SOD1,BCL2,PPP3CA,RCAN1,IL6R
SOD1,MAVS,SERINC5
SOD1,PDIA3,CAPN1,CAPNS2
SOD1,PSMD14,LIMK2,SLC31A1
SOD1,PARK7,FYN,SLC4A8
SOD1,HSPA5,PLOD3,MARCO
SOD1,UBC,OPTN,KHNYN,NTRK3
SOD1,KRAS,MPDZ
SOD1,MAP3K5,MAP2K7,MAP3K12,SLC16A2
SOD1,KRAS,ST14,SPINT2
SOD1,KRAS,JAG2
SOD1,KARS1,TGOLN2,RAB18
SOD1,PDIA3,NTRK1,PLXNA4
SOD1,NME1-NME2,ENO1
SOD1,KRAS,YKT6
SOD1,KRAS,TMED10
SOD1,S100A4,BTF3,LILRB4
SOD1,PRDX4,PLG,PLGRKT
SOD1,RHOA,LRP5,CAPRIN2
SOD1,HSPA5,INSR
SOD1,ERN1,HSP90AA1,STYK1,GFRA3
SOD1,ERN1,HSP90AA1,STYK1
SOD1,RAC1,DOCK3
SOD1,PSMD14,CD9
SOD1,NACA,GSK3B,ACSBG1
SOD1,KRAS,METAP2
SOD1,SUMO2,HNRNPL,MMP16
SOD1,UBC,RNF144A
SOD1,ERN1,SEC61B,LIFR
SOD1,KRAS,PIK3CD
SOD1,ERN1,HSP90AA1,STYK1
SOD1,ERN1,COPS5,TTC27,TUB
SOD1,KRAS,ATP6V1C1
SOD1,VDAC1,IMMT,SLC2A8
SOD1,ERN1,HSP90AA1,STYK1
SOD1,HSPA5,ISLR,GPC3
SOD1,PPIA,SRPK1
SOD1,UBC,NEDD4L,SLC22A11
SOD1,UBC,HERC2
SOD1,S100A4,EGFR,PTPRD
SOD1,BCL2,MYC,CECR2,CDSN
SOD1,KRAS,PPP3CB
SOD1,KRAS,CLDN1
SOD1,VDAC1,HTT,SLC25A11
SOD1,MAP3K5,AKT1,TLR2
SOD1,SUMO2,SERPINB6
SOD1,KRAS,PHLPP1
SOD1,KRAS,TMED10,SPPL3
SOD1,MAP3K5,JAK2
SOD1,MAP3K5,YWHAH,WWTR1
SOD1,EEF2,RPS3
SOD1,ERN1,JUN,CEBPE
SOD1,ERN1,HSP90AA1,STYK1
SOD1,UBC,SMC1A,GRM3
SOD1,HSPA5,TLR9,TMEM63B
SOD1,PDIA3,CFTR,CLCA1
SOD1,ER stress,ATF4,DAPK2,SLC31A2
SOD1,VDAC1,TOMM22,RAB39B
SOD1,HSPA5,PRDM16,BTBD17
SOD1,BCL2,PPP3CA,RCAN1,PLAUR
SOD1,GANAB,CD74
SOD1,KRAS,ARC
SOD1,UBC,ARRB2,APLNR
SOD1,UBC,NEDD4L,SLC22A11
SOD1,ERN1,HSP90AA1,STYK1
SOD1,KRAS,SH2D3A,GSDMA
SOD1,ATP1A1,TRPC6
SOD1,S100A4,GAK,RAB29
SOD1,MAP3K5,AKT1,TLR2
SOD1,ERN1,JUN,CEBPE
SOD1,VDAC1,ASB14,ELOB,CNGA4
SOD1,CRYAB,B2M,MR1
SOD1,KRAS,PKP3
SOD1,ERN1,JUN,CEBPE
SOD1,EIF2AK3,HLA-DRB1,PRF1
SOD1,ERN1,JUN,CEBPE
SOD1,ERN1,TRAF2,TNFRSF25
SOD1,KRAS,DCTN2,MARCKSL1
SOD1,KRAS,SLC26A2
SOD1,NACA,GSK3B,ACSBG1
SOD1,KRAS,BAIAP2L1
SOD1,VDAC1,TOMM22,RAB39B
SOD1,HSPA5,SRC,EXTL3
SOD1,KRAS,ABHD12
SOD1,UBC,EPN1
SOD1,EEF2,ANLN,MYO1A
SOD1,HSPA5,RAB7A,GNG5
SOD1,ATP1A1,ILK
SOD1,S100A4,EGFR,PTPRD
SOD1,VDAC1,HTT,SLC25A11
SOD1,PDIA3,NTRK1
SOD1,MTPN,PTPN11,SLAMF6
SOD1,MAP3K5,AKT1,TLR2
SOD1,MAP3K5,APP,BACE2,LY86,CD180
SOD1,RAP1A,EXOC6
SOD1,PRDX1,YAP1,PIEZO2
SOD1,VDAC1,STOM,STOML1
SOD1,PSMD14,SOS1
SOD1,VDAC1,HTT,SLC25A11
SOD1,PRKCZ,ADD2
SOD1,KRAS,GORASP2,MMP15
SOD1,NACA,GSK3B,ACSBG1,HAUS7
SOD1,KRAS,SLC7A11
SOD1,MAP3K5,MAP2K7,MAP3K12
SOD1,KRAS,PIK3CG
SOD1,HSPA5,PICALM,ATP8B3
SOD1,MTPN,REL,SLC6A12
SOD1,ERN1,HSP90AA1,STYK1
SOD1,RHOA,TRIM13,KCNF1
SOD1,KRAS,SIGIRR
SOD1,KRAS,ITGB1,ITGA1
SOD1,EIF2AK3,DAD1,TUSC3
SOD1,SUMO2,RIF1
SOD1,HSPA5,HYAL1,ICAM5
SOD1,KRAS,FLRT3
SOD1,MTPN,PTPN11,SLAMF6
SOD1,ERN1,TRAF2,TNFRSF25
SOD1,DERL1,CYB5R1,PCDHA11
SOD1,KRAS,OSBPL3
SOD1,RHOA,CXCR4,AVPR1A
SOD1,PDIA4,MERTK
SOD1,NACA,GSK3B,ACSBG1
SOD1,PPIL3,PRKACA,AKAP7,DUOXA1
SOD1,HSPA5,RNF123,PCDHB12
SOD1,ERN1,SEC61B,LIFR
SOD1,EIF2AK3,TMPO,SLC33A1
SOD1,HSPA5,DHH
SOD1,UBC,ANKRD13A
SOD1,KRAS,DLG1,ADGRA3
SOD1,HSPA5,TRAFD1,ALG10B
SOD1,PARK7,FYN,SLC4A8
SOD1,MAP3K5,AKT1,TLR2
SOD1,STIP1,GNB5,RGS9
SOD1,LGALS1,HRAS,RGS12
SOD1,EIF2AK3,TMPO,SLC33A1
SOD1,ERN1,SEC61B,LIFR
SOD1,PSMD14,SGTA,CDH15
SOD1,KARS1,QARS1,SLA
SOD1,S100A4,RASA1
SOD1,MTPN,REL,SLC6A12
SOD1,PDIA3,CFTR,CLCA1
SOD1,KRAS,PTPRF
SOD1,MAP3K5,RAF1,SH3KBP1
SOD1,STIP1,BCKDK,SMPD2
SOD1,RAC1,PAK3
SOD1,PSMD14,FLG
SOD1,UBQLN1,CXorf38,CDHR3
SOD1,VDAC1,STOM,STOML1
SOD1,HSPA8,AQP2
SOD1,VDAC1,HTT,SLC25A11
SOD1,UBC,AMPH
SOD1,HSPA5,LRRC32,ERVMER34-1
SOD1,NACA,NEDD4,SCN1A
SOD1,HSPA5,EPHA8
SOD1,KRAS,PIK3R1
SOD1,KRAS,ANK3,KCNC1
SOD1,PRDX1,HNRNPA1,FREM2
SOD1,PARK7,FYN,SLC4A8
SOD1,BCL2,NR3C1,MSX2,HYAL3
SOD1,UBC,ZAP70
SOD1,LGALS1,HRAS,RGS12
SOD1,KRAS,ITGB1,ITGA1
SOD1,MTPN,CSTB,CTSF
SOD1,RHOA,MCF2L
SOD1,VDAC1,IKBKB,PSG1
SOD1,EEF2,IGF1R
SOD1,NACA,NEDD4
SOD1,RHOA,MYO9A,RASGEF1A
SOD1,UBC,TRIP12,CELSR3
SOD1,MAP3K5,AKT1,TLR2
SOD1,MTPN,REL,SLC6A12,SLC12A4
SOD1,UBQLN1,EFEMP2,SLC16A5
SOD1,CCS,APBA2
SOD1,NACA,GSK3B,ACSBG1
SOD1,PRDX1,RHOC,SLC27A2
SOD1,KRAS,ROCK1,LPP
SOD1,KRAS,SPAST,CBLIF,CUBN
SOD1,EIF2AK3,HLA-DRB1,PRF1
SOD1,VDAC1,HTT,SLC25A11
SOD1,UBC,UBR4,TRPV5
SOD1,EIF2AK3,HLA-DRB1,PRF1
SOD1,UBQLN1,NLGN3,PSG4
SOD1,PDIA3,COL6A1,LYPD6B
SOD1,EEF2,AHNAK
SOD1,KRAS,ATP10D
SOD1,MAP3K7,PDPK1
SOD1,KRAS,CARMIL2
SOD1,EIF2AK3,TMPO,SLC33A1
SOD1,BAG3,SYNPO
SOD1,ERN1,HSP90AA1,STYK1
SOD1,KARS1,TGOLN2,RAB18
SOD1,RPS27A,CARD11
SOD1,PDIA3,GRN
SOD1,RPS27A,NBEAL2
SOD1,NME1-NME2,TUBB3,DNAL4
SOD1,MAP3K5,AKT1,TLR2
SOD1,KRAS,PTK7
SOD1,KRAS,CASK
SOD1,STIP1,CDC25C,APOLD1
SOD1,UBC,PTPN5,CLEC4G
SOD1,UBQLN1,EFEMP2,SLC16A5
SOD1,KRAS,PKN2
SOD1,PDCD6IP,ARRDC1
SOD1,MAP3K5,AKT1,TLR2
SOD1,ERN1,JUN,CEBPE
SOD1,NACA,NEDD4,SCN1A
SOD1,SQSTM1,GAS6,PCDHA3
SOD1,EEF2,KIF20A,MUC17
SOD1,VDAC1,ATP6V1A,ATP6V1D
SOD1,GSTK1,PPP2R2D,GPC5
SOD1,HSPA5,TYRO3
SOD1,TRIM28,TYK2,PTP4A3
SOD1,ERN1,TRAF2,TNFRSF25
SOD1,MAP3K5,AKT1,TLR2
SOD1,HSPA5,SRC,EXTL3
SOD1,STIP1,GNB1,MC2R
SOD1,MTPN,REL,SLC6A12
SOD1,DERL1,IRS4,MTNR1B
SOD1,VDAC1,RAB5C,GNAT3
SOD1,KLC2,TRAK2
SOD1,PDIA3,DNAJC5,SLC32A1
SOD1,UBC,PRKCB
SOD1,ZC3H18,CHMP4B
SOD1,VDAC1,RAB11A,PODXL2
SOD1,TRIM33,NIN
SOD1,HSPA5,JUP,DSG3
SOD1,ATP1A1,GPNMB
SOD1,TPI1,FGR
SOD1,ERN1,SEC24B,ARL5A,SMPD3
SOD1,STIP1,GNB1,MC2R
SOD1,RAC1,ENAH
SOD1,PSMD14,ACVR1,MYADM
SOD1,MAP3K7,PCDHA8
SOD1,MTPN,PTPN11,SLAMF6
SOD1,KRAS,PALS2
SOD1,VDAC1,ATP6V1A,ATP6V1D
SOD1,HSPA5,ARHGAP39,KCNE3
SOD1,KRAS,SLC6A9
SOD1,HSPA9,MRPL44
SOD1,KRAS,CDC42BPB
SOD1,HSPA5,PLOD3,MARCO
SOD1,LGALS1,HRAS,RGS12
SOD1,TRIM33,UNC80
SOD1,HSPA5,TNFRSF18
SOD1,BCL2,CASP3,NMT2
SOD1,HSPA4,LIMK1,RXFP2
SOD1,PRDX1,COPS6,BFSP2
SOD1,MAP3K5,AKT1,TLR2
SOD1,VDAC1,HTT,SLC25A11
SOD1,PRDX1,CDH1,ITGAE
SOD1,BCL2,MYC,CECR2,KIR2DL4
SOD1,EIF2AK3,HLA-DRB1
SOD1,ERN1,HSP90AA1,STYK1
SOD1,PRDX1,LARP7,EPB42
SOD1,KRAS,MICAL3
SOD1,KRAS,STX8
SOD1,KRAS,PLSCR3
SOD1,KRAS,SNAP23,STXBP5L
SOD1,HSPA5,KLK3
SOD1,MAP3K5,YWHAH,WWTR1
SOD1,RHOA,ARHGAP19
SOD1,S100A4,ZZEF1,CHRDL1
SOD1,MTPN,REL,SLC6A12
SOD1,SUMO2,GAPVD1
SOD1,PDIA3,MELTF
SOD1,HSPA5,DSP
SOD1,HSPA5,HLA-DRB5
SOD1,GANAB,RHOBTB1,PXDNL
SOD1,BAG3,LAMTOR1
SOD1,EEF2,KIF20A,MUC17
SOD1,PSMD14,DLG2,NLGN1
SOD1,VDAC1,HSPD1,RTN4IP1,ADGRG6
SOD1,PEBP1,BSG,SLC16A13
SOD1,ZC3H18,RAE1,KLRK1,RAET1G
SOD1,GPX4,GPA33
SOD1,KRAS,ARHGAP21
SOD1,HSPA5,GRB2,TBC1D3G
SOD1,UBC,COPB1
SOD1,PRKCZ,NOS3
SOD1,UBC,LNX1,GPR142
SOD1,MAP3K5,APP,BACE2
SOD1,PEBP1,ANXA2
SOD1,MAP3K5,RAF1,SH3KBP1
SOD1,MAP3K7,SYK,SIRPB1
SOD1,UBC,RNF5
SOD1,MTPN,REL,SLC6A12
SOD1,HSPA5,SLC7A8
SOD1,ATP1A1,CXADR,JAML
SOD1,RHOA,PIGU
SOD1,KRAS,SIRPA
SOD1,RND3,SEMA4F
SOD1,UBC,AGO2,SLC7A9
SOD1,NACA,PLEKHA4
SOD1,ZC3H18,CAMKV
SOD1,KRAS,SCARB1
SOD1,RPS27A,CTTN,SDC3
SOD1,ERN1,SEC61B,LIFR
SOD1,KRAS,ADCY3,CNGA3,CNGB3
SOD1,KRAS,PIK3CB
SOD1,UBC,FASN,SLC34A3
SOD1,VDAC1,RAB11A,PODXL2
SOD1,RHOA,LRP2
SOD1,MAP3K5,AKT1,TLR2
SOD1,KRAS,YES1,SLC16A14
SOD1,CRYAB,B2M,MR1
SOD1,UBC,USP4
SOD1,BCL2,CASP8,PLIN4
SOD1,ERN1,PSEN1,APH1A
SOD1,HSPA5,RPS6KA3,HTR2A
SOD1,HSPA5,NRROS
SOD1,S100A4,EGFR,PTPRD
SOD1,TMX1,TMEM179B,SLC47A1
SOD1,MTPN,FTO
SOD1,UBC,ACTL6A
SOD1,ERN1,HSP90AA1,STYK1
SOD1,KRAS,MSN,SELPLG
SOD1,PRDX1,ABL1,WNK2
SOD1,KRAS,MPDZ,OR1D2
SOD1,ATP1A1,CALD1
SOD1,EEF2,EPHA2,CAMK1G
SOD1,BAG3,DPP10
SOD1,KRAS,JAK1
SOD1,PRKCZ,MBP
SOD1,PDIA3,CFTR,CLCA1
SOD1,HSPA5,MAGT1
SOD1,ERN1,HSP90AA1,STYK1,GFRA1
SOD1,SQSTM1,TRIB3
SOD1,PPIA,CSDE1,ARHGEF39
SOD1,KRAS,CDH5
SOD1,MAP3K5,YWHAH,WWTR1
SOD1,UBC,FASN,SLC34A3
SOD1,ERN1,GABPB1,ADGRB2
SOD1,UBC,LNX1,GPR142
SOD1,VDAC1,HTT,SLC25A11,QRFPR
SOD1,CDK6,CA4
SOD1,MAP3K5,APP,BACE2
SOD1,UBC,MARCHF7
SOD1,ATP1A1,COPE,SLC35A1
SOD1,STIP1,GNB1,MC2R
SOD1,PRDX1,ABL1,WNK2
SOD1,UBC,GNB2,RGS6
SOD1,UBC,WWP1,PI4K2A
SOD1,KRAS,VAMP4
SOD1,ERN1,JUN,CEBPE
SOD1,MAP3K5,YWHAH,WWTR1
SOD1,MAP3K5,YWHAH,WWTR1
SOD1,PRDX1,ABL1,WNK2
SOD1,KRAS,S100P,TGFBI
SOD1,MAP3K5,YWHAH,WWTR1
SOD1,PARK7,FYN,SLC4A8
SOD1,GAPDH,SLC4A3
SOD1,PDCD6IP,SLC5A5
SOD1,KRAS,YES1,SLC16A14
SOD1,S100A4,EGFR,PTPRD
SOD1,UBC,CBLC
SOD1,PPIB,TRDN
SOD1,PDIA3,CAPN1,CAPNS2
SOD1,NME1,L1CAM
SOD1,KRAS,ITGB1,ITGA1
SOD1,UBC,AP2B1
SOD1,NME1-NME2,HINT1
SOD1,MAP3K5,STK11,MUC7
SOD1,VDAC1,ATP6V1A
SOD1,UBC,TNFRSF1A,CYBA
SOD1,HSPA5,MIA3,ADAM30
SOD1,MAP3K5,AKT1,TLR2,CLEC4M
SOD1,KRAS,GNA12,DRD5
SOD1,MAP3K5,JAK2,GHR
SOD1,UBC,SMURF2
SOD1,BCL2,NR3C1,MSX2,CD38
SOD1,HSPA5,SRC,EXTL3
SOD1,KRAS,KRT18,PSTPIP2
SOD1,PDIA3,NTRK1,PLXNA4
SOD1,VDAC1,MRPL58
SOD1,RPS27A,ABCG2
SOD1,KRAS,RHPN2
SOD1,ERN1,JUN,CEBPE
SOD1,RHOA,NISCH
SOD1,RIPK4,PRKCD
SOD1,TMX1,PTPRO
SOD1,ERN1,HSP90AA1,STYK1
SOD1,EEF2,ANLN,MYO1A
SOD1,PDIA4,VCL
SOD1,RAC1,ARHGAP33
SOD1,KRAS,PREX1
SOD1,RPS27A,SLC38A1,SLC10A1
SOD1,PSMD14,ASPSCR1
SOD1,STIP1,GNB1,MC2R
SOD1,PDIA3,CTNNB1
SOD1,S100A4,GAK,RAB29
SOD1,PRDX1,TNF,TMPRSS2
SOD1,HSPA5,EWSR1
SOD1,STIP1,GNB1,MC2R
SOD1,VDAC1,IKBKB,PSG1
SOD1,ERN1,PSEN1,APH1A
SOD1,LGALS1,HRAS,RGS12,TPRA1
SOD1,VDAC1,RAB5A,RIN2,WNT7B
SOD1,HSPA5,SRC,EXTL3
SOD1,RAP1A
SOD1,STIP1,CLCN1
SOD1,MAP3K5,AKT1,TLR2
SOD1,KRAS,AKT2
SOD1,SQSTM1,GAS6,PCDHA3
SOD1,UBE2N,ZNRF1
SOD1,MAP3K7,IL17RA,IL17RE
SOD1,HSPA5,PXN,PARVB
SOD1,KRAS,ADCY9
SOD1,MAP3K5,AKT1,TLR2,CYBRD1
SOD1,ERN1,SEC61B,LIFR
SOD1,HSPA5,EPHB2,EFNB2
SOD1,KRAS,RABGGTB
SOD1,KRAS,TINF2,TRIM16
SOD1,ERN1,HSP90AA1,STYK1
SOD1,UBC,TRIP12,CELSR3
SOD1,ER stress,PRNP,PLK3,SV2C
SOD1,KRAS,RASSF2
SOD1,HSPA5,EDEM1,OR1M1
SOD1,MTPN,PALLD
SOD1,ERN1,SEC61B,LIFR
SOD1,PSMD14,TGFBR1,CLEC2B
SOD1,ATP1A1,RND2
SOD1,LGALS1,HRAS,RGS12
SOD1,ZC3H18,S100A9
SOD1,UBC,AGO2,SLC7A9
SOD1,PDIA3,CFTR,CLCA1
SOD1,HSPA4,PIM1
SOD1,HSPA5,FBLN7,ANGPT1
SOD1,PRDX1,ABL1,WNK2
SOD1,KRAS,GORASP2,MMP15
SOD1,S100A4,BTF3,LILRB4
SOD1,VDAC1,RAB11A,PODXL2
SOD1,MAP3K5,RAF1,SH3KBP1
SOD1,KRAS,SLC7A6
SOD1,HDAC6,ACIN1
SOD1,VDAC1,ACTB
SOD1,KRAS,ERBIN
SOD1,PRDX1,LARP7,EPB42
SOD1,PARK7,NPM1,CAVIN1
SOD1,S100A4,EGFR,PTPRD,LAG3
SOD1,SQSTM1,GRIA1
SOD1,KRAS,GNAT1,PDE6G
SOD1,KRAS,GRIP2,PRLHR
SOD1,MAP3K5,AKT1,TLR2
SOD1,STIP1,GNB1,MC2R
SOD1,ERN1,HSP90AA1,STYK1
SOD1,STIP1,GNB1,MC2R
SOD1,KRAS,PTPRG
SOD1,MAP3K5,AKT1,TLR2
SOD1,MAP3K7,MAPK8IP1
SOD1,KRAS,CDHR5,CDHR2
SOD1,KRAS,NF2,IQCJ-SCHIP1
SOD1,MAP3K5,APP,BACE2
SOD1,KRAS,GNA12,DRD5
SOD1,PDIA3,AXL,TREML2
SOD1,ERN1,JUN,CEBPE
SOD1,PDIA3,PA2G4,TMED7,TP53I13
SOD1,BCL2,CASP8,PLIN4
SOD1,ERN1,HSP90AA1,STYK1
SOD1,KRAS,FFAR3
SOD1,KRAS,AFDN,NRXN2
SOD1,VDAC1,HTT,SLC25A11
SOD1,MAP3K5,YWHAH,WWTR1,TPSG1
SOD1,ERN1,PSEN1,APH1A
SOD1,LGALS3
SOD1,KRAS,GRAP2
SOD1,KRAS,LAMTOR3
SOD1,MAP3K5,AKT1,TLR2
SOD1,RPS27A,TOPBP1
SOD1,DERL1,AMFR,OR4N2,CCR8
SOD1,LGALS8,ABCC4
SOD1,MAP3K5,JAK2,GHR
SOD1,HSPA5,ISLR,GPC3
SOD1,KRAS,APPL1,ADIPOR2
SOD1,RAP1A,RGL4
SOD1,KARS1,TGOLN2,RAB18
SOD1,PSMD14,ACVR2B
SOD1,GAPDH
SOD1,UBC,NUMA1
SOD1,KRAS,ENPP5
SOD1,UBC,LNX1,GPR142
SOD1,MAP3K5,YWHAG,TERF1,LRRN4
SOD1,VDAC1,ITPR3,TRPC1
SOD1,ERN1,JUN,CEBPE
SOD1,PRDX1,LARP7,EPB42
SOD1,MAP3K5,JAK2,GHR
SOD1,RAC1,CDC42SE2
SOD1,CDK4,LNX2
SOD1,GAPDH,SLC2A4
SOD1,HSPA5,EPHB2,EFNB2
SOD1,UBC,HMGCR,SLC24A3
SOD1,KRAS,FLRT2
SOD1,HSPA5,PTK6
SOD1,ZC3H18,JPH4
SOD1,ERN1,HSP90AA1,STYK1
SOD1,KRAS,ADCY6
SOD1,PDIA3,ADAM17,LRRC3
SOD1,VDAC1,SLC25A3
SOD1,RHOA,CXCR4,AVPR1A
SOD1,VDAC1,HTT,SLC25A11
SOD1,PDIA3,ADAM17,LRRC3,ADGRE2
SOD1,KRAS,DOCK8
SOD1,BCL2,CASP3,NMT2
SOD1,ERN1,JUN,CEBPE
SOD1,VDAC1,RAB11A,PODXL2
SOD1,TRIM28,STAU2
SOD1,PDIA3,STAT3,IRF9,PDCD1
SOD1,S100A4,EGFR,PTPRD
SOD1,PSMD14,DDX24,PSKH1
SOD1,HSPA5,RAPGEF6
SOD1,PRDX1,TNF,TMPRSS2
SOD1,PSMD14,PCDH11X
SOD1,HSPA5,XCL1,FAT3
SOD1,BAG3,PNISR
SOD1,KRAS,SEMA6D
SOD1,KRAS,PLXNB2
SOD1,UBQLN1,F8
SOD1,ZC3H18,CCDC70
SOD1,NACA,FADD,BTG1,RAET1E
SOD1,MAP3K5,JAK2,GHR,NFASC
SOD1,S100A4,EGFR,PTPRD
SOD1,PDIA3,CANX,CNR2
SOD1,VDAC1,HTT,SLC25A11
SOD1,PRKCZ,SLC35G1
SOD1,HSPA8,NOX5
SOD1,UBC,PRAME
SOD1,UBC,ARRB2,APLNR
SOD1,EEF2,FZR1,RGS11
SOD1,UBQLN1,FZD7,WNT3
SOD1,HSPA9,SDHB
SOD1,GAPDH,ZIC1,PLA2G4E
SOD1,VDAC1,HTT,SLC25A11
SOD1,VDAC1,ATP6V1A,ATP6V1D,ATP4B
SOD1,VDAC1,HTT,SLC25A11
SOD1,PDIA3,CANX,CNR2
SOD1,RPS27A
SOD1,DERL1,IRS4,MTNR1B
SOD1,PSMD14,EEF1A1,MAGEA1
SOD1,PPIL3,PRKACA
SOD1,HSPE1,MSRA
SOD1,ERN1,JUN,CEBPE
SOD1,ERN1,HSP90AA1,STYK1,GP2
SOD1,STIP1,CAMK2D,PDE4A
SOD1,PRDX1,RHOV
SOD1,RAC1,DENND4C
SOD1,MAP3K7,PCDHB6
SOD1,PRDX1,LARP7,EPB42
SOD1,KRAS,CCDC88A
SOD1,PRDX1,TNF,TMPRSS2
SOD1,PDIA3,SLC2A1,STK17B
SOD1,KRAS,NECTIN3
SOD1,MTPN,SHC1,CEACAM1
SOD1,DERL1,CYP51A1,KCNA2
SOD1,UBC,FASN,SLC34A3
SOD1,MAP3K5,APP,BACE2
SOD1,MAP3K5,ALK,GPC1
SOD1,TIAL1,KRT31,SLC23A1
SOD1,LGALS1,FLT1
SOD1,RAC1,DSG4,REEP2
SOD1,KRAS,PRMT1,GAS7
SOD1,ERN1,PSEN1,APH1A
SOD1,ERN1,PSEN1,APH1A
SOD1,VDAC1,ITPR1
SOD1,RPS27A,ING2
SOD1,PPIA,EIF4A2,SLC16A9
SOD1,UBC,UBR4
SOD1,UBC,MACF1
SOD1,S100A4,CEP128,DCLK1
SOD1,KRAS,ST14,SPINT2
SOD1,EEF2,BAP1
SOD1,UBC,TOM1
SOD1,HSPA4,ZW10,KNTC1
SOD1,KARS1,TGOLN2,RAB18,MCOLN3
SOD1,PRKCZ
SOD1,ERN1,HSP90AA1,STYK1
SOD1,PRDX1,LARP7,EPB42
SOD1,MAP3K5,YWHAH,WWTR1
SOD1,VDAC1,HTT,SLC25A11
SOD1,S100A4,EGFR,PTPRD
SOD1,RAC1,DOCK2
SOD1,UBC,GNB2,RGS6
SOD1,MAP3K5,APP,BACE2
SOD1,MAP3K5,RAF1,SH3KBP1
SOD1,UBC,ZBTB1,MUCL1
SOD1,HSPA4,KCND3
SOD1,KRAS,FNTA
SOD1,PSMD14,PDZD7
SOD1,EEF2,EPHA2
SOD1,VDAC1,ATP6V1A,ATP6V1D
SOD1,PARK7,FYN,SLC4A8
SOD1,PDIA3,ADAM17
SOD1,UBC,CHP1
SOD1,EIF2AK3,TMPO,SLC33A1
SOD1,MAP3K5,DAXX,BRMS1L,SPAM1
SOD1,EIF2AK3,DAD1,TUSC3
SOD1,EIF2AK3,TMPO,SLC33A1
SOD1,MAP3K5,YWHAH,WWTR1
SOD1,HSPA8,STXBP1
SOD1,TRIM28,SETDB1,ARL14EP
SOD1,NACA,RPL36AL
SOD1,PSMD14,GOT2
SOD1,KLC2,CHRNA9
SOD1,BCL2,PPID,GCLC,TECTA
SOD1,S100A4,EGFR,PTPRD
SOD1,MAP3K5,JAK2,GHR
SOD1,VDAC1,ITPR3,TRPC1
SOD1,PRDX1,CUL1
SOD1,UBC,GNB2,RGS6
SOD1,LGALS1,KDR,ANOS1
SOD1,KRAS,KTN1,SLC16A7
SOD1,ERN1,HSP90AA1,STYK1
SOD1,S100A4,EGFR,PTPRD
SOD1,UBC,GNB2
SOD1,NACA,GSK3B,ACSBG1
SOD1,RHOA,MTMR1
SOD1,HSPA8,CNOT2
SOD1,HSPA5,RAB7A,GNG5
SOD1,ERN1,HSP90AA1
SOD1,HSPA5,EPHA7
SOD1,RND3
SOD1,ATP1A1,STX7
SOD1,KRAS,NMT1
SOD1,NACA,NEDD4,SCN1A
SOD1,ATP1A1,ATP1B1
SOD1,S100A4,BTF3,LILRB4
SOD1,PRDX6,MYLK
SOD1,KARS1,CARS1,ABTB1
SOD1,HSPA8,CEMIP
SOD1,PARK7,NPM1,CAVIN1
SOD1,MAP3K7,CALM3
SOD1,PPIA,SH2D3C,ADK
SOD1,KRAS,SLITRK5
SOD1,MAP3K7,SYK,SIRPB1
SOD1,MAP3K5,AKT1,TLR2
SOD1,MAP3K5,YWHAH,WWTR1
SOD1,PSMD14,EEF1A2,SLC13A5
SOD1,PDIA3,CAPN1,CAPNS2
SOD1,MAP3K5,TRAF3,PCDH10
SOD1,MAP3K5,ALK,GPC1
SOD1,HSPA5,SURF4
SOD1,RPS27A,LITAF
SOD1,HSPA4,ZW10,KNTC1
SOD1,TRIM28,CASP1
SOD1,RHOA,PIK3R3,PCDHB5
SOD1,HSPA5,SEPTIN2,JPT2
SOD1,ATP1A1,ARMCX3,GNAT2
SOD1,RAP1A,INSC
SOD1,NACA,NEDD4,SCN1A
SOD1,PSMD14,EEF1A1,MAGEA1
SOD1,ERN1,HSP90AA1,STYK1
SOD1,EIF2AK3,TMPO,SLC33A1
SOD1,S100A4,SMAD3
SOD1,HSPA5,B3GNT3
SOD1,KRAS,JMJD6
SOD1,BCL2,NR3C1,MSX2,SERPINA12
SOD1,MAP3K5,YWHAH,WWTR1
SOD1,KRAS,RGP1
SOD1,UBC,TAB3
SOD1,VDAC1,ATP2A2
SOD1,ERN1,TRAF2,TNFRSF25,TNFSF14
SOD1,BCL2,CYCS,RBM33,TBC1D2
SOD1,EEF2,ANLN,MYO1A
SOD1,HSPA8,PPP6R3
SOD1,KRAS,GNAI3,RGS7
SOD1,PDIA3,CANX,CNR2,GPR18
SOD1,MAP3K5,MAP2K7,MAP3K12
SOD1,NACA,NEDD4,SCN1A
SOD1,RPS27A,ENTREP1
SOD1,MAP3K5,YWHAH,WWTR1
SOD1,S100A4,EGFR,PTPRD
SOD1,KRAS,ITGB1,ITGA1
SOD1,MAP3K7,MIB2,P2RY1
SOD1,HSPA5,KLK3,PLXNA3
SOD1,PRKCZ,PARD6G
SOD1,MAP3K7,SYK,SIRPB1
SOD1,VDAC1,RAB14
SOD1,ERN1,PSEN1,APH1A
SOD1,MAP3K5,YWHAB,R3HDM1,ABHD6
SOD1,KRAS,GRIP2
SOD1,S100A4,CACYBP,ITPRIP
SOD1,KRAS,MAGI1,DDN,KCNMB1
SOD1,TRIM33,ANKRD28,AGPAT2
SOD1,BCL2,CASP3,NMT2
SOD1,HSPA5,SRC,EXTL3
SOD1,VDAC1,ABCC1
SOD1,UBC,ZBTB1,MUCL1
SOD1,SOD2,RAB4A,SLC9A7
SOD1,TRIM33,PER1,SLC5A1
SOD1,HSPA5,GRB10
SOD1,UBC,FASN,SLC34A3
SOD1,SUMO2,RNF4,BCAM
SOD1,NACA,GSK3B,ACSBG1
SOD1,NACA,GSK3B,ACSBG1
SOD1,VDAC1,HNRNPDL,KHDRBS2,NPDC1
SOD1,ATP1A1,EZR
SOD1,ATP1A1,RHOH
SOD1,RHOA,FZD6
SOD1,ERN1,HSP90AA1,STYK1
SOD1,NACA,GSK3B,ACSBG1
SOD1,UBC,USP21
SOD1,ERN1,PSEN1,APH1A
SOD1,STIP1,GNB1,MC2R
SOD1,HSPA5,GRB2,TBC1D3G
SOD1,PSMD14,HSPA4L,RASGRP1
SOD1,TMX1,VASN
SOD1,KRAS,RABGGTB,RAB9B
SOD1,VDAC1,RAB11A,PODXL2
SOD1,KRAS,NKTR
SOD1,PARK7,RACK1,GNG2
SOD1,NME1,DNM1
SOD1,HSPA8,F12
SOD1,PRDX1,LARP7,EPB42
SOD1,ATP1A1,EZR,ICAM2
SOD1,RPS27A,KCNA5,CD320
SOD1,BCL2,PRKN,ZFAND4,GPR17
SOD1,PSMD14,ACVR1,MYADM
SOD1,VDAC1,STOM,STOML1,ASIC4
SOD1,KARS1,QARS1,SLA
SOD1,PRDX1,CDH1,ITGAE
SOD1,UBC,GLUL
SOD1,UBC,ZAP70,CD3G
SOD1,VDAC1,HTT,SLC25A11
SOD1,PDIA6
SOD1,MAP3K5,JAK2,GHR
SOD1,VDAC1,ATP6V1A,ATP6V1D
SOD1,DERL1,AMFR,OR4N2
SOD1,KRAS,SNAP29
SOD1,RHOA,RAP2B
SOD1,RHOA
SOD1,MAP3K5,RAF1,SH3KBP1
SOD1,PEBP1,ALOX15
SOD1,S100A4,PKN3,PTGER3,EFR3A
SOD1,KRAS,VAMP2
SOD1,PDIA3,CFTR,CLCA1
SOD1,KRAS,VEZT
SOD1,KRAS,SNAP23,STXBP5L
SOD1,MAP3K7,IL17RA
SOD1,SUMO2,CKAP5,GPRC5D
SOD1,MAP3K5,APP,BACE2
SOD1,KRAS,KRT18,PSTPIP2
SOD1,VDAC1,IMMT,SLC2A8
SOD1,PSMD14,DLG2,NLGN1
SOD1,VDAC1,HTT,SLC25A11
SOD1,PDIA3,TAPBP,HLA-DQA1
SOD1,MAP3K5,PRKAA2,ZXDC,JTB
SOD1,ERN1,HSP90AA1,STYK1
SOD1,PEBP1,BSG,SLC16A13
SOD1,HSPA8,PACSIN2
SOD1,ERN1,TRAF2,TNFRSF25
SOD1,PDIA3,LOXL2,RBM14-RBM4,IL12RB2
SOD1,NACA,NEDD4,SCN1A
SOD1,HUWE1,ZBTB33
SOD1,MAP3K5,AKT1,TLR2
SOD1,STIP1,GNB1,MC2R
SOD1,PARK7,FYN,SLC4A8
SOD1,PPIA,CSDE1
SOD1,KLC2
SOD1,MAP3K7,RAB8A
SOD1,S100A4,EGFR,PTPRD
SOD1,BCL2,CASP3,NMT2
SOD1,DERL1,AMFR,OR4N2
SOD1,PDCD6IP,SH3GL2
SOD1,SQSTM1,TMEM59
SOD1,KRAS,TMEM97
SOD1,PDIA3,COL6A1,LYPD6B
SOD1,MAP3K5,YWHAH,WWTR1
SOD1,KRAS,KIAA1549
SOD1,HSPA8,CHD1L,ART3
SOD1,NACA,WWP2,ARRDC4
SOD1,PRDX1,RAB4B
SOD1,ERN1,GABPB1,ADGRB2
SOD1,HSPA5,SRC,EXTL3
SOD1,S100A4,DNAJB6,AQP8
SOD1,RHOA,PTPN2
SOD1,PDCD6IP,VPS4A
SOD1,MTPN,SHC1,CEACAM1
SOD1,MAP3K5,JAK2,GHR
SOD1,ALDH7A1,FERMT2
SOD1,KRAS,RALGAPA2
SOD1,STMN1,ATP6V1H
SOD1,MTPN,EFHD2,OR2K2
SOD1,PPIA,ITK
SOD1,KRAS,MTM1
SOD1,KRAS,PTPN1,C1orf210
SOD1,CDK6,PRX
SOD1,RIPK4,PRKCD,HVCN1,CNTFR
SOD1,MAP3K5,ALK,GPC1
SOD1,UBE2N,PJA2
SOD1,HSPA8,WDR6
SOD1,MAP3K5,APP
SOD1,PSMD14,PRMT5,COPRS
SOD1,VDAC1,IKBKB,PSG1
SOD1,KRAS,ATP6V1G1
SOD1,PSMD14,SGTA,CDH15
SOD1,VDAC1,ITPR3,TRPC1
SOD1,HSPA4,ZW10,KNTC1
SOD1,VDAC1,HTT,SLC25A11
SOD1,UCHL1,CD163
SOD1,KRAS,SPTA1
SOD1,VDAC1,RAB11A,PODXL2
SOD1,DECR1,MGST3,AQP10,LYVE1
SOD1,PRDX1,CDH1,ITGAE
SOD1,VDAC1,HTT,SLC25A11
SOD1,HSPA5,RAB7A,GNG5
SOD1,KARS1,TGOLN2,RAB18
SOD1,HSPA5,RNF123,PCDHB12
SOD1,RHOA,FASLG,MPP4
SOD1,S100A4,EGFR,PTPRD
SOD1,NACA,GSK3B,ACSBG1
SOD1,KRAS,AMIGO2
SOD1,HSPA8,NOXO1
SOD1,HSPA9,CLTA
SOD1,ERN1,JUN,CEBPE
SOD1,HSPA5,ATXN3
SOD1,RHOA,CD69
SOD1,ERN1,JUN,CEBPE
SOD1,KRAS,CEMIP2
SOD1,S100A4,EGFR,PTPRD
SOD1,EEF2,FZR1,RGS11
SOD1,KRAS,DYNC1H1,KATNB1
SOD1,KRAS,ADCY8
SOD1,RHOA,VAV3
SOD1,VDAC1,RAB11A,PODXL2
SOD1,S100A4,EGFR,PTPRD
SOD1,DERL1,SCNN1A
SOD1,KARS1,TGOLN2,RAB18
SOD1,KRAS,RHBDL2
SOD1,KRAS,GNAI2,CRHR1
SOD1,LGALS1,SLAMF7
SOD1,UBC,LNX1,GPR142
SOD1,KARS1,CARS1,ABTB1
SOD1,MTPN,PTPN11,SLAMF6
SOD1,PRDX1,HNRNPA1,FREM2
SOD1,MAP3K5,APP,BACE2,GRIN3A
SOD1,NME1,SMO,PTCH2
SOD1,PARK7,FYN,SLC4A8
SOD1,PPIL3,CSNK2A1
SOD1,MTPN,REL,SLC6A12
SOD1,RHOA,ATP2C1
SOD1,KRAS,FLRT3,ADGRL3,TENM2
SOD1,KARS1,VIM,WHRN
SOD1,MAP3K5,JAK2,GHR
SOD1,RHOA,CDH3
SOD1,MAP3K5,AKT1,TLR2
SOD1,MTPN,REL,SLC6A12,STOML3
SOD1,KRAS,CDK16
SOD1,MAP3K5,YWHAH,WWTR1
SOD1,MAP3K5,APP,BACE2
SOD1,VDAC1,RAB5C,GNAT3
SOD1,PSMD14,AHNAK2
SOD1,HSPA5,ISLR,GPC3
SOD1,PRKCZ,MARK2
SOD1,PRKCZ,AJUBA
SOD1,EEF2,KIF20A,MUC17
