XPA,PCNA,RHOF,DHRS7B,ADGRA3
XPA,PCNA,RHOF,DHRS7B,STOML1
XPA,SRC,CDC42,CRIM1
XPA,SRC,FCRL3,MS4A1
XPA,SRC,USP8,CHMP3
XPA,SRC,HRAS,LRBA
XPA,SRC,RAF1,PACSIN3
XPA,HMGB1,PRNP
XPA,SRC,GTF2I,PRKG1
XPA,PRKDC,WWP1
XPA,SRC,ENO1,HLA-DRB1
XPA,SRC,CDH1,AJUBA
XPA,RPS27A,PRKCA,AKAP5
XPA,RPS27A,TAB2
XPA,SRC,EGFR,STIL,RXFP3
XPA,PCNA,CDK5,STXBP1
XPA,SRC,CFTR,CLCA1
XPA,RPS27A,IKBKE,CD209
XPA,SRC,LYN,ITGA2
XPA,SRC,STAT3,LRRC49,MC5R
XPA,SRC,RAPGEF1,LGR4
XPA,PCNA,CDK5,STXBP1
XPA,SRC,CDC42,CRIM1
XPA,PCNA,PRDX3,ATP5F1B
XPA,SRC,ERBB3
XPA,SRC,PTK2,EPS8L2
XPA,SRC,SNCA,DMTN
XPA,PMS2,PPP2CA,RDH8
XPA,PMS2,PPP2CA,RDH8
XPA,RPS27A,SHANK1
XPA,PCNA,P4HB,HSPA13,CCKAR
XPA,SRC,AKT1,CYTH1
XPA,SRC,CAST,CAPNS2
XPA,SRC,DLG4,FZD4
XPA,MSH2,CDC5L,PNN
XPA,SRC,PTPN6,LILRB4
XPA,SRC,GRB2,TBC1D3G
XPA,SRC,PECAM1,TMC6
XPA,SRC,AKT,GRIN2C
XPA,PRKDC,GSK3B,ACSBG1
XPA,MLH1,RAD23B,RSC1A1
XPA,BMPR1A,MANSC1,SLC39A3
XPA,RPS27A,PRKCE
XPA,PMS2,PPP2CA,RDH8
XPA,SRC,TNFRSF1A
XPA,PCNA,CALR,TMX3
XPA,PCNA,KRAS,KPRP,CNGA3
XPA,PRKDC,GSK3B,ACSBG1
XPA,SRC,EPHA2,CAMK1G
XPA,SRC,RPS6KA3,HTR2A
XPA,SRC,HNRNPC,TPBG
XPA,SRC,LNX1,ROBO3
XPA,PCNA,PRDX3,ATP5F1B,AQP10
XPA,SRC,HRAS,LRBA
XPA,SRC,MAPK3,ZBTB42
XPA,SRC,CDH1,AJUBA,RPE65
XPA,PCNA,P4HB,HSPA13
XPA,SRC,PXN,PARVA
XPA,BMPR1A,CANX,CNR2
XPA,SRC,DNM1,LYPD6
XPA,SRC,CDC42,CRIM1
XPA,SRC,GAK,RAB29
XPA,PMS2,NSF,PTPN9,LRRC8C
XPA,PCNA,IGF1R,ADAMTS4,IL27RA
XPA,PRKDC,GSK3B,ACSBG1
XPA,PCNA,HLTF
XPA,BMPR1A,IGLL5,SEMA4G
XPA,SRC,GRB2,TBC1D3G
XPA,SRC,CRMP1,CACNA1A,CACNB4
XPA,BMPR1A,IGDCC4
XPA,BMPR1A,GNAI2,RGS13
XPA,SRC,AGAP1,CDH23,PCDH15
XPA,RPS27A,RNF43
XPA,SRC,AKT1,CYTH1
XPA,SRC,TGM2
XPA,SRC,CDH2,BOC,SLC44A1
XPA,SRC,MAPK3,ZBTB42
XPA,PRKDC,GSK3B,ACSBG1
XPA,RPS27A,ANTXR2
XPA,PCNA,SETDB1,ATF7IP2,MS4A14
XPA,SRC,RACK1,KCNAB1
XPA,SRC,AKT1,CYTH1
XPA,SRC,FLNA
XPA,SRC,SHC3
XPA,PCNA,RHOF,DHRS7B,CYP2C18
XPA,SRC,GJA1,PCDH19
XPA,PCNA,RPS20,METAP2
XPA,SRC,HRAS,LRBA
XPA,PMS2,UBC,TBC1D15,GNG12
XPA,PMS2,UBC
XPA,SRC,YAP1,LAPTM5
XPA,SRC,CFTR,CLCA1
XPA,BMPR1A,MANSC1,SLC39A3
XPA,PCNA,KRAS,KPRP,COA6
XPA,PCNA,ARHGDIA,HSD17B10
XPA,PRKDC,ANKRD28,AGPAT2
XPA,PMS2,XRCC3,HSPD1,CAPN10
XPA,PRKDC,CUL3
XPA,PMS2,PPP2CA,RDH8
XPA,SRC,PTPRA,UVRAG,CNTN6
XPA,SRC,FGFR1,FRS3
XPA,RPS27A,AGO2,SLC7A9
XPA,SRC,ARRB2,GPR37
XPA,PCNA,USP11,MTHFD1,ABCC9
XPA,PCNA,H4C6,ZBTB20,ATP1B4
XPA,SRC,HRAS,LRBA
XPA,SRC,MUC1,AQP2
XPA,SRC,SHANK3,MEGF10
XPA,SRC,SNCA,DMTN
XPA,PMS2,NSF,PTPN9,CATSPER1
XPA,HMGB1,IFITM3,ELOVL2,XKR3
XPA,SRC,VCL,LIMD1
XPA,SRC,CDH1,AJUBA
XPA,SRC,RXRA,ALOX15B
XPA,SRC,HRAS,LRBA
XPA,SRC,GP1BA,SELP
XPA,SRC,TGFBR2,RELT
XPA,PCNA,P4HB,HSPA13
XPA,SRC,RXRA,ALOX15B
XPA,SRC,AFAP1L2
XPA,SRC,CDH1,AJUBA
XPA,PCNA,POLD2,NIBAN1
XPA,PMS2,PPP2CA,RDH8
XPA,SRC,KCNB1
XPA,PMS2,UBC,TBC1D15,SLC9A2
XPA,SRC,GRB2,TBC1D3G
XPA,PMS2,PPP2CB,URI1,GPC5
XPA,PRKDC,LARP7,EPB42
XPA,SRC,DLG4,FZD4
XPA,PCNA,P4HB,HSPA13
XPA,SRC,CDC42,CRIM1
XPA,SRC,CDC42,CRIM1
XPA,SRC,PTPN6,LILRB4
XPA,PCNA,P4HB,HSPA13
XPA,PMS2,PPP2CA,RDH8
XPA,SRC,NRAS,PCDH18
XPA,PCNA,PRDX3,ATP5F1B
XPA,PCNA,RPS20,METAP2
XPA,RPS27A,CDK5R1
XPA,SRC,CDC42,CRIM1
XPA,SRC,CTTN,EXOC8
XPA,SRC,AKT,GRIN2C
XPA,PCNA,EZH2,CRY2,S1PR2
XPA,SRC,GLRB,GPHN
XPA,PRKDC,LARP7,EPB42
XPA,RPS27A,PRKCE,GAD2
XPA,PMS2,PPP2CB,URI1,SLC17A5
XPA,SRC,ANLN,MYO1A
XPA,SRC,MUC1,AQP2
XPA,SRC,CTTN,EXOC8
XPA,SRC,FZR1,RGS11
XPA,SRC,LRP1,MAPK8IP1
XPA,PMS2,XRCC3,HSPD1
XPA,PMS2,PPP2CA,RDH8
XPA,PCNA,EZH2,CRY2,KLRK1,RAET1L
XPA,SRC,TRAF3,TNFRSF17
XPA,SRC,LNX1,ROBO3
XPA,SRC,HSP90AA1,KCND3
XPA,SRC,GJA1,PCDH19
XPA,PMS2,PPP2CA,RDH8
XPA,SRC,MAPK3,ZBTB42
XPA,SRC,CFTR,CLCA1
XPA,SRC,SDCBP
XPA,RPS27A,ERN1,PCDHGB5
XPA,RPS27A,CPNE4
XPA,PMS2,UBC,TBC1D15,IL1RL2
XPA,PCNA,KRAS,KPRP,SLC22A2
XPA,SRC,CTTN,EXOC8
XPA,SRC,PDPK1,TGFBR3
XPA,PCNA,EP300,GATA4,ADM,RAMP2
XPA,SRC,EPS8
XPA,PCNA,RHOF,DHRS7B,SEMA4A
XPA,SRC,PTPN6,LILRB4
XPA,ERCC6,IKBIP,BORCS5
XPA,PCNA,RHOF,DHRS7B,CCKBR
XPA,SRC,SH3KBP1,VPS37B
XPA,RPS27A,ERN1,PCDHGB5
XPA,SRC,NFKBIA
XPA,SRC,MAPK3,ZBTB42
XPA,SRC,CDC42,CRIM1
XPA,HMGB1,PDIA3,CD1B
XPA,SRC,NRAS,PCDH18
XPA,PCNA,NEDD8,UBA3,PXDNL
XPA,SRC,ABL1,WNK2
XPA,SRC,RAB11A,LNPEP
XPA,SRC,AKT,GRIN2C
XPA,SRC,CDC42,CRIM1
XPA,RPS27A,UBQLN1,CD47
XPA,PMS2,PPP2CA,RDH8
XPA,SRC,MPZL1
XPA,SRC,GRB2,TBC1D3G
XPA,SRC,TRAF3,TNFRSF17,TNFSF4
XPA,SRC,CDC42,CRIM1
XPA,PMS2,NSF,PTPN9,PTGER1
XPA,SRC,JAK2,MUC5B
XPA,PMS2,PPP2CA,RDH8
XPA,SRC,ITGB2,ITGAM
XPA,SRC,RAB11A,LNPEP
XPA,PCNA,P4HB,HSPA13
XPA,SRC,CDC42,CRIM1
XPA,SRC,CDC42,CRIM1
XPA,BMPR1A,ACVR2A,PCDHAC1
XPA,PCNA,YWHAQ,BAD,DYSF
XPA,SRC,DLG4,FZD4
XPA,PCNA,RHOF,DHRS7B,VIPR2,ADCYAP1,ADCYAP1R1
XPA,PMS2,UBC,TBC1D15,A1BG
XPA,PMS2,XRCC3,HSPD1
XPA,SRC,VCL,LIMD1
XPA,SRC,GLRB,GPHN,TMEM219
XPA,SRC,DHRS3,SIDT2
XPA,SRC,HLA-A,CD8A,CD8B
XPA,BMPR1A,SMURF1
XPA,SRC,YAP1,LAPTM5
XPA,SRC,TGFA
XPA,PCNA,EP300,GATA4,KCNC3
XPA,PCNA,YWHAQ,BAD,MPO,APCDD1
XPA,PCNA,PRDX3,ATP5F1B
XPA,SRC,ENO1,HLA-DRB1
XPA,SRC,MUC1,AQP2
XPA,SRC,HRAS,LRBA
XPA,PCNA,CDK5,STXBP1
XPA,PMS2,PPP2CA,RDH8
XPA,SRC,DLG4,FZD4
XPA,SRC,ARRB2,GPR37
XPA,PCNA,RHOF,DHRS7B,PCDHGA6
XPA,GTF2H5,TBP,BCL3
XPA,PMS2,EXO1,KLC3,ANPEP
XPA,SRC,SNCA,DMTN
XPA,SRC,CDH2,BOC
XPA,SRC,DUSP15,CRACR2A
XPA,BMPR1A,RHOC
XPA,SRC,ERBB3,SELENOK
XPA,SRC,HNRNPC,TPBG
XPA,ERCC6,IKBIP,BORCS5
XPA,PCNA,UBE2D3,DAPK3,ADCY4
XPA,SRC,MAPK3,ZBTB42
XPA,SRC,EGFR,STIL,P2RY1
XPA,SRC,CTTN
XPA,PCNA,HOOK2,ZNF107,KCNK1
XPA,SRC,PLSCR1
XPA,SRC,MAVS,TLR1
XPA,GTF2H5,TBP,BCL3
XPA,PCNA,SUMO1,VHL
XPA,RPS27A,PRKCE,GAD2,SYT9
XPA,SRC,SKAP2
XPA,SRC,CFTR,CLCA1
XPA,SRC,CDC42,CRIM1
XPA,RPS27A,EEF1A1
XPA,SRC,MAVS,TLR1
XPA,BMPR1A,CANX,CNR2
XPA,SRC,ERBB3,SELENOK
XPA,RPS27A,RALBP1
XPA,SRC,HRAS,LRBA
XPA,PCNA,RHOF,DHRS7B,SCHIP1
XPA,PMS2,NSF,PTPN9,CATSPER1,CACNA1I,CATSPER2
XPA,PMS2,CTR9,SOX2,SLC34A2
XPA,BMPR1A,SMAD7
XPA,BMPR1A,RHOJ
XPA,SRC,LNX1,ROBO3
XPA,PRKDC,GSK3B,ACSBG1
XPA,PCNA,PRDX6,SPR,ULBP3
XPA,RPS27A,RPS21,CLCA2
XPA,SRC,AKT,GRIN2C
XPA,SRC,IKBKB,CD40
XPA,SRC,MAP2K1
XPA,SRC,GLRB,GPHN
XPA,SRC,SPTAN1,ATP8B3
XPA,PCNA,CDK5,STXBP1
XPA,MSH2,CDC5L,PNN
XPA,SRC,FLNA,PHLDB2
XPA,RPS27A,MYO6
XPA,PCNA,SUMO1,VHL
XPA,BMPR1A,HAVCR2,TSPAN7
XPA,PCNA,RHOF,DHRS7B,OR3A1
XPA,SRC,AXL,TREML2
XPA,SRC,PXN,PARVA
XPA,BMPR1A,BMPR1B
XPA,SRC,RAB11A,LNPEP
XPA,SRC,CDC42,CRIM1
XPA,PCNA,RPS20,METAP2
XPA,RPS27A,EEF1A1,TTLL12
XPA,PCNA,H2BC21,WDTC1,ABHD17B
XPA,PCNA,RPS20,METAP2
XPA,SRC,AP2B1,AP1S3,ATRN
XPA,SRC,IKBKB,CD40
XPA,PCNA,UBE2D3
XPA,SRC,CDC42,CRIM1
XPA,SRC,CTNND1
XPA,ATR,NCR3LG1
XPA,PCNA,POLD3,MELTF
XPA,SRC,ACTN4,RGS9
XPA,PCNA,DHX15,SF3B5,PCDHGA10
XPA,BMPR1A,AP2M1
XPA,SRC,ARRB1,PTAFR
XPA,SRC,ARRB1,PTAFR
XPA,PMS2,PPP2CA,RDH8
XPA,PMS2,UBC,TBC1D15,TMPRSS11D
XPA,RPS27A,EPN2
XPA,PCNA,YBX1,RBMXL2,KCNK7
XPA,SRC,HSP90AA1,KCND3
XPA,PCNA,PRDX3,ATP5F1B
XPA,SRC,GRB10,MAGEA3,CPNE1
XPA,SRC,IKBKB,CD40
XPA,PCNA,KRAS,KPRP,SLC17A2
XPA,SRC,CDH2,BOC
XPA,BMPR1A,ACVR2A,PCDHAC1
XPA,SRC,PRKCI,FRS2
XPA,PCNA,CDK5,STXBP1
XPA,PCNA,EP300,GATA4,SLC6A12
XPA,SRC,GRB2,TBC1D3G
XPA,SRC,HDAC3
XPA,SRC,ITGB2,ITGAM
XPA,SRC,DLG4,FZD4
XPA,PCNA,RHOF,DHRS7B,ADGRA1
XPA,SRC,CFTR,CLCA1
XPA,BMPR1A,IFNAR1
XPA,SRC,DAB1,CLASP1,CNTN5
XPA,PMS2,PPP2CA,RDH8
XPA,BMPR1A,AP2A1
XPA,SRC,HRAS,LRBA
XPA,SRC,CDC42,CRIM1
XPA,PMS2,PPP2CA,RDH8
XPA,PCNA,RHOF,DHRS7B,TSHR
XPA,SRC,YAP1,LAPTM5
XPA,PMS2,CTR9,SOX2,PON2
XPA,PMS2,PPP2CA,RDH8
XPA,SRC,CTSV,VNN2
XPA,SRC,KCNB1,CACNA1C
XPA,PMS2,UBC,TBC1D15,SLC9A4
XPA,SRC,TRAF6,TNFRSF13B
XPA,SRC,HRAS,LRBA
XPA,PRKDC,GSK3B,ACSBG1
XPA,SRC,HRAS,LRBA
XPA,HMGB1,C1QBP
XPA,PCNA,P4HB,HSPA13
XPA,PCNA,RHOF,DHRS7B,PCDHB16,SLC39A11
XPA,RPS27A,DNMT3B,PCDHA4
XPA,SRC,HRAS,LRBA
XPA,PCNA,H2BC21,WDTC1,NPC1
XPA,SRC,CDH2,BOC
XPA,PCNA,NR2C2,PYCR3,SYNGR1
XPA,SRC,TIAM1
XPA,SRC,FHIT
XPA,SRC,RACK1,KCNAB1
XPA,SRC,AKT1,CYTH1
XPA,SRC,PRKCI,FRS2
XPA,SRC,EPB41L3
XPA,SRC,ARRB2,GPR37
XPA,PCNA,HLTF,CERK
XPA,SRC,HRAS,LRBA,SLC6A20
XPA,SRC,LNX1,ROBO3,SLC43A2
XPA,ATR,SCARA3,SLC39A1
XPA,SRC,RAB11A,LNPEP
XPA,RPS27A,EXOSC10,DXO
XPA,SRC,BDKRB2,GNG2
XPA,SRC,CDC42,CRIM1
XPA,BMPR1A,GNAI2,RGS13
XPA,PRKDC,JAK3,IL7R
XPA,SRC,YAP1,LAPTM5
XPA,SRC,SPTAN1,ATP8B3
XPA,SRC,TRAF6,TNFRSF13B
XPA,PRKDC,LARP7,EPB42
XPA,PCNA,RHOF,DHRS7B,C8A
XPA,SRC,EGFR,STIL,SLC19A2
XPA,SRC,TGFBR2,RELT
XPA,PCNA,P4HB,HSPA13
XPA,SRC,RAB11A,LNPEP
XPA,SRC,NRAS,PCDH18
XPA,SRC,TRPC6,PLCD3
XPA,SRC,FGFR1,FRS3
XPA,PCNA,P4HB,HSPA13,HCRTR2
XPA,RPS27A,AMFR,OR4N2
XPA,SRC,PTK2,EPS8L2
XPA,SRC,ABL1,WNK2
XPA,SRC,RPS6KA3,HTR2A
XPA,PCNA,UBE2I,CAMK2D,MDGA1
XPA,GTF2H5,TBP,BCL3
XPA,PCNA,IGF1R,ADAMTS4,CDH24
XPA,PCNA,KRAS,KPRP,ADAM32
XPA,PCNA,EP300,GATA4,WARS2
XPA,SRC,FCRL3,MS4A1
XPA,SRC,MAPT,MAP1B
XPA,SRC,TLR9,MYD88,TNFSF9
XPA,PRKDC,RAB5A,RAB3GAP2
XPA,PCNA,ARHGDIA,HSD17B10
XPA,SRC,PAK2
XPA,SRC,MAPK3,ZBTB42
XPA,SRC,CTTN,EXOC8
XPA,GTF2H5,TBP,BCL3
XPA,MSH2,CDC5L,PNN
XPA,SRC,ENO1,HLA-DRB1
XPA,RPS27A,EEF1A1,TTLL12
XPA,SRC,SH3GL1,DRD3
XPA,PRKDC,PRKACB
XPA,PRKDC,NR3C1,MSX2,CNGB1
XPA,SRC,CDH2,BOC
XPA,SRC,YAP1,LAPTM5
XPA,SRC,TNK2,SEZ6
XPA,SRC,BTK,GP6
XPA,SRC,GRB2,TBC1D3G
XPA,SRC,YAP1,LAPTM5
XPA,SRC,BMX
XPA,MSH3,SUMO2,SERPINB6
XPA,SRC,PTPRC,CD1D
XPA,SRC,DLG4,FZD4
XPA,PRKDC,GSK3B,ACSBG1
XPA,RPS27A,DNAJC5B,BASP1
XPA,HMGB1,TAX1BP1,PLPP4
XPA,SRC,LRP1,MAPK8IP1
XPA,BMPR1A,GNAI2,RGS13
XPA,PCNA,P4HB,HSPA13
XPA,RPS27A,PRKCE,GAD2
XPA,GTF2H5,TBP,BCL3
XPA,SRC,JAK2,MUC5B
XPA,SRC,ITGAL
XPA,SRC,RAF1,PACSIN3
XPA,SRC,GRB2,TBC1D3G
XPA,SRC,DAPP1
XPA,RPS27A,CSF3R
XPA,SRC,CDC42,CRIM1,GABRQ
XPA,PRKDC,JAK3
XPA,PCNA,CALR,TMX3
XPA,SRC,AKT,GRIN2C
XPA,RPS27A,EEF1A1,TTLL12
XPA,SRC,KIT,KITLG
XPA,SRC,ENO1,HLA-DRB1
XPA,SRC,GRK2,CCR4,PTCH2
XPA,SRC,PRICKLE3,HIC2
XPA,SRC,GRB2,TBC1D3G
XPA,SRC,MAPT,MAP1B
XPA,SRC,ERBB3,SELENOK
XPA,PCNA,P4HB,HSPA13
XPA,SRC,GAB1,PTK6
XPA,SRC,SNCA,DMTN
XPA,SRC,ANLN,MYO1A
XPA,SRC,RAB11A,LNPEP
XPA,SRC,SNCA,DMTN,GPM6B
XPA,SRC,AKT1,CYTH1
XPA,SRC,RAPGEF1,LGR4,SLC27A1
XPA,SRC,HRAS
XPA,PRKDC,CHMP4C
XPA,SRC,IKBKB,CD40
XPA,SRC,ITGB2,ITGAM,CHRNG
XPA,PRKDC,GSK3B,ACSBG1
XPA,PCNA,KPNA1,TPX2,GRID2
XPA,PCNA,P4HB,HSPA13,MUC17
XPA,PRKDC,RAB5A,RAB3GAP2
XPA,SRC,AKT,GRIN2C
XPA,SRC,CDH1,AJUBA
XPA,RPS27A,EEF1A1,TTLL12
XPA,SRC,GRB2,TBC1D3G
XPA,SRC,CDC42,CRIM1
XPA,RPS27A,PRKCA,AKAP5
XPA,PCNA,IGF1R,ADAMTS4,PCSK6
XPA,PRKDC,LAMC3,TF,ABCA5
XPA,PMS2,XRCC3,HSPD1
XPA,PCNA,RHOF,DHRS7B,BTN2A1
XPA,SRC,CDC42,CRIM1
XPA,SRC,FGFR1,FRS3
XPA,SRC,DLG4,FZD4
XPA,SRC,IKBKB,CD40
XPA,PRKDC,JAK3,IL7R,TSLP,CRLF2
XPA,RPS27A,EEF2
XPA,PCNA,DNMT1,DNAJC18,KCNK16
XPA,PMS2,PPP2CA,RDH8
XPA,RPS27A,CD4
XPA,RPA2,COBL
XPA,BMPR1A,IL20RB
XPA,PCNA,P4HB,HSPA13
XPA,RPS27A,RASL10B
XPA,SRC,CDC42,CRIM1
XPA,PMS2,UBC,TBC1D15,EPB41L5
XPA,PRKDC,TDP1
XPA,SRC,GJA1,PCDH19,CSPG5
XPA,PCNA,WWOX,CATSPERE,TVP23B,YIPF1
XPA,SRC,RAB11A,LNPEP
XPA,SRC,VAMP7,LAMP1
XPA,PMS2,PPP2CA,RDH8
XPA,PRKDC,RAB5A,RAB3GAP2
XPA,SRC,ITGB3,ITGA2B
XPA,RPS27A,CYLD
XPA,SRC,MUC1,AQP2
XPA,SRC,PRKCI,FRS2
XPA,PCNA,RHOF
XPA,PCNA,RHOF,DHRS7B,JAM3,JAM2
XPA,PCNA,CDK5,STXBP1
XPA,SRC,LYN,ITGA2
XPA,SRC,HRAS,LRBA
XPA,GTF2H5,TBP,BCL3
XPA,SRC,CD46
XPA,SRC,SPTAN1,ATP8B3
XPA,SRC,TRAF3,TNFRSF17
XPA,SRC,CDC42,CRIM1
XPA,SRC,GRB2,TBC1D3G
XPA,SRC,TGFA,NKD2
XPA,SRC,AKT1,CYTH1
XPA,SRC,CDC42,CRIM1
XPA,SRC,HRAS,LRBA,SLC6A19
XPA,PMS2,UBC,TBC1D15,LY9
XPA,SRC
XPA,PMS2,CTR9,SOX2,PRTG
XPA,SRC,ACTN1,PLEK
XPA,PCNA,PRDX3,ATP5F1B
XPA,SRC,TERT
XPA,BMPR1A,HAVCR2,TSPAN7,LHFPL5
XPA,PCNA,PRDX3,ATP5F1B
XPA,PMS2,PPP2CA,RDH8
XPA,PCNA,POLD3,MELTF
XPA,PRKDC,TINF2,ANXA4
XPA,PMS2,UBC,TBC1D15,TMC3
XPA,SRC,SNCA,DMTN
XPA,PRKDC,GSK3B,ACSBG1
XPA,SRC,AKT1,CYTH1
XPA,ATR,E2F1,RASGEF1B
XPA,PCNA,P4HB,HSPA13,HTR5A
XPA,SRC,CDC42,CRIM1
XPA,SRC,MAP1LC3B,TBC1D25,BTN1A1
XPA,SRC,CDH5,P2RX4
XPA,PCNA,P4HB,HSPA13
XPA,SRC,DLG4,FZD4
XPA,SRC,DLG4,FZD4
XPA,RPS27A,EEF1A1,TTLL12
XPA,SRC,HNRNPC,TPBG
XPA,PCNA,CDK5,STXBP1
XPA,PCNA,MYSM1,STING1
XPA,PMS2,NSF,PTPN9,CNTN3
XPA,PCNA,POLD3,MELTF
XPA,SRC,ITGB3,ITGA2B
XPA,PRKDC,GZMB,PRF1
XPA,SRC,ANLN,MYO1A
XPA,SRC,STAT1,AGAP3,HLA-DOA
XPA,RPS27A,NEDD4L,SLC22A11
XPA,PCNA,CDK5,STXBP1
XPA,SRC,GRM1
XPA,RPS27A,SLC38A1,SLC10A1
XPA,SRC,EDNRA
XPA,BMPR1A,CANX,CNR2
XPA,PCNA,MYSM1,STING1,CLEC5A
XPA,PCNA,P4HB,HSPA13,GHSR
XPA,SRC,CTNNB1,ZFP82,WNT3
XPA,PCNA,RHOF,DHRS7B,ADRA1A
XPA,PCNA,EZH2,CRY2,KLRK1,RAET1L
XPA,PMS2,PPP2CA,RDH8
XPA,SRC,ACTN1,PLEK
XPA,SRC,CDC42,CRIM1
XPA,RPS27A,UBQLN1,CD47
XPA,SRC,MAVS,TLR1
XPA,SRC,NRAS,PCDH18
XPA,SRC,AKT,GRIN2C
XPA,PCNA,CDK5,STXBP1
XPA,SRC,CDC42,CRIM1
XPA,PMS2,UBC,TBC1D15,RECK
XPA,GTF2H5,UNK,SPCS1,CNNM1
XPA,RPS27A,DKK3,WNT7A
XPA,BMPR1A,TSC22D1
XPA,SRC,SOS1,EPS8L1
XPA,SRC,STAT3,LRRC49,MC3R
XPA,SRC,ARRB2,GPR37
XPA,PCNA,HLTF,CERK
XPA,PMS2,PPP2CA,RDH8,ADK
XPA,SRC,CDC42,CRIM1
XPA,SRC,CFTR,CLCA1
XPA,PMS2,UBC,TBC1D15,GPR12
XPA,SRC,CSK
XPA,SRC,MAL
XPA,PCNA,RHOF,DHRS7B,DTNB
XPA,SRC,ERBB3,SELENOK
XPA,HMGB1,HTT,SLC25A12,JPH2
XPA,SRC,RACK1,KCNAB1
XPA,PMS2,PPP2CA,RDH8
XPA,PCNA,CDK5,STXBP1
XPA,SRC,MAPT,MAP1B
XPA,BMPR1A
XPA,BMPR1A,GNAI2,RGS13
XPA,SRC,NRAS,PCDH18
XPA,BMPR1A,MANSC1,SLC39A3
XPA,PMS2,XRCC3,HSPD1,PTPRN
XPA,PMS2,PPP2CA,RDH8
XPA,PMS2,PPP2CA,RDH8
XPA,RPS27A,EPN1,EHD2
XPA,SRC,RACK1,KCNAB1
XPA,SRC,ANLN,MYO1A
XPA,SRC,DGKA
XPA,SRC,CDC42,CRIM1
XPA,BMPR1A,GNAI2,RGS13
XPA,PCNA,P4HB,HSPA13
XPA,SRC,ITGB2
XPA,PMS2,PPP2CA,RDH8
XPA,SRC,GRB2,TBC1D3G
XPA,SRC,IKBKB,CD40
XPA,SRC,RARA,FABP5
XPA,PCNA,RFC4,CD58
XPA,RPA2,PPP4C
XPA,PMS2,PPP2CA,RDH8
XPA,RPS27A,AGO2,SLC7A9
XPA,BMPR1A,CANX,CNR2
XPA,SRC,MAPT
XPA,PCNA,P4HB,HSPA13
XPA,PCNA,KIAA1522,NCK1
XPA,PCNA,RHOF,DHRS7B,CACNG7
XPA,RPS27A,TGM5
XPA,SRC,AXL,TREML2
XPA,RPS27A,SLC11A2
XPA,BMPR1A,HAVCR2,TSPAN7
XPA,SRC,CDC42,CRIM1
XPA,SRC,TLR9,MYD88
XPA,SRC,VIL1
XPA,PCNA,CDK6,UBE2W,SLC4A4
XPA,SRC,HNRNPK,RBPMS2,AOC1
XPA,SRC,AFDN
XPA,SRC,GRB2,TBC1D3G
XPA,SRC,ENO1,HLA-DRB1
XPA,PCNA,KRAS,KPRP,RAB19
XPA,PCNA,SUMO1,VHL
XPA,PRKDC,TINF2,ANXA4
XPA,SRC,VCL,LIMD1
XPA,PMS2,NSF,PTPN9,GRK3
XPA,PMS2,PPP2CA,RDH8
XPA,SRC,CFTR,CLCA1
XPA,PCNA,CDK2,TTK,LRRC8B
XPA,GTF2H5,CDK7
XPA,BMPR1A,GNAI2,RGS13
XPA,SRC,LYN,ITGA2
XPA,ATR,BSG,SLC16A13
XPA,SRC,ERBB2,PTGER3
XPA,SRC,ABL1,WNK2
XPA,PCNA,P4HB,HSPA13,TRHR
XPA,BMPR1A,CANX,CNR2
XPA,SRC,PLCG1,EHD4
XPA,PMS2,PPP2CB,URI1,ABCB4
XPA,SRC,ATP1A1
XPA,SRC,GRIN2A
XPA,SRC,STX17,RAB25
XPA,SRC,FGFR1,FRS3
XPA,SRC,ERBB3,SELENOK
XPA,PCNA,SMARCAD1,ZNF669,SLC2A9
XPA,PCNA,UBB,IMPDH2,CYP2C8
XPA,SRC,LNX1,ROBO3
XPA,PCNA,IGF1R,ADAMTS4,ADAM21
XPA,SRC,MDM2
XPA,SRC,CDC42,CRIM1
XPA,PCNA,RPS20,METAP2
XPA,RPS27A,BTF3
XPA,SRC,MAPK3,ZBTB42
XPA,SRC,NRAS,PCDH18
XPA,SRC,PTPN6,LILRB4
XPA,SRC,CLTC,CCDC141,FXYD6
XPA,PRKDC,RAB5A,RAB3GAP2
XPA,PCNA,PRDX3,ATP5F1B,NEU1
XPA,PRKDC,GSK3B,ACSBG1
XPA,SRC,ABL1,WNK2
XPA,SRC,AKT1,CYTH1
XPA,SRC,CASP8,NLRC4
XPA,SRC,MAPK3,ZBTB42
XPA,SRC,GRB2,TBC1D3G
XPA,SRC,PTPN1,ASGR2
XPA,SRC,CTTN,EXOC8
XPA,SRC,IKBKB,CD40
XPA,PCNA,P4HB,HSPA13,C4BPA
XPA,SRC,PRKCI,FRS2
XPA,PRKDC,NR3C1,MSX2,UGT8
XPA,RPS27A,NOS1
XPA,PMS2,NSF,PTPN9,ABCA6,ABCA8
XPA,SRC,IFNGR1
XPA,PCNA,RELA,COMMD10,MUC2
XPA,SRC,ITGAL,ICAM3
XPA,RPS27A,UBQLN1,CD47
XPA,PCNA,DHX15,SF3B5,SLC17A7
XPA,PMS2,UBC,TBC1D15,PLSCR5
XPA,SRC,YAP1,LAPTM5
XPA,SRC,YAP1,LAPTM5
XPA,PRKDC,LARP7,EPB42
XPA,SRC,TRAF6
XPA,PCNA,RHOF,DHRS7B,PCDHB16
XPA,SRC,USP8,CHMP3
XPA,ATR,BSG
XPA,SRC,CDC42,CRIM1
XPA,PMS2,UBC,TBC1D15,ABCA2
XPA,SRC,GRB2,TBC1D3G
XPA,PRKDC,TMPRSS2
XPA,SRC,ABL1,WNK2
XPA,SRC,HRAS,LRBA
XPA,SRC,JAK2,MUC5B
XPA,SRC,CFTR,CLCA1
XPA,PCNA,PRDX3,ATP5F1B
XPA,PRKDC,RAB5A,RAB3GAP2
XPA,SRC,HRAS,LRBA
XPA,SRC,GRB2,TBC1D3G
XPA,SRC,C1QL4,IFNLR1
XPA,SRC,SIRT2
XPA,PCNA,P4HB,HSPA13,GCA
XPA,SRC,ARRB1,PTAFR
XPA,SRC,AKT,GRIN2C
XPA,SRC,DLG4,FZD4
XPA,SRC,GRB2,TBC1D3G
XPA,SRC,RAF1,PACSIN3
XPA,SRC,ACTN1
XPA,SRC,RACK1,KCNAB1
XPA,PRKDC,IRF3,PPIP5K1
XPA,SRC,AKT,GRIN2C
XPA,SRC,GAK,RAB29
XPA,SRC,AKT1,CYTH1
XPA,SRC,SH3GL1,DRD3
XPA,SRC,TGFBR2,RELT
XPA,SRC,GRB2,TBC1D3G
XPA,PMS2,UBC,TBC1D15,RAB40C
XPA,PCNA,EP300,GATA4,CDAN1
XPA,HMGB1,PDIA3,CD1B
XPA,SRC,ITGB2,ITGAM
XPA,PCNA,RHOF,DHRS7B,KCNN2
XPA,SRC,ARRB1,PTAFR
XPA,RPS27A,EEF1A1,TTLL12
XPA,PMS2,UBC,TBC1D15,PCDHB1
XPA,RPS27A,AMFR,OR4N2
XPA,SRC,CFTR,CLCA1
XPA,SRC,MUC1,AQP2
XPA,SRC,ZP2
XPA,PCNA,SUMO1,VHL
XPA,SRC,CDC42,CRIM1
XPA,SRC,CDC42,CRIM1
XPA,RPS27A,STAMBP
XPA,SRC,AKT,GRIN2C
XPA,PCNA,RELA,COMMD10,CD1E
XPA,PMS2,PPP2CA,RDH8
XPA,SRC,SHANK3,MEGF10
XPA,PCNA,KRAS,KPRP,STS
XPA,PMS2,PPP2CA,RDH8
XPA,RPS27A,PRKCA,AKAP5
XPA,SRC,KIT,KITLG
XPA,SRC,TGFBR2,RELT
XPA,PCNA,SUMO1,VHL
XPA,PRKDC,RAB5A,RAB3GAP2
XPA,PCNA,ZBTB1,MUCL1
XPA,SRC,AKT,GRIN2C
XPA,SRC,ESR1,SPECC1,CRHR2
XPA,SRC,FLOT1
XPA,SRC,CDC42,CRIM1
XPA,SRC,HRAS,LRBA
XPA,SRC,TRAF6,TNFRSF13B
XPA,PCNA,P4HB,HSPA13,MC2R
XPA,SRC,PGR
XPA,HMGB1,IFITM3,ELOVL2,TSPO2
XPA,SRC,MAPK3,ZBTB42
XPA,PMS2,PPP2CA,RDH8
XPA,SRC,GRK2
XPA,SRC,MAPT,MAP1B
XPA,SRC,TMPRSS11E
XPA,PRKDC,FKBP5,PI4KA
XPA,SRC,ABI1,VARS2,AMACR
XPA,SRC,CDC42,CRIM1
XPA,SRC,JAK2,MUC5B
XPA,PMS2,PPP2CA,RDH8
XPA,SRC,ENO1,HLA-DRB1
XPA,RPS27A,CCDC124
XPA,SRC,CDC42,CRIM1
XPA,SRC,SH3KBP1
XPA,SRC,MCM7,TRIM16
XPA,SRC,PTPN6,LILRB4
XPA,PCNA,KRAS,KPRP,SLC8A1
XPA,SRC,MAVS,TLR1
XPA,SRC,CDH1,AJUBA
XPA,SRC,LNX1,ROBO3
XPA,SRC,LNX1,ROBO3
XPA,PCNA,EP300,GATA4,SLC3A1
XPA,PCNA,UHRF1,PRKAR1A,FPGT,NLN
XPA,SRC,TGFBR2
XPA,PMS2,EXO1,KLC3,CLCN2
XPA,SRC,ARRB2,GPR37,LRP12,NMRK2
XPA,PCNA,CDKN1A,S100A8,SLC15A4
XPA,PCNA,YBX1,RBMXL2,NAA38,NAA35
XPA,PCNA,RHOF,DHRS7B,GABBR2
XPA,PMS2,PPP2CB,URI1,BTN3A1
XPA,PMS2,PPP2CA,RDH8
XPA,PCNA,P4HB,HSPA13
XPA,SRC,PXN
XPA,PMS2,PPP2CA,RDH8
XPA,PRKDC,TRA2B,PCDHB14
XPA,PRKDC,GSK3B,ACSBG1
XPA,PCNA,P4HB,HSPA13
XPA,SRC,ANLN,MYO1A
XPA,PCNA,WWOX,CATSPERE,DUOX2
XPA,SRC,MAVS,TLR1
XPA,SRC,EPHA2,CAMK1G
XPA,SRC,HSPA5,VIT,SLC39A8
XPA,SRC,PROM1
XPA,PRKDC,TP53,ZNF763,FCMR
XPA,RPS27A,AGO2,SLC7A9
XPA,SRC,AKT1,CYTH1
XPA,PCNA,CDK2,TTK,HTR3E
XPA,BMPR1A,CANX,CNR2
XPA,PRKDC,RAB5A,RAB3GAP2
XPA,SRC,NRAS,PCDH18
XPA,PCNA,EZH2,CRY2,SLC6A13
XPA,MSH2,TRIP13,PLK3,NCR1
XPA,PCNA,PRDX3,ATP5F1B,MIGA1
XPA,BMPR1A,CANX,CNR2
XPA,SRC,CCDC8
XPA,SRC,GLRB,GPHN
XPA,PMS2,XRCC3,HSPD1,HPR,CD40LG
XPA,PCNA,P4HB,HSPA13
XPA,PCNA,RHOF,DHRS7B,CD300LB,TYROBP,TREM1
XPA,PCNA,USP4,PRPF3,ZGPAT
XPA,SRC,CTSV,VNN2
XPA,PCNA,RPS20,METAP2
XPA,SRC,CDC42,CRIM1
XPA,ERCC2,CLUH,KNSTRN
XPA,SRC,EPHA2,CAMK1G
XPA,PCNA,P4HB,HSPA13,GPR52
XPA,SRC,MICAL1
XPA,SRC,CDC42,CRIM1,CAPRIN2
XPA,SRC,CDH1,AJUBA
XPA,SRC,CAV1
XPA,PCNA,P4HB,HSPA13,CCR6
XPA,SRC,TGFBR2,RELT
XPA,SRC,TRIP6
XPA,SRC,ITGB3,ITGA2B
XPA,PCNA,WWOX,CATSPERE,TNFRSF11B
XPA,RPS27A,PRKCA,AKAP5
XPA,SRC,AKT1,CYTH1
XPA,PCNA,RPS20,METAP2
XPA,PCNA,RHOF,DHRS7B,KIRREL3
XPA,HMGB1,PDIA3,CD1B,MANBA
XPA,SRC,AKT1,CYTH1
XPA,SRC,BDKRB2
XPA,RPS27A,IMP3
XPA,PRKDC,LAMC3,TF
XPA,SRC,RACK1,KCNAB1
XPA,MSH2,NTRK1,PLXNA4
XPA,SRC,NCSTN
XPA,PCNA,RHOF,DHRS7B,HFE
XPA,GTF2H5,H2AZ1,MYH15,KCNIP2
XPA,PRKDC,TINF2,ANXA4
XPA,PCNA,KRAS,KPRP,MARCKSL1
XPA,SRC,TRAF6,TNFRSF13B
XPA,SRC,GRB2,TBC1D3G
XPA,RPS27A,INPP5K
XPA,PCNA,RELA,COMMD10,IL6R
XPA,SRC,EPHA2,CAMK1G
XPA,SRC,MAVS,TLR1
XPA,SRC,EGFR,STIL,SLC16A2
XPA,RPS27A,OPTN,KHNYN,NTRK3
XPA,SRC,CDC42,CRIM1
XPA,SRC,PRSS8,SPINT2
XPA,PMS2,PPP2CA,RDH8
XPA,MSH2,NTRK1,PLXNA4
XPA,SRC,ENO1
XPA,SRC,PTPN6,LILRB4
XPA,RPS27A,INSR
XPA,RPS27A,EEF1A1,TTLL12
XPA,SRC,DOCK3
XPA,SRC,RXRA,ALOX15B
XPA,PCNA,RPS20,METAP2
XPA,PCNA,APEX1,HNRNPL,MMP16
XPA,PRKDC,RNF144A
XPA,PRKDC,GSK3B,ACSBG1
XPA,SRC,PLCG1,EHD4
XPA,SRC,MAPK3,ZBTB42
XPA,PMS2,PPP2CA,RDH8
XPA,SRC,HSP90AA1,KCND3
XPA,PCNA,ZRANB3,ISLR,GPC3
XPA,PMS2,XRCC3,HSPD1
XPA,PCNA,RHOF,DHRS7B,RGS10
XPA,ATR,BSG,SLC16A13
XPA,SRC,DLG4,FZD4
XPA,RPS27A,NEDD4L,SLC22A11
XPA,SRC,JUP,TSHZ2,CDSN
XPA,MLH1,PPP3CB
XPA,SRC,AKT1,CYTH1
XPA,SRC,GAB1,PTK6,ARAP1
XPA,MSH3,SUMO2,SERPINB6
XPA,PRKDC,PHLPP1
XPA,SRC,JAK2
XPA,SRC,PGR,KLF9
XPA,RPS27A,RPS3
XPA,SRC,CSF1R
XPA,PCNA,EP300,GATA4,TNFSF11
XPA,SRC,ENO1,HLA-DRB1,SLC31A2
XPA,PMS2,PPP2CA,RDH8
XPA,SRC,MUC1,AQP2
XPA,SRC,CFTR,CLCA1
XPA,PMS2,PPP2CB,URI1,P2RY11
XPA,SRC,ARRB1,PTAFR,BTBD17
XPA,PCNA,EP300,GATA4,PLAUR
XPA,SRC,ARRB1,PTAFR
XPA,RPS27A,NEDD4L,SLC22A11
XPA,PCNA,HLTF,CERK
XPA,SRC,STAT5B,GHR
XPA,SRC,TRPC6
XPA,SRC,GAK,RAB29
XPA,SRC,AKT,GRIN2C
XPA,RPS27A,EXOSC10,DXO
XPA,PRKDC,RAB5A,RAB3GAP2
XPA,PMS2,PPP2CA,RDH8
XPA,PCNA,KPNA1,TPX2,CLCN3,CNGA4
XPA,PCNA,RNASEH2A,ICAM5
XPA,SRC,AKT,GRIN2C
XPA,SRC,PKP3
XPA,SRC,MAPT,MAP1B
XPA,PMS2,XRCC3,HSPD1
XPA,SRC,GRB2,TBC1D3G
XPA,PMS2,PPP2CA,RDH8,PNPLA2
XPA,PCNA,SUMO1,VHL
XPA,SRC,PTPN6,LILRB4
XPA,PRKDC,GSK3B,ACSBG1
XPA,SRC,BAIAP2L1
XPA,PRKDC,RAB5A,RAB3GAP2
XPA,SRC,LNX1,ROBO3
XPA,SRC,CHRNA7
XPA,SRC,CDC42,CRIM1
XPA,RPS27A,EPN1
XPA,PRKDC,ILK
XPA,SRC,ANLN,MYO1A
XPA,BMPR1A,CANX,CNR2
XPA,SRC,EPHA2,CAMK1G
XPA,SRC,KCNB1,CACNA1C
XPA,MSH2,NTRK1
XPA,SRC,PTPN6,LILRB4
XPA,SRC,EGFR,STIL,LY86,CD180
XPA,SRC,AKT1,CYTH1
XPA,PCNA,UBE2I,CAMK2D,INPP5J
XPA,SRC,CDC42,CRIM1
XPA,PCNA,RPS20,METAP2
XPA,PCNA,RHOF,DHRS7B,ASIC2
XPA,SRC,SOS1
XPA,SRC,F2RL1
XPA,SRC,PXN,PARVA,HAUS7
XPA,PCNA,SUMO1,VHL
XPA,SRC,CDC42,CRIM1
XPA,RPA2,CALCOCO2,CD55
XPA,SRC,CLTC
XPA,RPS27A,NEDD4L,SLC22A11
XPA,SRC,RAB11A,LNPEP
XPA,PCNA,HOOK3,DCTN1,KCNF1
XPA,PCNA,EP300,GATA4,GCG
XPA,PMS2,UBC,TBC1D15,HHIP
XPA,SRC,PTPRC
XPA,SRC,LNX1,ROBO3
XPA,RPA2,RIF1
XPA,PCNA,RNASEH2A,ICAM5
XPA,PCNA,CALR,TMX3
XPA,PMS2,PPP2CA,RDH8
XPA,SRC,AKT,GRIN2C
XPA,SRC,KIF14,RASL12
XPA,RPA2,CALCOCO2,CD55
XPA,SRC,PTPN6,LILRB4
XPA,PMS2,UBC,TBC1D15,SLC7A14
XPA,RPS27A,ERN1,PCDHGB5
XPA,SRC,LNX1,ROBO3
XPA,PCNA,RNASEH2A,ICAM5
XPA,SRC,ARRB1,PTAFR
XPA,PRKDC,MERTK
XPA,PMS2,XRCC3,HSPD1
XPA,PRKDC,GSK3B,ACSBG1
XPA,PCNA,POLD1,DDX20,PCDHB15
XPA,PCNA,RHOF,DHRS7B,DUOX1,DUOXA1
XPA,RPS27A,UBQLN1,CD47
XPA,PMS2,NSF,PTPN9,RAB3B
XPA,RPS27A,ANKRD13A
XPA,PCNA,P4HB,HSPA13
XPA,SRC,LYN,ITGA2
XPA,SRC,AKT1,CYTH1
XPA,RPS27A,UBQLN1,CD47
XPA,SRC,HRAS,LRBA
XPA,SRC,HRAS,LRBA
XPA,SRC,CYSTM1,GLP1R
XPA,PMS2,UBC,TBC1D15,CDH15
XPA,SRC,RASA1
XPA,PMS2,NSF,PTPN9,RASGRP2
XPA,BMPR1A,ACVR2A
XPA,PMS2,PPP2CA,RDH8,TRARG1
XPA,PMS2,PPP2CA,RDH8
XPA,SRC,RAF1,PACSIN3
XPA,SRC,KIF14,RASL12
XPA,SRC,CFTR,CLCA1
XPA,ERCC4,FANCG
XPA,SRC,RAF1,PACSIN3
XPA,SRC,CRMP1,CACNA1A
XPA,SRC,PRKCI,FRS2
XPA,PRKDC,JAK3,IL7R
XPA,SRC,CDC42,CRIM1
XPA,SRC,MAPT,MAP1B
XPA,RPS27A,UBQLN1,CD47,CDHR3
XPA,SRC,VAMP7,LAMP1
XPA,SRC,LNX1,ROBO3
XPA,SRC,DLG4,FZD4
XPA,SRC,CTTN,EXOC8
XPA,SRC,CTTN,EXOC8
XPA,SRC,MUC1,AQP2
XPA,PMS2,PPP2CA,RDH8
XPA,PCNA,KRAS,KPRP,ERVMER34-1
XPA,PCNA,P4HB,HSPA13
XPA,SRC,CDC42,CRIM1
XPA,SRC,DLG4,FZD4
XPA,SRC,PIK3R1
XPA,SRC,GRIN2B,LIN7A
XPA,PCNA,RHOF,DHRS7B,SCN1B
XPA,SRC,CDC42,CRIM1
XPA,RPS27A,ZAP70
XPA,PRKDC,NR3C1,MSX2,HYAL3
XPA,PCNA,HOOK3,DCTN1,CTSF
XPA,SRC,HRAS,LRBA
XPA,SRC,CDC42,CRIM1
XPA,MSH2,CDC5L,PNN
XPA,RPS27A,PRKCA,AKAP5
XPA,PCNA,IGF1R
XPA,SRC,NEDD4
XPA,PCNA,EP300,GATA4,RASGEF1A
XPA,PMS2,UBC,TBC1D15,CELSR3
XPA,SRC,AKT1,CYTH1
XPA,PCNA,POLD1,DDX20,CLNS1A
XPA,PCNA,SUMO1,VHL
XPA,RPS27A,NEDD4L,SLC22A11,SLC12A4
XPA,SRC,TRIM7,LYPD6B
XPA,SRC,PXN,PARVA
XPA,PCNA,KRAS,KPRP,CBLIF,CUBN
XPA,PCNA,ZBTB1,MUCL1
XPA,SRC,GRB2,TBC1D3G
XPA,SRC,CDC42,CRIM1
XPA,PCNA,SUMO1,VHL
XPA,RPS27A,PRKCA,AKAP5
XPA,PMS2,UBC,TBC1D15,TMEM106A
XPA,SRC,AKT1,CYTH1,PLB1
XPA,SRC,PDPK1
XPA,PMS2,NSF,PTPN9,TMEM87A
XPA,RPS27A,CARD11
XPA,PCNA,CALR,TMX3
XPA,PCNA,P4HB,HSPA13
XPA,RPA2,CALCOCO2,CD55
XPA,RPS27A,NBEAL2
XPA,SRC,SNCA,DMTN
XPA,PCNA,SUMO1,VHL
XPA,PMS2,PPP2CB,URI1,CMYA5
XPA,PCNA,PIDD1,HSD17B14,SLC16A5
XPA,SRC,TGFBR2,RELT
XPA,PCNA,PPP1CC,TNS1,PTP4A3
XPA,SRC,TYRO3
XPA,SRC,HNRNPC,TPBG
XPA,PMS2,PPP2CB,URI1,TRPM7
XPA,SRC,AKT,GRIN2C
XPA,SRC,IL10RB
XPA,SRC,CASP8,NLRC4
XPA,PCNA,P4HB,HSPA13,NPY2R
XPA,SRC,CDH1,AJUBA
XPA,PCNA,P4HB,HSPA13
XPA,BMPR1A,ACVR2A,PCDHAC1
XPA,PCNA,RHOF,DHRS7B,SLC1A5
XPA,RPS27A,PRKCB
XPA,PRKDC,CHMP4B
XPA,SRC,CDC42,CRIM1
XPA,SRC,RAB11A,LNPEP
XPA,PCNA,PRDX3,ATP5F1B
XPA,PCNA,POLL,FAM9B,SYT17
XPA,SRC,ATG9A,SLC44A5
XPA,PCNA,EZH2,CRY2,SMPD3
XPA,PCNA,P4HB,HSPA13,MRGPRD
XPA,SRC,CDC42,CRIM1
XPA,SRC,VCL,LIMD1
XPA,SRC,TGFBR2,RELT
XPA,SRC,GRB2,TBC1D3G
XPA,PCNA,RPS20,METAP2
XPA,SRC,CDC42
XPA,PMS2,PPP2CA,RDH8
XPA,SRC,ABL1,WNK2
XPA,SRC,HRAS,LRBA
XPA,PCNA,KPNA1,TPX2,UNC80
XPA,SRC,TRAF3,TNFRSF17
XPA,SRC,CDH1,AJUBA
XPA,PMS2,PPP2CA,RDH8
XPA,SRC,JAK2,MUC5B
XPA,SRC,ABL1,WNK2
XPA,PCNA,CDKN1C,LIMK1,RXFP2
XPA,SRC,AKT1,CYTH1
XPA,RPS27A,UBQLN1,CD47
XPA,SRC,CDH1,AJUBA
XPA,PRKDC,MYC,CDR2,KIR2DL4
XPA,SRC,ENO1,HLA-DRB1
XPA,PRKDC,LARP7,EPB42
XPA,PCNA,CDK4,KLHL32,MGLL
XPA,SRC,EPHA2,CAMK1G
XPA,SRC,MAPT,MAP1B
XPA,PMS2,NSF,PTPN9,TBC1D30
XPA,PRKDC,KLK3
XPA,PRKDC,TINF2,ANXA4
XPA,PCNA,ZBTB1,MUCL1
XPA,PCNA,KRAS,KPRP,SYTL3
XPA,PCNA,POLD3,MELTF
XPA,PCNA,NEDD8,UBA3,PRSS41
XPA,PCNA,YWHAQ,BAD,NSMF
XPA,SRC,DLG4,FZD4
XPA,PRKDC,LARP7,EPB42
XPA,PMS2,UBC,TBC1D15,CFAP95
XPA,PCNA,RHOF,DHRS7B,RAB17
XPA,BMPR1A,DNAJC11,PM20D2,ADGRG6
XPA,ATR,BSG,SLC16A13
XPA,SRC,GRB2,TBC1D3G
XPA,PMS2,PPP2CB,URI1,VSTM4
XPA,PCNA,EZH2,CRY2,KLRK1,RAET1L
XPA,PRKDC,FASN,SLC34A3
XPA,PCNA,CDK5,STXBP1
XPA,SRC,GRB2,TBC1D3G
XPA,SRC,SOS1,EPS8L1
XPA,SRC,ANXA2
XPA,SRC,RAF1,PACSIN3
XPA,PCNA,P4HB,HSPA13
XPA,SRC,LNX1,ROBO3
XPA,RPS27A,RNF5
XPA,PCNA,RHOF,DHRS7B,JAML
XPA,PCNA,NEDD8,UBA3,SEMA4F
XPA,PRKDC,PLEKHA4
XPA,SRC,LYN,ITGA2
XPA,RPS27A,AGO2,SLC7A9
XPA,SRC,CTTN,EXOC8
XPA,SRC,GAK,RAB29
XPA,PCNA,KRAS,KPRP,CNGA3,CNGB3
XPA,PRKDC,FASN,SLC34A3
XPA,BMPR1A,GDF5
XPA,SRC,RAB11A,LNPEP
XPA,SRC,CDC42,CRIM1
XPA,SRC,MAVS,TLR1
XPA,PCNA,RELA,COMMD10,KIR2DL3
XPA,PCNA,USP4
XPA,PRKDC,GSK3B,ACSBG1
XPA,SRC,CASP8,NLRC4
XPA,SRC,ARRB2,GPR37
XPA,SRC,RPS6KA3,HTR2A
XPA,SRC,GTF2I,PRKG1
XPA,SRC,RAB11A,LNPEP
XPA,SRC,C1QL4,IFNLR1,SLC47A1
XPA,SRC,BCCIP,FTO
XPA,SRC,NRAS,PCDH18
XPA,SRC,PIK3R1,MYO16
XPA,SRC,ABL1,WNK2
XPA,SRC,EPHA2,CAMK1G
XPA,SRC,PRKCI,FRS2
XPA,SRC,HRAS,LRBA
XPA,SRC,SNCA,DMTN
XPA,SRC,CDC42,CRIM1
XPA,PCNA,YBX1,RBMXL2,ARHGEF39
XPA,SRC,CDH5
XPA,SRC,DLG4,FZD4
XPA,PRKDC,FASN,SLC34A3
XPA,SRC,LNX1,ROBO3
XPA,PMS2,PPP2CA,RDH8
XPA,SRC,FGFR1,FRS3
XPA,HMGB1,HTT,SLC25A12,QRFPR
XPA,PMS2,PPP2CA,RDH8
XPA,SRC,FGFR1,FRS3
XPA,SRC,ABL1,WNK2
XPA,PCNA,P4HB,HSPA13,NMUR2
XPA,BMPR1A,GNAI2,RGS13
XPA,PMS2,XRCC3,HSPD1
XPA,SRC,ABL1,WNK2
XPA,PCNA,SHPRH,BCL11B,ADGRB3
XPA,PCNA,EZH2,CRY2,CDHR4
XPA,ATR,NCR3LG1,CD200R1
XPA,RPS27A,PRKCE,GAD2
XPA,PCNA,RHOF,DHRS7B,SLC16A14
XPA,PCNA,PRDX3,ATP5F1B
XPA,SRC,CBLC
XPA,PCNA,CDK5,STXBP1
XPA,SRC,CDC42,CRIM1
XPA,SRC,AP2B1
XPA,SRC,CTSV,VNN2
XPA,PCNA,P4HB,HSPA13
XPA,PCNA,KRAS,KPRP,S1PR4
XPA,SRC,JAK2,MUC5B
XPA,SRC,PECAM1,TMC6
XPA,RPS27A,SMURF2
XPA,SRC,XK
XPA,PMS2,PPP2CA,RDH8
XPA,SRC,HRAS,LRBA
XPA,MSH2,NTRK1,PLXNA4
XPA,RPS27A,ABCG2
XPA,SRC,PRKCD
XPA,SRC,KIF14,RASL12
XPA,SRC,VCL
XPA,PRKDC,PREX1
XPA,SRC,CTTN,EXOC8
XPA,PCNA,P4HB,HSPA13,SSTR4
XPA,SRC,CTNNB1
XPA,RPS27A,SLC38A1,SLC10A1
XPA,RPS27A,EWSR1
XPA,PCNA,P4HB,HSPA13,GPR88
XPA,SRC,CDC42,CRIM1
XPA,SRC,CDC42,CRIM1
XPA,SRC,NOXA1,NOXO1
XPA,SRC,CYP4F2,SLC2A13
XPA,SRC,GRB2,TBC1D3G
XPA,SRC,CYP2S1,TPRA1
XPA,PRKDC,RAB5A,RAB3GAP2,WNT7B
XPA,ERCC2,STIP1,CLCN1
XPA,PCNA,ARHGDIA,HSD17B10
XPA,PRKDC,AKT2
XPA,SRC,GRIN2A,ABCB9,PCDHA3
XPA,SRC,PXN,PARVA
XPA,SRC,AKT,GRIN2C,CYBRD1
XPA,SRC,CDC42,CRIM1
XPA,SRC,CDC42,CRIM1
XPA,PRKDC,TINF2,ANXA4
XPA,SRC,PDPK1,TGFBR3
XPA,HMGB1,PRNP,TTR,SV2C
XPA,SRC,HRAS,LRBA
XPA,PCNA,P4HB,HSPA13,OR1M1
XPA,SRC,PALLD
XPA,MSH2,CHEK2,KLRB1
XPA,SRC,FZR1,RGS11
XPA,SRC,HRAS,LRBA
XPA,RPS27A,AGO2,SLC7A9
XPA,SRC,KCNJ1
XPA,SRC,DNM1,LYPD6
XPA,PCNA,UBE2I,CAMK2D,ANGPT1
XPA,SRC,KIT,KITLG
XPA,PRKDC,PIM1
XPA,SRC,TGFBR2,RELT
XPA,SRC,RAB11A,LNPEP
XPA,PCNA,PRDX3,ATP5F1B,MMP15
XPA,SRC,RAF1,PACSIN3
XPA,SRC,ACTB
XPA,SRC,PRKD1
XPA,SRC,LYN,ITGA2
XPA,PRKDC,LARP7,EPB42
XPA,SRC,FZR1,RGS11
XPA,PCNA,H3C12,TAF6L,LAG3
XPA,SRC,SHANK3,MEGF10
XPA,SRC,ABL1,WNK2
XPA,PCNA,KRAS,KPRP,PRLHR
XPA,SRC,AKT1,CYTH1
XPA,SRC,ARRB1,PTAFR
XPA,BMPR1A,RGMB
XPA,PMS2,PPP2CA,RDH8
XPA,SRC,CTTN,EXOC8
XPA,SRC,GAB1,PTK6
XPA,PCNA,P4HB,HSPA13,HTR4
XPA,PCNA,RHOF,DHRS7B,MIGA2
XPA,SRC,AKT,GRIN2C
XPA,SRC,LRP1,MAPK8IP1
XPA,PCNA,KRAS,KPRP,CDHR2
XPA,PCNA,RHOF,DHRS7B,IQCJ-SCHIP1
XPA,PCNA,KRAS,KPRP,DRD5
XPA,PRKDC,RAB5A,RAB3GAP2
XPA,SRC,HRAS,LRBA
XPA,SRC,AXL,TREML2
XPA,PCNA,CDKN1A,S100A8
XPA,BMPR1A,CANX,CNR2,TP53I13
XPA,SRC,RET
XPA,SRC,CASP8,NLRC4
XPA,PMS2,CTR9,SOX2,ATAD3B
XPA,SRC,SPTAN1,ATP8B3
XPA,SRC,CDC42,CRIM1
XPA,SRC,ESR1,SPECC1,TPSG1
XPA,RPA2,CALCOCO2,CD55
XPA,SRC,ITGB3
XPA,SRC,PLCG1,EHD4
XPA,PCNA,HLTF,CERK
XPA,SRC,PRICKLE3,HIC2
XPA,ATR,TOPBP1
XPA,RPS27A,AMFR,OR4N2,CCR8
XPA,PCNA,P4HB,HSPA13
XPA,PCNA,RPS20,METAP2
XPA,SRC,JAK2,MUC5B
XPA,SRC,AKT1,CYTH1
XPA,SRC,RACK1,KCNAB1
XPA,PCNA,RELA,COMMD10,ABCC4
XPA,BMPR1A,MANSC1,SLC39A3
XPA,SRC,HRAS,LRBA
XPA,PCNA,KRAS,KPRP,ADIPOR2
XPA,SRC,CTTN,EXOC8
XPA,SRC,DNM1,LYPD6
XPA,SRC,VCL,LIMD1
XPA,PMS2,PPP2CA,RDH8
XPA,BMPR1A,ACVR2B
XPA,RPA2,NUMA1
XPA,MLH1,CBY2,DZIP1L,LRRN4
XPA,PCNA,RELA,COMMD10,TRPC5
XPA,SRC,LNX1,ROBO3
XPA,SRC,ESR1,SPECC1,GPBAR1
XPA,SRC,CASP8,NLRC4
XPA,SRC,AKT,GRIN2C
XPA,SRC,RXRA,ALOX15B
XPA,PMS2,UBC,TBC1D15,SLC24A3
XPA,SRC,GAB1,PTK6
XPA,PMS2,PPP2CA,RDH8,CA14
XPA,PMS2,UBC,TBC1D15,ECEL1
XPA,PCNA,RHOF,DHRS7B,AVPR1A
XPA,SRC,FYTTD1,GNAZ
XPA,SRC,F2RL1,TMED2,ADGRE2
XPA,PCNA,CDK5,STXBP1
XPA,PCNA,UBE2I,CAMK2D,SLC34A1
XPA,SRC,STAT3,LRRC49,PDCD1
XPA,SRC,RAB11A,LNPEP
XPA,SRC,ARRB1
XPA,PCNA,RHOF,DHRS7B,PSKH1
XPA,SRC,MAVS,TLR1
XPA,SRC,NRAS,PCDH18
XPA,SRC,AKT,GRIN2C
XPA,SRC,CSNK2A3,F8
XPA,ATR,NCR3LG1,CD200R1
XPA,SRC,FGFR1,FRS3
XPA,PCNA,KIAA1522,NCK1,NFASC
XPA,SRC,ERBB2,PTGER3
XPA,SRC,PRKCI,FRS2
XPA,SRC,NRAS,PCDH18
XPA,SRC,ARRB1,PTAFR
XPA,SRC,FZR1,RGS11
XPA,PMS2,PPP2CB,URI1,CRB1
XPA,SRC,CTTN,EXOC8
XPA,SRC,SHANK3,MEGF10
XPA,SRC,PTPN1,ASGR2
XPA,PCNA,UBE2I,CAMK2D,PLA2G4E
XPA,PCNA,KRAS,KPRP,KCNJ10
XPA,SRC,CLTC,CCDC141,ATP4B
XPA,SRC,PTK2
XPA,RPS27A
XPA,BMPR1A,CANX,CNR2
XPA,RPS27A,EEF1A1,TTLL12
XPA,BMPR1A,CANX,CNR2
XPA,SRC,PDPK1,TGFBR3,GP2
XPA,SRC,FZR1,RGS11
XPA,SRC,PTPN6,LILRB4
XPA,SRC,GAK,RAB29
XPA,SRC,GRIN2B,LIN7A
XPA,SRC,CDC42,CRIM1
XPA,SRC,HRAS,LRBA
XPA,SRC,GRB2,TBC1D3G
XPA,PRKDC,FASN,SLC34A3
XPA,PMS2,PPP2CA,RDH8,AMBP
XPA,SRC,PLCG1
XPA,PCNA,HOOK3,DCTN1,SLC23A1
XPA,SRC,PTK2,EPS8L2
XPA,SRC,ENO1,HLA-DRB1,REEP2
XPA,SRC,WAS,GAS7
XPA,SRC,CASP8,NLRC4
XPA,SRC,CDC42,CRIM1
XPA,RPS27A,ING2
XPA,PCNA,YBX1,RBMXL2,SLC16A9
XPA,SRC,CDC42,CRIM1
XPA,PRKDC,RAB5A,RAB3GAP2
XPA,RPS27A,BAP1
XPA,RPS27A,TOM1
XPA,BMPR1A,IGLL5,SEMA4G
XPA,BMPR1A,MANSC1,SLC39A3,MCOLN3
XPA,SRC,HSP90AA1,KCND3
XPA,MSH2,PRKCZ
XPA,RPA2,CALCOCO2,CD55
XPA,PRKDC,LARP7,EPB42
XPA,BMPR1A,GNAI2,RGS13
XPA,SRC,IKBKB,CD40
XPA,SRC,USP8,CHMP3
XPA,SRC,PDPK1,TGFBR3
XPA,SRC,CTTN,EXOC8
XPA,PCNA,ZBTB1,MUCL1
XPA,SRC,RRAS
XPA,SRC,LYN,ITGA2
XPA,SRC,HSP90AA1,KCND3
XPA,SRC,EPHA2
XPA,PCNA,H3C12,TAF6L,SPAM1
XPA,PCNA,RHOF,DHRS7B,DUOX1
XPA,PMS2,PPP2CA,RDH8
XPA,SRC,TRAF6,TNFRSF13B
XPA,PCNA,KIAA1522,NCK1
XPA,PCNA,CDK5,STXBP1
XPA,SRC,LRRC37A2,NCS1
XPA,RPS27A,RPL36AL
XPA,SRC,RGS16
XPA,SRC,STAT5B,GHR
XPA,PRKDC,CUL1
XPA,SRC,KDR,PLXND1
XPA,PCNA,RNASEH2A,ICAM5
XPA,PCNA,UBE2I,CAMK2D,SLC16A7
XPA,SRC,PRSS8
XPA,SRC,GJA1,PCDH19,GABRA4
XPA,SRC,DLG4,FZD4
XPA,PRKDC,GSK3B,ACSBG1
XPA,PCNA,RPS20,METAP2
XPA,BMPR1A,CNOT2
XPA,PMS2,NSF,PTPN9,RAB22A
XPA,SRC,HSP90AA1
XPA,SRC,STX7
XPA,PCNA,P4HB,HSPA13
XPA,SRC,RARA,FABP5
XPA,SRC,MYLK
XPA,SRC,NRAS,PCDH18
XPA,SRC,HRAS,LRBA
XPA,SRC,PLCG1,EHD4
XPA,MSH2,HLA-DPB1,HLA-DPA1
XPA,SRC,AKT1,CYTH1
XPA,PCNA,P4HB,HSPA13
XPA,PMS2,UBC,TBC1D15,SLC13A5
XPA,SRC,GRB2,TBC1D3G
XPA,BMPR1A,LITAF
XPA,SRC,MAPK3,ZBTB42
XPA,SRC,PIK3R3,PCDHB5
XPA,SRC,CDC42,CRIM1
XPA,SRC,LNX1,ROBO3
XPA,SRC,CDC42,CRIM1
XPA,SRC,MAVS,TLR1
XPA,SRC,PRKCI,FRS2
XPA,PMS2,PPP2CA,RDH8
XPA,SRC,TMPRSS11E,SERPINA12
XPA,SRC,TRAF6,TNFRSF13B
XPA,PCNA,ARHGDIA,HSD17B10
XPA,RPS27A,TAB3
XPA,BMPR1A,ATP2A2
XPA,SRC,TRAF3,TNFRSF17,TNFSF14
XPA,SRC,PLCG1,EHD4
XPA,SRC,CDC42,CRIM1
XPA,PCNA,KRAS,KPRP,GPR35
XPA,SRC,ANLN,MYO1A
XPA,PRKDC,PPP6R3
XPA,PCNA,IGF1R,ADAMTS4,RGS17
XPA,BMPR1A,CANX,CNR2,GPR18
XPA,SRC,FLNA,PHLDB2
XPA,SRC,PRKCI,FRS2
XPA,RPS27A,ENTREP1
XPA,SRC,CDC42,CRIM1
XPA,PCNA,UBE2I,CAMK2D,KCNJ11
XPA,PMS2,EXO1,KLC3,KCNK18
XPA,SRC,MAVS,TLR1,PLPPR4
XPA,PMS2,PPP2CA,RDH8
XPA,SRC,PRKCI,FRS2
XPA,SRC,PTPRN2
XPA,SRC,PTK2,EPS8L2
XPA,SRC,ARRB2,GPR37,ABHD6
XPA,SRC,HCN2
XPA,SRC,RAB11A,LNPEP
XPA,ERCC1,S100A6,ZNF821,ITPRIP
XPA,SRC,AKT1,CYTH1
XPA,RPS27A,PRKCA,AKAP5,KCNMB1
XPA,PMS2,PPP2CA,RDH8
XPA,PRKDC,ANKRD28,AGPAT2
XPA,PCNA,ZBTB1,MUCL1
XPA,PCNA,RHOF,DHRS7B,TRHDE
XPA,SRC,GTF2I,PRKG1
XPA,SRC,CTNND1,CTNNA3,SLC9A7
XPA,RPS27A,UBQLN1,CD47
XPA,PMS2,PPP2CA,RDH8,SLC5A1
XPA,SRC,GRB10
XPA,RPS27A,ZNF16,ACSL6
XPA,PRKDC,FASN,SLC34A3
XPA,PCNA,YBX1,RBMXL2,NPDC1
XPA,SRC,EZR
XPA,PCNA,PRDX3,ATP5F1B
XPA,SRC,HRAS,LRBA
XPA,RPS27A,USP21
XPA,SRC,GRB2,TBC1D3G
XPA,PCNA,P4HB,HSPA13,TRPM3
XPA,ATR,E2F1,RASGEF1B
XPA,SRC,AKT1,CYTH1
XPA,PRKDC,VASN
XPA,PCNA,KRAS,KPRP,PALM
XPA,SRC,DLG4,FZD4
XPA,PCNA,CDK5,STXBP1
XPA,RPS27A,ERN1,PCDHGB5
XPA,SRC,MICAL1,USH1G
XPA,SRC,CDC42,CRIM1
XPA,SRC,RACK1,KCNAB1
XPA,PCNA,PRDX3,ATP5F1B
XPA,SRC,DNM1
XPA,BMPR1A,LRRIQ1,LRP10
XPA,SRC,ARRB2,GPR37,GPR17
XPA,PCNA,P4HB,HSPA13
XPA,PRKDC,LARP7,EPB42
XPA,SRC,TGFBR2,RELT
XPA,PMS2,CTR9,SOX2,PON2,ASIC4
XPA,SRC,CDH1,AJUBA
XPA,SRC,YAP1,LAPTM5
XPA,SRC,GAB1,PTK6
XPA,PCNA,P4HB,HSPA13
XPA,SRC,JAK2,MUC5B
XPA,SRC,SH3KBP1,VPS37B
XPA,SRC,MAPT,MAP1B
XPA,SRC,FZR1,RGS11
XPA,SRC,HLA-A
XPA,SRC,CDC42,CRIM1
XPA,SRC,CTTN,EXOC8
XPA,SRC,SHANK2
XPA,SRC,RAF1,PACSIN3
XPA,SRC,PTPN6,LILRB4
XPA,SRC,SHANK3,MEGF10
XPA,SRC,RHOA
XPA,PRKDC,FKBP5,PI4KA,EFR3A
XPA,BMPR1A,TICAM2
XPA,HMGB1,IL2RA
XPA,PMS2,NSF,PTPN9,STXBP5L
XPA,SRC,TRAF6,TNFRSF13B
XPA,SRC,ATG9A,SLC44A5
XPA,PRKDC,PTPN12,PSTPIP2
XPA,SRC,DLG4,FZD4
XPA,PMS2,XRCC3,HSPD1
XPA,SRC,MAPT,MAP1B
XPA,MSH2,HLA-DPB1,HLA-DPA1
XPA,PRKDC,IRAK1,STYXL1,JTB
XPA,ATR,BSG,SLC16A13
XPA,SRC,DNM1,LYPD6
XPA,PMS2,PPP2CA,RDH8
XPA,PMS2,PPP2CB,URI1,SLC22A5
XPA,GTF2H5,TBP,BCL3
XPA,SRC,TRAF3,TNFRSF17
XPA,SRC,STAT1,AGAP3,IL12RB2
XPA,SRC,CDC42,CRIM1
XPA,SRC,PIK3R1,MYO16
XPA,SRC,CYSTM1,GLP1R
XPA,SRC,CDC42,CRIM1
XPA,SRC,GLRB,GPHN,CKAP4
XPA,SRC,PTK2,EPS8L2
XPA,SRC,YAP1,LAPTM5
XPA,RPS27A,AMFR,OR4N2
XPA,RPA2,CHD1L,ART3
XPA,PRKDC,WWP2,ARRDC4
XPA,SRC,EXTL3
XPA,SRC,PTPN2
XPA,BMPR1A,IGLL5,SEMA4G
XPA,PRKDC,LARP7,EPB42
XPA,SRC,PTPN6,LILRB4
XPA,SRC,FERMT2
XPA,SRC,ABHD17A
XPA,RPS27A,PRKCA,AKAP5
XPA,MSH3,MTPN,TBCA,OR2K2
XPA,SRC,PTPN1,ASGR2
XPA,PCNA,P4HB,HSPA13
XPA,SRC,PRKCD,PDP2,CNTFR
XPA,SRC,RAF1,PACSIN3
XPA,PMS2,PPP2CA,RDH8
XPA,PMS2,PPP2CA,RDH8
XPA,PCNA,EP300,GATA4,COPRS
XPA,SRC,IKBKB,CD40
XPA,SRC,CTTN,EXOC8
XPA,RPS27A,ITCH,TRPC4
XPA,SRC,DNM1,LYPD6
XPA,SRC,RAB11A,LNPEP
XPA,SRC,CDH1,AJUBA
XPA,PCNA,PRDX3,ATP5F1B,AQP10,LYVE1
XPA,SRC,NRAS,PCDH18
XPA,SRC,FASLG,MPP4
XPA,SRC,CDKN1B,RNF123,PCDHA5
XPA,PRKDC,GSK3B,ACSBG1
XPA,RPS27A,UBQLN1,CD47
XPA,PMS2,PPP2CB,URI1,TMC7
XPA,SRC,NOXA1,NOXO1
XPA,PCNA,RPS20,METAP2
XPA,SRC,GAK,RAB29
XPA,SRC,CX3CL1
XPA,RPS27A,ATXN3
XPA,PCNA,P4HB,HSPA13
XPA,SRC,FZR1,RGS11
XPA,PCNA,HOOK3,DCTN1,KATNB1
XPA,SRC,FLNA,PHLDB2
XPA,SRC,VAV3
XPA,BMPR1A,GNAI2,RGS13
XPA,SRC,SH2D1B,SLAMF7
XPA,SRC,LNX1,ROBO3
XPA,SRC,PTPN1,ASGR2
XPA,SRC,PTPN6,LILRB4
XPA,SRC,FGFR1,FRS3
XPA,SRC,GRIN2A,ABCB9,GRIN3A
XPA,SRC,CSNK2A1
XPA,PCNA,CALR,TMX3,ADGRL3,TENM2
XPA,PCNA,P4HB,HSPA13
XPA,PCNA,P4HB,HSPA13
XPA,SRC,PXN,PARVA
XPA,SRC,PTPN6,LILRB4
XPA,SRC,FHL1
XPA,PCNA,EP300,GATA4,ZDHHC24,STOML3
XPA,SRC,TGFBR2,RELT
XPA,ATR,SCARA3,SLC39A1
XPA,SRC,PTPN6,LILRB4
XPA,SRC,CDH1,AJUBA
XPA,SRC,RPS6KA3,HTR2A
XPA,SRC,CFTR,CLCA1
XPA,BMPR1A,IGLL5,SEMA4G
XPA,BMPR1A,MANSC1,SLC39A3
XPA,PCNA,UBE2I,CAMK2D,ATP10B
XPA,PCNA,P4HB,HSPA13,HTR1D
XPA,SRC,MAPK3,ZBTB42
XPA,RPS27A,PRKCA,AKAP5
XPA,SRC,PTPN6,LILRB4
XPA,PCNA,KRAS,KPRP,RAB3C
XPA,PCNA,KRAS
XPA,RPS27A,PRKCA,AKAP5
XPA,PCNA,ZBTB1,MUCL1
XPA,SRC,DLG4
XPA,PMS2,PPP2CA,RDH8
XPA,HMGB1,HTT,SLC25A12,SYT10
XPA,SRC,TRPV4
XPA,PMS2,XRCC3,HSPD1
XPA,PMS2,NSF,PTPN9,GRK4
XPA,SRC,ENO1,HLA-DRB1,ACKR2
XPA,PCNA,ARHGDIA,HSD17B10
XPA,PCNA,SUMO1,VHL
XPA,RPS27A,GPR143
XPA,PCNA,CDK1,CKS2,DCST1
XPA,PCNA,P4HB,HSPA13,GALR1
XPA,SRC,SNCA,DMTN
XPA,SRC,ENO1,HLA-DRB1
XPA,SRC,TGFBR2,RELT
XPA,SRC,TNK2
XPA,PCNA,POLH,MAD2L2,SDC1
XPA,SRC,GAB1,PTK6
XPA,SRC,PTPN6,LILRB4
XPA,SRC,AKT1,CYTH1
XPA,PCNA,HSCB,ZNF648,P2RX1
XPA,PRKDC,IRF3,PPIP5K1
XPA,PCNA,KRAS,KPRP,SPPL3
XPA,GTF2H5,UNK,SPCS1,CNNM4
XPA,SRC,JAK2,MUC5B
XPA,PMS2,PPP2CA,RDH8,CCR3
XPA,PCNA,RELA,COMMD10,TNFRSF1B
XPA,SRC,EPHA2,CAMK1G
XPA,PCNA,RHOF,DHRS7B,OR1D2
XPA,SRC,SPTAN1
XPA,PCNA,P4HB,HSPA13
XPA,PCNA,POLD3,MELTF
XPA,SRC,CTTN,EXOC8
XPA,PCNA,P4HB,HSPA13
XPA,PCNA,RHOF,DHRS7B,CP
XPA,GTF2H5,TBP,BCL3
XPA,PCNA,RELA,COMMD10,GLP2R
XPA,PCNA,P4HB,HSPA13
XPA,SRC,AKT,GRIN2C
XPA,SRC,TRAF6,TNFRSF13B
XPA,SRC,RACK1,KCNAB1
XPA,SRC,AKT,GRIN2C
XPA,SRC,PRKCI,FRS2,CLDN8
XPA,SRC,DHRS3,SIDT2
XPA,MSH2,NTRK1,PLXNA4
XPA,PMS2,PPP2CA,RDH8
XPA,SRC,CDC42,CRIM1
XPA,PCNA,SUMO1,VHL
XPA,SRC,BTK,GP6
XPA,SRC,HRAS,LRBA
XPA,PCNA,P4HB,HSPA13
XPA,SRC,CDC42,CRIM1
XPA,PCNA,UBE2D3,DAPK3,GDPD5
XPA,ERCC6,PSMB5,CLP1,GLDC
XPA,PCNA,RHOF,DHRS7B,SLC30A2,SLC30A10
XPA,RPS27A,SLC38A1
XPA,PMS2,PPP2CA,RDH8
XPA,SRC,TRAF3,TNFRSF17
XPA,SRC,EPHA3
XPA,SRC,RACK1,KCNAB1
XPA,SRC,HSP90AA1,KCND3
XPA,PCNA,H3C12,TAF6L,PSG3
XPA,SRC,LNX1,ROBO3
XPA,SRC,CDC42,CRIM1
XPA,PMS2,PPP2CA,RDH8
XPA,PCNA,RPS20,METAP2
XPA,PCNA,CALR,TMX3
XPA,BMPR1A,GDF5,HJV
XPA,PCNA,UBE2D3,DAPK3,BCAM
XPA,SRC,EPHA2,CAMK1G
XPA,SRC,TRAF6,TNFRSF13B
XPA,SRC,DLG4,FZD4
XPA,PMS2,PPP2CA,RDH8
XPA,PCNA,P4HB,HSPA13
XPA,RPS27A,UBQLN1,CD47
XPA,PCNA,PRDX3,ATP5F1B
XPA,SRC,PTPN6,LILRB4
XPA,SRC,TRAF6,TNFRSF13B
XPA,SRC,HRAS,LRBA
XPA,SRC,CDH1,AJUBA
XPA,SRC,FGFR1,FRS3
XPA,SRC,GRIN2B,LIN7A
XPA,SRC,MAVS,TLR1
XPA,PCNA,UBE2I,CAMK2D,PLA2G6
XPA,SRC,DLG4,FZD4
XPA,SRC,TGFBR2,RELT
XPA,PRKDC,NOTCH1
XPA,RPS27A,UBE2C
XPA,SRC,MAPK3,ZBTB42
XPA,SRC,KCNB1,CACNA1C,PROM2
XPA,SRC,SPTAN1,ATP8B3
XPA,SRC,CDC42,CRIM1
XPA,PCNA,EZH2,CRY2,CEACAM7
XPA,PCNA,CALR,TMX3
XPA,PMS2,EXO1,KLC3,SERPINB3
XPA,SRC,FGFR1
XPA,SRC,PRKCI,FRS2
XPA,BMPR1A,ACVR2B,PCDHGA5
XPA,PCNA,P4HB,HSPA13,ADGRG3
XPA,SRC,GRB2,TBC1D3G
XPA,PCNA,SUMO1,VHL
XPA,SRC,PECAM1
XPA,SRC,MUC1,AQP2,GPR42
XPA,SRC,DNM2
XPA,PRKDC,RAB5A,RAB3GAP2
XPA,SRC,FZR1,RGS11
XPA,SRC,GRB2,TBC1D3G
XPA,PCNA,RELA,COMMD10,KLRC2
XPA,PCNA,ZBTB38,PPIG,OR52L1
XPA,BMPR1A,RAC3,SLC9A6
XPA,SRC,CDC42,CRIM1
XPA,SRC,PLD2
XPA,SRC,EPHA2,CAMK1G
XPA,SRC,PTK2,EPS8L2
XPA,PMS2,UBC,TBC1D15,RAB40AL
XPA,SRC,CDH5,P2RX4
XPA,MSH2,HLA-DPB1,HLA-DPA1
XPA,RPS27A,RAB33B,RAB39B
XPA,PCNA,POLD2,NIBAN1
XPA,PRKDC,LARP7,EPB42
XPA,SRC,PTPN1,ASGR2
XPA,SRC,SH3KBP1,VPS37B
XPA,SRC,GAK,RAB29
XPA,SRC,SHANK3,MEGF10
XPA,PCNA,FIBP,RNF32,FGFBP1
XPA,PRKDC,GSK3B,ACSBG1
XPA,PCNA,KRAS,KPRP,ABCC8
XPA,SRC,MAPK3,ZBTB42
XPA,SRC,FZR1,RGS11
XPA,SRC,RARA,FABP5
XPA,SRC,ANLN,MYO1A
XPA,SRC,ABL1,WNK2
XPA,PCNA,RHOF,DHRS7B,GRPR
XPA,SRC,LRP1
XPA,SRC,S1PR1
XPA,PRKDC,IRAK1
XPA,PMS2,XRCC3,HSPD1
XPA,PMS2,XRCC3,HSPD1
XPA,PMS2,XRCC3,HSPD1
XPA,SRC,TRAF6,TNFRSF13B
XPA,SRC,AKT1,CYTH1,PSG4
XPA,PRKDC,ROCK2
XPA,PMS2,PPP2CB,URI1,UBL3
XPA,PCNA,CALR,TMX3
XPA,PCNA,KRAS,KPRP,CPNE5
XPA,RPS27A,CD3D
XPA,SRC,CD244
XPA,SRC,GRK2,CCR4,PDE2A
XPA,PCNA,UBE2I,CAMK2D,SLC17A1
XPA,RPS27A,INTU,WDPCP
XPA,PRKDC,RAB5A,RAB3GAP2
XPA,SRC,AKT,GRIN2C
XPA,SRC,ENO1,HLA-DRB1
XPA,SRC,PRICKLE3,HIC2
XPA,SRC,TUBA4A,IQCN,OR52W1
XPA,PCNA,HSCB,ZNF648,ALG10B
XPA,SRC,DLG4,FZD4
XPA,SRC,CRK
XPA,SRC,NOXA1,NOXO1
XPA,SRC,CDC42,CRIM1,GPC2
XPA,PRKDC,USP14
XPA,SRC,RACK1,KCNAB1
XPA,SRC,RAB2A,SUCLA2,LARGE1
XPA,PCNA,RPS20,METAP2
XPA,SRC,YAP1,LAPTM5
XPA,SRC,ARRB2,GPR37,LRP12
XPA,SRC,PANX1
XPA,SRC,CDC42,CRIM1
XPA,PRKDC,NR3C1,MSX2,CNGB1,CNGA1
XPA,SRC,KCNB1,CACNA1C
XPA,PCNA,WWOX,CATSPERE,ADAM30
XPA,ATR,NCR3LG1,CD200R1
XPA,PCNA,FEN1,EME2,MYOT
XPA,PMS2,PPP2CA,RDH8
XPA,SRC,LNX1,ROBO3
XPA,SRC,CLTC,CCDC141,SLC26A9
XPA,PCNA,NR2C2,PYCR3,ADAM11
XPA,SRC,ASAP2,ARF1
XPA,SRC,STAT1,AGAP3,EBI3
XPA,SRC,HCN4
XPA,SRC,IKBKB,CD40
XPA,SRC,GJA1,PCDH19
XPA,SRC,RAF1,PACSIN3
XPA,SRC,AKT1,CYTH1
XPA,PRKDC,GSK3B,ACSBG1
XPA,SRC,CKAP5
XPA,SRC,TGFBR2,RELT
XPA,PCNA,P4HB,HSPA13
XPA,SRC,GRB2,TBC1D3G
XPA,RPA2,XRCC5
XPA,SRC,TRAF6,TNFRSF13B
XPA,GTF2H5,TBP,BCL3
XPA,PCNA,RELA,COMMD10,MR1
XPA,SRC,PIP5K1C
XPA,SRC,LYN,ITGA2
XPA,SRC,CDC42,CRIM1
XPA,SRC,CTTN,EXOC8
XPA,SRC,FZR1,RGS11
XPA,PCNA,SUMO1,VHL
XPA,SRC,NECTIN2,CD226
XPA,SRC,ARRB1,PTAFR
XPA,PMS2,UBC,TBC1D15,TTLL5
XPA,SRC,AKT1
XPA,PMS2,PPP2CA,RDH8
XPA,PMS2,PPP2CB,URI1,MIEN1
XPA,SRC,ANLN,MYO1A
XPA,PCNA,RELA,COMMD10,KIR2DL1
XPA,RPS27A,PRKCE,GAD2
XPA,PCNA,RHOF,DHRS7B,AKAP10
XPA,SRC,NEDD4,SFTPC,SCNN1D
XPA,PRKDC,AKT2,FAT3
XPA,GTF2H5,UNK,SPCS1,ADAP2
XPA,SRC,DAG1
XPA,SRC,CDC42,CRIM1
XPA,BMPR1A,CANX,CNR2
XPA,PMS2,PPP2CA,RDH8
XPA,PCNA,RPS20,METAP2
XPA,SRC,AXL
XPA,PCNA,EZH2,CRY2,KLRK1
XPA,SRC,MAPT,MAP1B
XPA,SRC,LYN,ITGA2
XPA,PMS2,PPP2CB,URI1,CR2
XPA,SRC,PDPK1,TGFBR3
XPA,PCNA,NR2C2,PYCR3,KCTD3
XPA,PMS2,PPP2CA,RDH8,SLC40A1
XPA,SRC,ITGB2,ITGAM
XPA,PMS2,MSH6,MATR3,ADGRV1
XPA,SRC,SNCA,DMTN
XPA,SRC,RACK1,KCNAB1
XPA,RPS27A,PRKCE,GAD2
XPA,PRKDC,LARP7,EPB42
XPA,PCNA,PRDX3,ATP5F1B
XPA,PMS2,PPP2CA
XPA,RPS27A,TRIM21,TRPM2
XPA,PRKDC,LAMC3,TF
XPA,PCNA,KIAA1522,NCK1
XPA,SRC,STAT5B,GHR
XPA,PCNA,P4HB,HSPA13
XPA,SRC,PRKCI,FRS2
XPA,SRC,RAF1
XPA,SRC,CTTN,EXOC8
XPA,HMGB1,TAX1BP1,PLPP4
XPA,PCNA,DHX15,SF3B5,TFPI
XPA,BMPR1A,RHOC,SLC27A2
XPA,SRC,PIK3R1,MYO16
XPA,SRC,TAMALIN
XPA,MSH3,SUMO2,SERPINB6
XPA,PCNA,RPS20,METAP2
XPA,PCNA,UBE2D3,DAPK3,SYTL5
XPA,SRC,RAF1,PACSIN3
XPA,SRC,HRAS,LRBA
XPA,SRC,LRRC59,CCPG1,SLC22A13
XPA,SRC,SHANK3,MEGF10
XPA,PCNA,P4HB,HSPA13,HTR7
XPA,SRC,ENO1,HLA-DRB1
XPA,PMS2,PPP2CA,RDH8,F11
XPA,SRC,PTPN6,LILRB4
XPA,SRC,GJA1
XPA,SRC,DLG4,FZD4
XPA,SRC,CYSTM1
XPA,PCNA,PRDX3,ATP5F1B,OR1C1
XPA,PCNA,RELA,COMMD10,CACNG8
XPA,RPS27A,AGO2,SLC7A9
XPA,BMPR1A,CANX,CNR2
XPA,SRC,GRB2,TBC1D3G
XPA,SRC,GJA1,PCDH19,GABRA6
XPA,SRC,MAPK3,ZBTB42
XPA,PMS2,NSF,PTPN9,SLC30A8
XPA,PCNA,UBE2B
XPA,BMPR1A,GNAI2,RGS13
XPA,PCNA,P4HB,HSPA13
XPA,RPS27A,ITCH
XPA,PRKDC,LARP7,EPB42
XPA,PCNA,P4HB,HSPA13
XPA,SRC,TRAF6,TNFRSF13B
XPA,PCNA,HSCB,ZNF648,HTR3B
XPA,SRC,SNCA,DMTN
XPA,SRC,ACTN1,PLEK
XPA,SRC,HNRNPC,TPBG
XPA,SRC,DLG4,FZD4
XPA,RPS27A,ZNF16,ACSL6
XPA,RPS27A,TRIM23
XPA,PRKDC,GSK3B,ACSBG1
XPA,SRC,HNRNPC,TPBG
XPA,BMPR1A,ARRDC3
XPA,SRC,DHRS3,SIDT2,ABCA7
XPA,PRKDC,LAMC3,TF
XPA,SRC,PTEN
XPA,SRC,ERBB3,SELENOK
XPA,PRKDC,MYC,CDR2,KREMEN1
XPA,SRC,PECAM1,TMC6,OR1D5
XPA,SRC,DHRS3,SIDT2
XPA,SRC,CDC42,CRIM1
XPA,PCNA,P4HB,HSPA13,CALCRL,RAMP1
XPA,PCNA,RELA,COMMD10,UNC13A
XPA,PMS2,UBC,TBC1D15,KCNJ5
XPA,SRC,CDC42,CRIM1
XPA,PCNA,POLD3,MELTF
XPA,SRC,LNX1,ROBO3
XPA,PCNA,H3C12,TAF6L,SULF2
XPA,SRC,STUB1,EIPR1,DGKH
XPA,SRC,AKT1,CYTH1
XPA,SRC,RAF1,PACSIN3
XPA,PCNA,H2BC21,WDTC1,CTSZ
XPA,SRC,FGFR2
XPA,SRC,RACK1,KCNAB1
XPA,GTF2H5,UNK,SPCS1,TMEM50B
XPA,SRC,TGM2,LAMA1,MS4A10
XPA,SRC,STX17,RAB25
XPA,MSH2,LRRK2
XPA,BMPR1A,IL17RB
XPA,SRC,CDH1,AJUBA
XPA,PCNA,RHOF,DHRS7B,KCNE3
XPA,SRC,RACK1,KCNAB1
XPA,SRC,DHRS3,SIDT2
XPA,ATR,NCR3LG1,CD200R1
XPA,SRC,LNX1,ROBO3
XPA,PCNA,MYSM1,STING1
XPA,PRKDC,FASN,SLC34A3
XPA,SRC,FLNA,PHLDB2
XPA,SRC,RAB11A,LNPEP
XPA,PMS2,PPP2CB,URI1,KCNG3
XPA,PMS2,PPP2CA,RDH8,CA9
XPA,PCNA,ARHGDIA,HSD17B10
XPA,PMS2,PPP2CA,RDH8
XPA,PMS2,UBC,TBC1D15,TESC
XPA,SRC,ARRB1,PTAFR
XPA,GTF2H5,TBP,BCL3
XPA,SRC,RACK1,KCNAB1
XPA,SRC,ITGB3,ITGA2B
XPA,PCNA,UBE2D3,DAPK3,LAMP3
XPA,RPS27A,KCNA5
XPA,RPS27A,IKBKE,CD209
XPA,ATR,RHEB
XPA,PCNA,CALR,TMX3,ADGRL3
XPA,PMS2,UBC,TBC1D15,RGS6
XPA,SRC,CFTR
XPA,GTF2H5,UNK,SPCS1,MMD
XPA,SRC,TGFBR2,RELT
XPA,SRC,AKT,GRIN2C
XPA,PRKDC,NCF4
XPA,PRKDC,LARP7,EPB42
XPA,MSH2,CHEK2,KLRB1
XPA,SRC,LNX1,ROBO3
XPA,PCNA,RHOF,DHRS7B,AQP5
XPA,PCNA,P4HB,HSPA13
XPA,SRC,ARF6
XPA,PCNA,RELA,COMMD10,NALCN
XPA,PRKDC,CUL3,KLHL5,KIRREL2
XPA,SRC,TGFBR2,RELT
XPA,PRKDC,EPHA1,SLC7A3
XPA,PMS2,XRCC3,HSPD1
XPA,SRC,ITGB2,ITGAM
XPA,BMPR1A,IGLL5,SEMA4G
XPA,PCNA,PRDX3,ATP5F1B
XPA,SRC,IKBKB,CD40
XPA,PCNA,CDK5,STXBP1
XPA,SRC,PTK2,EPS8L2
XPA,SRC,RAB11A,LNPEP
XPA,PRKDC,CHMP4C,CHMP7
XPA,SRC,HRAS,LRBA
XPA,PRKDC,NR3C1,MSX2,C8B
XPA,SRC,PTEN,SIRT4,TSPAN4
XPA,SRC,PTK2,EPS8L2
XPA,RPS27A,CD207
XPA,SRC,FCER1A,GPD1L
XPA,PCNA,P4HB,HSPA13
XPA,SRC,CDC42,CRIM1
XPA,PCNA,RPS20,METAP2
XPA,ATR,BSG,SLC16A13
XPA,PCNA,POLL,FAM9B,SLC16A3
XPA,PCNA,P4HB,HSPA13
XPA,BMPR1A,TDGF1
XPA,PCNA,ATRX,SKA3,PLCD4
XPA,GTF2H5,TBP,BCL3
XPA,PCNA,YBX1,RBMXL2,NAA38,NAA35
XPA,SRC,ALK
XPA,SRC,RAB11A,LNPEP
XPA,PCNA,IGF1R,ADAMTS4,OR2M7
XPA,SRC,HSPA1B,RAB3IP,OR4E2
XPA,PCNA,PRDX3,ATP5F1B
XPA,PCNA,DHX15,SF3B5,CRLF3
XPA,SRC,CDC42,CRIM1
XPA,PMS2,XRCC3,HSPD1
XPA,SRC,MAVS,TLR1
XPA,SRC,CBL
XPA,SRC,RAF1,PACSIN3
XPA,SRC,CDC42,CRIM1
XPA,PMS2,PPP2CA,RDH8
XPA,SRC,ANXA1,FPR2
XPA,PRKDC,FASN,SLC34A3
XPA,PCNA,RPS20,METAP2
XPA,SRC,TYRO3,MGAT5B,PLEKHM3
XPA,PCNA,PRDX3,ATP5F1B
XPA,GTF2H5,TAF5,SERPINB2
XPA,PCNA,PRDX3,ATP5F1B
XPA,PCNA,RELA,COMMD10,KCNQ3
XPA,SRC,SHANK3,MEGF10
XPA,SRC,AKT,GRIN2C
XPA,PCNA,RPS20,METAP2
XPA,PCNA,CALR,TMX3
XPA,PCNA,POLH,MAD2L2,ALPG
XPA,SRC,HRAS,LRBA
XPA,RPS27A,ADRM1
XPA,GTF2H5,TBP,BCL3
XPA,SRC,HSP90AA1,KCND3
XPA,SRC,FGFR1,FRS3
XPA,SRC,MAPT,MAP1B
XPA,PCNA,P4HB,HSPA13
XPA,SRC,GSN
XPA,SRC,BTK
XPA,SRC,EPOR
XPA,SRC,CDC42,CRIM1
XPA,PCNA,CDK5,STXBP1
XPA,PCNA,RHOF,DHRS7B,SLC4A8
XPA,PCNA,CDKN1A,S100A8
XPA,SRC,GTF2I,PRKG1
XPA,SRC,CDC42,CRIM1
XPA,RPS27A,TRADD
XPA,PCNA,HSCB,ZNF648,LRRC52
XPA,SRC,FLT3
XPA,PMS2,XRCC3,HSPD1
XPA,SRC,RAF1,PACSIN3
XPA,SRC,PTPN6,LILRB4
XPA,SRC,ANXA1,FPR2
XPA,SRC,ATG9A,SLC44A5
XPA,SRC,ABL1,WNK2
XPA,PCNA,CDK5,STXBP1
XPA,RPA2,H2BC8,CCDC25
XPA,SRC,CDC42,CRIM1
XPA,PCNA,YBX1,RBMXL2,CDV3
XPA,SRC,ENO1,HLA-DRB1
XPA,PCNA,RHOF,DHRS7B,KCNC1
XPA,BMPR1A,GNAI2,RGS13
XPA,SRC,GRB2,TBC1D3G
XPA,SRC,RHOA,LUM,KLRF1
XPA,PCNA,DHX15,SF3B5,PCDHGB3
XPA,RPS27A,UBQLN1,CD47
XPA,PCNA,PRDX3,ATP5F1B
XPA,PCNA,P4HB,HSPA13
XPA,SRC,GTF2I,PRKG1
XPA,SRC,MMP14
XPA,RPS27A,NEDD4L,SLC22A11
XPA,PCNA,RHOF,DHRS7B,SLC24A1
XPA,PCNA,RELA,COMMD10,NALCN,CHRM3
XPA,SRC,CTTN,EXOC8
XPA,PCNA,NEDD8,UBA3,DCXR
XPA,PCNA,HSCB,ZNF648,TMED1
XPA,SRC,SYK,POU2AF1,CD300C
XPA,SRC,GRB2,TBC1D3G
XPA,PMS2,PPP2CA,RDH8
XPA,SRC,PRDM1,FCER2
XPA,SRC,PTPN6,LILRB4
XPA,SRC,PXN,PARVA
XPA,PMS2,CTR9,SOX2,SLC39A4
XPA,SRC,CTTN,EXOC8
XPA,PCNA,RHOF,DHRS7B,STK16
XPA,PCNA,RPS20,METAP2
XPA,RPS27A,NEDD4L,SLC22A11
XPA,RPS27A,CDKN2A,VAMP1
XPA,PCNA,CDK5,STXBP1
XPA,PRKDC,GOLPH3
XPA,SRC,FLNA,PHLDB2
XPA,PCNA,RHOF,DHRS7B,PALM2AKAP2
XPA,SRC,ARRB1,PTAFR
XPA,SRC,HSPA9,ADCK5,OR4X2
XPA,SRC,DLG4,FZD4
XPA,PCNA,P4HB,HSPA13
XPA,PCNA,UHRF2,BCLAF1,CNNM2
XPA,SRC,CTTN,EXOC8
XPA,SRC,PIK3R1,MYO16
XPA,PCNA,PRDX3,ATP5F1B
XPA,PCNA,RPS20,METAP2,AQP7
XPA,PMS2,UBC,TBC1D15,IL17RC
XPA,PMS2,UBC,TBC1D15,PSCA
XPA,SRC,SHANK3,MEGF10
XPA,ATR,BSG,SLC16A13
XPA,SRC,AKT1,CYTH1,OR51E2
XPA,PCNA,RPS20,METAP2
XPA,PMS2,UBC,TBC1D15,NUBPL
XPA,RPS27A,DAPK1
XPA,RPS27A,UBQLN1,CD47
XPA,SRC,PDPK1,TGFBR3
XPA,SRC,CTTN,EXOC8
XPA,SRC,RPS6KA3,HTR2A
XPA,SRC,PTPN1,ASGR2
XPA,PMS2,UBC,TBC1D15,WNT5B
XPA,SRC,CDC42,CRIM1
XPA,PCNA,RELA,COMMD10,VIPR1
XPA,SRC,RAB11A,LNPEP
XPA,SRC,HRAS,LRBA
XPA,SRC,MAPK3,ZBTB42
XPA,SRC,ARRB2,GPR37,NPHS2
XPA,PCNA,RHOF,DHRS7B,OSBPL1A
XPA,SRC,RHOA,LUM,GRAMD2A
XPA,SRC,TRAF6,TNFRSF13B
XPA,PCNA,RELA,COMMD10,UNC13B,DOC2B
XPA,SRC,C1QL4,IFNLR1
XPA,SRC,CDC42,CRIM1
XPA,PMS2,PPP2CA,RDH8
XPA,SRC,CDC42,CRIM1
XPA,SRC,LRP1,MAPK8IP1
XPA,SRC,ARRB2,GPR37
XPA,ATR,NCR3LG1,CD200R1,SLC23A2
XPA,GTF2H5,TBP,BCL3
XPA,PCNA,PHB1
XPA,SRC,YAP1,LAPTM5
XPA,PCNA,KIAA1522,NCK1
XPA,PCNA,YWHAQ,BAD,RGS8
XPA,SRC,CTTN,EXOC8
XPA,PCNA,RPS20,METAP2
XPA,RPS27A,EEF1A1,TTLL12
XPA,PCNA,P4HB,HSPA13
XPA,SRC,HRAS,LRBA
XPA,SRC,SPHK1
XPA,SRC,MCM7,TRIM16
XPA,MSH2,HLA-DPB1
XPA,SRC,RARA,FABP5
XPA,SRC,HRAS,LRBA
XPA,SRC,NOXA1,NOXO1
XPA,SRC,GRB2,TBC1D3G
XPA,PCNA,RELA,COMMD10,CD1C
XPA,PRKDC,TINF2,ANXA4
XPA,SRC,DLG4,FZD4
XPA,SRC,HRAS,LRBA
XPA,PMS2,CTR9,SOX2,AQP8
XPA,SRC,CDH5,P2RX4
XPA,ATR,BSG,SLC16A13
XPA,PCNA,EZH2,CRY2,KLRK1,RAET1L
XPA,SRC,EPHA2,CAMK1G
XPA,SRC,CBL,MYCBPAP
XPA,PCNA,CALR,TMX3
XPA,HMGB1,PTPRZ1
XPA,SRC,CDC42,CRIM1
XPA,SRC,MUC1,AQP2,SLC39A2
XPA,RPS27A,UBE2R2,GSC2,BEST3
XPA,PCNA,RELA,COMMD10,ZAN
XPA,PCNA,SUMO1,VHL
XPA,ATR,E2F1,RASGEF1B
XPA,PCNA,P4HB,HSPA13,GNG13
XPA,PCNA,P4HB,HSPA13
XPA,PCNA,RPS20,METAP2
XPA,PCNA,P4HB,HSPA13,SEPHS1
XPA,SRC,RACK1,KCNAB1
XPA,RPS27A,DNMT3B,PCDHA4
XPA,PCNA,P4HB,HSPA13
XPA,SRC,GRB2,TBC1D3G
XPA,PCNA,P4HB,HSPA13,TCN2
XPA,MSH2,HLA-DPB1,HLA-DPA1
XPA,SRC,ARRB2,GPR37
XPA,PRKDC,RAB5A,RAB3GAP2
XPA,PMS2,PPP2CA,RDH8
XPA,SRC,ESR1
XPA,BMPR1A,GNAI2,RGS13
XPA,PCNA,PRDX3,ATP5F1B,CLCA4
XPA,PMS2,UBC,TBC1D15,ABCC10
XPA,SRC,RAF1,PACSIN3
XPA,SRC,CTTN,EXOC8
XPA,SRC,CDC42,CRIM1
XPA,SRC,RAF1,PACSIN3
XPA,PCNA,PRDX3,ATP5F1B,BLVRB
XPA,BMPR1A,IGLL5,SEMA4G
XPA,PCNA,PRDX3,ATP5F1B
XPA,SRC,EPHA2,CAMK1G
XPA,SRC,PCDHGC3,TMEM30B
XPA,PCNA,KPNA1,TPX2,ROBO4
XPA,PRKDC,GSK3B,ACSBG1
XPA,PMS2,PPP2CA,RDH8
XPA,SRC,CASP8,NLRC4
XPA,SRC,ANXA1
XPA,SRC,GRB2
XPA,SRC,GRB2,TBC1D3G
XPA,SRC,LRP1,MAPK8IP1,C9
XPA,SRC,TRIP6,SLC15A3,SLC39A14
XPA,PCNA,CDKN1A,S100A8
XPA,SRC,PAG1
XPA,SRC,YAP1,LAPTM5
XPA,SRC,ARRB2,GPR37
XPA,PCNA,WWOX,CATSPERE,SNX15
XPA,SRC,NRAS,PCDH18
XPA,SRC,HRAS,LRBA
XPA,PCNA,P4HB,HSPA13,CALCRL,RAMP1
XPA,SRC,CTTN,EXOC8
XPA,PCNA,PPP1CB,PAPOLA,FRMPD2
XPA,PCNA,P4HB,HSPA13
XPA,SRC,LRP1,MAPK8IP1
XPA,SRC,CDC42,CRIM1
XPA,PCNA,RHOF,DHRS7B,ZACN
XPA,PMS2,UBC,TBC1D15,COL23A1
XPA,PMS2,NSF,PTPN9,PIGR
XPA,PCNA,CDK5,STXBP1
XPA,PCNA,HLTF,CERK
XPA,PMS2,NSF,PTPN9,RAB18
XPA,SRC,RAB11A,LNPEP
XPA,SRC,ENO1,HLA-DRB1
XPA,PCNA,H3C12,TAF6L,PAWR
XPA,PRKDC,ANKRD28,AGPAT2
XPA,PRKDC,MCC
XPA,HMGB1,IFITM3,ELOVL2,SCAMP5
XPA,SRC,CRMP1,CACNA1A
XPA,SRC,GLRB,GPHN,GRID1
XPA,PCNA,RHOF,DHRS7B,SLC22A18
XPA,RPS27A,UTP20
XPA,SRC,CDC42,CRIM1
XPA,BMPR1A,BMPR2
XPA,PRKDC,FKBP5,PI4KA,TTC7B
XPA,SRC,NECTIN2
XPA,SRC,DUSP15
XPA,PCNA,RHOF,DHRS7B,VMP1
XPA,RPS27A,RPL36A
XPA,SRC,ABL1,WNK2
XPA,PCNA,H4C6,ZBTB20,KCNA10
XPA,PCNA,P4HB,HSPA13,GHRHR
XPA,PCNA,WWOX,CATSPERE,TVP23B,YIPF1
XPA,PCNA,P4HB,HSPA13
XPA,SRC,CAST,CAPNS2
XPA,SRC,LNX1,ROBO3
XPA,SRC,RAF1,PACSIN3
XPA,RPS27A,EEF1A1,TTLL12
XPA,PCNA,EP300,GATA4,PARP14
XPA,SRC,STX17,RAB25
XPA,SRC,YAP1,LAPTM5
XPA,SRC,CRMP1,CACNA1A,RIMBP2
XPA,RPS27A,PRKCA,AKAP5
XPA,SRC,MAPT,MAP1B
XPA,PCNA,KPNA1,TPX2,DSCAML1
XPA,SRC,AKT,GRIN2C
XPA,SRC,WASF1,PFN2,BAIAP2L2
XPA,SRC,RAF1,PACSIN3
XPA,SRC,CFTR,CLCA1
XPA,PCNA,KRAS,KPRP,GYPC
XPA,SRC,CDC42,CRIM1
XPA,MLH1,ACTG1
XPA,PCNA,PRDX3,ATP5F1B,C11orf24
XPA,SRC,MAPK3,ZBTB42
XPA,RPS27A,DAPK1,CORO2A,SLC16A8
XPA,SRC,JAK2,MUC5B
XPA,SRC,ABL1,WNK2
XPA,SRC,CDKN1B,RNF123,PCDHB12
XPA,SRC,ARRB1,PTAFR
XPA,PCNA,ZBTB38,PPIG,P2RX6
XPA,ATR,E2F1,RASGEF1B
XPA,SRC,FAS
XPA,BMPR1A,CANX,CNR2
XPA,SRC,AKT,GRIN2C
XPA,RPS27A,LIMK2,SLC31A1
XPA,SRC,DNM1,LYPD6
XPA,SRC,CDC42,CRIM1,SLC30A3
XPA,SRC,MAPK3,ZBTB42
XPA,BMPR1A,LITAF,KCNIP4
XPA,PCNA,ATRX,SKA3,MICB
XPA,RPS27A,UBQLN1,CD47
XPA,SRC,ENO1,HLA-DRB1
XPA,SRC,BDKRB2,GNG2
XPA,PCNA,IGF1R,ADAMTS4,OR6T1
XPA,SRC,MCM7,TRIM16
XPA,SRC,CFTR,CLCA1
XPA,SRC,STAT3,LRRC49,PDCD1,PDCD1LG2
XPA,SRC,RAB11A,LNPEP
XPA,SRC,GAK,RAB29
XPA,PMS2,PPP2CA,RDH8
XPA,SRC,LNX1,ROBO3
XPA,SRC,HRAS,LRBA
XPA,PCNA,RPS20,METAP2
XPA,PCNA,KRAS,KPRP,COL25A1
XPA,SRC,SYK,POU2AF1,CD300LD
XPA,SRC,GRB2,TBC1D3G
XPA,SRC,GAB1,PTK6
XPA,SRC,VCL,LIMD1
XPA,PCNA,RHOF,DHRS7B,KCNJ3
XPA,SRC,DLG4,FZD4
XPA,PRKDC,LARP7,EPB42
XPA,SRC,ENO1,HLA-DRB1
XPA,SRC,CTTN,EXOC8
XPA,SRC,CDC42,CRIM1
XPA,RPS27A,CAV3
XPA,SRC,CASP8,NLRC4
XPA,BMPR1A,CANX,CNR2,LYPD1
XPA,SRC,DLG4,FZD4
XPA,RPS27A,AMFR,OR4N2
XPA,PCNA,RHOF,DHRS7B,TMC5
XPA,PCNA,PRDX3,ATP5F1B
XPA,PCNA,RHOF,DHRS7B,OSBPL2
XPA,PCNA,RELA,COMMD10,UNC13B
XPA,SRC,PECAM1,TMC6
XPA,SRC,RACK1,KCNAB1
XPA,SRC,ITGB3,ITGA2B
XPA,SRC,ATG9A,SLC44A5
XPA,SRC,PECAM1,TMC6
XPA,PCNA,H4C6,ZBTB20,LRRC55
XPA,SRC,AKT1,CYTH1
XPA,PRKDC,WWP2,ARRDC4
XPA,SRC,CDC42,CRIM1
XPA,SRC,CTTN,EXOC8
XPA,SRC,CDH2,BOC,IHH
XPA,SRC,RAB11A,LNPEP
XPA,PMS2,PPP2CA,RDH8
XPA,PMS2,PPP2CA,RDH8,CR1L
XPA,SRC,EPHA2,CAMK1G
XPA,SRC,MATK,CD36
XPA,SRC,CDC42,CRIM1
XPA,PCNA,KRAS,KPRP,SLC22A16
XPA,SRC,ABL1,WNK2
XPA,PCNA,RHOF,DHRS7B,SNTG2
XPA,SRC,PTK2,EPS8L2
XPA,ATR,PI4K2A
XPA,PRKDC,FKBP5,PI4KA
XPA,SRC,EPHA2,CAMK1G
XPA,SRC,BTK,GP6
XPA,PCNA,RHOF,DHRS7B,GUCY2F
XPA,MSH3,SUMO2,SERPINB6
XPA,PMS2,PPP2CA,RDH8,TNFRSF21
XPA,BMPR1A,TGFB1
XPA,SRC,HSPA5
XPA,SRC,HRAS,LRBA
XPA,SRC,MAPT,MAP1B
XPA,SRC,FGFR1,FRS3
XPA,RPS27A,CPNE7
XPA,SRC,ABL1,WNK2
XPA,SRC,GAK,RAB29
XPA,PMS2,PPP2CB,URI1,CLDN12
XPA,SRC,ARRB2
XPA,SRC,C1QL4,IFNLR1
XPA,RPS27A,CTSG
XPA,SRC,CTTN,EXOC8
XPA,SRC,CDC42,CRIM1
XPA,SRC,HSPA8
XPA,PMS2,XRCC3,HSPD1
XPA,PCNA,P4HB,HSPA13,GPR139
XPA,SRC,ARRB1,PTAFR
XPA,SRC,LYN,ITGA2
XPA,SRC,AKT,GRIN2C
XPA,SRC,VCL,LIMD1
XPA,SRC,CFTR,CLCA1
XPA,BMPR1A,GNAI2,RGS13
XPA,SRC,CD44
XPA,SRC,CDC42,CRIM1
XPA,SRC,FGFR4
XPA,BMPR1A,GNAI2,RGS13
XPA,SRC,RXRA,ALOX15B
XPA,PCNA,RPS20,METAP2
XPA,SRC,SNCA,DMTN
XPA,PRKDC,FKBP5,PI4KA,TTC7A
XPA,RPS27A,UBQLN1
XPA,PMS2,UBC,TBC1D15,ADGRE5
XPA,SRC,GRB2,TBC1D3G
XPA,SRC,DAB2
XPA,SRC,BRAF
XPA,PMS2,PPP2CB,URI1,CATSPERG
XPA,PCNA,DHX15,SF3B5,PCDHGA9
XPA,SRC,TLR3
XPA,PMS2,NSF,PTPN9,LRRC45
XPA,PCNA,SUMO1,VHL
XPA,HMGB1,HDAC4,WASHC2C
XPA,SRC,CDC42,CRIM1
XPA,SRC,HRAS,LRBA
XPA,SRC,CDH1
XPA,PCNA,SUMO1,VHL
XPA,PCNA,CDK5,STXBP1
XPA,ATR,NCR3LG1,CD200R1,SLC10A4
XPA,PCNA,PRDX3
XPA,PCNA,RHOF,DHRS7B,LIM2
XPA,SRC,PGR,KLF9
XPA,SRC,CDC42,CRIM1
XPA,SRC,GRB2,TBC1D3G
XPA,SRC,ACTN4,RGS9
XPA,PMS2,CTR9,SOX2,COL13A1
XPA,PMS2,PPP2CA,RDH8
XPA,PCNA,UBE2D3,DAPK3,GRIN3B
XPA,PCNA,YBX1,RBMXL2,HAS1
XPA,PCNA,RPS20,METAP2
XPA,PCNA,P4HB,HSPA13,ADGRD1
XPA,SRC,MET
XPA,PCNA,RELA,COMMD10,IL2RG
XPA,SRC,PDGFRB
XPA,PCNA,RHOF,DHRS7B,IL3RA
XPA,PCNA,KIAA1522,NCK1
XPA,PRKDC,GSK3B
XPA,PCNA,P4HB,HSPA13
XPA,SRC,S1PR1,GNG5
XPA,PRKDC,MAPKAP1
XPA,SRC,MAPT,MAP1B
XPA,SRC,PLCG1,EHD4
XPA,RPA2,UBQLN2
XPA,BMPR1A,CANX,CNR2
XPA,SRC,JUP
XPA,RPS27A,UBQLN1,CD47
XPA,SRC,PRKCI,FRS2,CLDN6
XPA,SRC,EPHA2,CAMK1G
XPA,SRC,CFTR,CLCA1
XPA,PCNA,DHX15,SF3B5,PCDHGC5
XPA,SRC,ARRB1,PTAFR
XPA,PCNA,UBE2D3,DAPK3,NLRP6
XPA,RPS27A,IMP4
XPA,SRC,ITGB2,ITGAM
XPA,SRC,HRAS,LRBA
XPA,HMGB1,HDAC4,WASHC2C
XPA,PCNA,CALR,TMX3
XPA,SRC,MUC1
XPA,SRC,PRKCI,FRS2
XPA,SRC,CDC42,CRIM1
XPA,PCNA,CDK5,STXBP1
XPA,PCNA,PRDX3,ATP5F1B
XPA,SRC,PRKCI,FRS2
XPA,SRC,MUC1,AQP2
XPA,SRC,TMPO,PXMP2,KNTC1
XPA,RPS27A,EPN3
XPA,PRKDC,SLC15A1
XPA,SRC,GAK,RAB29
XPA,SRC,CDC42,CRIM1
XPA,SRC,ITGAL,ICAM3
XPA,PCNA,PRDX3,ATP5F1B,PCDHA11
XPA,SRC,RAB11A,LNPEP
XPA,PCNA,P4HB,HSPA13
XPA,PRKDC,GZMB,PRF1
XPA,SRC,GRIN2B,LIN7A
XPA,PCNA,RHOF,DHRS7B,ADAMTS13,CELSR1
XPA,SRC,CDC42,CRIM1
XPA,SRC,GRB2,TBC1D3G
XPA,SRC,HLA-A,CD8A
XPA,MSH2,NTRK1,PLXNA4
XPA,SRC,ACBD6,NMT2
XPA,MSH3,BRCA1
XPA,PCNA,KIAA1522,NCK1,LRRC3
XPA,SRC,CDC42,CRIM1
XPA,SRC,RHOU
XPA,PCNA,CDK5,STXBP1
XPA,SRC,ABL1,WNK2
XPA,PCNA,RHOF,DHRS7B,ADGRA2
XPA,SRC,MET,SPSB4,ADAM2
XPA,PCNA,P4HB,HSPA13,S1PR5
XPA,SRC,FGFR4,FGF2,OMG
XPA,SRC,CDC42,CRIM1
XPA,SRC,CDH2
XPA,SRC,EFNB1
XPA,SRC,PRKCI,FRS2
XPA,SRC,ACTN4,RGS9
XPA,SRC,HSP90AB1
XPA,PCNA,RHOF,DHRS7B,OR2AG1
XPA,PCNA,P4HB,HSPA13
XPA,PRKDC,ROS1
XPA,PCNA,RHOF,DHRS7B,PDE4A
XPA,SRC,PIK3R1,MYO16
XPA,HMGB1,IFITM3
XPA,RPS27A,EEF1A1,TTLL12
XPA,PRKDC,FKBP5,PI4KA
XPA,SRC,RAB11A,LNPEP
XPA,SRC,FLT4
XPA,PCNA,P4HB,HSPA13
XPA,PCNA,CALR,TMX3
XPA,PMS2,PPP2CA,RDH8,CACNB1
XPA,PMS2,NSF,PTPN9,RAPGEF3
XPA,SRC,PTPN6,LILRB4
XPA,SRC,FCER1A
XPA,RPS27A,NEDD4L,SLC22A11
XPA,SRC,CDC42,CRIM1
XPA,RPA2,HUWE1,TRPA1
XPA,PCNA,KIAA1522,NCK1
XPA,SRC,AKT1,CYTH1
XPA,RPS27A,UBQLN1,CD47
XPA,SRC,SH3GL1,DRD3
XPA,PRKDC,GSK3B,ACSBG1
XPA,SRC,AKT,GRIN2C
XPA,SRC,EPB41L3,PIP4K2B
XPA,SRC,RAF1,PACSIN3
XPA,SRC,PECAM1,TMC6
XPA,SRC,PCDHGC3,TMEM30B
XPA,PCNA,CDKN1A,S100A8
XPA,PCNA,RHOF,DHRS7B,CD300LB,TYROBP,TREM1
XPA,SRC,ARF6,PSD,GLRA2
XPA,SRC,CFTR,CLCA1
XPA,SRC,KCNB1,CACNA1C
XPA,MSH2,NTRK1,PLXNA4
XPA,SRC,CTTN,EXOC8
XPA,SRC,SLC2A10
XPA,PCNA,CALR,TMX3
XPA,PCNA,RHOF,DHRS7B,NCAM2
XPA,SRC,CDH5,P2RX4
XPA,PCNA,KPNA1,TPX2,UNC80,NALF1
XPA,SRC,CFTR,CLCA1
XPA,PCNA,P4HB,HSPA13,HTR1E
XPA,RPS27A,RIPK1
XPA,GTF2H5,TBP,BCL3
XPA,SRC,IL1R1
XPA,SRC,ERBB2
XPA,SRC,PRKCI,FRS2
XPA,PMS2,PPP2CA,RDH8,CPNE6
XPA,SRC,GRB2,TBC1D3G
XPA,SRC,AKT,GRIN2C
XPA,PCNA,SUMO1,VHL
XPA,SRC,ARAF,MRM3,OR52B2
XPA,SRC,SNCA
XPA,SRC,LNX1,ROBO3
XPA,PMS2,PPP2CA,RDH8
XPA,PCNA,YBX1
XPA,SRC,ABL1,WNK2
XPA,PCNA,P4HB,HSPA13,GCGR
XPA,RPS27A,EEF1A1,TTLL12
XPA,ERCC6,MPHOSPH8
XPA,PCNA,P4HB,HSPA13
XPA,SRC,CDC42,CRIM1,SLC22A1
XPA,SRC,AKT1,CYTH1
XPA,SRC,CDH2,BOC
XPA,SRC,AFDN,USP54,SYT13
XPA,SRC,GUCA1B
XPA,SRC,GRIN2B
XPA,SRC,NRAS,PCDH18
XPA,SRC,F2RL2
XPA,SRC,SNCA,DMTN
XPA,SRC,RPS6KA3,HTR2A
XPA,SRC,PTPRA
XPA,PMS2,PPP2CA,RDH8,APBA3
XPA,SRC,RAB11A,LNPEP
XPA,SRC,LNX1,ROBO3
XPA,SRC,SH3GL1,DRD3
XPA,PCNA,KIAA1522,NCK1
XPA,SRC,DLG4,FZD4
XPA,SRC,ABL1,WNK2
XPA,SRC,USP8,CHMP3
XPA,SRC,GJA1,PCDH19
XPA,SRC,CDH2,BOC
XPA,SRC,MAPT,MAP1B
XPA,PRKDC,RAB5A,RAB3GAP2
XPA,SRC,SH2D1B,SLAMF7
XPA,SRC,ITGB3,ITGA2B
XPA,SRC,TRAF6,TNFRSF13B
XPA,SRC,GRB10,MAGEA3,SIRPG
XPA,SRC,MUC1,AQP2
XPA,PCNA,LIG1
XPA,PCNA,CDK2,TTK,CHRNA1
XPA,SRC,FZR1,RGS11
XPA,SRC,ABL1,WNK2
XPA,SRC,MUC1,AQP2
XPA,SRC,GRB2,TBC1D3G
XPA,MSH3,SUMO2,SERPINB6
XPA,SRC,ARRB1,PTAFR
XPA,SRC,HRAS,LRBA
XPA,SRC,PRKCI,FRS2
XPA,SRC,NRAS
XPA,PCNA,EP300,GATA4,SLC27A6
XPA,RPS27A,EEF1A1,TTLL12
XPA,RPS27A,MARK3
XPA,SRC,CDC42,CRIM1
XPA,SRC,HRAS,LRBA
XPA,SRC,VCL,LIMD1
XPA,SRC,ARRB1,PTAFR
XPA,PCNA,PPIA,TAGLN2,CD28
XPA,PMS2,NSF,PTPN9,ABCA6
XPA,PCNA,CHTF18,PSG11
XPA,SRC,CDC42,CRIM1
XPA,PCNA,SETDB1,ATF7IP2,PLPP2
XPA,PCNA,CDKN1A,S100A8
XPA,SRC,GTF2I,PRKG1
XPA,RPS27A,PRKCA,AKAP5
XPA,RPS27A,EEF1A1,TTLL12
XPA,PCNA,PRDX3,ATP5F1B
XPA,SRC,ITGB2,ITGAM
XPA,SRC,HSP90AA1,KCND3
XPA,SRC,CDC42,CRIM1
XPA,PCNA,KRAS,KPRP,ADAM18
XPA,PRKDC,TINF2,ANXA4
XPA,SRC,HDLBP
XPA,SRC,WAS,GAS7
XPA,PMS2,NSF,PTPN9,RAPGEF4
XPA,PCNA,P4HB,HSPA13
XPA,PCNA,P4HB,HSPA13,GALR2
XPA,SRC,DLG4,FZD4,GRIK3
XPA,SRC,DDR2
XPA,SRC,GRB2,TBC1D3G
XPA,GTF2H5,UNK,SPCS1,ATP8A1
XPA,PRKDC,GSK3B,ACSBG1
XPA,MSH2,NTRK1,PLXNA4
XPA,PCNA,KRAS,KPRP,CYTH4
XPA,BMPR1A,GDF5,HJV
XPA,SRC,JAK2,MUC5B
XPA,SRC,RPS6KA3,HTR2A
XPA,SRC,CDC42,CRIM1
XPA,SRC,PTPN6,LILRB4
XPA,SRC,ENO1,HLA-DRB1,DPEP1
XPA,PRKDC,RAB5A,RAB3GAP2
XPA,SRC,VAMP7
XPA,PCNA,RHOF,DHRS7B,CHRNB4
XPA,SRC,ACTB,DCTN5,VPS35L
XPA,PCNA,PPP1CB,PAPOLA,ADH1C
XPA,SRC,LNX1,ROBO3,KCNS2
XPA,GTF2H5,TBP,BCL3
XPA,SRC,CDC42,CRIM1
XPA,HMGB1,PLG
XPA,PMS2,UBC,TBC1D15,CACNA1E
XPA,SRC,PTK2,EPS8L2
XPA,PCNA,CDK4,KLHL32,CPEB3
XPA,SRC,BTK,GP6
XPA,PRKDC,LARP7,EPB42
XPA,SRC,RAB11A,LNPEP
XPA,PCNA,PPP1CB,PAPOLA,HAS3
XPA,SRC,PTPN6,LILRB4,LSP1
XPA,SRC,HRAS,LRBA
XPA,SRC,NECTIN2,CD226,MBLAC2
XPA,SRC,CTTN,EXOC8
XPA,SRC,MAPT,MAP1B
XPA,SRC,EGFR,STIL,KCNN3
XPA,PMS2,XRCC3,HSPD1
XPA,PRKDC,MYC,CDR2,KIR3DL2
XPA,RPS27A,TSG101
XPA,SRC,JAK2,MUC5B
XPA,SRC,FZR1,RGS11
XPA,SRC,TLR4
XPA,SRC,TGFBR2,RELT
XPA,HMGB1,HTT
XPA,PMS2,PPP2CB,URI1,PCDHAC2
XPA,RPS27A,EEF1A1,TTLL12
XPA,PCNA,P4HB,HSPA13
XPA,SRC,GP1BA
XPA,PCNA,RHOF,DHRS7B,NUCB2
XPA,RPA2,CALCOCO2,CD55
XPA,MSH2,CDC5L,PNN
XPA,SRC,DOCK1
XPA,PCNA,HOOK3,DCTN1,SLC9C1
XPA,BMPR1A,GNAI2,RGS13
XPA,PCNA,P4HB,HSPA13,TACR1
XPA,PMS2,PPP2CB,URI1,CCNYL1
XPA,SRC,IKBKB,CD40
XPA,PCNA,H4C6,ZBTB20,HNF4G,HAS2
XPA,PCNA,SUMO1
XPA,PMS2,PPP2CA,RDH8
XPA,SRC,ITGB3,ITGA2B
XPA,PCNA,CDK5
XPA,ERCC2,CLUH,KNSTRN
XPA,SRC,PGR,KLF9
XPA,PMS2,XRCC3,HSPD1,GABRA1
XPA,SRC,ERBB2,PTGER3
XPA,RPS27A,PRKCA,AKAP5
XPA,SRC,CDC42,CRIM1
XPA,PRKDC,FASN
XPA,SRC,TGFBR2,RELT
XPA,PMS2,UBC,TBC1D15,TSHZ3
XPA,SRC,FGFR1,FRS3
XPA,SRC,EPB41L3,PIP4K2B
XPA,SRC,SHROOM2
XPA,SRC,EPHA2,CAMK1G
XPA,SRC,CDC42,CRIM1,NDRG4
XPA,SRC,HRAS,LRBA
XPA,RPS27A,CDKN2A,VAMP1
XPA,RPS27A,EEF1A1,TTLL12
XPA,MSH2,NTRK1,PLXNA4
XPA,HMGB1,AGER
XPA,SRC,ARRB1,PTAFR,CR1
XPA,PCNA,UBB
XPA,PCNA,HOOK3,DCTN1,SLC15A2
XPA,SRC,HRAS,LRBA
XPA,PMS2,PPP2CB,URI1,ATP8B1
XPA,SRC,SHANK3
XPA,SRC,HSP90AA1,KCND3
XPA,SRC,ABL1,WNK2
XPA,SRC,HNRNPC,TPBG
XPA,PCNA,P4HB,HSPA13,CALCRL
XPA,SRC,TRAF3,TNFRSF17,CD70
XPA,SRC,DLG4,FZD4
XPA,PCNA,P4HB,HSPA13
XPA,SRC,RAB11A,LNPEP
XPA,PCNA,P4HB,HSPA13
XPA,PCNA,YWHAQ,BAD,RHBDL1
XPA,SRC,ERBB4
XPA,PRKDC,MST1R
XPA,PCNA,RPS20,METAP2
XPA,RPS27A,NOTCH2
XPA,PCNA,P4HB,HSPA13,BDKRB1
XPA,SRC,FERMT2,TBCB,OR51B2
XPA,SRC,ARRB1,PTAFR
XPA,SRC,EPHA2,CAMK1G
XPA,MSH2,HLA-DPB1,HLA-DPA1
XPA,SRC,KCNB1,CACNA1C
XPA,PMS2,PPP2CB,URI1,PPFIBP1
XPA,PCNA,RPS20,METAP2
XPA,SRC,DLG4,FZD4
XPA,SRC,RXRA,ALOX15B
XPA,SRC,DLG4,FZD4
XPA,PCNA,RELA,COMMD10,OLFM4
XPA,SRC,CEACAM1
XPA,SRC,GRB2,TBC1D3G
XPA,SRC,ITGAL,ICAM3
XPA,PCNA,KRAS,KPRP,CACNA2D1
XPA,BMPR1A,IGLL5,SEMA4G
XPA,PMS2,PPP2CA,RDH8
XPA,PRKDC,CLN3
XPA,PCNA,RHOF,DHRS7B,PKD2L1,PKD1L3
XPA,MSH3,MTPN,TBCA,OR5F1
XPA,BMPR1A,IGLL5,SEMA4G
XPA,PCNA,IGF1R,ADAMTS4,ATP23
XPA,SRC,HRAS,LRBA
XPA,SRC,SYK
XPA,RPS27A,ULK1,ATG101,RAB12
XPA,SRC,EPHB2
XPA,SRC,RAC1
XPA,SRC,PRICKLE3
XPA,SRC,MAPK3,ZBTB42
XPA,PMS2,PPP2CA,RDH8
XPA,RPS27A,RPSA
XPA,SRC,YAP1,LAPTM5
XPA,SRC,FASLG
XPA,PMS2,PPP2CB,URI1,PRCP
XPA,SRC,CAV2
XPA,PCNA,CDK5,STXBP1
XPA,PMS2,UBC,TBC1D15,NEXN
XPA,PCNA,RELA,COMMD10,SCTR
XPA,SRC,HRAS,LRBA
XPA,SRC,CFTR,CLCA1
XPA,SRC,VCL,LIMD1
XPA,RPS27A,EEF1A1,TTLL12
XPA,PMS2,UBC,TBC1D15,SLC7A10
XPA,PMS2,UBC,TBC1D15,CLEC4G
XPA,SRC,GRB2,TBC1D3G
XPA,PCNA,RELA,COMMD10,KCNN4
XPA,PCNA,P4HB,HSPA13,NMUR1
XPA,SRC,MUC1,AQP2
XPA,PCNA,P4HB,HSPA13,ADGRF1
XPA,PCNA,CCND3,CDK11B,GDE1
XPA,PCNA,P4HB,HSPA13,P2RX5
XPA,SRC,RAF1,PACSIN3
XPA,SRC,ERBB3,SELENOK
XPA,PMS2,NSF,PTPN9,CATSPER1,CACNA1I
XPA,ATR,NCR3LG1,CD200R1,CD200
XPA,SRC,HRAS,LRBA
XPA,RPS27A,AGO2,SLC7A9
XPA,SRC,CDH1,AJUBA
XPA,PMS2,XRCC3,HSPD1
XPA,PCNA,EZH2,CRY2,S100A13
XPA,SRC,EGFR,STIL,SLC39A6
XPA,PCNA,P4HB,HSPA13,NPY4R2
XPA,SRC,EPHA2,CAMK1G
XPA,SRC,RAPGEF1
XPA,SRC,TGFBR2,RELT
XPA,PMS2,UBC,TBC1D15,PDE9A
XPA,BMPR1A,GNAI2,RGS13
XPA,PMS2,PPP2CA,RDH8
XPA,PCNA,RHOF,DHRS7B,TSPAN14
XPA,PCNA,EP300,GATA4,PAQR9
XPA,SRC,FCER1A,GPD1L
XPA,SRC,YAP1,LAPTM5
XPA,SRC,RPS6KA3,HTR2A,KCNAB3
XPA,SRC,ARAF,MRM3,ADORA2B
XPA,PCNA,RHOF,DHRS7B,ORAI3
XPA,PMS2,PPP2CB,URI1,SLC8A3
XPA,SRC,TRAF3,TNFRSF17
XPA,SRC,LYN,ITGA2
XPA,RPS27A,PRKCA,AKAP5
XPA,SRC,PLCG1,EHD4
XPA,BMPR1A,IGLL5,SEMA4G
XPA,PCNA,P4HB,HSPA13
XPA,PCNA,P4HB,HSPA13
XPA,SRC,STAT3
XPA,SRC,CYP4F2,SLC2A13
XPA,SRC,PTPN6,LILRB4
XPA,SRC,HRAS,LRBA
XPA,PRKDC,RAB5A
XPA,SRC,DNM1,LYPD6,SLC12A5
XPA,PCNA,KPNA1,TPX2,SSTR5
XPA,GTF2H5,UNK,SPCS1,PAQR8
XPA,PMS2,NSF
XPA,SRC,SPTAN1,ATP8B3
XPA,SRC,IKBKB,CD40
XPA,SRC,ENO1,HLA-DRB1
XPA,PCNA,KRAS,KPRP,PIK3R5
XPA,SRC,TRAF3,TNFRSF17,TNFSF18
XPA,SRC,MUC1,AQP2
XPA,SRC,HRAS,LRBA
XPA,PCNA,RHOF,DHRS7B,CACNB2
XPA,PCNA,UBB,IMPDH2,KCNIP1
XPA,SRC,CDC42,CRIM1
XPA,SRC,YAP1,LAPTM5
XPA,SRC,ABL1,WNK2
XPA,PCNA,RELA,COMMD10,CD1A
XPA,SRC,HNRNPC,TPBG
XPA,PCNA,EP300,GATA4,CLDN5
XPA,PMS2,PPP2CB,URI1,RERG
XPA,PMS2,PPP2CA,RDH8
XPA,PCNA,P4HB,HSPA13,NPY1R
XPA,SRC,RACK1,KCNAB1
XPA,PRKDC,RAB5A,RAB3GAP2
XPA,PRKDC,SYNJ2
XPA,PCNA,RHOF,DHRS7B,FRMD7
XPA,SRC,CDC42,CRIM1
XPA,BMPR1A,TSC22D1,NRBP2,NPR3
XPA,SRC,ARRB1,PTAFR
XPA,PCNA,WWOX,CATSPERE,ZDHHC22
XPA,PCNA,P4HB,HSPA13,S1PR3
XPA,SRC,SHC1
XPA,SRC,ARHGAP35
XPA,PMS2,UBC,TBC1D15,DTNBP1
XPA,SRC,AR
XPA,SRC,KCNB1,CACNA1C
XPA,SRC,CDC42,CRIM1
XPA,PCNA,RHOF,DHRS7B,JAM3
XPA,SRC,ACTN4
XPA,SRC,NRAS,PCDH18
XPA,MSH2,ATP6V1B2
XPA,PCNA,H4C6,ZBTB20,OR14J1
XPA,SRC,FZR1,RGS11
XPA,PCNA,CDK5,STXBP1
XPA,SRC,KCNA3
XPA,SRC,ENO1,HLA-DRB1
XPA,SRC,EPHA4
XPA,SRC,PTPRC,CD1D
XPA,RPS27A,LIMK2,SLC31A1
XPA,SRC,ENO1,HLA-DRB1
XPA,SRC,GRB2,TBC1D3G
XPA,SRC,RHOB
XPA,BMPR1A,LRRIQ1,LRP10
XPA,SRC,HNRNPC,TPBG
XPA,ATR,NCR3LG1,CD200R1
XPA,PMS2,PPP2CB,URI1,SLC16A6
XPA,GTF2H5,UNK,SPCS1,ATP8B4
XPA,SRC,NRAS,PCDH18
XPA,PMS2,PPP2CA,RDH8
XPA,SRC,PDPK1,TGFBR3
XPA,PMS2,PPP2CB,URI1,RTN4RL1
XPA,PCNA,CDK5,STXBP1
XPA,SRC,FGFR1,FRS3
XPA,SRC,TLR9
XPA,SRC,GRB2,TBC1D3G
XPA,PMS2,UBC,TBC1D15,C2CD5
XPA,PCNA,EP300,GATA4,SLC4A2
XPA,SRC,CDC42,CRIM1
XPA,ERCC1,S100A6
XPA,BMPR1A,CANX,CNR2
XPA,PMS2,XRCC3,HSPD1
XPA,SRC,ITGB3,ITGA2B
XPA,PCNA,CDKN1A,S100A8
XPA,SRC,RAB11A,LNPEP
XPA,SRC,PTPN6,LILRB4
XPA,PRKDC,CHMP4C,CHMP7
XPA,BMPR1A,SFRP4,LRP1B
XPA,PCNA,UBA52
XPA,SRC,ITGB3,ITGA2B
XPA,SRC,HRAS,LRBA
XPA,SRC,IKBKB,CD40
XPA,SRC,TXNIP,IRAG2
XPA,RPS27A,PRKCA,AKAP5
XPA,PCNA,IGF1R,ADAMTS4,BTNL8
XPA,SRC,CTTN,EXOC8
XPA,PCNA,RHOF,DHRS7B,SLC30A2
XPA,SRC,PXN,PARVA
XPA,PCNA,PRDX3,ATP5F1B
XPA,PCNA,P4HB,HSPA13
XPA,PRKDC,GSK3B,ACSBG1
XPA,SRC,AKT,GRIN2C
XPA,PCNA,KRAS,KPRP,NTN4
XPA,PCNA,SUMO1,VHL
XPA,SRC,TLR9,MYD88
XPA,SRC,FGFR1,FRS3
XPA,PMS2,PPP2CA,RDH8
XPA,SRC,RAB11A,LNPEP
XPA,BMPR1A,MANSC1,SLC39A3
XPA,SRC,HRAS,LRBA,TMPRSS12
XPA,PCNA,CALR,TMX3
XPA,SRC,CTTN,EXOC8
XPA,HMGB1,HDAC4,WASHC2C
XPA,SRC,CDC42,CRIM1
XPA,SRC,CDC42,CRIM1
XPA,BMPR1A,MANSC1,SLC39A3
XPA,PMS2,PPP2CA,RDH8
XPA,SRC,RAB11A,LNPEP
XPA,HMGB1,FN1
XPA,SRC,LYN,ITGA2
XPA,SRC,CDC42,CRIM1
XPA,SRC,CDC42,CRIM1
XPA,SRC,MAPK3,ZBTB42
XPA,SRC,MAPT,MAP1B
XPA,SRC,ATG9A,SLC44A5
XPA,SRC,AXL,TREML2
XPA,PMS2,XRCC3,HSPD1,GABRA1,GABRG3
XPA,PCNA,CALR,TMX3
XPA,RPS27A,UBQLN1,CD47
XPA,PCNA,RHOF,DHRS7B,CXCL12,CCR10
XPA,SRC,AKT,GRIN2C,ZNF804A
XPA,PCNA,PRDX6,SPR,ITGB1BP1
XPA,SRC,CDC42,CRIM1
XPA,SRC,MICAL1,USH1G
XPA,PMS2,PPP2CA,RDH8
XPA,SRC,PTPN1,ASGR2
XPA,SRC,NRAS,PCDH18
XPA,SRC,BDKRB2,GNG2
XPA,PRKDC,GSK3B,ACSBG1
XPA,PCNA,RHOF,DHRS7B,TNFSF13B
XPA,SRC,AKT1,CYTH1
XPA,SRC,GRIN2A,ABCB9,SLC1A4
XPA,RPS27A,UBQLN1,CD47
XPA,SRC,CDC42,CRIM1
XPA,SRC,RACK1,KCNAB1
XPA,SRC,DLG4,FZD4
XPA,PMS2,UBC,TBC1D15,ACP3
XPA,SRC,TGFBR2,RELT
XPA,SRC,LNX1,ROBO3
XPA,RPS27A,CD4,ADORA2A
XPA,SRC,CDC42,CRIM1
XPA,SRC,BCAR1,ZNF337,FZD10
XPA,BMPR1A,HAVCR2,TSPAN7
XPA,PCNA,YWHAQ,BAD,GPR152
XPA,SRC,CDC42,CRIM1
XPA,RPS27A,PRKCE,GAD2
XPA,SRC,GRB2,TBC1D3G
XPA,SRC,RACK1,KCNAB1
XPA,PCNA,RHOF,DHRS7B,ENTHD1
XPA,PMS2,NSF,PTPN9,PRKD3
XPA,SRC,GP1BA,SELP
XPA,PMS2,PPP2CA,RDH8
XPA,SRC,GJA1,PCDH19
XPA,SRC,DLG4,FZD4
XPA,GTF2H5,TAF5,SERPINB2
XPA,SRC,ABL1,WNK2
XPA,HMGB1,PMEPA1
XPA,SRC,TRAF6,TNFRSF13B
XPA,SRC,ARRB1,PTAFR
XPA,SRC,HNRNPC,TPBG
XPA,PCNA,KPNA1,TPX2,CLCN3
XPA,SRC,ENO1,HLA-DRB1
XPA,PCNA,KRAS,KPRP,PRPH2,ROM1
XPA,PMS2,XRCC3,HSPD1
XPA,SRC,SH3KBP1,VPS37B
XPA,SRC,ARRB1,PTAFR
XPA,BMPR1A,FURIN
XPA,PCNA,CHTF18,PSG11
XPA,GTF2H5,TBP,BCL3
XPA,PCNA,SUMO1,VHL
XPA,PMS2,EXO1
XPA,BMPR1A,CANX,CNR2
XPA,SRC,KIF14,RASL12
XPA,RPS27A,PRKCA,AKAP5
XPA,SRC,TRAF6,TNFRSF13B
XPA,PRKDC,WWP2,ARRDC4
XPA,PMS2,UBC,TBC1D15,TMBIM6
XPA,SRC,PTPN6,LILRB4
XPA,PMS2,PPP2CA,RDH8
XPA,SRC,CFTR,CLCA1
XPA,SRC,ACTN1,PLEK
XPA,SRC,GRK2,CCR4,AGTRAP
XPA,SRC,PTPN6,LILRB4
XPA,PRKDC,FASN,SLC34A3
XPA,SRC,AKT1,CYTH1
XPA,SRC,C1QL4,IFNLR1
XPA,SRC,JAK2,MUC5B
XPA,SRC,RAB11A,LNPEP
XPA,SRC,FYTTD1,GNAZ
XPA,SRC,AKT1,CYTH1
XPA,SRC,RAB11A,LNPEP
XPA,PCNA,KRAS,KPRP,SPINT1
XPA,SRC,LYN
XPA,SRC,HRAS,LRBA
XPA,BMPR1A,CD59
XPA,MSH3,SUMO2,SERPINB6
XPA,PCNA,KPNA1,TPX2,UNC80,NALF1
XPA,SRC,AKT1,CYTH1
XPA,PRKDC,FASN,SLC34A3
XPA,PCNA,RHOF,DHRS7B,SPPL2B
XPA,SRC,CDC42,CRIM1
XPA,SRC,ARRB2,GPR37
XPA,PRKDC,CLN3,TMPRSS11B
XPA,PCNA,PRDX3,ATP5F1B
XPA,PRKDC,TINF2,ANXA4
XPA,BMPR1A,RAC3
XPA,SRC,ENO1,HLA-DRB1
XPA,SRC,AKT,GRIN2C
XPA,BMPR1A,GNAI2
XPA,SRC,ITGB2,ITGAM
XPA,PCNA,ZBTB1,MUCL1
XPA,SRC,EPHA2,CAMK1G
XPA,SRC,MAPK1
XPA,PCNA,RHOF,DHRS7B,UNC5D
XPA,SRC,LRRC37A2,NCS1,CALN1
XPA,SRC,CDC42,CRIM1
XPA,SRC,AKT1,CYTH1
XPA,SRC,HRAS,LRBA
XPA,PCNA,RHOF,DHRS7B,TMPRSS11A
XPA,SRC,PLCG1,EHD4
XPA,SRC,NRAS,PCDH18
XPA,GTF2H5,TBP,BCL3
XPA,RPS27A,EEF1A1,TTLL12
XPA,SRC,GRB2,TBC1D3G
XPA,RPS27A,EEF1A1,TTLL12
XPA,SRC,ABL1,WNK2
XPA,SRC,PTPN1,ASGR2
XPA,RPA2,CHD1L
XPA,PMS2,NSF,PTPN9,RAPGEF5
XPA,RPS27A,PRKCA,AKAP5
XPA,BMPR1A,IGLL5,SEMA4G,OR6C70
XPA,PMS2,PPP2CA,RDH8,GGT7
XPA,PMS2,CTR9,SOX2,SLC39A12
XPA,PCNA,RHOF,DHRS7B,CD300LB,TYROBP
XPA,SRC,RAB11A,LNPEP
XPA,PMS2,NSF,PTPN9,SYT3
XPA,SRC,GRB2,TBC1D3G
XPA,PCNA,WWOX,CATSPERE,GBP1
XPA,PCNA,PRDX6,SPR,GLO1
XPA,PCNA,IGF1R,ADAMTS4,CDH19
XPA,RPS27A,SLC36A1
XPA,SRC,LNX1,ROBO3
XPA,PCNA,RHOF,DHRS7B,PKD2L1
XPA,PMS2,PPP2CA,RDH8
XPA,SRC,RASGRF1
XPA,SRC,CD63
XPA,SRC,TRAF3,TNFRSF17
XPA,GTF2H5,TBP,BCL3
XPA,PCNA,RHOF,DHRS7B,RAB28
XPA,SRC,TRAF6,TNFRSF13B
XPA,SRC,KRT19
XPA,PCNA,RPS20,METAP2
XPA,PCNA,RHOF,DHRS7B,SCN2B
XPA,PCNA,KPNA1,TPX2,CXCR3
XPA,RPS27A,PRKCA,AKAP5
XPA,SRC,SNCA,DMTN
XPA,SRC,CDC42,CRIM1
XPA,SRC,HRAS,LRBA
XPA,SRC,LYN,ITGA2
XPA,RPS27A,EEF1A1,TTLL12
XPA,SRC,VAMP7,LAMP1
XPA,SRC,AKT,GRIN2C
XPA,PMS2,PPP2CA,RDH8
XPA,SRC,CDC42,CRIM1
XPA,SRC,STX17
XPA,RPS27A,DNAJC5B,BASP1
XPA,SRC,GRB2,TBC1D3G
XPA,SRC,SDCBP,TEKT1,GRM4
XPA,RPS27A,USP30,KLRC4,CLPTM1
XPA,PCNA,P4HB,HSPA13
XPA,SRC,USP8,CHMP3
XPA,SRC,RAB11A,LNPEP
XPA,SRC,KIT
XPA,RPS27A,KCNS3
XPA,SRC,EPHA3,EFNA3
XPA,SRC,RAB11A,LNPEP
XPA,SRC,RAB11A,LNPEP
XPA,SRC,PIK3R3,PCDHB5
XPA,PCNA,CDKN1A,S100A8
XPA,PCNA,RELA,COMMD10,RNF34
XPA,SRC,EFNA5
XPA,RPS27A,PRKCA,AKAP5
XPA,SRC,PLCG1,EHD4
XPA,SRC,RARA
XPA,RPS27A,CDKN2A,VAMP1
XPA,BMPR1A,IGLL5,SEMA4G
XPA,SRC,PRKCI
XPA,PCNA,RHOF,DHRS7B,KCNJ6
XPA,SRC,RAF1,PACSIN3
XPA,SRC,RACK1,KCNAB1
XPA,SRC,PTK2,EPS8L2
XPA,RPS27A,GGA1,LRP3
XPA,SRC,HRAS,LRBA
XPA,SRC,ABL1,WNK2
XPA,PCNA,RHOF,DHRS7B,TSPAN5
XPA,SRC,EPS15
XPA,PCNA,RHOF,DHRS7B,TLR10
XPA,PRKDC,SLC22A15
XPA,SRC,EPHA3,EFNA3
XPA,GTF2H5,TAF5,SERPINB2
XPA,SRC,MAPK3
XPA,SRC,HRAS,LRBA
XPA,SRC,KIT,KITLG
XPA,RPS27A,UIMC1,ATP8A2
XPA,BMPR1A,RAC3,SLC9A6
XPA,SRC,RAB11A,LNPEP
XPA,PCNA,RHOF,DHRS7B,CHRND
XPA,MSH3,SUMO2,SERPINB6
XPA,BMPR1A,IGLL5,SEMA4G,SERPINB10
XPA,SRC,RACK1,KCNAB1
XPA,SRC,ACTB,DCTN5,PIP4P1
XPA,SRC,PTK2,EPS8L2
XPA,PCNA,EZH2,CRY2,TFR2
XPA,PRKDC,NCF1
XPA,PCNA,P4HB,HSPA13,GNG11
XPA,SRC,GRB2,TBC1D3G
XPA,PCNA,P4HB,HSPA13
XPA,SRC,SHANK3,MEGF10
XPA,SRC,CAST,CAPNS2
XPA,PCNA,POLE
XPA,SRC,GJA1,PCDH19
XPA,SRC,DLG4,FZD4
XPA,RPS27A,UIMC1,ATP8A2
XPA,PCNA,ATM,TTI2,DGLUCY,GPR45
XPA,SRC,MUC1,AQP2
XPA,PCNA,P4HB,HSPA13,GIPR
XPA,PRKDC,GABARAP
XPA,PCNA,SUMO1,VHL
XPA,SRC,PCDHGC3
XPA,RPS27A,EXOSC10,DXO
XPA,SRC,PTPN1,ASGR2
XPA,SRC,GRB2,TBC1D3G
XPA,SRC,PTK2,EPS8L2
XPA,BMPR1A,MAP3K7
XPA,SRC,IKBKB,CD40
XPA,PMS2,XRCC3,HSPD1
XPA,SRC,MAPT,MAP1B
XPA,PMS2,PPP2CA,RDH8,LANCL2
XPA,SRC,TRAF6,TNFRSF13B,IL17RE
XPA,SRC,AKT1,CYTH1
XPA,PMS2,PPP2CA,RDH8
XPA,SRC,BDKRB2,GNG2
XPA,PRKDC,TINF2,ANXA4
XPA,SRC,AKT1,CYTH1,IPCEF1
XPA,SRC,CFTR,CLCA1
XPA,SRC,DLG4,FZD4
XPA,SRC,CDC42,CRIM1
XPA,SRC,MUC1,AQP2,C4B
XPA,SRC,PTPN6,LILRB4
XPA,SRC,RAB11A,LNPEP
XPA,RPS27A,EEF1A1,TTLL12
XPA,PRKDC,EPHA1
XPA,PRKDC,EPHA1,SLC7A3
XPA,PCNA,WWOX,CATSPERE,TUSC3
XPA,BMPR1A,GNAI2,RGS13
XPA,PCNA,RNASEH2A,ICAM5
XPA,SRC,JAK2,MUC5B
XPA,SRC,KDR
XPA,SRC,MAVS,TLR1
XPA,SRC,CDC42,CRIM1
XPA,PCNA,DHX9,CNBP,SV2B
XPA,PCNA,CALR,TMX3
XPA,SRC,ITGB3,ITGA2B
XPA,PCNA,PRDX3,ATP5F1B,SLC22A12
XPA,SRC,PXN,PARVA
XPA,BMPR1A,GNAI2,RGS13
XPA,SRC,EGFR
XPA,PCNA,RHOF,DHRS7B,VIPR2
XPA,PCNA,RHOF,DHRS7B,OPRPN,SLC5A4
XPA,SRC,MAPK3,ZBTB42
XPA,SRC,TXK
XPA,SRC,TRIM7,LYPD6B
XPA,RPA2,CALCOCO2,CD55
XPA,SRC,CDC42,CRIM1
XPA,SRC,HRAS,LRBA
XPA,SRC,ABL1,WNK2
XPA,PMS2,PPP2CA,RDH8
XPA,PCNA,WWOX,CATSPERE,DUOX2,DUOXA2
XPA,PRKDC,ANKRD28,AGPAT2
XPA,SRC,C1QL4,IFNLR1
XPA,SRC,WASL
XPA,SRC,TGFBR2,RELT
XPA,BMPR1A,HAVCR2,TSPAN7
XPA,PCNA,ZBTB1,MUCL1
XPA,BMPR1A,TLR2
XPA,SRC,PLD1
XPA,RPS27A,PRKCA
XPA,SRC,HRAS,LRBA
XPA,PCNA,POLD2,NIBAN1
XPA,SRC,HRAS,LRBA
XPA,SRC,CD63,ZDHHC20
XPA,SRC,LRP1,MAPK8IP1
XPA,SRC,HRAS,LRBA
XPA,SRC,SLC25A6,TIMM9,SLC5A6
XPA,PMS2,PPP2CA,RDH8,FCRL5
XPA,PCNA,P4HB,HSPA13,HTR1F
XPA,SRC,HRAS,LRBA
XPA,RPS27A,PRKCA,AKAP5
XPA,PMS2,CTR9,SOX2,CLDN18
XPA,SRC,JAK2,MUC5B
XPA,SRC,SOS2
XPA,PCNA,KRAS,KPRP,GSDMA
XPA,SRC,PRKCI,FRS2,SLC32A1
XPA,PCNA,KPNA1,TPX2,CERCAM
XPA,SRC,CDH1,AJUBA
XPA,SRC,AKT1,CYTH1
XPA,SRC,SPRY2
XPA,XPC
XPA,PMS2,PPP2CA,RDH8
XPA,SRC,ABL1,WNK2
XPA,PCNA,RELA,COMMD10,SLC35A4,SLC13A4
XPA,SRC,CDC42,CRIM1
XPA,MSH3,SUMO2,SERPINB6
XPA,SRC,ABL1,WNK2
XPA,SRC,ASAP2
XPA,SRC,ANLN,MYO1A
XPA,SRC,DLG4,FZD4
XPA,MSH3,SUMO2,SERPINB6
XPA,PCNA,RHOF,DHRS7B,CHRNB2
XPA,PMS2,UBC,TBC1D15,RP2
XPA,SRC,LRP1,MAPK8IP1
XPA,PMS2,NSF,PTPN9,SLC30A4
XPA,SRC,GLRB
XPA,PMS2,XRCC3,HSPD1
XPA,SRC,USP8,CHMP3
XPA,RPS27A,PRKCA,AKAP5
XPA,PCNA,KRAS,KPRP,ADCY2
XPA,ATR,NCR3LG1,CD200R1
XPA,PCNA,P4HB,HSPA13
XPA,RPS27A,CD4,ADORA2A
XPA,PMS2,EXO1,KLC3,RIMS1
XPA,PMS2,UBC,TBC1D15,PCDHGC4
XPA,SRC,NRAS,PCDH18
XPA,SRC,BDKRB2,GNG2
XPA,PMS2,UBC,TBC1D15,PLEKHF2,GPBP1
XPA,SRC,CTTN,EXOC8
XPA,PMS2,UBC,TBC1D15,DLL4
XPA,SRC,HRAS,LRBA
XPA,PCNA,RHOF,DHRS7B,ADGRG5
